{"authorDailyContributionsMap":{"mcmc101001":[{"date":"2023-09-01","commitResults":[{"hash":"1bd58dc97fa58cdbcbd0d49f84310c79b4d1bcfb","isMergeCommit":false,"messageTitle":"Change chatbot name and corresponding ascii art to csgpt","messageBody":"","fileTypesAndContributionMap":{"java":{"insertions":7,"deletions":5}}},{"hash":"4ecaa1a00e42f8e3d057c2d258d9b9fb89f5e8a1","isMergeCommit":false,"messageTitle":"Add increment level 0: greet and exit","messageBody":"","fileTypesAndContributionMap":{"java":{"insertions":2,"deletions":0}}},{"hash":"f3e26679deffd2a23c24916ba5bf86c0f1273e1a","isMergeCommit":false,"messageTitle":"Add echo function and random greeting and farewell lines","messageBody":"","fileTypesAndContributionMap":{"java":{"insertions":66,"deletions":9}}},{"hash":"3c170c8f81397d93c037ebd12958112879b86930","isMergeCommit":false,"messageTitle":"Add task and list task functions","messageBody":"","fileTypesAndContributionMap":{"java":{"insertions":26,"deletions":4}}},{"hash":"a43e90174679d9b8fc2ebd49c4da9cd22d6ccc05","isMergeCommit":false,"messageTitle":"Add mark as done function","messageBody":"","fileTypesAndContributionMap":{"java":{"insertions":50,"deletions":14}}},{"hash":"21ea33a8bacc9b90925a66b901906b77c24a4f3c","isMergeCommit":false,"messageTitle":"Rename class from Duke to CSGPT","messageBody":"","tags":["A-CodingStandard"],"fileTypesAndContributionMap":{"java":{"insertions":1,"deletions":2},"bat":{"insertions":1,"deletions":1},"md":{"insertions":2,"deletions":2}}}]},{"date":"2023-09-02","commitResults":[{"hash":"bc787a6619cbd9d3b3659a25821f6aab555f19c2","isMergeCommit":false,"messageTitle":"Add variations to Task class and refactored command code structure","messageBody":"","tags":["A-Packages","A-CodeQuality"],"fileTypesAndContributionMap":{"java":{"insertions":332,"deletions":108},"bat":{"insertions":1,"deletions":1},"md":{"insertions":2,"deletions":2}}},{"hash":"ad9f51431f28e996ae0330ca848a0a1e8a852689","isMergeCommit":false,"messageTitle":"Add Todo class to git","messageBody":"","tags":["v4.0","Level-4"],"fileTypesAndContributionMap":{"java":{"insertions":12,"deletions":0}}},{"hash":"323f7d0dc98c160e9e68df392cfd09df33fbfa77","isMergeCommit":false,"messageTitle":"Amend Readme","messageBody":"","fileTypesAndContributionMap":{"md":{"insertions":1,"deletions":24}}}]},{"date":"2023-09-09","commitResults":[{"hash":"df3aae6b60fd1b123414510286a55c6257c8a659","isMergeCommit":false,"messageTitle":"Refactor exception handling to utilise more OOP principles","messageBody":"","tags":["A-Exceptions"],"fileTypesAndContributionMap":{"txt":{"insertions":4,"deletions":0},"java":{"insertions":42,"deletions":6},"bat":{"insertions":1,"deletions":1}}},{"hash":"d1e35d44aaf71023a50d32b71254798d03aeb532","isMergeCommit":false,"messageTitle":"Fix various code formatting issues as per code reviews","messageBody":"","fileTypesAndContributionMap":{"java":{"insertions":83,"deletions":75}}},{"hash":"c8747c1c201e856750bfa4c92cbb703800414c8c","isMergeCommit":false,"messageTitle":"Refactor code to remove unnecessary bubbling of tasklist down Command class","messageBody":"","fileTypesAndContributionMap":{"java":{"insertions":22,"deletions":22}}},{"hash":"eb6c77ec17695ba6f9ee4a4e9bc547b1eb6ee71d","isMergeCommit":false,"messageTitle":"Refactor code for clearer methods and exception handling","messageBody":"","fileTypesAndContributionMap":{"java":{"insertions":84,"deletions":72}}},{"hash":"9c8c4a8fa4193bc169bcefbab8759e5041dd5eab","isMergeCommit":true,"messageTitle":"Merge branch \u0027branch-Level-5\u0027","messageBody":"","tags":["v5.0","Level-5"],"fileTypesAndContributionMap":{}}]}]},"authorFileTypeContributionMap":{"mcmc101001":{"java":420,"md":1,"fxml":0,"sh":0,"bat":2,"gradle":0,"txt":4}},"authorContributionVariance":{"mcmc101001":16892.37},"authorDisplayNameMap":{"mcmc101001":"TOH ..CHUN"}}
