[{"path":"README.md","fileType":"md","lines":[{"lineNumber":1,"author":{"gitId":"DextheChik3n"},"content":"# Alan project template","lastModifiedDate":"2023-08-24"},{"lineNumber":2,"author":{"gitId":"-"},"content":"","lastModifiedDate":"2020-05-25"},{"lineNumber":3,"author":{"gitId":"-"},"content":"This is a project template for a greenfield Java project. It\u0027s named after the Java mascot _Duke_. Given below are instructions on how to use it.","lastModifiedDate":"2020-05-25"},{"lineNumber":4,"author":{"gitId":"-"},"content":"","lastModifiedDate":"2020-05-25"},{"lineNumber":5,"author":{"gitId":"-"},"content":"## Setting up in Intellij","lastModifiedDate":"2020-05-25"},{"lineNumber":6,"author":{"gitId":"-"},"content":"","lastModifiedDate":"2020-05-25"},{"lineNumber":7,"author":{"gitId":"-"},"content":"Prerequisites: JDK 11, update Intellij to the most recent version.","lastModifiedDate":"2020-05-25"},{"lineNumber":8,"author":{"gitId":"-"},"content":"","lastModifiedDate":"2020-05-25"},{"lineNumber":9,"author":{"gitId":"-"},"content":"1. Open Intellij (if you are not in the welcome screen, click `File` \u003e `Close Project` to close the existing project first)","lastModifiedDate":"2021-01-17"},{"lineNumber":10,"author":{"gitId":"-"},"content":"1. Open the project into Intellij as follows:","lastModifiedDate":"2021-01-17"},{"lineNumber":11,"author":{"gitId":"-"},"content":"   1. Click `Open`.","lastModifiedDate":"2021-01-17"},{"lineNumber":12,"author":{"gitId":"-"},"content":"   1. Select the project directory, and click `OK`.","lastModifiedDate":"2021-01-17"},{"lineNumber":13,"author":{"gitId":"-"},"content":"   1. If there are any further prompts, accept the defaults.","lastModifiedDate":"2020-05-25"},{"lineNumber":14,"author":{"gitId":"-"},"content":"1. Configure the project to use **JDK 11** (not other versions) as explained in [here](https://www.jetbrains.com/help/idea/sdk.html#set-up-jdk).\u003cbr\u003e","lastModifiedDate":"2021-07-29"},{"lineNumber":15,"author":{"gitId":"-"},"content":"   In the same dialog, set the **Project language level** field to the `SDK default` option.","lastModifiedDate":"2021-07-29"},{"lineNumber":16,"author":{"gitId":"DextheChik3n"},"content":"3. After that, locate the `src/main/java/Alan.java` file, right-click it, and choose `Run Alan.main()` (if the code editor is showing compile errors, try restarting the IDE). If the setup is correct, you should see something like the below as the output:","lastModifiedDate":"2023-08-24"},{"lineNumber":17,"author":{"gitId":"-"},"content":"   ```","lastModifiedDate":"2020-05-25"},{"lineNumber":18,"author":{"gitId":"-"},"content":"   Hello from","lastModifiedDate":"2020-05-25"},{"lineNumber":19,"author":{"gitId":"-"},"content":"    ____        _        ","lastModifiedDate":"2020-05-25"},{"lineNumber":20,"author":{"gitId":"-"},"content":"   |  _ \\ _   _| | _____ ","lastModifiedDate":"2020-05-25"},{"lineNumber":21,"author":{"gitId":"-"},"content":"   | | | | | | | |/ / _ \\","lastModifiedDate":"2020-05-25"},{"lineNumber":22,"author":{"gitId":"-"},"content":"   | |_| | |_| |   \u003c  __/","lastModifiedDate":"2020-05-25"},{"lineNumber":23,"author":{"gitId":"-"},"content":"   |____/ \\__,_|_|\\_\\___|","lastModifiedDate":"2020-05-25"},{"lineNumber":24,"author":{"gitId":"-"},"content":"   ```","lastModifiedDate":"2020-05-25"}],"authorContributionMap":{"DextheChik3n":2,"-":22}},{"path":"src/main/java/alan/Alan.java","fileType":"java","lines":[{"lineNumber":1,"author":{"gitId":"DextheChik3n"},"content":"package alan;","lastModifiedDate":"2023-09-14"},{"lineNumber":2,"author":{"gitId":"DextheChik3n"},"content":"","lastModifiedDate":"2023-09-14"},{"lineNumber":3,"author":{"gitId":"DextheChik3n"},"content":"import alan.task.Deadline;","lastModifiedDate":"2023-09-14"},{"lineNumber":4,"author":{"gitId":"DextheChik3n"},"content":"import alan.task.Event;","lastModifiedDate":"2023-09-14"},{"lineNumber":5,"author":{"gitId":"DextheChik3n"},"content":"import alan.task.Task;","lastModifiedDate":"2023-09-14"},{"lineNumber":6,"author":{"gitId":"DextheChik3n"},"content":"import alan.task.Todo;","lastModifiedDate":"2023-09-14"},{"lineNumber":7,"author":{"gitId":"DextheChik3n"},"content":"","lastModifiedDate":"2023-09-14"},{"lineNumber":8,"author":{"gitId":"DextheChik3n"},"content":"import java.util.Scanner;","lastModifiedDate":"2023-08-31"},{"lineNumber":9,"author":{"gitId":"DextheChik3n"},"content":"","lastModifiedDate":"2023-08-31"},{"lineNumber":10,"author":{"gitId":"DextheChik3n"},"content":"public class Alan {","lastModifiedDate":"2023-08-24"},{"lineNumber":11,"author":{"gitId":"DextheChik3n"},"content":"    public static int currentTasksIndex \u003d 1;","lastModifiedDate":"2023-09-13"},{"lineNumber":12,"author":{"gitId":"DextheChik3n"},"content":"    public static final String INVALID_INPUT_COMMAND_MESSAGE \u003d \"Oof, I have no idea what are you saying duuude\";","lastModifiedDate":"2023-09-13"},{"lineNumber":13,"author":{"gitId":"DextheChik3n"},"content":"    public static final String EMPTY_DESCRIPTION_MESSAGE \u003d \"Oof Dude, you can\u0027t leave the description empty, man\";","lastModifiedDate":"2023-09-13"},{"lineNumber":14,"author":{"gitId":"DextheChik3n"},"content":"    public static final String INVALID_DEADLINE_FORMAT_MESSAGE \u003d \"Oof the deadline command isn\u0027t quite right you gotta fix the format, bro...\\n[Remember it\u0027s: \u003cdescription\u003e /by \u003cdate\u003e]\";","lastModifiedDate":"2023-09-14"},{"lineNumber":15,"author":{"gitId":"DextheChik3n"},"content":"    public static final String INVALID_EVENT_FROM_FORMAT_MESSAGE \u003d \"Oof duude, your /from formatting is whack\\n[Remember it\u0027s: \u003cdescription\u003e /from \u003cdate\u003e /to \u003cdate\u003e]\";","lastModifiedDate":"2023-09-14"},{"lineNumber":16,"author":{"gitId":"DextheChik3n"},"content":"    public static final String INVALID_EVENT_TO_FORMAT_MESSAGE \u003d \"Oof my man, you need to work on that /to formatting\\n[Remember it\u0027s: \u003cdescription\u003e /from \u003cdate\u003e /to \u003cdate\u003e]\";","lastModifiedDate":"2023-09-14"},{"lineNumber":17,"author":{"gitId":"DextheChik3n"},"content":"    public static final String INVALID_TASK_NUMBER_MESSAGE \u003d \"Oof man there\u0027s no such task\";","lastModifiedDate":"2023-09-14"},{"lineNumber":18,"author":{"gitId":"DextheChik3n"},"content":"    public static void printGreetingMessage() {","lastModifiedDate":"2023-09-04"},{"lineNumber":19,"author":{"gitId":"DextheChik3n"},"content":"        String manDrawing \u003d \" @/\\n\" +","lastModifiedDate":"2023-09-07"},{"lineNumber":20,"author":{"gitId":"DextheChik3n"},"content":"                \"/| \\n\" +","lastModifiedDate":"2023-08-24"},{"lineNumber":21,"author":{"gitId":"DextheChik3n"},"content":"                \"/ \\\\\";","lastModifiedDate":"2023-08-24"},{"lineNumber":22,"author":{"gitId":"DextheChik3n"},"content":"        String alanText \u003d \" ______     __         ______     __   __    \\n\" +","lastModifiedDate":"2023-09-14"},{"lineNumber":23,"author":{"gitId":"DextheChik3n"},"content":"                \"/\\\\  __ \\\\   /\\\\ \\\\       /\\\\  __ \\\\   /\\\\ \\\"-.\\\\ \\\\   \\n\" +","lastModifiedDate":"2023-09-14"},{"lineNumber":24,"author":{"gitId":"DextheChik3n"},"content":"                \"\\\\ \\\\  __ \\\\  \\\\ \\\\ \\\\____  \\\\ \\\\  __ \\\\  \\\\ \\\\ \\\\-.  \\\\  \\n\" +","lastModifiedDate":"2023-09-14"},{"lineNumber":25,"author":{"gitId":"DextheChik3n"},"content":"                \" \\\\ \\\\_\\\\ \\\\_\\\\  \\\\ \\\\_____\\\\  \\\\ \\\\_\\\\ \\\\_\\\\  \\\\ \\\\_\\\\\\\\\\\"\\\\_\\\\ \\n\" +","lastModifiedDate":"2023-09-14"},{"lineNumber":26,"author":{"gitId":"DextheChik3n"},"content":"                \"  \\\\/_/\\\\/_/   \\\\/_____/   \\\\/_/\\\\/_/   \\\\/_/ \\\\/_/ \";","lastModifiedDate":"2023-09-14"},{"lineNumber":27,"author":{"gitId":"DextheChik3n"},"content":"","lastModifiedDate":"2023-09-14"},{"lineNumber":28,"author":{"gitId":"DextheChik3n"},"content":"        String greetMessage \u003d \"Sup dude! I\u0027m \\n\" + alanText + \"\\n\" + manDrawing + \"\\n\" + \"What can I do for you, my man?\";","lastModifiedDate":"2023-09-14"},{"lineNumber":29,"author":{"gitId":"DextheChik3n"},"content":"","lastModifiedDate":"2023-08-24"},{"lineNumber":30,"author":{"gitId":"DextheChik3n"},"content":"        printHorizontalLine();","lastModifiedDate":"2023-09-14"},{"lineNumber":31,"author":{"gitId":"DextheChik3n"},"content":"        System.out.println(greetMessage);","lastModifiedDate":"2023-09-14"},{"lineNumber":32,"author":{"gitId":"DextheChik3n"},"content":"        printHorizontalLine();","lastModifiedDate":"2023-08-31"},{"lineNumber":33,"author":{"gitId":"DextheChik3n"},"content":"    }","lastModifiedDate":"2023-08-24"},{"lineNumber":34,"author":{"gitId":"DextheChik3n"},"content":"","lastModifiedDate":"2023-08-24"},{"lineNumber":35,"author":{"gitId":"DextheChik3n"},"content":"    public static void printExitMessage() {","lastModifiedDate":"2023-09-04"},{"lineNumber":36,"author":{"gitId":"DextheChik3n"},"content":"        System.out.println(\"Later, dude! Can\u0027t wait to catch up again real soon!\");","lastModifiedDate":"2023-09-14"},{"lineNumber":37,"author":{"gitId":"DextheChik3n"},"content":"    }","lastModifiedDate":"2023-08-24"},{"lineNumber":38,"author":{"gitId":"DextheChik3n"},"content":"","lastModifiedDate":"2023-08-24"},{"lineNumber":39,"author":{"gitId":"DextheChik3n"},"content":"    public static void printHorizontalLine() {","lastModifiedDate":"2023-08-24"},{"lineNumber":40,"author":{"gitId":"DextheChik3n"},"content":"        System.out.println(\"~~~~~~~~~~~~~~~~~~~~~~~~~~~~~~~~~~~~~~~~~~~~~\");","lastModifiedDate":"2023-09-07"},{"lineNumber":41,"author":{"gitId":"DextheChik3n"},"content":"    }","lastModifiedDate":"2023-09-07"},{"lineNumber":42,"author":{"gitId":"DextheChik3n"},"content":"","lastModifiedDate":"2023-09-07"},{"lineNumber":43,"author":{"gitId":"DextheChik3n"},"content":"    public static void printTaskAddedMessage(Task[] tasks, int currentTasksIndex) {","lastModifiedDate":"2023-09-07"},{"lineNumber":44,"author":{"gitId":"DextheChik3n"},"content":"        System.out.println(\"added: \" + tasks[currentTasksIndex]);","lastModifiedDate":"2023-09-07"},{"lineNumber":45,"author":{"gitId":"DextheChik3n"},"content":"        System.out.println(\"Dude! You\u0027ve got a solid \" + currentTasksIndex + \" tasks lined up on your list now!\");","lastModifiedDate":"2023-09-14"},{"lineNumber":46,"author":{"gitId":"DextheChik3n"},"content":"    }","lastModifiedDate":"2023-09-07"},{"lineNumber":47,"author":{"gitId":"DextheChik3n"},"content":"","lastModifiedDate":"2023-09-07"},{"lineNumber":48,"author":{"gitId":"DextheChik3n"},"content":"    public static void processCommandHandler(String userInput, Task[] tasks) throws AlanExceptions {","lastModifiedDate":"2023-09-13"},{"lineNumber":49,"author":{"gitId":"DextheChik3n"},"content":"        String[] userInputWords \u003d userInput.split(\" \");","lastModifiedDate":"2023-09-13"},{"lineNumber":50,"author":{"gitId":"DextheChik3n"},"content":"        String command \u003d userInputWords[0];","lastModifiedDate":"2023-09-13"},{"lineNumber":51,"author":{"gitId":"DextheChik3n"},"content":"","lastModifiedDate":"2023-09-13"},{"lineNumber":52,"author":{"gitId":"DextheChik3n"},"content":"        if (command.equals(\"bye\")) {","lastModifiedDate":"2023-09-13"},{"lineNumber":53,"author":{"gitId":"DextheChik3n"},"content":"            printExitMessage();","lastModifiedDate":"2023-09-13"},{"lineNumber":54,"author":{"gitId":"DextheChik3n"},"content":"        } else if (command.equals(\"list\")) {","lastModifiedDate":"2023-09-13"},{"lineNumber":55,"author":{"gitId":"DextheChik3n"},"content":"            //print the tasks in the lists","lastModifiedDate":"2023-09-13"},{"lineNumber":56,"author":{"gitId":"DextheChik3n"},"content":"            listCommandHandler(tasks, currentTasksIndex);","lastModifiedDate":"2023-09-13"},{"lineNumber":57,"author":{"gitId":"DextheChik3n"},"content":"        } else if (command.equals(\"mark\")) {","lastModifiedDate":"2023-09-13"},{"lineNumber":58,"author":{"gitId":"DextheChik3n"},"content":"            //mark tasks as done","lastModifiedDate":"2023-09-13"},{"lineNumber":59,"author":{"gitId":"DextheChik3n"},"content":"            markingCommandHandler(userInput, tasks, true);","lastModifiedDate":"2023-09-13"},{"lineNumber":60,"author":{"gitId":"DextheChik3n"},"content":"        } else if (command.equals(\"unmark\")) {","lastModifiedDate":"2023-09-13"},{"lineNumber":61,"author":{"gitId":"DextheChik3n"},"content":"            //unmark tasks as undone","lastModifiedDate":"2023-09-13"},{"lineNumber":62,"author":{"gitId":"DextheChik3n"},"content":"            markingCommandHandler(userInput, tasks, false);","lastModifiedDate":"2023-09-13"},{"lineNumber":63,"author":{"gitId":"DextheChik3n"},"content":"        } else if (command.equals(\"todo\")) {","lastModifiedDate":"2023-09-13"},{"lineNumber":64,"author":{"gitId":"DextheChik3n"},"content":"            //add to-do task to the list","lastModifiedDate":"2023-09-13"},{"lineNumber":65,"author":{"gitId":"DextheChik3n"},"content":"            checkEmptyDescription(userInput);","lastModifiedDate":"2023-09-13"},{"lineNumber":66,"author":{"gitId":"DextheChik3n"},"content":"            todoCommandHandler(userInput, tasks, currentTasksIndex);","lastModifiedDate":"2023-09-13"},{"lineNumber":67,"author":{"gitId":"DextheChik3n"},"content":"            currentTasksIndex++;","lastModifiedDate":"2023-09-13"},{"lineNumber":68,"author":{"gitId":"DextheChik3n"},"content":"        } else if (command.equals(\"deadline\")) {","lastModifiedDate":"2023-09-13"},{"lineNumber":69,"author":{"gitId":"DextheChik3n"},"content":"            //add deadline task to the list","lastModifiedDate":"2023-09-13"},{"lineNumber":70,"author":{"gitId":"DextheChik3n"},"content":"            checkEmptyDescription(userInput);","lastModifiedDate":"2023-09-13"},{"lineNumber":71,"author":{"gitId":"DextheChik3n"},"content":"            deadlineCommandHandler(userInput, tasks, currentTasksIndex);","lastModifiedDate":"2023-09-13"},{"lineNumber":72,"author":{"gitId":"DextheChik3n"},"content":"            currentTasksIndex++;","lastModifiedDate":"2023-09-13"},{"lineNumber":73,"author":{"gitId":"DextheChik3n"},"content":"        } else if (command.equals(\"event\")) {","lastModifiedDate":"2023-09-13"},{"lineNumber":74,"author":{"gitId":"DextheChik3n"},"content":"            //add event task to the list","lastModifiedDate":"2023-09-13"},{"lineNumber":75,"author":{"gitId":"DextheChik3n"},"content":"            checkEmptyDescription(userInput);","lastModifiedDate":"2023-09-13"},{"lineNumber":76,"author":{"gitId":"DextheChik3n"},"content":"            eventCommandHandler(userInput, tasks, currentTasksIndex);","lastModifiedDate":"2023-09-13"},{"lineNumber":77,"author":{"gitId":"DextheChik3n"},"content":"            currentTasksIndex++;","lastModifiedDate":"2023-09-13"},{"lineNumber":78,"author":{"gitId":"DextheChik3n"},"content":"        } else {","lastModifiedDate":"2023-09-13"},{"lineNumber":79,"author":{"gitId":"DextheChik3n"},"content":"            throw new AlanExceptions(INVALID_INPUT_COMMAND_MESSAGE);","lastModifiedDate":"2023-09-13"},{"lineNumber":80,"author":{"gitId":"DextheChik3n"},"content":"        }","lastModifiedDate":"2023-09-13"},{"lineNumber":81,"author":{"gitId":"DextheChik3n"},"content":"    }","lastModifiedDate":"2023-09-13"},{"lineNumber":82,"author":{"gitId":"DextheChik3n"},"content":"","lastModifiedDate":"2023-09-13"},{"lineNumber":83,"author":{"gitId":"DextheChik3n"},"content":"    public static void listCommandHandler(Task[] tasks, int currentTasksIndex) {","lastModifiedDate":"2023-09-07"},{"lineNumber":84,"author":{"gitId":"DextheChik3n"},"content":"        System.out.println(\"Dude, check out these tasks on your list:\");","lastModifiedDate":"2023-09-14"},{"lineNumber":85,"author":{"gitId":"DextheChik3n"},"content":"","lastModifiedDate":"2023-09-07"},{"lineNumber":86,"author":{"gitId":"DextheChik3n"},"content":"        for (int i \u003d 1; i \u003c currentTasksIndex; i++) {","lastModifiedDate":"2023-09-07"},{"lineNumber":87,"author":{"gitId":"DextheChik3n"},"content":"            System.out.print((i) + \". \");","lastModifiedDate":"2023-09-07"},{"lineNumber":88,"author":{"gitId":"DextheChik3n"},"content":"            System.out.println(tasks[i]);","lastModifiedDate":"2023-09-07"},{"lineNumber":89,"author":{"gitId":"DextheChik3n"},"content":"        }","lastModifiedDate":"2023-09-07"},{"lineNumber":90,"author":{"gitId":"DextheChik3n"},"content":"    }","lastModifiedDate":"2023-09-07"},{"lineNumber":91,"author":{"gitId":"DextheChik3n"},"content":"","lastModifiedDate":"2023-09-07"},{"lineNumber":92,"author":{"gitId":"DextheChik3n"},"content":"    public static void markingCommandHandler(String userInput, Task[] tasks, boolean isMark) throws AlanExceptions {","lastModifiedDate":"2023-09-13"},{"lineNumber":93,"author":{"gitId":"DextheChik3n"},"content":"        String[] words \u003d userInput.split(\" \");","lastModifiedDate":"2023-09-07"},{"lineNumber":94,"author":{"gitId":"DextheChik3n"},"content":"        int selectedTaskIndex \u003d Integer.parseInt(words[1]);","lastModifiedDate":"2023-09-07"},{"lineNumber":95,"author":{"gitId":"DextheChik3n"},"content":"","lastModifiedDate":"2023-09-07"},{"lineNumber":96,"author":{"gitId":"DextheChik3n"},"content":"        checkOutOfTasksIndex(selectedTaskIndex);","lastModifiedDate":"2023-09-13"},{"lineNumber":97,"author":{"gitId":"DextheChik3n"},"content":"","lastModifiedDate":"2023-09-13"},{"lineNumber":98,"author":{"gitId":"DextheChik3n"},"content":"        if (isMark) {","lastModifiedDate":"2023-09-07"},{"lineNumber":99,"author":{"gitId":"DextheChik3n"},"content":"            tasks[selectedTaskIndex].setDone(true);","lastModifiedDate":"2023-09-07"},{"lineNumber":100,"author":{"gitId":"DextheChik3n"},"content":"            System.out.println(\"Alright bro! This task is officially checked off:\");","lastModifiedDate":"2023-09-14"},{"lineNumber":101,"author":{"gitId":"DextheChik3n"},"content":"        } else {","lastModifiedDate":"2023-09-07"},{"lineNumber":102,"author":{"gitId":"DextheChik3n"},"content":"            tasks[selectedTaskIndex].setDone(false);","lastModifiedDate":"2023-09-07"},{"lineNumber":103,"author":{"gitId":"DextheChik3n"},"content":"            System.out.println(\"Ok dude, I\u0027ve marked this task as ain\u0027t done yet amigo:\");","lastModifiedDate":"2023-09-14"},{"lineNumber":104,"author":{"gitId":"DextheChik3n"},"content":"        }","lastModifiedDate":"2023-09-07"},{"lineNumber":105,"author":{"gitId":"DextheChik3n"},"content":"","lastModifiedDate":"2023-09-07"},{"lineNumber":106,"author":{"gitId":"DextheChik3n"},"content":"        System.out.println(tasks[selectedTaskIndex]);","lastModifiedDate":"2023-09-07"},{"lineNumber":107,"author":{"gitId":"DextheChik3n"},"content":"    }","lastModifiedDate":"2023-09-07"},{"lineNumber":108,"author":{"gitId":"DextheChik3n"},"content":"","lastModifiedDate":"2023-09-07"},{"lineNumber":109,"author":{"gitId":"DextheChik3n"},"content":"    public static void todoCommandHandler(String userInput, Task[] tasks, int currentTasksIndex) {","lastModifiedDate":"2023-09-13"},{"lineNumber":110,"author":{"gitId":"DextheChik3n"},"content":"        String description \u003d userInput.replace(\"todo \", \"\");","lastModifiedDate":"2023-09-07"},{"lineNumber":111,"author":{"gitId":"DextheChik3n"},"content":"        tasks[currentTasksIndex] \u003d new Todo(description);","lastModifiedDate":"2023-09-07"},{"lineNumber":112,"author":{"gitId":"DextheChik3n"},"content":"","lastModifiedDate":"2023-09-07"},{"lineNumber":113,"author":{"gitId":"DextheChik3n"},"content":"        printTaskAddedMessage(tasks, currentTasksIndex);","lastModifiedDate":"2023-09-07"},{"lineNumber":114,"author":{"gitId":"DextheChik3n"},"content":"    }","lastModifiedDate":"2023-09-07"},{"lineNumber":115,"author":{"gitId":"DextheChik3n"},"content":"","lastModifiedDate":"2023-09-07"},{"lineNumber":116,"author":{"gitId":"DextheChik3n"},"content":"    public static void deadlineCommandHandler(String userInput, Task[] tasks, int currentTasksIndex) throws AlanExceptions {","lastModifiedDate":"2023-09-13"},{"lineNumber":117,"author":{"gitId":"DextheChik3n"},"content":"        String filteredUserInput \u003d userInput.replace(\"deadline \", \"\");","lastModifiedDate":"2023-09-07"},{"lineNumber":118,"author":{"gitId":"DextheChik3n"},"content":"        String[] words \u003d filteredUserInput.split(\" /by \");","lastModifiedDate":"2023-09-07"},{"lineNumber":119,"author":{"gitId":"DextheChik3n"},"content":"","lastModifiedDate":"2023-09-13"},{"lineNumber":120,"author":{"gitId":"DextheChik3n"},"content":"        if (words.length \u003d\u003d 1) {","lastModifiedDate":"2023-09-13"},{"lineNumber":121,"author":{"gitId":"DextheChik3n"},"content":"            throw new AlanExceptions(INVALID_DEADLINE_FORMAT_MESSAGE);","lastModifiedDate":"2023-09-13"},{"lineNumber":122,"author":{"gitId":"DextheChik3n"},"content":"        }","lastModifiedDate":"2023-09-13"},{"lineNumber":123,"author":{"gitId":"DextheChik3n"},"content":"","lastModifiedDate":"2023-09-13"},{"lineNumber":124,"author":{"gitId":"DextheChik3n"},"content":"        String description \u003d words[0];","lastModifiedDate":"2023-09-07"},{"lineNumber":125,"author":{"gitId":"DextheChik3n"},"content":"        String by \u003d words[1];","lastModifiedDate":"2023-09-07"},{"lineNumber":126,"author":{"gitId":"DextheChik3n"},"content":"","lastModifiedDate":"2023-09-07"},{"lineNumber":127,"author":{"gitId":"DextheChik3n"},"content":"        tasks[currentTasksIndex] \u003d new Deadline(description, by);","lastModifiedDate":"2023-09-07"},{"lineNumber":128,"author":{"gitId":"DextheChik3n"},"content":"","lastModifiedDate":"2023-09-07"},{"lineNumber":129,"author":{"gitId":"DextheChik3n"},"content":"        printTaskAddedMessage(tasks, currentTasksIndex);","lastModifiedDate":"2023-09-07"},{"lineNumber":130,"author":{"gitId":"DextheChik3n"},"content":"    }","lastModifiedDate":"2023-09-07"},{"lineNumber":131,"author":{"gitId":"DextheChik3n"},"content":"","lastModifiedDate":"2023-09-07"},{"lineNumber":132,"author":{"gitId":"DextheChik3n"},"content":"    public static void eventCommandHandler(String userInput, Task[] tasks, int currentTasksIndex) throws AlanExceptions {","lastModifiedDate":"2023-09-13"},{"lineNumber":133,"author":{"gitId":"DextheChik3n"},"content":"        String filteredUserInput \u003d userInput.replace(\"event \", \"\");","lastModifiedDate":"2023-09-07"},{"lineNumber":134,"author":{"gitId":"DextheChik3n"},"content":"        String[] splitDescriptionAndDate \u003d filteredUserInput.split(\" /from \");","lastModifiedDate":"2023-09-13"},{"lineNumber":135,"author":{"gitId":"DextheChik3n"},"content":"","lastModifiedDate":"2023-09-07"},{"lineNumber":136,"author":{"gitId":"DextheChik3n"},"content":"        if (splitDescriptionAndDate.length \u003d\u003d 1) {","lastModifiedDate":"2023-09-13"},{"lineNumber":137,"author":{"gitId":"DextheChik3n"},"content":"            throw new AlanExceptions(INVALID_EVENT_FROM_FORMAT_MESSAGE);","lastModifiedDate":"2023-09-13"},{"lineNumber":138,"author":{"gitId":"DextheChik3n"},"content":"        }","lastModifiedDate":"2023-09-13"},{"lineNumber":139,"author":{"gitId":"DextheChik3n"},"content":"","lastModifiedDate":"2023-09-13"},{"lineNumber":140,"author":{"gitId":"DextheChik3n"},"content":"        String[] splitFromAndTo \u003d splitDescriptionAndDate[1].split(\" /to \");","lastModifiedDate":"2023-09-13"},{"lineNumber":141,"author":{"gitId":"DextheChik3n"},"content":"","lastModifiedDate":"2023-09-13"},{"lineNumber":142,"author":{"gitId":"DextheChik3n"},"content":"        if (splitFromAndTo.length \u003d\u003d 1) {","lastModifiedDate":"2023-09-13"},{"lineNumber":143,"author":{"gitId":"DextheChik3n"},"content":"            throw new AlanExceptions(INVALID_EVENT_TO_FORMAT_MESSAGE);","lastModifiedDate":"2023-09-13"},{"lineNumber":144,"author":{"gitId":"DextheChik3n"},"content":"        }","lastModifiedDate":"2023-09-13"},{"lineNumber":145,"author":{"gitId":"DextheChik3n"},"content":"","lastModifiedDate":"2023-09-13"},{"lineNumber":146,"author":{"gitId":"DextheChik3n"},"content":"        String description \u003d splitDescriptionAndDate[0];","lastModifiedDate":"2023-09-13"},{"lineNumber":147,"author":{"gitId":"DextheChik3n"},"content":"        String from \u003d splitFromAndTo[0];","lastModifiedDate":"2023-09-13"},{"lineNumber":148,"author":{"gitId":"DextheChik3n"},"content":"        String to \u003d splitFromAndTo[1];","lastModifiedDate":"2023-09-13"},{"lineNumber":149,"author":{"gitId":"DextheChik3n"},"content":"","lastModifiedDate":"2023-09-07"},{"lineNumber":150,"author":{"gitId":"DextheChik3n"},"content":"        tasks[currentTasksIndex] \u003d new Event(description, from, to);","lastModifiedDate":"2023-09-07"},{"lineNumber":151,"author":{"gitId":"DextheChik3n"},"content":"","lastModifiedDate":"2023-09-07"},{"lineNumber":152,"author":{"gitId":"DextheChik3n"},"content":"        printTaskAddedMessage(tasks, currentTasksIndex);","lastModifiedDate":"2023-09-07"},{"lineNumber":153,"author":{"gitId":"DextheChik3n"},"content":"    }","lastModifiedDate":"2023-08-24"},{"lineNumber":154,"author":{"gitId":"DextheChik3n"},"content":"","lastModifiedDate":"2023-08-24"},{"lineNumber":155,"author":{"gitId":"DextheChik3n"},"content":"    public static void checkEmptyDescription(String userInput) throws AlanExceptions {","lastModifiedDate":"2023-09-13"},{"lineNumber":156,"author":{"gitId":"DextheChik3n"},"content":"        String[] userInputWords \u003d userInput.split(\" \");","lastModifiedDate":"2023-09-13"},{"lineNumber":157,"author":{"gitId":"DextheChik3n"},"content":"","lastModifiedDate":"2023-09-13"},{"lineNumber":158,"author":{"gitId":"DextheChik3n"},"content":"        if (userInputWords.length \u003d\u003d 1) {","lastModifiedDate":"2023-09-13"},{"lineNumber":159,"author":{"gitId":"DextheChik3n"},"content":"            throw new AlanExceptions(EMPTY_DESCRIPTION_MESSAGE);","lastModifiedDate":"2023-09-13"},{"lineNumber":160,"author":{"gitId":"DextheChik3n"},"content":"        }","lastModifiedDate":"2023-09-13"},{"lineNumber":161,"author":{"gitId":"DextheChik3n"},"content":"    }","lastModifiedDate":"2023-09-13"},{"lineNumber":162,"author":{"gitId":"DextheChik3n"},"content":"","lastModifiedDate":"2023-09-13"},{"lineNumber":163,"author":{"gitId":"DextheChik3n"},"content":"    public static void checkOutOfTasksIndex(int selectedIndex) throws AlanExceptions {","lastModifiedDate":"2023-09-13"},{"lineNumber":164,"author":{"gitId":"DextheChik3n"},"content":"        int numberOfTasks \u003d currentTasksIndex - 1;","lastModifiedDate":"2023-09-13"},{"lineNumber":165,"author":{"gitId":"DextheChik3n"},"content":"","lastModifiedDate":"2023-09-13"},{"lineNumber":166,"author":{"gitId":"DextheChik3n"},"content":"        if (selectedIndex \u003e numberOfTasks) {","lastModifiedDate":"2023-09-13"},{"lineNumber":167,"author":{"gitId":"DextheChik3n"},"content":"            throw new AlanExceptions(INVALID_TASK_NUMBER_MESSAGE);","lastModifiedDate":"2023-09-13"},{"lineNumber":168,"author":{"gitId":"DextheChik3n"},"content":"        }","lastModifiedDate":"2023-09-13"},{"lineNumber":169,"author":{"gitId":"DextheChik3n"},"content":"    }","lastModifiedDate":"2023-09-13"},{"lineNumber":170,"author":{"gitId":"DextheChik3n"},"content":"","lastModifiedDate":"2023-09-13"},{"lineNumber":171,"author":{"gitId":"DextheChik3n"},"content":"    public static void main(String[] args) {","lastModifiedDate":"2023-08-31"},{"lineNumber":172,"author":{"gitId":"DextheChik3n"},"content":"        Task[] tasks \u003d new Task[101];","lastModifiedDate":"2023-09-04"},{"lineNumber":173,"author":{"gitId":"DextheChik3n"},"content":"","lastModifiedDate":"2023-08-31"},{"lineNumber":174,"author":{"gitId":"DextheChik3n"},"content":"        printGreetingMessage();","lastModifiedDate":"2023-09-04"},{"lineNumber":175,"author":{"gitId":"DextheChik3n"},"content":"","lastModifiedDate":"2023-08-31"},{"lineNumber":176,"author":{"gitId":"DextheChik3n"},"content":"        String userInput \u003d null;","lastModifiedDate":"2023-09-13"},{"lineNumber":177,"author":{"gitId":"DextheChik3n"},"content":"        Scanner scanner \u003d new Scanner(System.in);","lastModifiedDate":"2023-09-13"},{"lineNumber":178,"author":{"gitId":"DextheChik3n"},"content":"","lastModifiedDate":"2023-08-31"},{"lineNumber":179,"author":{"gitId":"DextheChik3n"},"content":"        do {","lastModifiedDate":"2023-09-03"},{"lineNumber":180,"author":{"gitId":"DextheChik3n"},"content":"            try {","lastModifiedDate":"2023-09-13"},{"lineNumber":181,"author":{"gitId":"DextheChik3n"},"content":"                //Read user input","lastModifiedDate":"2023-09-03"},{"lineNumber":182,"author":{"gitId":"DextheChik3n"},"content":"                System.out.print(\"Input: \");","lastModifiedDate":"2023-08-31"},{"lineNumber":183,"author":{"gitId":"DextheChik3n"},"content":"                userInput \u003d scanner.nextLine();","lastModifiedDate":"2023-09-13"},{"lineNumber":184,"author":{"gitId":"DextheChik3n"},"content":"","lastModifiedDate":"2023-09-03"},{"lineNumber":185,"author":{"gitId":"DextheChik3n"},"content":"                printHorizontalLine();","lastModifiedDate":"2023-08-31"},{"lineNumber":186,"author":{"gitId":"DextheChik3n"},"content":"","lastModifiedDate":"2023-09-04"},{"lineNumber":187,"author":{"gitId":"DextheChik3n"},"content":"                processCommandHandler(userInput, tasks);","lastModifiedDate":"2023-09-13"},{"lineNumber":188,"author":{"gitId":"DextheChik3n"},"content":"","lastModifiedDate":"2023-09-03"},{"lineNumber":189,"author":{"gitId":"DextheChik3n"},"content":"            } catch (AlanExceptions e) {","lastModifiedDate":"2023-09-13"},{"lineNumber":190,"author":{"gitId":"DextheChik3n"},"content":"                System.out.println(e);","lastModifiedDate":"2023-09-13"},{"lineNumber":191,"author":{"gitId":"DextheChik3n"},"content":"            } finally {","lastModifiedDate":"2023-09-13"},{"lineNumber":192,"author":{"gitId":"DextheChik3n"},"content":"                printHorizontalLine();","lastModifiedDate":"2023-08-31"},{"lineNumber":193,"author":{"gitId":"DextheChik3n"},"content":"            }","lastModifiedDate":"2023-09-13"},{"lineNumber":194,"author":{"gitId":"DextheChik3n"},"content":"        } while (!userInput.equals(\"bye\"));","lastModifiedDate":"2023-09-03"},{"lineNumber":195,"author":{"gitId":"DextheChik3n"},"content":"","lastModifiedDate":"2023-09-03"},{"lineNumber":196,"author":{"gitId":"-"},"content":"    }","lastModifiedDate":"2019-07-29"},{"lineNumber":197,"author":{"gitId":"-"},"content":"}","lastModifiedDate":"2019-07-29"}],"authorContributionMap":{"DextheChik3n":195,"-":2}},{"path":"src/main/java/alan/AlanExceptions.java","fileType":"java","lines":[{"lineNumber":1,"author":{"gitId":"DextheChik3n"},"content":"package alan;","lastModifiedDate":"2023-09-14"},{"lineNumber":2,"author":{"gitId":"DextheChik3n"},"content":"","lastModifiedDate":"2023-09-14"},{"lineNumber":3,"author":{"gitId":"DextheChik3n"},"content":"public class AlanExceptions extends Exception {","lastModifiedDate":"2023-09-13"},{"lineNumber":4,"author":{"gitId":"DextheChik3n"},"content":"    String errorMessage;","lastModifiedDate":"2023-09-13"},{"lineNumber":5,"author":{"gitId":"DextheChik3n"},"content":"    public AlanExceptions(String errorMessage) {","lastModifiedDate":"2023-09-13"},{"lineNumber":6,"author":{"gitId":"DextheChik3n"},"content":"        this.errorMessage \u003d errorMessage;","lastModifiedDate":"2023-09-13"},{"lineNumber":7,"author":{"gitId":"DextheChik3n"},"content":"    }","lastModifiedDate":"2023-09-13"},{"lineNumber":8,"author":{"gitId":"DextheChik3n"},"content":"","lastModifiedDate":"2023-09-13"},{"lineNumber":9,"author":{"gitId":"DextheChik3n"},"content":"    @Override","lastModifiedDate":"2023-09-13"},{"lineNumber":10,"author":{"gitId":"DextheChik3n"},"content":"    public String toString() {","lastModifiedDate":"2023-09-13"},{"lineNumber":11,"author":{"gitId":"DextheChik3n"},"content":"        return errorMessage;","lastModifiedDate":"2023-09-13"},{"lineNumber":12,"author":{"gitId":"DextheChik3n"},"content":"    }","lastModifiedDate":"2023-09-13"},{"lineNumber":13,"author":{"gitId":"DextheChik3n"},"content":"}","lastModifiedDate":"2023-09-13"}],"authorContributionMap":{"DextheChik3n":13}},{"path":"src/main/java/alan/task/Deadline.java","fileType":"java","lines":[{"lineNumber":1,"author":{"gitId":"DextheChik3n"},"content":"package alan.task;","lastModifiedDate":"2023-09-14"},{"lineNumber":2,"author":{"gitId":"DextheChik3n"},"content":"","lastModifiedDate":"2023-09-14"},{"lineNumber":3,"author":{"gitId":"DextheChik3n"},"content":"public class Deadline extends Task {","lastModifiedDate":"2023-09-07"},{"lineNumber":4,"author":{"gitId":"DextheChik3n"},"content":"    protected String by;","lastModifiedDate":"2023-09-07"},{"lineNumber":5,"author":{"gitId":"DextheChik3n"},"content":"","lastModifiedDate":"2023-09-07"},{"lineNumber":6,"author":{"gitId":"DextheChik3n"},"content":"    public Deadline(String description, String by) {","lastModifiedDate":"2023-09-07"},{"lineNumber":7,"author":{"gitId":"DextheChik3n"},"content":"        super(description);","lastModifiedDate":"2023-09-07"},{"lineNumber":8,"author":{"gitId":"DextheChik3n"},"content":"        this.by \u003d by;","lastModifiedDate":"2023-09-07"},{"lineNumber":9,"author":{"gitId":"DextheChik3n"},"content":"    }","lastModifiedDate":"2023-09-07"},{"lineNumber":10,"author":{"gitId":"DextheChik3n"},"content":"","lastModifiedDate":"2023-09-07"},{"lineNumber":11,"author":{"gitId":"DextheChik3n"},"content":"    @Override","lastModifiedDate":"2023-09-07"},{"lineNumber":12,"author":{"gitId":"DextheChik3n"},"content":"    public String toString() {","lastModifiedDate":"2023-09-07"},{"lineNumber":13,"author":{"gitId":"DextheChik3n"},"content":"        return \"[D]\" + \"[\" + super.getStatusIcon() + \"] \" + super.toString() + \" (by: \" + by + \")\";","lastModifiedDate":"2023-09-07"},{"lineNumber":14,"author":{"gitId":"DextheChik3n"},"content":"    }","lastModifiedDate":"2023-09-07"},{"lineNumber":15,"author":{"gitId":"DextheChik3n"},"content":"}","lastModifiedDate":"2023-09-07"}],"authorContributionMap":{"DextheChik3n":15}},{"path":"src/main/java/alan/task/Event.java","fileType":"java","lines":[{"lineNumber":1,"author":{"gitId":"DextheChik3n"},"content":"package alan.task;","lastModifiedDate":"2023-09-14"},{"lineNumber":2,"author":{"gitId":"DextheChik3n"},"content":"","lastModifiedDate":"2023-09-14"},{"lineNumber":3,"author":{"gitId":"DextheChik3n"},"content":"public class Event extends Task {","lastModifiedDate":"2023-09-07"},{"lineNumber":4,"author":{"gitId":"DextheChik3n"},"content":"    protected String from;","lastModifiedDate":"2023-09-07"},{"lineNumber":5,"author":{"gitId":"DextheChik3n"},"content":"    protected String to;","lastModifiedDate":"2023-09-07"},{"lineNumber":6,"author":{"gitId":"DextheChik3n"},"content":"","lastModifiedDate":"2023-09-07"},{"lineNumber":7,"author":{"gitId":"DextheChik3n"},"content":"    public Event(String description, String from, String to) {","lastModifiedDate":"2023-09-07"},{"lineNumber":8,"author":{"gitId":"DextheChik3n"},"content":"        super(description);","lastModifiedDate":"2023-09-07"},{"lineNumber":9,"author":{"gitId":"DextheChik3n"},"content":"        this.from  \u003d from;","lastModifiedDate":"2023-09-07"},{"lineNumber":10,"author":{"gitId":"DextheChik3n"},"content":"        this.to \u003d to;","lastModifiedDate":"2023-09-07"},{"lineNumber":11,"author":{"gitId":"DextheChik3n"},"content":"    }","lastModifiedDate":"2023-09-07"},{"lineNumber":12,"author":{"gitId":"DextheChik3n"},"content":"","lastModifiedDate":"2023-09-07"},{"lineNumber":13,"author":{"gitId":"DextheChik3n"},"content":"    @Override","lastModifiedDate":"2023-09-07"},{"lineNumber":14,"author":{"gitId":"DextheChik3n"},"content":"    public String toString() {","lastModifiedDate":"2023-09-07"},{"lineNumber":15,"author":{"gitId":"DextheChik3n"},"content":"        return \"[E]\" + \"[\" + super.getStatusIcon() + \"] \" + super.toString() + \" (from: \" + from + \" | to: \"+ to + \")\";","lastModifiedDate":"2023-09-07"},{"lineNumber":16,"author":{"gitId":"DextheChik3n"},"content":"    }","lastModifiedDate":"2023-09-07"},{"lineNumber":17,"author":{"gitId":"DextheChik3n"},"content":"}","lastModifiedDate":"2023-09-07"}],"authorContributionMap":{"DextheChik3n":17}},{"path":"src/main/java/alan/task/Task.java","fileType":"java","lines":[{"lineNumber":1,"author":{"gitId":"DextheChik3n"},"content":"package alan.task;","lastModifiedDate":"2023-09-14"},{"lineNumber":2,"author":{"gitId":"DextheChik3n"},"content":"","lastModifiedDate":"2023-09-14"},{"lineNumber":3,"author":{"gitId":"DextheChik3n"},"content":"public class Task {","lastModifiedDate":"2023-09-03"},{"lineNumber":4,"author":{"gitId":"DextheChik3n"},"content":"    private String description;","lastModifiedDate":"2023-09-03"},{"lineNumber":5,"author":{"gitId":"DextheChik3n"},"content":"    private boolean isDone;","lastModifiedDate":"2023-09-03"},{"lineNumber":6,"author":{"gitId":"DextheChik3n"},"content":"","lastModifiedDate":"2023-09-03"},{"lineNumber":7,"author":{"gitId":"DextheChik3n"},"content":"    public Task(String description) {","lastModifiedDate":"2023-09-03"},{"lineNumber":8,"author":{"gitId":"DextheChik3n"},"content":"        this.description \u003d description;","lastModifiedDate":"2023-09-03"},{"lineNumber":9,"author":{"gitId":"DextheChik3n"},"content":"        this.isDone \u003d false;","lastModifiedDate":"2023-09-03"},{"lineNumber":10,"author":{"gitId":"DextheChik3n"},"content":"    }","lastModifiedDate":"2023-09-03"},{"lineNumber":11,"author":{"gitId":"DextheChik3n"},"content":"","lastModifiedDate":"2023-09-03"},{"lineNumber":12,"author":{"gitId":"DextheChik3n"},"content":"    public String getDescription() {","lastModifiedDate":"2023-09-03"},{"lineNumber":13,"author":{"gitId":"DextheChik3n"},"content":"        return description;","lastModifiedDate":"2023-09-03"},{"lineNumber":14,"author":{"gitId":"DextheChik3n"},"content":"    }","lastModifiedDate":"2023-09-03"},{"lineNumber":15,"author":{"gitId":"DextheChik3n"},"content":"","lastModifiedDate":"2023-09-03"},{"lineNumber":16,"author":{"gitId":"DextheChik3n"},"content":"    public void setDescription(String description) {","lastModifiedDate":"2023-09-03"},{"lineNumber":17,"author":{"gitId":"DextheChik3n"},"content":"        this.description \u003d description;","lastModifiedDate":"2023-09-03"},{"lineNumber":18,"author":{"gitId":"DextheChik3n"},"content":"    }","lastModifiedDate":"2023-09-03"},{"lineNumber":19,"author":{"gitId":"DextheChik3n"},"content":"","lastModifiedDate":"2023-09-03"},{"lineNumber":20,"author":{"gitId":"DextheChik3n"},"content":"    public boolean getDone() {","lastModifiedDate":"2023-09-03"},{"lineNumber":21,"author":{"gitId":"DextheChik3n"},"content":"        return isDone;","lastModifiedDate":"2023-09-03"},{"lineNumber":22,"author":{"gitId":"DextheChik3n"},"content":"    }","lastModifiedDate":"2023-09-03"},{"lineNumber":23,"author":{"gitId":"DextheChik3n"},"content":"","lastModifiedDate":"2023-09-03"},{"lineNumber":24,"author":{"gitId":"DextheChik3n"},"content":"    public void setDone(boolean isDone) {","lastModifiedDate":"2023-09-03"},{"lineNumber":25,"author":{"gitId":"DextheChik3n"},"content":"        this.isDone \u003d isDone;","lastModifiedDate":"2023-09-03"},{"lineNumber":26,"author":{"gitId":"DextheChik3n"},"content":"    }","lastModifiedDate":"2023-09-03"},{"lineNumber":27,"author":{"gitId":"DextheChik3n"},"content":"","lastModifiedDate":"2023-09-03"},{"lineNumber":28,"author":{"gitId":"DextheChik3n"},"content":"    public String getStatusIcon() {","lastModifiedDate":"2023-09-03"},{"lineNumber":29,"author":{"gitId":"DextheChik3n"},"content":"        return (isDone ? \"X\" : \" \");","lastModifiedDate":"2023-09-03"},{"lineNumber":30,"author":{"gitId":"DextheChik3n"},"content":"    }","lastModifiedDate":"2023-09-03"},{"lineNumber":31,"author":{"gitId":"DextheChik3n"},"content":"","lastModifiedDate":"2023-09-07"},{"lineNumber":32,"author":{"gitId":"DextheChik3n"},"content":"    @Override","lastModifiedDate":"2023-09-07"},{"lineNumber":33,"author":{"gitId":"DextheChik3n"},"content":"    public String toString() {","lastModifiedDate":"2023-09-07"},{"lineNumber":34,"author":{"gitId":"DextheChik3n"},"content":"        return getDescription();","lastModifiedDate":"2023-09-07"},{"lineNumber":35,"author":{"gitId":"DextheChik3n"},"content":"    }","lastModifiedDate":"2023-09-07"},{"lineNumber":36,"author":{"gitId":"DextheChik3n"},"content":"}","lastModifiedDate":"2023-09-03"},{"lineNumber":37,"author":{"gitId":"DextheChik3n"},"content":"","lastModifiedDate":"2023-09-07"}],"authorContributionMap":{"DextheChik3n":37}},{"path":"src/main/java/alan/task/Todo.java","fileType":"java","lines":[{"lineNumber":1,"author":{"gitId":"DextheChik3n"},"content":"package alan.task;","lastModifiedDate":"2023-09-14"},{"lineNumber":2,"author":{"gitId":"DextheChik3n"},"content":"","lastModifiedDate":"2023-09-14"},{"lineNumber":3,"author":{"gitId":"DextheChik3n"},"content":"public class Todo extends Task {","lastModifiedDate":"2023-09-07"},{"lineNumber":4,"author":{"gitId":"DextheChik3n"},"content":"    private boolean isDone;","lastModifiedDate":"2023-09-07"},{"lineNumber":5,"author":{"gitId":"DextheChik3n"},"content":"","lastModifiedDate":"2023-09-07"},{"lineNumber":6,"author":{"gitId":"DextheChik3n"},"content":"    public Todo(String description) {","lastModifiedDate":"2023-09-07"},{"lineNumber":7,"author":{"gitId":"DextheChik3n"},"content":"        super(description);","lastModifiedDate":"2023-09-07"},{"lineNumber":8,"author":{"gitId":"DextheChik3n"},"content":"        isDone \u003d false;","lastModifiedDate":"2023-09-07"},{"lineNumber":9,"author":{"gitId":"DextheChik3n"},"content":"    }","lastModifiedDate":"2023-09-07"},{"lineNumber":10,"author":{"gitId":"DextheChik3n"},"content":"","lastModifiedDate":"2023-09-07"},{"lineNumber":11,"author":{"gitId":"DextheChik3n"},"content":"    @Override","lastModifiedDate":"2023-09-07"},{"lineNumber":12,"author":{"gitId":"DextheChik3n"},"content":"    public String toString() {","lastModifiedDate":"2023-09-07"},{"lineNumber":13,"author":{"gitId":"DextheChik3n"},"content":"        return \"[T]\" + \"[\" + super.getStatusIcon() + \"] \" + super.toString();","lastModifiedDate":"2023-09-07"},{"lineNumber":14,"author":{"gitId":"DextheChik3n"},"content":"    }","lastModifiedDate":"2023-09-07"},{"lineNumber":15,"author":{"gitId":"DextheChik3n"},"content":"}","lastModifiedDate":"2023-09-07"}],"authorContributionMap":{"DextheChik3n":15}},{"path":"text-ui-test/input.txt","fileType":"txt","lines":[{"lineNumber":1,"author":{"gitId":"DextheChik3n"},"content":"todo borrow book","lastModifiedDate":"2023-09-07"},{"lineNumber":2,"author":{"gitId":"DextheChik3n"},"content":"list","lastModifiedDate":"2023-09-07"},{"lineNumber":3,"author":{"gitId":"DextheChik3n"},"content":"deadline return book /by Sunday","lastModifiedDate":"2023-09-07"},{"lineNumber":4,"author":{"gitId":"DextheChik3n"},"content":"event project meeting /from Mon 2pm /to 4pm","lastModifiedDate":"2023-09-07"},{"lineNumber":5,"author":{"gitId":"DextheChik3n"},"content":"mark 1","lastModifiedDate":"2023-09-07"},{"lineNumber":6,"author":{"gitId":"DextheChik3n"},"content":"unmark 1","lastModifiedDate":"2023-09-07"},{"lineNumber":7,"author":{"gitId":"DextheChik3n"},"content":"list","lastModifiedDate":"2023-09-07"},{"lineNumber":8,"author":{"gitId":"DextheChik3n"},"content":"bye","lastModifiedDate":"2023-09-07"}],"authorContributionMap":{"DextheChik3n":8}},{"path":"text-ui-test/runtest.bat","fileType":"bat","lines":[{"lineNumber":1,"author":{"gitId":"-"},"content":"@ECHO OFF","lastModifiedDate":"2020-05-25"},{"lineNumber":2,"author":{"gitId":"-"},"content":"","lastModifiedDate":"2020-05-25"},{"lineNumber":3,"author":{"gitId":"-"},"content":"REM create bin directory if it doesn\u0027t exist","lastModifiedDate":"2020-05-25"},{"lineNumber":4,"author":{"gitId":"-"},"content":"if not exist ..\\bin mkdir ..\\bin","lastModifiedDate":"2020-05-25"},{"lineNumber":5,"author":{"gitId":"-"},"content":"","lastModifiedDate":"2020-05-25"},{"lineNumber":6,"author":{"gitId":"-"},"content":"REM delete output from previous run","lastModifiedDate":"2020-05-25"},{"lineNumber":7,"author":{"gitId":"-"},"content":"if exist ACTUAL.TXT del ACTUAL.TXT","lastModifiedDate":"2020-08-25"},{"lineNumber":8,"author":{"gitId":"-"},"content":"","lastModifiedDate":"2020-05-25"},{"lineNumber":9,"author":{"gitId":"-"},"content":"REM compile the code into the bin folder","lastModifiedDate":"2020-05-25"},{"lineNumber":10,"author":{"gitId":"-"},"content":"javac  -cp ..\\src\\main\\java -Xlint:none -d ..\\bin ..\\src\\main\\java\\*.java","lastModifiedDate":"2020-08-25"},{"lineNumber":11,"author":{"gitId":"-"},"content":"IF ERRORLEVEL 1 (","lastModifiedDate":"2020-05-25"},{"lineNumber":12,"author":{"gitId":"-"},"content":"    echo ********** BUILD FAILURE **********","lastModifiedDate":"2020-05-25"},{"lineNumber":13,"author":{"gitId":"-"},"content":"    exit /b 1","lastModifiedDate":"2020-05-25"},{"lineNumber":14,"author":{"gitId":"-"},"content":")","lastModifiedDate":"2020-05-25"},{"lineNumber":15,"author":{"gitId":"-"},"content":"REM no error here, errorlevel \u003d\u003d 0","lastModifiedDate":"2020-05-25"},{"lineNumber":16,"author":{"gitId":"-"},"content":"","lastModifiedDate":"2020-05-25"},{"lineNumber":17,"author":{"gitId":"-"},"content":"REM run the program, feed commands from input.txt file and redirect the output to the ACTUAL.TXT","lastModifiedDate":"2020-05-25"},{"lineNumber":18,"author":{"gitId":"DextheChik3n"},"content":"java -classpath ..\\bin Alan \u003c input.txt \u003e ACTUAL.TXT","lastModifiedDate":"2023-08-24"},{"lineNumber":19,"author":{"gitId":"-"},"content":"","lastModifiedDate":"2020-05-25"},{"lineNumber":20,"author":{"gitId":"-"},"content":"REM compare the output to the expected output","lastModifiedDate":"2020-05-25"},{"lineNumber":21,"author":{"gitId":"-"},"content":"FC ACTUAL.TXT EXPECTED.TXT","lastModifiedDate":"2020-05-25"}],"authorContributionMap":{"DextheChik3n":1,"-":20}}]
