[{"path":"README.md","fileType":"md","lines":[{"lineNumber":1,"author":{"gitId":"DextheChik3n"},"content":"# Alan project template","lastModifiedDate":"2023-08-24"},{"lineNumber":2,"author":{"gitId":"-"},"content":"","lastModifiedDate":"2020-05-25"},{"lineNumber":3,"author":{"gitId":"-"},"content":"This is a project template for a greenfield Java project. It\u0027s named after the Java mascot _Duke_. Given below are instructions on how to use it.","lastModifiedDate":"2020-05-25"},{"lineNumber":4,"author":{"gitId":"-"},"content":"","lastModifiedDate":"2020-05-25"},{"lineNumber":5,"author":{"gitId":"-"},"content":"## Setting up in Intellij","lastModifiedDate":"2020-05-25"},{"lineNumber":6,"author":{"gitId":"-"},"content":"","lastModifiedDate":"2020-05-25"},{"lineNumber":7,"author":{"gitId":"-"},"content":"Prerequisites: JDK 11, update Intellij to the most recent version.","lastModifiedDate":"2020-05-25"},{"lineNumber":8,"author":{"gitId":"-"},"content":"","lastModifiedDate":"2020-05-25"},{"lineNumber":9,"author":{"gitId":"-"},"content":"1. Open Intellij (if you are not in the welcome screen, click `File` \u003e `Close Project` to close the existing project first)","lastModifiedDate":"2021-01-17"},{"lineNumber":10,"author":{"gitId":"-"},"content":"1. Open the project into Intellij as follows:","lastModifiedDate":"2021-01-17"},{"lineNumber":11,"author":{"gitId":"-"},"content":"   1. Click `Open`.","lastModifiedDate":"2021-01-17"},{"lineNumber":12,"author":{"gitId":"-"},"content":"   1. Select the project directory, and click `OK`.","lastModifiedDate":"2021-01-17"},{"lineNumber":13,"author":{"gitId":"-"},"content":"   1. If there are any further prompts, accept the defaults.","lastModifiedDate":"2020-05-25"},{"lineNumber":14,"author":{"gitId":"-"},"content":"1. Configure the project to use **JDK 11** (not other versions) as explained in [here](https://www.jetbrains.com/help/idea/sdk.html#set-up-jdk).\u003cbr\u003e","lastModifiedDate":"2021-07-29"},{"lineNumber":15,"author":{"gitId":"-"},"content":"   In the same dialog, set the **Project language level** field to the `SDK default` option.","lastModifiedDate":"2021-07-29"},{"lineNumber":16,"author":{"gitId":"DextheChik3n"},"content":"3. After that, locate the `src/main/java/Alan.java` file, right-click it, and choose `Run Alan.main()` (if the code editor is showing compile errors, try restarting the IDE). If the setup is correct, you should see something like the below as the output:","lastModifiedDate":"2023-08-24"},{"lineNumber":17,"author":{"gitId":"-"},"content":"   ```","lastModifiedDate":"2020-05-25"},{"lineNumber":18,"author":{"gitId":"-"},"content":"   Hello from","lastModifiedDate":"2020-05-25"},{"lineNumber":19,"author":{"gitId":"-"},"content":"    ____        _        ","lastModifiedDate":"2020-05-25"},{"lineNumber":20,"author":{"gitId":"-"},"content":"   |  _ \\ _   _| | _____ ","lastModifiedDate":"2020-05-25"},{"lineNumber":21,"author":{"gitId":"-"},"content":"   | | | | | | | |/ / _ \\","lastModifiedDate":"2020-05-25"},{"lineNumber":22,"author":{"gitId":"-"},"content":"   | |_| | |_| |   \u003c  __/","lastModifiedDate":"2020-05-25"},{"lineNumber":23,"author":{"gitId":"-"},"content":"   |____/ \\__,_|_|\\_\\___|","lastModifiedDate":"2020-05-25"},{"lineNumber":24,"author":{"gitId":"-"},"content":"   ```","lastModifiedDate":"2020-05-25"}],"authorContributionMap":{"DextheChik3n":2,"-":22}},{"path":"src/main/java/Alan.java","fileType":"java","lines":[{"lineNumber":1,"author":{"gitId":"DextheChik3n"},"content":"import java.util.Scanner;","lastModifiedDate":"2023-08-31"},{"lineNumber":2,"author":{"gitId":"DextheChik3n"},"content":"","lastModifiedDate":"2023-08-31"},{"lineNumber":3,"author":{"gitId":"DextheChik3n"},"content":"public class Alan {","lastModifiedDate":"2023-08-24"},{"lineNumber":4,"author":{"gitId":"DextheChik3n"},"content":"    static final int FROM_KEYWORD_END_INDEX \u003d 5;","lastModifiedDate":"2023-09-07"},{"lineNumber":5,"author":{"gitId":"DextheChik3n"},"content":"    static final int TO_KEYWORD_END_INDEX \u003d 3;","lastModifiedDate":"2023-09-07"},{"lineNumber":6,"author":{"gitId":"DextheChik3n"},"content":"","lastModifiedDate":"2023-08-31"},{"lineNumber":7,"author":{"gitId":"DextheChik3n"},"content":"    public static void printGreetingMessage() {","lastModifiedDate":"2023-09-04"},{"lineNumber":8,"author":{"gitId":"DextheChik3n"},"content":"        printHorizontalLine();","lastModifiedDate":"2023-08-31"},{"lineNumber":9,"author":{"gitId":"DextheChik3n"},"content":"        String manDrawing \u003d \" @/\\n\" +","lastModifiedDate":"2023-09-07"},{"lineNumber":10,"author":{"gitId":"DextheChik3n"},"content":"                            \"/| \\n\" +","lastModifiedDate":"2023-08-24"},{"lineNumber":11,"author":{"gitId":"DextheChik3n"},"content":"                            \"/ \\\\\";","lastModifiedDate":"2023-08-24"},{"lineNumber":12,"author":{"gitId":"DextheChik3n"},"content":"","lastModifiedDate":"2023-08-24"},{"lineNumber":13,"author":{"gitId":"DextheChik3n"},"content":"        System.out.println(manDrawing);","lastModifiedDate":"2023-09-07"},{"lineNumber":14,"author":{"gitId":"DextheChik3n"},"content":"        System.out.println(\"Hello! I\u0027m Alan\");","lastModifiedDate":"2023-08-24"},{"lineNumber":15,"author":{"gitId":"DextheChik3n"},"content":"        System.out.println(\"What can I do for you?\");","lastModifiedDate":"2023-08-24"},{"lineNumber":16,"author":{"gitId":"DextheChik3n"},"content":"        printHorizontalLine();","lastModifiedDate":"2023-08-31"},{"lineNumber":17,"author":{"gitId":"DextheChik3n"},"content":"    }","lastModifiedDate":"2023-08-24"},{"lineNumber":18,"author":{"gitId":"DextheChik3n"},"content":"","lastModifiedDate":"2023-08-24"},{"lineNumber":19,"author":{"gitId":"DextheChik3n"},"content":"    public static void printExitMessage() {","lastModifiedDate":"2023-09-04"},{"lineNumber":20,"author":{"gitId":"DextheChik3n"},"content":"        System.out.println(\"Bye. Hope to see you again soon!\");","lastModifiedDate":"2023-08-24"},{"lineNumber":21,"author":{"gitId":"DextheChik3n"},"content":"    }","lastModifiedDate":"2023-08-24"},{"lineNumber":22,"author":{"gitId":"DextheChik3n"},"content":"","lastModifiedDate":"2023-08-24"},{"lineNumber":23,"author":{"gitId":"DextheChik3n"},"content":"    public static void printHorizontalLine() {","lastModifiedDate":"2023-08-24"},{"lineNumber":24,"author":{"gitId":"DextheChik3n"},"content":"        System.out.println(\"~~~~~~~~~~~~~~~~~~~~~~~~~~~~~~~~~~~~~~~~~~~~~\");","lastModifiedDate":"2023-09-07"},{"lineNumber":25,"author":{"gitId":"DextheChik3n"},"content":"    }","lastModifiedDate":"2023-09-07"},{"lineNumber":26,"author":{"gitId":"DextheChik3n"},"content":"","lastModifiedDate":"2023-09-07"},{"lineNumber":27,"author":{"gitId":"DextheChik3n"},"content":"    public static void printTaskAddedMessage(Task[] tasks, int currentTasksIndex) {","lastModifiedDate":"2023-09-07"},{"lineNumber":28,"author":{"gitId":"DextheChik3n"},"content":"        System.out.println(\"added: \" + tasks[currentTasksIndex]);","lastModifiedDate":"2023-09-07"},{"lineNumber":29,"author":{"gitId":"DextheChik3n"},"content":"        System.out.println(\"Now you have \" + currentTasksIndex + \" in the list.\");","lastModifiedDate":"2023-09-07"},{"lineNumber":30,"author":{"gitId":"DextheChik3n"},"content":"    }","lastModifiedDate":"2023-09-07"},{"lineNumber":31,"author":{"gitId":"DextheChik3n"},"content":"","lastModifiedDate":"2023-09-07"},{"lineNumber":32,"author":{"gitId":"DextheChik3n"},"content":"    public static void listCommandHandler(Task[] tasks, int currentTasksIndex) {","lastModifiedDate":"2023-09-07"},{"lineNumber":33,"author":{"gitId":"DextheChik3n"},"content":"        System.out.println(\"Here are the tasks in your list:\");","lastModifiedDate":"2023-09-07"},{"lineNumber":34,"author":{"gitId":"DextheChik3n"},"content":"","lastModifiedDate":"2023-09-07"},{"lineNumber":35,"author":{"gitId":"DextheChik3n"},"content":"        for (int i \u003d 1; i \u003c currentTasksIndex; i++) {","lastModifiedDate":"2023-09-07"},{"lineNumber":36,"author":{"gitId":"DextheChik3n"},"content":"            System.out.print((i) + \". \");","lastModifiedDate":"2023-09-07"},{"lineNumber":37,"author":{"gitId":"DextheChik3n"},"content":"            System.out.println(tasks[i]);","lastModifiedDate":"2023-09-07"},{"lineNumber":38,"author":{"gitId":"DextheChik3n"},"content":"        }","lastModifiedDate":"2023-09-07"},{"lineNumber":39,"author":{"gitId":"DextheChik3n"},"content":"    }","lastModifiedDate":"2023-09-07"},{"lineNumber":40,"author":{"gitId":"DextheChik3n"},"content":"","lastModifiedDate":"2023-09-07"},{"lineNumber":41,"author":{"gitId":"DextheChik3n"},"content":"    public static void markingCommandHandler(String userInput, Task[] tasks, boolean isMark) {","lastModifiedDate":"2023-09-07"},{"lineNumber":42,"author":{"gitId":"DextheChik3n"},"content":"        String[] words \u003d userInput.split(\" \");","lastModifiedDate":"2023-09-07"},{"lineNumber":43,"author":{"gitId":"DextheChik3n"},"content":"        int selectedTaskIndex \u003d Integer.parseInt(words[1]);","lastModifiedDate":"2023-09-07"},{"lineNumber":44,"author":{"gitId":"DextheChik3n"},"content":"","lastModifiedDate":"2023-09-07"},{"lineNumber":45,"author":{"gitId":"DextheChik3n"},"content":"        if (isMark) {","lastModifiedDate":"2023-09-07"},{"lineNumber":46,"author":{"gitId":"DextheChik3n"},"content":"            tasks[selectedTaskIndex].setDone(true);","lastModifiedDate":"2023-09-07"},{"lineNumber":47,"author":{"gitId":"DextheChik3n"},"content":"            System.out.println(\"Alright! I\u0027ve marked this task as done:\");","lastModifiedDate":"2023-09-07"},{"lineNumber":48,"author":{"gitId":"DextheChik3n"},"content":"        } else {","lastModifiedDate":"2023-09-07"},{"lineNumber":49,"author":{"gitId":"DextheChik3n"},"content":"            tasks[selectedTaskIndex].setDone(false);","lastModifiedDate":"2023-09-07"},{"lineNumber":50,"author":{"gitId":"DextheChik3n"},"content":"            System.out.println(\"Ok, I\u0027ve marked this task as not done yet:\");","lastModifiedDate":"2023-09-07"},{"lineNumber":51,"author":{"gitId":"DextheChik3n"},"content":"        }","lastModifiedDate":"2023-09-07"},{"lineNumber":52,"author":{"gitId":"DextheChik3n"},"content":"","lastModifiedDate":"2023-09-07"},{"lineNumber":53,"author":{"gitId":"DextheChik3n"},"content":"        System.out.println(tasks[selectedTaskIndex]);","lastModifiedDate":"2023-09-07"},{"lineNumber":54,"author":{"gitId":"DextheChik3n"},"content":"    }","lastModifiedDate":"2023-09-07"},{"lineNumber":55,"author":{"gitId":"DextheChik3n"},"content":"","lastModifiedDate":"2023-09-07"},{"lineNumber":56,"author":{"gitId":"DextheChik3n"},"content":"    public static void todoCommandHandler(String userInput, Task[] tasks, int currentTasksIndex) {","lastModifiedDate":"2023-09-07"},{"lineNumber":57,"author":{"gitId":"DextheChik3n"},"content":"        String description \u003d userInput.replace(\"todo \", \"\");","lastModifiedDate":"2023-09-07"},{"lineNumber":58,"author":{"gitId":"DextheChik3n"},"content":"        tasks[currentTasksIndex] \u003d new Todo(description);","lastModifiedDate":"2023-09-07"},{"lineNumber":59,"author":{"gitId":"DextheChik3n"},"content":"","lastModifiedDate":"2023-09-07"},{"lineNumber":60,"author":{"gitId":"DextheChik3n"},"content":"        printTaskAddedMessage(tasks, currentTasksIndex);","lastModifiedDate":"2023-09-07"},{"lineNumber":61,"author":{"gitId":"DextheChik3n"},"content":"    }","lastModifiedDate":"2023-09-07"},{"lineNumber":62,"author":{"gitId":"DextheChik3n"},"content":"","lastModifiedDate":"2023-09-07"},{"lineNumber":63,"author":{"gitId":"DextheChik3n"},"content":"    public static void deadlineCommandHandler(String userInput, Task[] tasks, int currentTasksIndex) {","lastModifiedDate":"2023-09-07"},{"lineNumber":64,"author":{"gitId":"DextheChik3n"},"content":"        String filteredUserInput \u003d userInput.replace(\"deadline \", \"\");","lastModifiedDate":"2023-09-07"},{"lineNumber":65,"author":{"gitId":"DextheChik3n"},"content":"        String[] words \u003d filteredUserInput.split(\" /by \");","lastModifiedDate":"2023-09-07"},{"lineNumber":66,"author":{"gitId":"DextheChik3n"},"content":"        String description \u003d words[0];","lastModifiedDate":"2023-09-07"},{"lineNumber":67,"author":{"gitId":"DextheChik3n"},"content":"        String by \u003d words[1];","lastModifiedDate":"2023-09-07"},{"lineNumber":68,"author":{"gitId":"DextheChik3n"},"content":"","lastModifiedDate":"2023-09-07"},{"lineNumber":69,"author":{"gitId":"DextheChik3n"},"content":"        tasks[currentTasksIndex] \u003d new Deadline(description, by);","lastModifiedDate":"2023-09-07"},{"lineNumber":70,"author":{"gitId":"DextheChik3n"},"content":"","lastModifiedDate":"2023-09-07"},{"lineNumber":71,"author":{"gitId":"DextheChik3n"},"content":"        printTaskAddedMessage(tasks, currentTasksIndex);","lastModifiedDate":"2023-09-07"},{"lineNumber":72,"author":{"gitId":"DextheChik3n"},"content":"    }","lastModifiedDate":"2023-09-07"},{"lineNumber":73,"author":{"gitId":"DextheChik3n"},"content":"","lastModifiedDate":"2023-09-07"},{"lineNumber":74,"author":{"gitId":"DextheChik3n"},"content":"    public static void eventCommandHandler(String userInput, Task[] tasks, int currentTasksIndex) {","lastModifiedDate":"2023-09-07"},{"lineNumber":75,"author":{"gitId":"DextheChik3n"},"content":"        String filteredUserInput \u003d userInput.replace(\"event \", \"\");","lastModifiedDate":"2023-09-07"},{"lineNumber":76,"author":{"gitId":"DextheChik3n"},"content":"        String[] words \u003d filteredUserInput.split(\" /\");","lastModifiedDate":"2023-09-07"},{"lineNumber":77,"author":{"gitId":"DextheChik3n"},"content":"        String description \u003d words[0];","lastModifiedDate":"2023-09-07"},{"lineNumber":78,"author":{"gitId":"DextheChik3n"},"content":"","lastModifiedDate":"2023-09-07"},{"lineNumber":79,"author":{"gitId":"DextheChik3n"},"content":"        String from \u003d words[1].substring(FROM_KEYWORD_END_INDEX);","lastModifiedDate":"2023-09-07"},{"lineNumber":80,"author":{"gitId":"DextheChik3n"},"content":"        String to \u003d words[2].substring(TO_KEYWORD_END_INDEX);","lastModifiedDate":"2023-09-07"},{"lineNumber":81,"author":{"gitId":"DextheChik3n"},"content":"","lastModifiedDate":"2023-09-07"},{"lineNumber":82,"author":{"gitId":"DextheChik3n"},"content":"        tasks[currentTasksIndex] \u003d new Event(description, from, to);","lastModifiedDate":"2023-09-07"},{"lineNumber":83,"author":{"gitId":"DextheChik3n"},"content":"","lastModifiedDate":"2023-09-07"},{"lineNumber":84,"author":{"gitId":"DextheChik3n"},"content":"        printTaskAddedMessage(tasks, currentTasksIndex);","lastModifiedDate":"2023-09-07"},{"lineNumber":85,"author":{"gitId":"DextheChik3n"},"content":"    }","lastModifiedDate":"2023-08-24"},{"lineNumber":86,"author":{"gitId":"DextheChik3n"},"content":"","lastModifiedDate":"2023-08-24"},{"lineNumber":87,"author":{"gitId":"DextheChik3n"},"content":"    public static void main(String[] args) {","lastModifiedDate":"2023-08-31"},{"lineNumber":88,"author":{"gitId":"DextheChik3n"},"content":"        Task[] tasks \u003d new Task[101];","lastModifiedDate":"2023-09-04"},{"lineNumber":89,"author":{"gitId":"DextheChik3n"},"content":"        int currentTasksIndex \u003d 1;","lastModifiedDate":"2023-09-04"},{"lineNumber":90,"author":{"gitId":"DextheChik3n"},"content":"","lastModifiedDate":"2023-08-31"},{"lineNumber":91,"author":{"gitId":"DextheChik3n"},"content":"        printGreetingMessage();","lastModifiedDate":"2023-09-04"},{"lineNumber":92,"author":{"gitId":"DextheChik3n"},"content":"","lastModifiedDate":"2023-08-31"},{"lineNumber":93,"author":{"gitId":"DextheChik3n"},"content":"        String userInput \u003d null;","lastModifiedDate":"2023-09-07"},{"lineNumber":94,"author":{"gitId":"DextheChik3n"},"content":"        Scanner in \u003d new Scanner(System.in);","lastModifiedDate":"2023-08-31"},{"lineNumber":95,"author":{"gitId":"DextheChik3n"},"content":"","lastModifiedDate":"2023-08-31"},{"lineNumber":96,"author":{"gitId":"DextheChik3n"},"content":"        do {","lastModifiedDate":"2023-09-03"},{"lineNumber":97,"author":{"gitId":"DextheChik3n"},"content":"            //Read user input","lastModifiedDate":"2023-09-03"},{"lineNumber":98,"author":{"gitId":"DextheChik3n"},"content":"            System.out.print(\"Input: \");","lastModifiedDate":"2023-08-31"},{"lineNumber":99,"author":{"gitId":"DextheChik3n"},"content":"            userInput \u003d in.nextLine();","lastModifiedDate":"2023-08-31"},{"lineNumber":100,"author":{"gitId":"DextheChik3n"},"content":"","lastModifiedDate":"2023-09-03"},{"lineNumber":101,"author":{"gitId":"DextheChik3n"},"content":"            printHorizontalLine();","lastModifiedDate":"2023-08-31"},{"lineNumber":102,"author":{"gitId":"DextheChik3n"},"content":"","lastModifiedDate":"2023-09-04"},{"lineNumber":103,"author":{"gitId":"DextheChik3n"},"content":"            if (userInput.equals(\"bye\")) {","lastModifiedDate":"2023-09-03"},{"lineNumber":104,"author":{"gitId":"DextheChik3n"},"content":"                printExitMessage();","lastModifiedDate":"2023-09-04"},{"lineNumber":105,"author":{"gitId":"DextheChik3n"},"content":"            } else if (userInput.equals(\"list\")) {","lastModifiedDate":"2023-09-04"},{"lineNumber":106,"author":{"gitId":"DextheChik3n"},"content":"                //print the tasks in the lists","lastModifiedDate":"2023-09-04"},{"lineNumber":107,"author":{"gitId":"DextheChik3n"},"content":"                listCommandHandler(tasks, currentTasksIndex);","lastModifiedDate":"2023-09-07"},{"lineNumber":108,"author":{"gitId":"DextheChik3n"},"content":"            } else if (userInput.startsWith(\"mark\")) {","lastModifiedDate":"2023-09-04"},{"lineNumber":109,"author":{"gitId":"DextheChik3n"},"content":"                //mark tasks as done","lastModifiedDate":"2023-09-04"},{"lineNumber":110,"author":{"gitId":"DextheChik3n"},"content":"                markingCommandHandler(userInput, tasks, true);","lastModifiedDate":"2023-09-07"},{"lineNumber":111,"author":{"gitId":"DextheChik3n"},"content":"            } else if (userInput.startsWith(\"unmark\")) {","lastModifiedDate":"2023-09-04"},{"lineNumber":112,"author":{"gitId":"DextheChik3n"},"content":"                //unmark tasks as undone","lastModifiedDate":"2023-09-04"},{"lineNumber":113,"author":{"gitId":"DextheChik3n"},"content":"                markingCommandHandler(userInput, tasks, false);","lastModifiedDate":"2023-09-07"},{"lineNumber":114,"author":{"gitId":"DextheChik3n"},"content":"            } else if (userInput.startsWith(\"todo\")) {","lastModifiedDate":"2023-09-07"},{"lineNumber":115,"author":{"gitId":"DextheChik3n"},"content":"                //add todo task to the list","lastModifiedDate":"2023-09-07"},{"lineNumber":116,"author":{"gitId":"DextheChik3n"},"content":"                todoCommandHandler(userInput, tasks, currentTasksIndex);","lastModifiedDate":"2023-09-07"},{"lineNumber":117,"author":{"gitId":"DextheChik3n"},"content":"                currentTasksIndex++;","lastModifiedDate":"2023-09-07"},{"lineNumber":118,"author":{"gitId":"DextheChik3n"},"content":"            } else if (userInput.startsWith(\"deadline\")) {","lastModifiedDate":"2023-09-07"},{"lineNumber":119,"author":{"gitId":"DextheChik3n"},"content":"                //add deadline task to the list","lastModifiedDate":"2023-09-07"},{"lineNumber":120,"author":{"gitId":"DextheChik3n"},"content":"                deadlineCommandHandler(userInput, tasks, currentTasksIndex);","lastModifiedDate":"2023-09-07"},{"lineNumber":121,"author":{"gitId":"DextheChik3n"},"content":"                currentTasksIndex++;","lastModifiedDate":"2023-09-07"},{"lineNumber":122,"author":{"gitId":"DextheChik3n"},"content":"            } else if (userInput.startsWith(\"event\")) {","lastModifiedDate":"2023-09-07"},{"lineNumber":123,"author":{"gitId":"DextheChik3n"},"content":"                //add event to task","lastModifiedDate":"2023-09-07"},{"lineNumber":124,"author":{"gitId":"DextheChik3n"},"content":"                eventCommandHandler(userInput, tasks, currentTasksIndex);","lastModifiedDate":"2023-09-07"},{"lineNumber":125,"author":{"gitId":"DextheChik3n"},"content":"                currentTasksIndex++;","lastModifiedDate":"2023-09-04"},{"lineNumber":126,"author":{"gitId":"DextheChik3n"},"content":"            }","lastModifiedDate":"2023-08-31"},{"lineNumber":127,"author":{"gitId":"DextheChik3n"},"content":"","lastModifiedDate":"2023-09-03"},{"lineNumber":128,"author":{"gitId":"DextheChik3n"},"content":"            printHorizontalLine();","lastModifiedDate":"2023-08-31"},{"lineNumber":129,"author":{"gitId":"DextheChik3n"},"content":"","lastModifiedDate":"2023-08-31"},{"lineNumber":130,"author":{"gitId":"DextheChik3n"},"content":"        } while (!userInput.equals(\"bye\"));","lastModifiedDate":"2023-09-03"},{"lineNumber":131,"author":{"gitId":"DextheChik3n"},"content":"","lastModifiedDate":"2023-09-03"},{"lineNumber":132,"author":{"gitId":"-"},"content":"    }","lastModifiedDate":"2019-07-29"},{"lineNumber":133,"author":{"gitId":"-"},"content":"}","lastModifiedDate":"2019-07-29"}],"authorContributionMap":{"DextheChik3n":131,"-":2}},{"path":"src/main/java/Deadline.java","fileType":"java","lines":[{"lineNumber":1,"author":{"gitId":"DextheChik3n"},"content":"public class Deadline extends Task {","lastModifiedDate":"2023-09-07"},{"lineNumber":2,"author":{"gitId":"DextheChik3n"},"content":"    protected String by;","lastModifiedDate":"2023-09-07"},{"lineNumber":3,"author":{"gitId":"DextheChik3n"},"content":"","lastModifiedDate":"2023-09-07"},{"lineNumber":4,"author":{"gitId":"DextheChik3n"},"content":"    public Deadline(String description, String by) {","lastModifiedDate":"2023-09-07"},{"lineNumber":5,"author":{"gitId":"DextheChik3n"},"content":"        super(description);","lastModifiedDate":"2023-09-07"},{"lineNumber":6,"author":{"gitId":"DextheChik3n"},"content":"        this.by \u003d by;","lastModifiedDate":"2023-09-07"},{"lineNumber":7,"author":{"gitId":"DextheChik3n"},"content":"    }","lastModifiedDate":"2023-09-07"},{"lineNumber":8,"author":{"gitId":"DextheChik3n"},"content":"","lastModifiedDate":"2023-09-07"},{"lineNumber":9,"author":{"gitId":"DextheChik3n"},"content":"    @Override","lastModifiedDate":"2023-09-07"},{"lineNumber":10,"author":{"gitId":"DextheChik3n"},"content":"    public String toString() {","lastModifiedDate":"2023-09-07"},{"lineNumber":11,"author":{"gitId":"DextheChik3n"},"content":"        return \"[D]\" + \"[\" + super.getStatusIcon() + \"] \" + super.toString() + \" (by: \" + by + \")\";","lastModifiedDate":"2023-09-07"},{"lineNumber":12,"author":{"gitId":"DextheChik3n"},"content":"    }","lastModifiedDate":"2023-09-07"},{"lineNumber":13,"author":{"gitId":"DextheChik3n"},"content":"}","lastModifiedDate":"2023-09-07"}],"authorContributionMap":{"DextheChik3n":13}},{"path":"src/main/java/Event.java","fileType":"java","lines":[{"lineNumber":1,"author":{"gitId":"DextheChik3n"},"content":"public class Event extends Task {","lastModifiedDate":"2023-09-07"},{"lineNumber":2,"author":{"gitId":"DextheChik3n"},"content":"    protected String from;","lastModifiedDate":"2023-09-07"},{"lineNumber":3,"author":{"gitId":"DextheChik3n"},"content":"    protected String to;","lastModifiedDate":"2023-09-07"},{"lineNumber":4,"author":{"gitId":"DextheChik3n"},"content":"","lastModifiedDate":"2023-09-07"},{"lineNumber":5,"author":{"gitId":"DextheChik3n"},"content":"    public Event(String description, String from, String to) {","lastModifiedDate":"2023-09-07"},{"lineNumber":6,"author":{"gitId":"DextheChik3n"},"content":"        super(description);","lastModifiedDate":"2023-09-07"},{"lineNumber":7,"author":{"gitId":"DextheChik3n"},"content":"        this.from  \u003d from;","lastModifiedDate":"2023-09-07"},{"lineNumber":8,"author":{"gitId":"DextheChik3n"},"content":"        this.to \u003d to;","lastModifiedDate":"2023-09-07"},{"lineNumber":9,"author":{"gitId":"DextheChik3n"},"content":"    }","lastModifiedDate":"2023-09-07"},{"lineNumber":10,"author":{"gitId":"DextheChik3n"},"content":"","lastModifiedDate":"2023-09-07"},{"lineNumber":11,"author":{"gitId":"DextheChik3n"},"content":"    @Override","lastModifiedDate":"2023-09-07"},{"lineNumber":12,"author":{"gitId":"DextheChik3n"},"content":"    public String toString() {","lastModifiedDate":"2023-09-07"},{"lineNumber":13,"author":{"gitId":"DextheChik3n"},"content":"        return \"[E]\" + \"[\" + super.getStatusIcon() + \"] \" + super.toString() + \" (from: \" + from + \" | to: \"+ to + \")\";","lastModifiedDate":"2023-09-07"},{"lineNumber":14,"author":{"gitId":"DextheChik3n"},"content":"    }","lastModifiedDate":"2023-09-07"},{"lineNumber":15,"author":{"gitId":"DextheChik3n"},"content":"}","lastModifiedDate":"2023-09-07"}],"authorContributionMap":{"DextheChik3n":15}},{"path":"src/main/java/Task.java","fileType":"java","lines":[{"lineNumber":1,"author":{"gitId":"DextheChik3n"},"content":"public class Task {","lastModifiedDate":"2023-09-03"},{"lineNumber":2,"author":{"gitId":"DextheChik3n"},"content":"    private String description;","lastModifiedDate":"2023-09-03"},{"lineNumber":3,"author":{"gitId":"DextheChik3n"},"content":"    private boolean isDone;","lastModifiedDate":"2023-09-03"},{"lineNumber":4,"author":{"gitId":"DextheChik3n"},"content":"","lastModifiedDate":"2023-09-03"},{"lineNumber":5,"author":{"gitId":"DextheChik3n"},"content":"    public Task(String description) {","lastModifiedDate":"2023-09-03"},{"lineNumber":6,"author":{"gitId":"DextheChik3n"},"content":"        this.description \u003d description;","lastModifiedDate":"2023-09-03"},{"lineNumber":7,"author":{"gitId":"DextheChik3n"},"content":"        this.isDone \u003d false;","lastModifiedDate":"2023-09-03"},{"lineNumber":8,"author":{"gitId":"DextheChik3n"},"content":"    }","lastModifiedDate":"2023-09-03"},{"lineNumber":9,"author":{"gitId":"DextheChik3n"},"content":"","lastModifiedDate":"2023-09-03"},{"lineNumber":10,"author":{"gitId":"DextheChik3n"},"content":"    public String getDescription() {","lastModifiedDate":"2023-09-03"},{"lineNumber":11,"author":{"gitId":"DextheChik3n"},"content":"        return description;","lastModifiedDate":"2023-09-03"},{"lineNumber":12,"author":{"gitId":"DextheChik3n"},"content":"    }","lastModifiedDate":"2023-09-03"},{"lineNumber":13,"author":{"gitId":"DextheChik3n"},"content":"","lastModifiedDate":"2023-09-03"},{"lineNumber":14,"author":{"gitId":"DextheChik3n"},"content":"    public void setDescription(String description) {","lastModifiedDate":"2023-09-03"},{"lineNumber":15,"author":{"gitId":"DextheChik3n"},"content":"        this.description \u003d description;","lastModifiedDate":"2023-09-03"},{"lineNumber":16,"author":{"gitId":"DextheChik3n"},"content":"    }","lastModifiedDate":"2023-09-03"},{"lineNumber":17,"author":{"gitId":"DextheChik3n"},"content":"","lastModifiedDate":"2023-09-03"},{"lineNumber":18,"author":{"gitId":"DextheChik3n"},"content":"    public boolean getDone() {","lastModifiedDate":"2023-09-03"},{"lineNumber":19,"author":{"gitId":"DextheChik3n"},"content":"        return isDone;","lastModifiedDate":"2023-09-03"},{"lineNumber":20,"author":{"gitId":"DextheChik3n"},"content":"    }","lastModifiedDate":"2023-09-03"},{"lineNumber":21,"author":{"gitId":"DextheChik3n"},"content":"","lastModifiedDate":"2023-09-03"},{"lineNumber":22,"author":{"gitId":"DextheChik3n"},"content":"    public void setDone(boolean isDone) {","lastModifiedDate":"2023-09-03"},{"lineNumber":23,"author":{"gitId":"DextheChik3n"},"content":"        this.isDone \u003d isDone;","lastModifiedDate":"2023-09-03"},{"lineNumber":24,"author":{"gitId":"DextheChik3n"},"content":"    }","lastModifiedDate":"2023-09-03"},{"lineNumber":25,"author":{"gitId":"DextheChik3n"},"content":"","lastModifiedDate":"2023-09-03"},{"lineNumber":26,"author":{"gitId":"DextheChik3n"},"content":"    public String getStatusIcon() {","lastModifiedDate":"2023-09-03"},{"lineNumber":27,"author":{"gitId":"DextheChik3n"},"content":"        return (isDone ? \"X\" : \" \");","lastModifiedDate":"2023-09-03"},{"lineNumber":28,"author":{"gitId":"DextheChik3n"},"content":"    }","lastModifiedDate":"2023-09-03"},{"lineNumber":29,"author":{"gitId":"DextheChik3n"},"content":"","lastModifiedDate":"2023-09-07"},{"lineNumber":30,"author":{"gitId":"DextheChik3n"},"content":"    @Override","lastModifiedDate":"2023-09-07"},{"lineNumber":31,"author":{"gitId":"DextheChik3n"},"content":"    public String toString() {","lastModifiedDate":"2023-09-07"},{"lineNumber":32,"author":{"gitId":"DextheChik3n"},"content":"        return getDescription();","lastModifiedDate":"2023-09-07"},{"lineNumber":33,"author":{"gitId":"DextheChik3n"},"content":"    }","lastModifiedDate":"2023-09-07"},{"lineNumber":34,"author":{"gitId":"DextheChik3n"},"content":"}","lastModifiedDate":"2023-09-03"},{"lineNumber":35,"author":{"gitId":"DextheChik3n"},"content":"","lastModifiedDate":"2023-09-07"}],"authorContributionMap":{"DextheChik3n":35}},{"path":"src/main/java/Todo.java","fileType":"java","lines":[{"lineNumber":1,"author":{"gitId":"DextheChik3n"},"content":"public class Todo extends Task {","lastModifiedDate":"2023-09-07"},{"lineNumber":2,"author":{"gitId":"DextheChik3n"},"content":"    private boolean isDone;","lastModifiedDate":"2023-09-07"},{"lineNumber":3,"author":{"gitId":"DextheChik3n"},"content":"","lastModifiedDate":"2023-09-07"},{"lineNumber":4,"author":{"gitId":"DextheChik3n"},"content":"    public Todo(String description) {","lastModifiedDate":"2023-09-07"},{"lineNumber":5,"author":{"gitId":"DextheChik3n"},"content":"        super(description);","lastModifiedDate":"2023-09-07"},{"lineNumber":6,"author":{"gitId":"DextheChik3n"},"content":"        isDone \u003d false;","lastModifiedDate":"2023-09-07"},{"lineNumber":7,"author":{"gitId":"DextheChik3n"},"content":"    }","lastModifiedDate":"2023-09-07"},{"lineNumber":8,"author":{"gitId":"DextheChik3n"},"content":"","lastModifiedDate":"2023-09-07"},{"lineNumber":9,"author":{"gitId":"DextheChik3n"},"content":"    @Override","lastModifiedDate":"2023-09-07"},{"lineNumber":10,"author":{"gitId":"DextheChik3n"},"content":"    public String toString() {","lastModifiedDate":"2023-09-07"},{"lineNumber":11,"author":{"gitId":"DextheChik3n"},"content":"        return \"[T]\" + \"[\" + super.getStatusIcon() + \"] \" + super.toString();","lastModifiedDate":"2023-09-07"},{"lineNumber":12,"author":{"gitId":"DextheChik3n"},"content":"    }","lastModifiedDate":"2023-09-07"},{"lineNumber":13,"author":{"gitId":"DextheChik3n"},"content":"}","lastModifiedDate":"2023-09-07"}],"authorContributionMap":{"DextheChik3n":13}},{"path":"text-ui-test/input.txt","fileType":"txt","lines":[{"lineNumber":1,"author":{"gitId":"DextheChik3n"},"content":"todo borrow book","lastModifiedDate":"2023-09-07"},{"lineNumber":2,"author":{"gitId":"DextheChik3n"},"content":"list","lastModifiedDate":"2023-09-07"},{"lineNumber":3,"author":{"gitId":"DextheChik3n"},"content":"deadline return book /by Sunday","lastModifiedDate":"2023-09-07"},{"lineNumber":4,"author":{"gitId":"DextheChik3n"},"content":"event project meeting /from Mon 2pm /to 4pm","lastModifiedDate":"2023-09-07"},{"lineNumber":5,"author":{"gitId":"DextheChik3n"},"content":"mark 1","lastModifiedDate":"2023-09-07"},{"lineNumber":6,"author":{"gitId":"DextheChik3n"},"content":"unmark 1","lastModifiedDate":"2023-09-07"},{"lineNumber":7,"author":{"gitId":"DextheChik3n"},"content":"list","lastModifiedDate":"2023-09-07"},{"lineNumber":8,"author":{"gitId":"DextheChik3n"},"content":"bye","lastModifiedDate":"2023-09-07"}],"authorContributionMap":{"DextheChik3n":8}},{"path":"text-ui-test/runtest.bat","fileType":"bat","lines":[{"lineNumber":1,"author":{"gitId":"-"},"content":"@ECHO OFF","lastModifiedDate":"2020-05-25"},{"lineNumber":2,"author":{"gitId":"-"},"content":"","lastModifiedDate":"2020-05-25"},{"lineNumber":3,"author":{"gitId":"-"},"content":"REM create bin directory if it doesn\u0027t exist","lastModifiedDate":"2020-05-25"},{"lineNumber":4,"author":{"gitId":"-"},"content":"if not exist ..\\bin mkdir ..\\bin","lastModifiedDate":"2020-05-25"},{"lineNumber":5,"author":{"gitId":"-"},"content":"","lastModifiedDate":"2020-05-25"},{"lineNumber":6,"author":{"gitId":"-"},"content":"REM delete output from previous run","lastModifiedDate":"2020-05-25"},{"lineNumber":7,"author":{"gitId":"-"},"content":"if exist ACTUAL.TXT del ACTUAL.TXT","lastModifiedDate":"2020-08-25"},{"lineNumber":8,"author":{"gitId":"-"},"content":"","lastModifiedDate":"2020-05-25"},{"lineNumber":9,"author":{"gitId":"-"},"content":"REM compile the code into the bin folder","lastModifiedDate":"2020-05-25"},{"lineNumber":10,"author":{"gitId":"-"},"content":"javac  -cp ..\\src\\main\\java -Xlint:none -d ..\\bin ..\\src\\main\\java\\*.java","lastModifiedDate":"2020-08-25"},{"lineNumber":11,"author":{"gitId":"-"},"content":"IF ERRORLEVEL 1 (","lastModifiedDate":"2020-05-25"},{"lineNumber":12,"author":{"gitId":"-"},"content":"    echo ********** BUILD FAILURE **********","lastModifiedDate":"2020-05-25"},{"lineNumber":13,"author":{"gitId":"-"},"content":"    exit /b 1","lastModifiedDate":"2020-05-25"},{"lineNumber":14,"author":{"gitId":"-"},"content":")","lastModifiedDate":"2020-05-25"},{"lineNumber":15,"author":{"gitId":"-"},"content":"REM no error here, errorlevel \u003d\u003d 0","lastModifiedDate":"2020-05-25"},{"lineNumber":16,"author":{"gitId":"-"},"content":"","lastModifiedDate":"2020-05-25"},{"lineNumber":17,"author":{"gitId":"-"},"content":"REM run the program, feed commands from input.txt file and redirect the output to the ACTUAL.TXT","lastModifiedDate":"2020-05-25"},{"lineNumber":18,"author":{"gitId":"DextheChik3n"},"content":"java -classpath ..\\bin Alan \u003c input.txt \u003e ACTUAL.TXT","lastModifiedDate":"2023-08-24"},{"lineNumber":19,"author":{"gitId":"-"},"content":"","lastModifiedDate":"2020-05-25"},{"lineNumber":20,"author":{"gitId":"-"},"content":"REM compare the output to the expected output","lastModifiedDate":"2020-05-25"},{"lineNumber":21,"author":{"gitId":"-"},"content":"FC ACTUAL.TXT EXPECTED.TXT","lastModifiedDate":"2020-05-25"}],"authorContributionMap":{"DextheChik3n":1,"-":20}}]
