[{"path":"README.md","fileType":"md","lines":[{"lineNumber":1,"author":{"gitId":"DextheChik3n"},"content":"# Alan project template","lastModifiedDate":"2023-08-24"},{"lineNumber":2,"author":{"gitId":"-"},"content":"","lastModifiedDate":"2020-05-25"},{"lineNumber":3,"author":{"gitId":"-"},"content":"This is a project template for a greenfield Java project. It\u0027s named after the Java mascot _Duke_. Given below are instructions on how to use it.","lastModifiedDate":"2020-05-25"},{"lineNumber":4,"author":{"gitId":"-"},"content":"","lastModifiedDate":"2020-05-25"},{"lineNumber":5,"author":{"gitId":"-"},"content":"## Setting up in Intellij","lastModifiedDate":"2020-05-25"},{"lineNumber":6,"author":{"gitId":"-"},"content":"","lastModifiedDate":"2020-05-25"},{"lineNumber":7,"author":{"gitId":"-"},"content":"Prerequisites: JDK 11, update Intellij to the most recent version.","lastModifiedDate":"2020-05-25"},{"lineNumber":8,"author":{"gitId":"-"},"content":"","lastModifiedDate":"2020-05-25"},{"lineNumber":9,"author":{"gitId":"-"},"content":"1. Open Intellij (if you are not in the welcome screen, click `File` \u003e `Close Project` to close the existing project first)","lastModifiedDate":"2021-01-17"},{"lineNumber":10,"author":{"gitId":"-"},"content":"1. Open the project into Intellij as follows:","lastModifiedDate":"2021-01-17"},{"lineNumber":11,"author":{"gitId":"-"},"content":"   1. Click `Open`.","lastModifiedDate":"2021-01-17"},{"lineNumber":12,"author":{"gitId":"-"},"content":"   1. Select the project directory, and click `OK`.","lastModifiedDate":"2021-01-17"},{"lineNumber":13,"author":{"gitId":"-"},"content":"   1. If there are any further prompts, accept the defaults.","lastModifiedDate":"2020-05-25"},{"lineNumber":14,"author":{"gitId":"-"},"content":"1. Configure the project to use **JDK 11** (not other versions) as explained in [here](https://www.jetbrains.com/help/idea/sdk.html#set-up-jdk).\u003cbr\u003e","lastModifiedDate":"2021-07-29"},{"lineNumber":15,"author":{"gitId":"-"},"content":"   In the same dialog, set the **Project language level** field to the `SDK default` option.","lastModifiedDate":"2021-07-29"},{"lineNumber":16,"author":{"gitId":"DextheChik3n"},"content":"3. After that, locate the `src/main/java/Alan.java` file, right-click it, and choose `Run Alan.main()` (if the code editor is showing compile errors, try restarting the IDE). If the setup is correct, you should see something like the below as the output:","lastModifiedDate":"2023-08-24"},{"lineNumber":17,"author":{"gitId":"-"},"content":"   ```","lastModifiedDate":"2020-05-25"},{"lineNumber":18,"author":{"gitId":"-"},"content":"   Hello from","lastModifiedDate":"2020-05-25"},{"lineNumber":19,"author":{"gitId":"-"},"content":"    ____        _        ","lastModifiedDate":"2020-05-25"},{"lineNumber":20,"author":{"gitId":"-"},"content":"   |  _ \\ _   _| | _____ ","lastModifiedDate":"2020-05-25"},{"lineNumber":21,"author":{"gitId":"-"},"content":"   | | | | | | | |/ / _ \\","lastModifiedDate":"2020-05-25"},{"lineNumber":22,"author":{"gitId":"-"},"content":"   | |_| | |_| |   \u003c  __/","lastModifiedDate":"2020-05-25"},{"lineNumber":23,"author":{"gitId":"-"},"content":"   |____/ \\__,_|_|\\_\\___|","lastModifiedDate":"2020-05-25"},{"lineNumber":24,"author":{"gitId":"-"},"content":"   ```","lastModifiedDate":"2020-05-25"}],"authorContributionMap":{"DextheChik3n":2,"-":22}},{"path":"src/main/java/alan/Alan.java","fileType":"java","lines":[{"lineNumber":1,"author":{"gitId":"DextheChik3n"},"content":"package alan;","lastModifiedDate":"2023-09-14"},{"lineNumber":2,"author":{"gitId":"DextheChik3n"},"content":"","lastModifiedDate":"2023-09-14"},{"lineNumber":3,"author":{"gitId":"DextheChik3n"},"content":"import alan.task.*;","lastModifiedDate":"2023-09-20"},{"lineNumber":4,"author":{"gitId":"DextheChik3n"},"content":"","lastModifiedDate":"2023-09-14"},{"lineNumber":5,"author":{"gitId":"DextheChik3n"},"content":"import java.io.File;","lastModifiedDate":"2023-09-20"},{"lineNumber":6,"author":{"gitId":"DextheChik3n"},"content":"import java.io.FileNotFoundException;","lastModifiedDate":"2023-09-20"},{"lineNumber":7,"author":{"gitId":"DextheChik3n"},"content":"import java.io.FileWriter;","lastModifiedDate":"2023-09-20"},{"lineNumber":8,"author":{"gitId":"DextheChik3n"},"content":"import java.io.IOException;","lastModifiedDate":"2023-09-20"},{"lineNumber":9,"author":{"gitId":"DextheChik3n"},"content":"import java.nio.file.Files;","lastModifiedDate":"2023-09-20"},{"lineNumber":10,"author":{"gitId":"DextheChik3n"},"content":"import java.util.ArrayList;","lastModifiedDate":"2023-09-20"},{"lineNumber":11,"author":{"gitId":"DextheChik3n"},"content":"import java.util.Scanner;","lastModifiedDate":"2023-08-31"},{"lineNumber":12,"author":{"gitId":"DextheChik3n"},"content":"","lastModifiedDate":"2023-08-31"},{"lineNumber":13,"author":{"gitId":"DextheChik3n"},"content":"import static alan.AlanExceptions.checkDeadlineInputFormat;","lastModifiedDate":"2023-09-14"},{"lineNumber":14,"author":{"gitId":"DextheChik3n"},"content":"import static alan.AlanExceptions.checkEmptyDescription;","lastModifiedDate":"2023-09-14"},{"lineNumber":15,"author":{"gitId":"DextheChik3n"},"content":"import static alan.AlanExceptions.checkEventInputFromFormat;","lastModifiedDate":"2023-09-14"},{"lineNumber":16,"author":{"gitId":"DextheChik3n"},"content":"import static alan.AlanExceptions.checkEventInputToFormat;","lastModifiedDate":"2023-09-14"},{"lineNumber":17,"author":{"gitId":"DextheChik3n"},"content":"import static alan.AlanExceptions.checkOutOfTaskListIndex;","lastModifiedDate":"2023-09-20"},{"lineNumber":18,"author":{"gitId":"DextheChik3n"},"content":"import static alan.AlanExceptions.invalidInputCommand;","lastModifiedDate":"2023-09-14"},{"lineNumber":19,"author":{"gitId":"DextheChik3n"},"content":"","lastModifiedDate":"2023-09-14"},{"lineNumber":20,"author":{"gitId":"DextheChik3n"},"content":"public class Alan {","lastModifiedDate":"2023-08-24"},{"lineNumber":21,"author":{"gitId":"DextheChik3n"},"content":"    public static void printGreetingMessage() {","lastModifiedDate":"2023-09-04"},{"lineNumber":22,"author":{"gitId":"DextheChik3n"},"content":"        String manDrawing \u003d \" @/\\n\" +","lastModifiedDate":"2023-09-07"},{"lineNumber":23,"author":{"gitId":"DextheChik3n"},"content":"                \"/| \\n\" +","lastModifiedDate":"2023-08-24"},{"lineNumber":24,"author":{"gitId":"DextheChik3n"},"content":"                \"/ \\\\\";","lastModifiedDate":"2023-08-24"},{"lineNumber":25,"author":{"gitId":"DextheChik3n"},"content":"        String alanText \u003d \" ______     __         ______     __   __    \\n\" +","lastModifiedDate":"2023-09-14"},{"lineNumber":26,"author":{"gitId":"DextheChik3n"},"content":"                \"/\\\\  __ \\\\   /\\\\ \\\\       /\\\\  __ \\\\   /\\\\ \\\"-.\\\\ \\\\   \\n\" +","lastModifiedDate":"2023-09-14"},{"lineNumber":27,"author":{"gitId":"DextheChik3n"},"content":"                \"\\\\ \\\\  __ \\\\  \\\\ \\\\ \\\\____  \\\\ \\\\  __ \\\\  \\\\ \\\\ \\\\-.  \\\\  \\n\" +","lastModifiedDate":"2023-09-14"},{"lineNumber":28,"author":{"gitId":"DextheChik3n"},"content":"                \" \\\\ \\\\_\\\\ \\\\_\\\\  \\\\ \\\\_____\\\\  \\\\ \\\\_\\\\ \\\\_\\\\  \\\\ \\\\_\\\\\\\\\\\"\\\\_\\\\ \\n\" +","lastModifiedDate":"2023-09-14"},{"lineNumber":29,"author":{"gitId":"DextheChik3n"},"content":"                \"  \\\\/_/\\\\/_/   \\\\/_____/   \\\\/_/\\\\/_/   \\\\/_/ \\\\/_/ \";","lastModifiedDate":"2023-09-14"},{"lineNumber":30,"author":{"gitId":"DextheChik3n"},"content":"","lastModifiedDate":"2023-09-14"},{"lineNumber":31,"author":{"gitId":"DextheChik3n"},"content":"        String greetMessage \u003d \"Sup dude! I\u0027m \\n\" + alanText + \"\\n\" + manDrawing + \"\\n\" + \"What can I do for you, my man?\";","lastModifiedDate":"2023-09-14"},{"lineNumber":32,"author":{"gitId":"DextheChik3n"},"content":"","lastModifiedDate":"2023-08-24"},{"lineNumber":33,"author":{"gitId":"DextheChik3n"},"content":"        printHorizontalLine();","lastModifiedDate":"2023-09-14"},{"lineNumber":34,"author":{"gitId":"DextheChik3n"},"content":"        System.out.println(greetMessage);","lastModifiedDate":"2023-09-14"},{"lineNumber":35,"author":{"gitId":"DextheChik3n"},"content":"        printHorizontalLine();","lastModifiedDate":"2023-08-31"},{"lineNumber":36,"author":{"gitId":"DextheChik3n"},"content":"    }","lastModifiedDate":"2023-08-24"},{"lineNumber":37,"author":{"gitId":"DextheChik3n"},"content":"","lastModifiedDate":"2023-08-24"},{"lineNumber":38,"author":{"gitId":"DextheChik3n"},"content":"    public static void printExitMessage() {","lastModifiedDate":"2023-09-04"},{"lineNumber":39,"author":{"gitId":"DextheChik3n"},"content":"        System.out.println(\"Later, dude! Can\u0027t wait to catch up again real soon!\");","lastModifiedDate":"2023-09-14"},{"lineNumber":40,"author":{"gitId":"DextheChik3n"},"content":"    }","lastModifiedDate":"2023-08-24"},{"lineNumber":41,"author":{"gitId":"DextheChik3n"},"content":"","lastModifiedDate":"2023-08-24"},{"lineNumber":42,"author":{"gitId":"DextheChik3n"},"content":"    public static void printHorizontalLine() {","lastModifiedDate":"2023-08-24"},{"lineNumber":43,"author":{"gitId":"DextheChik3n"},"content":"        System.out.println(\"~~~~~~~~~~~~~~~~~~~~~~~~~~~~~~~~~~~~~~~~~~~~~\");","lastModifiedDate":"2023-09-07"},{"lineNumber":44,"author":{"gitId":"DextheChik3n"},"content":"    }","lastModifiedDate":"2023-09-07"},{"lineNumber":45,"author":{"gitId":"DextheChik3n"},"content":"","lastModifiedDate":"2023-09-07"},{"lineNumber":46,"author":{"gitId":"DextheChik3n"},"content":"    public static void printNumberOfTasksMessage(int numberOfTasks) {","lastModifiedDate":"2023-09-20"},{"lineNumber":47,"author":{"gitId":"DextheChik3n"},"content":"        if (numberOfTasks \u003d\u003d 1) {","lastModifiedDate":"2023-09-20"},{"lineNumber":48,"author":{"gitId":"DextheChik3n"},"content":"            System.out.println(\"Dude! You\u0027ve got a solid \" + numberOfTasks + \" task lined up on your list now!\");","lastModifiedDate":"2023-09-20"},{"lineNumber":49,"author":{"gitId":"DextheChik3n"},"content":"        } else {","lastModifiedDate":"2023-09-14"},{"lineNumber":50,"author":{"gitId":"DextheChik3n"},"content":"            System.out.println(\"Dude! You\u0027ve got a solid \" + numberOfTasks + \" tasks lined up on your list now!\");","lastModifiedDate":"2023-09-20"},{"lineNumber":51,"author":{"gitId":"DextheChik3n"},"content":"        }","lastModifiedDate":"2023-09-07"},{"lineNumber":52,"author":{"gitId":"DextheChik3n"},"content":"    }","lastModifiedDate":"2023-09-14"},{"lineNumber":53,"author":{"gitId":"DextheChik3n"},"content":"","lastModifiedDate":"2023-09-07"},{"lineNumber":54,"author":{"gitId":"DextheChik3n"},"content":"    public static void printTaskAddedMessage(ArrayList\u003cTask\u003e taskList) {","lastModifiedDate":"2023-09-20"},{"lineNumber":55,"author":{"gitId":"DextheChik3n"},"content":"        int numberOfTasks \u003d taskList.size();","lastModifiedDate":"2023-09-20"},{"lineNumber":56,"author":{"gitId":"DextheChik3n"},"content":"        int lastTaskIndex \u003d taskList.size() - 1;","lastModifiedDate":"2023-09-20"},{"lineNumber":57,"author":{"gitId":"DextheChik3n"},"content":"","lastModifiedDate":"2023-09-20"},{"lineNumber":58,"author":{"gitId":"DextheChik3n"},"content":"        System.out.println(\"added: \" + taskList.get(lastTaskIndex));","lastModifiedDate":"2023-09-20"},{"lineNumber":59,"author":{"gitId":"DextheChik3n"},"content":"        printNumberOfTasksMessage(numberOfTasks);","lastModifiedDate":"2023-09-20"},{"lineNumber":60,"author":{"gitId":"DextheChik3n"},"content":"    }","lastModifiedDate":"2023-09-20"},{"lineNumber":61,"author":{"gitId":"DextheChik3n"},"content":"","lastModifiedDate":"2023-09-20"},{"lineNumber":62,"author":{"gitId":"DextheChik3n"},"content":"    public static void processCommandHandler(String userInput, ArrayList\u003cTask\u003e taskList) throws AlanExceptions {","lastModifiedDate":"2023-09-20"},{"lineNumber":63,"author":{"gitId":"DextheChik3n"},"content":"        String[] userInputWords \u003d userInput.split(\" \");","lastModifiedDate":"2023-09-13"},{"lineNumber":64,"author":{"gitId":"DextheChik3n"},"content":"        String command \u003d userInputWords[0];","lastModifiedDate":"2023-09-13"},{"lineNumber":65,"author":{"gitId":"DextheChik3n"},"content":"","lastModifiedDate":"2023-09-13"},{"lineNumber":66,"author":{"gitId":"DextheChik3n"},"content":"        switch (command) {","lastModifiedDate":"2023-09-14"},{"lineNumber":67,"author":{"gitId":"DextheChik3n"},"content":"        case \"bye\":","lastModifiedDate":"2023-09-14"},{"lineNumber":68,"author":{"gitId":"DextheChik3n"},"content":"            printExitMessage();","lastModifiedDate":"2023-09-13"},{"lineNumber":69,"author":{"gitId":"DextheChik3n"},"content":"            break;","lastModifiedDate":"2023-09-14"},{"lineNumber":70,"author":{"gitId":"DextheChik3n"},"content":"        case \"list\":","lastModifiedDate":"2023-09-14"},{"lineNumber":71,"author":{"gitId":"DextheChik3n"},"content":"            //print the tasks in the lists","lastModifiedDate":"2023-09-13"},{"lineNumber":72,"author":{"gitId":"DextheChik3n"},"content":"            listCommandHandler(taskList);","lastModifiedDate":"2023-09-20"},{"lineNumber":73,"author":{"gitId":"DextheChik3n"},"content":"            break;","lastModifiedDate":"2023-09-14"},{"lineNumber":74,"author":{"gitId":"DextheChik3n"},"content":"        case \"mark\":","lastModifiedDate":"2023-09-14"},{"lineNumber":75,"author":{"gitId":"DextheChik3n"},"content":"            //mark tasks as done","lastModifiedDate":"2023-09-13"},{"lineNumber":76,"author":{"gitId":"DextheChik3n"},"content":"            markingCommandHandler(userInput, taskList, true);","lastModifiedDate":"2023-09-20"},{"lineNumber":77,"author":{"gitId":"DextheChik3n"},"content":"            break;","lastModifiedDate":"2023-09-14"},{"lineNumber":78,"author":{"gitId":"DextheChik3n"},"content":"        case \"unmark\":","lastModifiedDate":"2023-09-14"},{"lineNumber":79,"author":{"gitId":"DextheChik3n"},"content":"            //unmark tasks as undone","lastModifiedDate":"2023-09-13"},{"lineNumber":80,"author":{"gitId":"DextheChik3n"},"content":"            markingCommandHandler(userInput, taskList, false);","lastModifiedDate":"2023-09-20"},{"lineNumber":81,"author":{"gitId":"DextheChik3n"},"content":"            break;","lastModifiedDate":"2023-09-14"},{"lineNumber":82,"author":{"gitId":"DextheChik3n"},"content":"        case \"todo\":","lastModifiedDate":"2023-09-14"},{"lineNumber":83,"author":{"gitId":"DextheChik3n"},"content":"            //add to-do task to the list","lastModifiedDate":"2023-09-13"},{"lineNumber":84,"author":{"gitId":"DextheChik3n"},"content":"            checkEmptyDescription(userInput);","lastModifiedDate":"2023-09-13"},{"lineNumber":85,"author":{"gitId":"DextheChik3n"},"content":"            todoCommandHandler(userInput, taskList);","lastModifiedDate":"2023-09-20"},{"lineNumber":86,"author":{"gitId":"DextheChik3n"},"content":"            break;","lastModifiedDate":"2023-09-14"},{"lineNumber":87,"author":{"gitId":"DextheChik3n"},"content":"        case \"deadline\":","lastModifiedDate":"2023-09-14"},{"lineNumber":88,"author":{"gitId":"DextheChik3n"},"content":"            //add deadline task to the list","lastModifiedDate":"2023-09-13"},{"lineNumber":89,"author":{"gitId":"DextheChik3n"},"content":"            checkEmptyDescription(userInput);","lastModifiedDate":"2023-09-13"},{"lineNumber":90,"author":{"gitId":"DextheChik3n"},"content":"            deadlineCommandHandler(userInput, taskList);","lastModifiedDate":"2023-09-20"},{"lineNumber":91,"author":{"gitId":"DextheChik3n"},"content":"            break;","lastModifiedDate":"2023-09-14"},{"lineNumber":92,"author":{"gitId":"DextheChik3n"},"content":"        case \"event\":","lastModifiedDate":"2023-09-14"},{"lineNumber":93,"author":{"gitId":"DextheChik3n"},"content":"            //add event task to the list","lastModifiedDate":"2023-09-13"},{"lineNumber":94,"author":{"gitId":"DextheChik3n"},"content":"            checkEmptyDescription(userInput);","lastModifiedDate":"2023-09-13"},{"lineNumber":95,"author":{"gitId":"DextheChik3n"},"content":"            eventCommandHandler(userInput, taskList);","lastModifiedDate":"2023-09-20"},{"lineNumber":96,"author":{"gitId":"DextheChik3n"},"content":"            break;","lastModifiedDate":"2023-09-14"},{"lineNumber":97,"author":{"gitId":"DextheChik3n"},"content":"        case \"delete\":","lastModifiedDate":"2023-09-20"},{"lineNumber":98,"author":{"gitId":"DextheChik3n"},"content":"            //delete task from the list","lastModifiedDate":"2023-09-20"},{"lineNumber":99,"author":{"gitId":"DextheChik3n"},"content":"            deleteCommandHandler(userInput, taskList);","lastModifiedDate":"2023-09-20"},{"lineNumber":100,"author":{"gitId":"DextheChik3n"},"content":"            break;","lastModifiedDate":"2023-09-20"},{"lineNumber":101,"author":{"gitId":"DextheChik3n"},"content":"        default:","lastModifiedDate":"2023-09-14"},{"lineNumber":102,"author":{"gitId":"DextheChik3n"},"content":"            invalidInputCommand();","lastModifiedDate":"2023-09-14"},{"lineNumber":103,"author":{"gitId":"DextheChik3n"},"content":"        }","lastModifiedDate":"2023-09-13"},{"lineNumber":104,"author":{"gitId":"DextheChik3n"},"content":"    }","lastModifiedDate":"2023-09-13"},{"lineNumber":105,"author":{"gitId":"DextheChik3n"},"content":"","lastModifiedDate":"2023-09-13"},{"lineNumber":106,"author":{"gitId":"DextheChik3n"},"content":"    public static void listCommandHandler(ArrayList\u003cTask\u003e taskList) {","lastModifiedDate":"2023-09-20"},{"lineNumber":107,"author":{"gitId":"DextheChik3n"},"content":"        System.out.println(\"Dude, check out these tasks on your list:\");","lastModifiedDate":"2023-09-14"},{"lineNumber":108,"author":{"gitId":"DextheChik3n"},"content":"","lastModifiedDate":"2023-09-07"},{"lineNumber":109,"author":{"gitId":"DextheChik3n"},"content":"        for (int i \u003d 0; i \u003c taskList.size(); i++) {","lastModifiedDate":"2023-09-20"},{"lineNumber":110,"author":{"gitId":"DextheChik3n"},"content":"            System.out.print((i + 1) + \". \");","lastModifiedDate":"2023-09-20"},{"lineNumber":111,"author":{"gitId":"DextheChik3n"},"content":"            System.out.println(taskList.get(i));","lastModifiedDate":"2023-09-20"},{"lineNumber":112,"author":{"gitId":"DextheChik3n"},"content":"        }","lastModifiedDate":"2023-09-07"},{"lineNumber":113,"author":{"gitId":"DextheChik3n"},"content":"    }","lastModifiedDate":"2023-09-07"},{"lineNumber":114,"author":{"gitId":"DextheChik3n"},"content":"","lastModifiedDate":"2023-09-07"},{"lineNumber":115,"author":{"gitId":"DextheChik3n"},"content":"    public static void markingCommandHandler(String userInput, ArrayList\u003cTask\u003e taskList, boolean isMark) throws AlanExceptions {","lastModifiedDate":"2023-09-20"},{"lineNumber":116,"author":{"gitId":"DextheChik3n"},"content":"        String[] words \u003d userInput.split(\" \");","lastModifiedDate":"2023-09-07"},{"lineNumber":117,"author":{"gitId":"DextheChik3n"},"content":"        int selectedTaskIndex \u003d Integer.parseInt(words[1]) - 1;","lastModifiedDate":"2023-09-20"},{"lineNumber":118,"author":{"gitId":"DextheChik3n"},"content":"","lastModifiedDate":"2023-09-07"},{"lineNumber":119,"author":{"gitId":"DextheChik3n"},"content":"        checkOutOfTaskListIndex(selectedTaskIndex, taskList);","lastModifiedDate":"2023-09-20"},{"lineNumber":120,"author":{"gitId":"DextheChik3n"},"content":"","lastModifiedDate":"2023-09-13"},{"lineNumber":121,"author":{"gitId":"DextheChik3n"},"content":"        if (isMark) {","lastModifiedDate":"2023-09-07"},{"lineNumber":122,"author":{"gitId":"DextheChik3n"},"content":"            taskList.get(selectedTaskIndex).setDone(true);","lastModifiedDate":"2023-09-20"},{"lineNumber":123,"author":{"gitId":"DextheChik3n"},"content":"            System.out.println(\"Alright bro! This task is officially checked off:\");","lastModifiedDate":"2023-09-14"},{"lineNumber":124,"author":{"gitId":"DextheChik3n"},"content":"        } else {","lastModifiedDate":"2023-09-07"},{"lineNumber":125,"author":{"gitId":"DextheChik3n"},"content":"            taskList.get(selectedTaskIndex).setDone(false);","lastModifiedDate":"2023-09-20"},{"lineNumber":126,"author":{"gitId":"DextheChik3n"},"content":"            System.out.println(\"Ok dude, I\u0027ve marked this task as ain\u0027t done yet amigo:\");","lastModifiedDate":"2023-09-14"},{"lineNumber":127,"author":{"gitId":"DextheChik3n"},"content":"        }","lastModifiedDate":"2023-09-07"},{"lineNumber":128,"author":{"gitId":"DextheChik3n"},"content":"","lastModifiedDate":"2023-09-07"},{"lineNumber":129,"author":{"gitId":"DextheChik3n"},"content":"        System.out.println(taskList.get(selectedTaskIndex));","lastModifiedDate":"2023-09-20"},{"lineNumber":130,"author":{"gitId":"DextheChik3n"},"content":"    }","lastModifiedDate":"2023-09-07"},{"lineNumber":131,"author":{"gitId":"DextheChik3n"},"content":"","lastModifiedDate":"2023-09-07"},{"lineNumber":132,"author":{"gitId":"DextheChik3n"},"content":"    public static void todoCommandHandler(String userInput, ArrayList\u003cTask\u003e taskList) {","lastModifiedDate":"2023-09-20"},{"lineNumber":133,"author":{"gitId":"DextheChik3n"},"content":"        String description \u003d userInput.replace(\"todo \", \"\");","lastModifiedDate":"2023-09-07"},{"lineNumber":134,"author":{"gitId":"DextheChik3n"},"content":"        taskList.add(new Todo(description));","lastModifiedDate":"2023-09-20"},{"lineNumber":135,"author":{"gitId":"DextheChik3n"},"content":"","lastModifiedDate":"2023-09-07"},{"lineNumber":136,"author":{"gitId":"DextheChik3n"},"content":"        printTaskAddedMessage(taskList);","lastModifiedDate":"2023-09-20"},{"lineNumber":137,"author":{"gitId":"DextheChik3n"},"content":"    }","lastModifiedDate":"2023-09-07"},{"lineNumber":138,"author":{"gitId":"DextheChik3n"},"content":"","lastModifiedDate":"2023-09-07"},{"lineNumber":139,"author":{"gitId":"DextheChik3n"},"content":"    public static void deadlineCommandHandler(String userInput, ArrayList\u003cTask\u003e taskList) throws AlanExceptions {","lastModifiedDate":"2023-09-20"},{"lineNumber":140,"author":{"gitId":"DextheChik3n"},"content":"        String filteredUserInput \u003d userInput.replace(\"deadline \", \"\");","lastModifiedDate":"2023-09-07"},{"lineNumber":141,"author":{"gitId":"DextheChik3n"},"content":"        String[] words \u003d filteredUserInput.split(\" /by \");","lastModifiedDate":"2023-09-07"},{"lineNumber":142,"author":{"gitId":"DextheChik3n"},"content":"","lastModifiedDate":"2023-09-13"},{"lineNumber":143,"author":{"gitId":"DextheChik3n"},"content":"        checkDeadlineInputFormat(words);","lastModifiedDate":"2023-09-14"},{"lineNumber":144,"author":{"gitId":"DextheChik3n"},"content":"","lastModifiedDate":"2023-09-13"},{"lineNumber":145,"author":{"gitId":"DextheChik3n"},"content":"        String description \u003d words[0];","lastModifiedDate":"2023-09-07"},{"lineNumber":146,"author":{"gitId":"DextheChik3n"},"content":"        String by \u003d words[1];","lastModifiedDate":"2023-09-07"},{"lineNumber":147,"author":{"gitId":"DextheChik3n"},"content":"","lastModifiedDate":"2023-09-07"},{"lineNumber":148,"author":{"gitId":"DextheChik3n"},"content":"        taskList.add(new Deadline(description, by));","lastModifiedDate":"2023-09-20"},{"lineNumber":149,"author":{"gitId":"DextheChik3n"},"content":"","lastModifiedDate":"2023-09-07"},{"lineNumber":150,"author":{"gitId":"DextheChik3n"},"content":"        printTaskAddedMessage(taskList);","lastModifiedDate":"2023-09-20"},{"lineNumber":151,"author":{"gitId":"DextheChik3n"},"content":"    }","lastModifiedDate":"2023-09-07"},{"lineNumber":152,"author":{"gitId":"DextheChik3n"},"content":"","lastModifiedDate":"2023-09-07"},{"lineNumber":153,"author":{"gitId":"DextheChik3n"},"content":"    public static void eventCommandHandler(String userInput, ArrayList\u003cTask\u003e taskList) throws AlanExceptions {","lastModifiedDate":"2023-09-20"},{"lineNumber":154,"author":{"gitId":"DextheChik3n"},"content":"        String filteredUserInput \u003d userInput.replace(\"event \", \"\");","lastModifiedDate":"2023-09-07"},{"lineNumber":155,"author":{"gitId":"DextheChik3n"},"content":"        String[] splitDescriptionAndDate \u003d filteredUserInput.split(\" /from \");","lastModifiedDate":"2023-09-13"},{"lineNumber":156,"author":{"gitId":"DextheChik3n"},"content":"","lastModifiedDate":"2023-09-07"},{"lineNumber":157,"author":{"gitId":"DextheChik3n"},"content":"        checkEventInputFromFormat(splitDescriptionAndDate);","lastModifiedDate":"2023-09-14"},{"lineNumber":158,"author":{"gitId":"DextheChik3n"},"content":"","lastModifiedDate":"2023-09-13"},{"lineNumber":159,"author":{"gitId":"DextheChik3n"},"content":"        String[] splitFromAndTo \u003d splitDescriptionAndDate[1].split(\" /to \");","lastModifiedDate":"2023-09-13"},{"lineNumber":160,"author":{"gitId":"DextheChik3n"},"content":"","lastModifiedDate":"2023-09-13"},{"lineNumber":161,"author":{"gitId":"DextheChik3n"},"content":"        checkEventInputToFormat(splitFromAndTo);","lastModifiedDate":"2023-09-14"},{"lineNumber":162,"author":{"gitId":"DextheChik3n"},"content":"","lastModifiedDate":"2023-09-13"},{"lineNumber":163,"author":{"gitId":"DextheChik3n"},"content":"        String description \u003d splitDescriptionAndDate[0];","lastModifiedDate":"2023-09-13"},{"lineNumber":164,"author":{"gitId":"DextheChik3n"},"content":"        String from \u003d splitFromAndTo[0];","lastModifiedDate":"2023-09-13"},{"lineNumber":165,"author":{"gitId":"DextheChik3n"},"content":"        String to \u003d splitFromAndTo[1];","lastModifiedDate":"2023-09-13"},{"lineNumber":166,"author":{"gitId":"DextheChik3n"},"content":"","lastModifiedDate":"2023-09-07"},{"lineNumber":167,"author":{"gitId":"DextheChik3n"},"content":"        taskList.add(new Event(description, from, to));","lastModifiedDate":"2023-09-20"},{"lineNumber":168,"author":{"gitId":"DextheChik3n"},"content":"","lastModifiedDate":"2023-09-07"},{"lineNumber":169,"author":{"gitId":"DextheChik3n"},"content":"        printTaskAddedMessage(taskList);","lastModifiedDate":"2023-09-20"},{"lineNumber":170,"author":{"gitId":"DextheChik3n"},"content":"    }","lastModifiedDate":"2023-08-24"},{"lineNumber":171,"author":{"gitId":"DextheChik3n"},"content":"","lastModifiedDate":"2023-08-24"},{"lineNumber":172,"author":{"gitId":"DextheChik3n"},"content":"    public static void deleteCommandHandler(String userInput, ArrayList\u003cTask\u003e taskList) throws AlanExceptions {","lastModifiedDate":"2023-09-20"},{"lineNumber":173,"author":{"gitId":"DextheChik3n"},"content":"        String[] words \u003d userInput.split(\" \");","lastModifiedDate":"2023-09-20"},{"lineNumber":174,"author":{"gitId":"DextheChik3n"},"content":"        int selectedTaskIndex \u003d Integer.parseInt(words[1]) - 1;","lastModifiedDate":"2023-09-20"},{"lineNumber":175,"author":{"gitId":"DextheChik3n"},"content":"","lastModifiedDate":"2023-09-20"},{"lineNumber":176,"author":{"gitId":"DextheChik3n"},"content":"        checkOutOfTaskListIndex(selectedTaskIndex, taskList);","lastModifiedDate":"2023-09-20"},{"lineNumber":177,"author":{"gitId":"DextheChik3n"},"content":"","lastModifiedDate":"2023-09-20"},{"lineNumber":178,"author":{"gitId":"DextheChik3n"},"content":"        System.out.println(\"Got it, dude. This task is outta here:\");","lastModifiedDate":"2023-09-20"},{"lineNumber":179,"author":{"gitId":"DextheChik3n"},"content":"        System.out.println(taskList.get(selectedTaskIndex));","lastModifiedDate":"2023-09-20"},{"lineNumber":180,"author":{"gitId":"DextheChik3n"},"content":"","lastModifiedDate":"2023-09-20"},{"lineNumber":181,"author":{"gitId":"DextheChik3n"},"content":"        taskList.remove(selectedTaskIndex);","lastModifiedDate":"2023-09-20"},{"lineNumber":182,"author":{"gitId":"DextheChik3n"},"content":"","lastModifiedDate":"2023-09-20"},{"lineNumber":183,"author":{"gitId":"DextheChik3n"},"content":"        int numberOfTasks \u003d taskList.size();","lastModifiedDate":"2023-09-20"},{"lineNumber":184,"author":{"gitId":"DextheChik3n"},"content":"        printNumberOfTasksMessage(numberOfTasks);","lastModifiedDate":"2023-09-20"},{"lineNumber":185,"author":{"gitId":"DextheChik3n"},"content":"    }","lastModifiedDate":"2023-09-20"},{"lineNumber":186,"author":{"gitId":"DextheChik3n"},"content":"    public static void saveFileHandler(ArrayList\u003cTask\u003e taskList) throws Exception {","lastModifiedDate":"2023-09-20"},{"lineNumber":187,"author":{"gitId":"DextheChik3n"},"content":"        String userWorkingDirectory \u003d System.getProperty(\"user.dir\");","lastModifiedDate":"2023-09-20"},{"lineNumber":188,"author":{"gitId":"DextheChik3n"},"content":"        java.nio.file.Path tasksFilePath \u003d java.nio.file.Paths.get(userWorkingDirectory, \"data\", \"tasks.txt\");","lastModifiedDate":"2023-09-20"},{"lineNumber":189,"author":{"gitId":"DextheChik3n"},"content":"        java.nio.file.Path dataFolderPath \u003d java.nio.file.Paths.get(userWorkingDirectory, \"data\");","lastModifiedDate":"2023-09-20"},{"lineNumber":190,"author":{"gitId":"DextheChik3n"},"content":"        File textFile \u003d new File(String.valueOf(tasksFilePath));","lastModifiedDate":"2023-09-20"},{"lineNumber":191,"author":{"gitId":"DextheChik3n"},"content":"        File folder \u003d new File(String.valueOf(dataFolderPath));","lastModifiedDate":"2023-09-20"},{"lineNumber":192,"author":{"gitId":"DextheChik3n"},"content":"","lastModifiedDate":"2023-09-20"},{"lineNumber":193,"author":{"gitId":"DextheChik3n"},"content":"        //check if folder exists","lastModifiedDate":"2023-09-20"},{"lineNumber":194,"author":{"gitId":"DextheChik3n"},"content":"        if (!Files.exists(dataFolderPath)) {","lastModifiedDate":"2023-09-20"},{"lineNumber":195,"author":{"gitId":"DextheChik3n"},"content":"            folder.mkdir();","lastModifiedDate":"2023-09-20"},{"lineNumber":196,"author":{"gitId":"DextheChik3n"},"content":"            System.out.println(\"Data Folder was not found!\\nIt\u0027s ok...new data folder has been created in\" + userWorkingDirectory);","lastModifiedDate":"2023-09-20"},{"lineNumber":197,"author":{"gitId":"DextheChik3n"},"content":"        }","lastModifiedDate":"2023-09-20"},{"lineNumber":198,"author":{"gitId":"DextheChik3n"},"content":"","lastModifiedDate":"2023-09-20"},{"lineNumber":199,"author":{"gitId":"DextheChik3n"},"content":"        //check if file exists","lastModifiedDate":"2023-09-20"},{"lineNumber":200,"author":{"gitId":"DextheChik3n"},"content":"        if (!Files.exists(tasksFilePath)) {","lastModifiedDate":"2023-09-20"},{"lineNumber":201,"author":{"gitId":"DextheChik3n"},"content":"            textFile.createNewFile();","lastModifiedDate":"2023-09-20"},{"lineNumber":202,"author":{"gitId":"DextheChik3n"},"content":"            System.out.println(\"tasks.txt was not found!\\nIt\u0027s ok...new tasks.txt has been created in \" + dataFolderPath);","lastModifiedDate":"2023-09-20"},{"lineNumber":203,"author":{"gitId":"DextheChik3n"},"content":"        }","lastModifiedDate":"2023-09-20"},{"lineNumber":204,"author":{"gitId":"DextheChik3n"},"content":"","lastModifiedDate":"2023-09-20"},{"lineNumber":205,"author":{"gitId":"DextheChik3n"},"content":"        //input arraylist data into text file","lastModifiedDate":"2023-09-20"},{"lineNumber":206,"author":{"gitId":"DextheChik3n"},"content":"        for (int i \u003d 0; i \u003c taskList.size(); i++) {","lastModifiedDate":"2023-09-20"},{"lineNumber":207,"author":{"gitId":"DextheChik3n"},"content":"            String taskDataRow \u003d getStringOfTaskInformation(taskList, i);","lastModifiedDate":"2023-09-20"},{"lineNumber":208,"author":{"gitId":"DextheChik3n"},"content":"","lastModifiedDate":"2023-09-20"},{"lineNumber":209,"author":{"gitId":"DextheChik3n"},"content":"            if (i \u003d\u003d 0) {","lastModifiedDate":"2023-09-20"},{"lineNumber":210,"author":{"gitId":"DextheChik3n"},"content":"                writeToFile(tasksFilePath.toString(), taskDataRow);","lastModifiedDate":"2023-09-20"},{"lineNumber":211,"author":{"gitId":"DextheChik3n"},"content":"            } else {","lastModifiedDate":"2023-09-20"},{"lineNumber":212,"author":{"gitId":"DextheChik3n"},"content":"                appendToFile(tasksFilePath.toString(), taskDataRow);","lastModifiedDate":"2023-09-20"},{"lineNumber":213,"author":{"gitId":"DextheChik3n"},"content":"            }","lastModifiedDate":"2023-09-20"},{"lineNumber":214,"author":{"gitId":"DextheChik3n"},"content":"        }","lastModifiedDate":"2023-09-20"},{"lineNumber":215,"author":{"gitId":"DextheChik3n"},"content":"    }","lastModifiedDate":"2023-09-20"},{"lineNumber":216,"author":{"gitId":"DextheChik3n"},"content":"","lastModifiedDate":"2023-09-20"},{"lineNumber":217,"author":{"gitId":"DextheChik3n"},"content":"    private static String getStringOfTaskInformation(ArrayList\u003cTask\u003e taskList, int i) {","lastModifiedDate":"2023-09-20"},{"lineNumber":218,"author":{"gitId":"DextheChik3n"},"content":"        Task task \u003d taskList.get(i);","lastModifiedDate":"2023-09-20"},{"lineNumber":219,"author":{"gitId":"DextheChik3n"},"content":"        String taskDataRow \u003d task.getTaskType() + \" | \" + task.getStatusValue() + \" | \" + task.getDescription();","lastModifiedDate":"2023-09-20"},{"lineNumber":220,"author":{"gitId":"DextheChik3n"},"content":"","lastModifiedDate":"2023-09-20"},{"lineNumber":221,"author":{"gitId":"DextheChik3n"},"content":"        if (task.getTaskType() \u003d\u003d TaskType.D) {","lastModifiedDate":"2023-09-20"},{"lineNumber":222,"author":{"gitId":"DextheChik3n"},"content":"            Deadline deadline \u003d (Deadline) task;","lastModifiedDate":"2023-09-20"},{"lineNumber":223,"author":{"gitId":"DextheChik3n"},"content":"            taskDataRow \u003d taskDataRow + \" | \" + deadline.getBy();","lastModifiedDate":"2023-09-20"},{"lineNumber":224,"author":{"gitId":"DextheChik3n"},"content":"        }","lastModifiedDate":"2023-09-20"},{"lineNumber":225,"author":{"gitId":"DextheChik3n"},"content":"","lastModifiedDate":"2023-09-20"},{"lineNumber":226,"author":{"gitId":"DextheChik3n"},"content":"        if (task.getTaskType() \u003d\u003d TaskType.E) {","lastModifiedDate":"2023-09-20"},{"lineNumber":227,"author":{"gitId":"DextheChik3n"},"content":"            Event event \u003d (Event) task;","lastModifiedDate":"2023-09-20"},{"lineNumber":228,"author":{"gitId":"DextheChik3n"},"content":"            taskDataRow \u003d taskDataRow + \" | \" + event.getFrom() + \"-\" +event.getTo();","lastModifiedDate":"2023-09-20"},{"lineNumber":229,"author":{"gitId":"DextheChik3n"},"content":"        }","lastModifiedDate":"2023-09-20"},{"lineNumber":230,"author":{"gitId":"DextheChik3n"},"content":"","lastModifiedDate":"2023-09-20"},{"lineNumber":231,"author":{"gitId":"DextheChik3n"},"content":"        taskDataRow \u003d taskDataRow + \"\\n\";","lastModifiedDate":"2023-09-20"},{"lineNumber":232,"author":{"gitId":"DextheChik3n"},"content":"        return taskDataRow;","lastModifiedDate":"2023-09-20"},{"lineNumber":233,"author":{"gitId":"DextheChik3n"},"content":"    }","lastModifiedDate":"2023-09-20"},{"lineNumber":234,"author":{"gitId":"DextheChik3n"},"content":"","lastModifiedDate":"2023-09-20"},{"lineNumber":235,"author":{"gitId":"DextheChik3n"},"content":"    private static void writeToFile(String filePath, String textToAdd) throws IOException {","lastModifiedDate":"2023-09-20"},{"lineNumber":236,"author":{"gitId":"DextheChik3n"},"content":"        FileWriter fw \u003d new FileWriter(filePath);","lastModifiedDate":"2023-09-20"},{"lineNumber":237,"author":{"gitId":"DextheChik3n"},"content":"        fw.write(textToAdd);","lastModifiedDate":"2023-09-20"},{"lineNumber":238,"author":{"gitId":"DextheChik3n"},"content":"        fw.close();","lastModifiedDate":"2023-09-20"},{"lineNumber":239,"author":{"gitId":"DextheChik3n"},"content":"    }","lastModifiedDate":"2023-09-20"},{"lineNumber":240,"author":{"gitId":"DextheChik3n"},"content":"    private static void appendToFile(String filePath, String textToAdd) throws IOException {","lastModifiedDate":"2023-09-20"},{"lineNumber":241,"author":{"gitId":"DextheChik3n"},"content":"        FileWriter fw \u003d new FileWriter(filePath, true);","lastModifiedDate":"2023-09-20"},{"lineNumber":242,"author":{"gitId":"DextheChik3n"},"content":"        fw.write(textToAdd);","lastModifiedDate":"2023-09-20"},{"lineNumber":243,"author":{"gitId":"DextheChik3n"},"content":"        fw.close();","lastModifiedDate":"2023-09-20"},{"lineNumber":244,"author":{"gitId":"DextheChik3n"},"content":"    }","lastModifiedDate":"2023-09-20"},{"lineNumber":245,"author":{"gitId":"DextheChik3n"},"content":"","lastModifiedDate":"2023-09-13"},{"lineNumber":246,"author":{"gitId":"DextheChik3n"},"content":"    private static void readFileHandler(ArrayList\u003cTask\u003e taskList) throws FileNotFoundException {","lastModifiedDate":"2023-09-20"},{"lineNumber":247,"author":{"gitId":"DextheChik3n"},"content":"        String userWorkingDirectory \u003d System.getProperty(\"user.dir\");","lastModifiedDate":"2023-09-20"},{"lineNumber":248,"author":{"gitId":"DextheChik3n"},"content":"        java.nio.file.Path tasksFilePath \u003d java.nio.file.Paths.get(userWorkingDirectory, \"data\", \"tasks.txt\");","lastModifiedDate":"2023-09-20"},{"lineNumber":249,"author":{"gitId":"DextheChik3n"},"content":"        File textFile \u003d new File(String.valueOf(tasksFilePath));","lastModifiedDate":"2023-09-20"},{"lineNumber":250,"author":{"gitId":"DextheChik3n"},"content":"        if (textFile.length() !\u003d 0) { //check if the file is empty","lastModifiedDate":"2023-09-20"},{"lineNumber":251,"author":{"gitId":"DextheChik3n"},"content":"            //read the file and store into ArrayList","lastModifiedDate":"2023-09-20"},{"lineNumber":252,"author":{"gitId":"DextheChik3n"},"content":"            Scanner s \u003d new Scanner(textFile);","lastModifiedDate":"2023-09-20"},{"lineNumber":253,"author":{"gitId":"DextheChik3n"},"content":"            ArrayList\u003cString\u003e list \u003d new ArrayList\u003c\u003e();","lastModifiedDate":"2023-09-21"},{"lineNumber":254,"author":{"gitId":"DextheChik3n"},"content":"","lastModifiedDate":"2023-09-20"},{"lineNumber":255,"author":{"gitId":"DextheChik3n"},"content":"            while (s.hasNext()){","lastModifiedDate":"2023-09-20"},{"lineNumber":256,"author":{"gitId":"DextheChik3n"},"content":"                list.add(s.nextLine());","lastModifiedDate":"2023-09-20"},{"lineNumber":257,"author":{"gitId":"DextheChik3n"},"content":"            }","lastModifiedDate":"2023-09-20"},{"lineNumber":258,"author":{"gitId":"DextheChik3n"},"content":"            s.close();","lastModifiedDate":"2023-09-20"},{"lineNumber":259,"author":{"gitId":"DextheChik3n"},"content":"","lastModifiedDate":"2023-09-20"},{"lineNumber":260,"author":{"gitId":"DextheChik3n"},"content":"            extractAndStoreDataInTaskList(taskList, list);","lastModifiedDate":"2023-09-21"},{"lineNumber":261,"author":{"gitId":"DextheChik3n"},"content":"","lastModifiedDate":"2023-09-21"},{"lineNumber":262,"author":{"gitId":"DextheChik3n"},"content":"        }","lastModifiedDate":"2023-09-21"},{"lineNumber":263,"author":{"gitId":"DextheChik3n"},"content":"    }","lastModifiedDate":"2023-09-21"},{"lineNumber":264,"author":{"gitId":"DextheChik3n"},"content":"","lastModifiedDate":"2023-09-21"},{"lineNumber":265,"author":{"gitId":"DextheChik3n"},"content":"    private static void extractAndStoreDataInTaskList(ArrayList\u003cTask\u003e taskList, ArrayList\u003cString\u003e list) {","lastModifiedDate":"2023-09-21"},{"lineNumber":266,"author":{"gitId":"DextheChik3n"},"content":"        //todo: after this line should check if the data is in correct format","lastModifiedDate":"2023-09-20"},{"lineNumber":267,"author":{"gitId":"DextheChik3n"},"content":"        for (String task : list) {","lastModifiedDate":"2023-09-20"},{"lineNumber":268,"author":{"gitId":"DextheChik3n"},"content":"            String[] splitTaskString \u003d task.split(\" \\\\| \");","lastModifiedDate":"2023-09-20"},{"lineNumber":269,"author":{"gitId":"DextheChik3n"},"content":"            String taskType \u003d splitTaskString[0];","lastModifiedDate":"2023-09-20"},{"lineNumber":270,"author":{"gitId":"DextheChik3n"},"content":"            String isDoneString \u003d splitTaskString[1];","lastModifiedDate":"2023-09-20"},{"lineNumber":271,"author":{"gitId":"DextheChik3n"},"content":"            String description \u003d splitTaskString[2];","lastModifiedDate":"2023-09-20"},{"lineNumber":272,"author":{"gitId":"DextheChik3n"},"content":"            boolean isDone \u003d isDoneStringToBoolean(isDoneString);","lastModifiedDate":"2023-09-20"},{"lineNumber":273,"author":{"gitId":"DextheChik3n"},"content":"","lastModifiedDate":"2023-09-20"},{"lineNumber":274,"author":{"gitId":"DextheChik3n"},"content":"            addTaskToTaskList(taskList, taskType, description, splitTaskString);","lastModifiedDate":"2023-09-21"},{"lineNumber":275,"author":{"gitId":"DextheChik3n"},"content":"","lastModifiedDate":"2023-09-21"},{"lineNumber":276,"author":{"gitId":"DextheChik3n"},"content":"            int lastTaskIndex \u003d taskList.size() - 1;","lastModifiedDate":"2023-09-21"},{"lineNumber":277,"author":{"gitId":"DextheChik3n"},"content":"            taskList.get(lastTaskIndex).setDone(isDone);","lastModifiedDate":"2023-09-21"},{"lineNumber":278,"author":{"gitId":"DextheChik3n"},"content":"        }","lastModifiedDate":"2023-09-21"},{"lineNumber":279,"author":{"gitId":"DextheChik3n"},"content":"    }","lastModifiedDate":"2023-09-21"},{"lineNumber":280,"author":{"gitId":"DextheChik3n"},"content":"","lastModifiedDate":"2023-09-21"},{"lineNumber":281,"author":{"gitId":"DextheChik3n"},"content":"    private static void addTaskToTaskList(ArrayList\u003cTask\u003e taskList, String taskType, String description, String[] splitTaskString) {","lastModifiedDate":"2023-09-21"},{"lineNumber":282,"author":{"gitId":"DextheChik3n"},"content":"        switch (taskType) {","lastModifiedDate":"2023-09-20"},{"lineNumber":283,"author":{"gitId":"DextheChik3n"},"content":"        case \"T\":","lastModifiedDate":"2023-09-20"},{"lineNumber":284,"author":{"gitId":"DextheChik3n"},"content":"            taskList.add(new Todo(description));","lastModifiedDate":"2023-09-20"},{"lineNumber":285,"author":{"gitId":"DextheChik3n"},"content":"            break;","lastModifiedDate":"2023-09-20"},{"lineNumber":286,"author":{"gitId":"DextheChik3n"},"content":"        case \"D\":","lastModifiedDate":"2023-09-20"},{"lineNumber":287,"author":{"gitId":"DextheChik3n"},"content":"            String by \u003d splitTaskString[3];","lastModifiedDate":"2023-09-20"},{"lineNumber":288,"author":{"gitId":"DextheChik3n"},"content":"            taskList.add(new Deadline(description, by));","lastModifiedDate":"2023-09-20"},{"lineNumber":289,"author":{"gitId":"DextheChik3n"},"content":"            break;","lastModifiedDate":"2023-09-20"},{"lineNumber":290,"author":{"gitId":"DextheChik3n"},"content":"        case \"E\":","lastModifiedDate":"2023-09-20"},{"lineNumber":291,"author":{"gitId":"DextheChik3n"},"content":"            String date \u003d splitTaskString[3];","lastModifiedDate":"2023-09-20"},{"lineNumber":292,"author":{"gitId":"DextheChik3n"},"content":"            String[] splitDate \u003d date.split(\"-\");","lastModifiedDate":"2023-09-20"},{"lineNumber":293,"author":{"gitId":"DextheChik3n"},"content":"            String from \u003d splitDate[0];","lastModifiedDate":"2023-09-20"},{"lineNumber":294,"author":{"gitId":"DextheChik3n"},"content":"            String to \u003d splitDate[1];","lastModifiedDate":"2023-09-20"},{"lineNumber":295,"author":{"gitId":"DextheChik3n"},"content":"","lastModifiedDate":"2023-09-20"},{"lineNumber":296,"author":{"gitId":"DextheChik3n"},"content":"            taskList.add(new Event(description, from, to));","lastModifiedDate":"2023-09-20"},{"lineNumber":297,"author":{"gitId":"DextheChik3n"},"content":"            break;","lastModifiedDate":"2023-09-20"},{"lineNumber":298,"author":{"gitId":"DextheChik3n"},"content":"        default:","lastModifiedDate":"2023-09-20"},{"lineNumber":299,"author":{"gitId":"DextheChik3n"},"content":"            //todo handle invalid task type","lastModifiedDate":"2023-09-20"},{"lineNumber":300,"author":{"gitId":"DextheChik3n"},"content":"            break;","lastModifiedDate":"2023-09-20"},{"lineNumber":301,"author":{"gitId":"DextheChik3n"},"content":"        }","lastModifiedDate":"2023-09-20"},{"lineNumber":302,"author":{"gitId":"DextheChik3n"},"content":"    }","lastModifiedDate":"2023-09-20"},{"lineNumber":303,"author":{"gitId":"DextheChik3n"},"content":"","lastModifiedDate":"2023-09-20"},{"lineNumber":304,"author":{"gitId":"DextheChik3n"},"content":"    private static boolean isDoneStringToBoolean (String string) {","lastModifiedDate":"2023-09-20"},{"lineNumber":305,"author":{"gitId":"DextheChik3n"},"content":"        boolean isDone \u003d false;","lastModifiedDate":"2023-09-20"},{"lineNumber":306,"author":{"gitId":"DextheChik3n"},"content":"","lastModifiedDate":"2023-09-20"},{"lineNumber":307,"author":{"gitId":"DextheChik3n"},"content":"        if (string.equals(\"1\")) {","lastModifiedDate":"2023-09-20"},{"lineNumber":308,"author":{"gitId":"DextheChik3n"},"content":"            isDone \u003d true;","lastModifiedDate":"2023-09-20"},{"lineNumber":309,"author":{"gitId":"DextheChik3n"},"content":"        }","lastModifiedDate":"2023-09-20"},{"lineNumber":310,"author":{"gitId":"DextheChik3n"},"content":"","lastModifiedDate":"2023-09-20"},{"lineNumber":311,"author":{"gitId":"DextheChik3n"},"content":"        if (string.equals(\"0\")) {","lastModifiedDate":"2023-09-20"},{"lineNumber":312,"author":{"gitId":"DextheChik3n"},"content":"            isDone \u003d false;","lastModifiedDate":"2023-09-20"},{"lineNumber":313,"author":{"gitId":"DextheChik3n"},"content":"        }","lastModifiedDate":"2023-09-20"},{"lineNumber":314,"author":{"gitId":"DextheChik3n"},"content":"","lastModifiedDate":"2023-09-20"},{"lineNumber":315,"author":{"gitId":"DextheChik3n"},"content":"        //todo check if isDone is correct value, error handling","lastModifiedDate":"2023-09-20"},{"lineNumber":316,"author":{"gitId":"DextheChik3n"},"content":"","lastModifiedDate":"2023-09-20"},{"lineNumber":317,"author":{"gitId":"DextheChik3n"},"content":"        return isDone;","lastModifiedDate":"2023-09-20"},{"lineNumber":318,"author":{"gitId":"DextheChik3n"},"content":"    }","lastModifiedDate":"2023-09-20"},{"lineNumber":319,"author":{"gitId":"DextheChik3n"},"content":"","lastModifiedDate":"2023-09-13"},{"lineNumber":320,"author":{"gitId":"DextheChik3n"},"content":"    public static void main(String[] args) {","lastModifiedDate":"2023-08-31"},{"lineNumber":321,"author":{"gitId":"DextheChik3n"},"content":"        ArrayList\u003cTask\u003e taskList \u003d new ArrayList\u003c\u003e();","lastModifiedDate":"2023-09-20"},{"lineNumber":322,"author":{"gitId":"DextheChik3n"},"content":"","lastModifiedDate":"2023-08-31"},{"lineNumber":323,"author":{"gitId":"DextheChik3n"},"content":"        try {","lastModifiedDate":"2023-09-20"},{"lineNumber":324,"author":{"gitId":"DextheChik3n"},"content":"            readFileHandler(taskList);","lastModifiedDate":"2023-09-20"},{"lineNumber":325,"author":{"gitId":"DextheChik3n"},"content":"        } catch (Exception exception) {","lastModifiedDate":"2023-09-20"},{"lineNumber":326,"author":{"gitId":"DextheChik3n"},"content":"            System.out.println(exception.getMessage());","lastModifiedDate":"2023-09-20"},{"lineNumber":327,"author":{"gitId":"DextheChik3n"},"content":"        }","lastModifiedDate":"2023-09-20"},{"lineNumber":328,"author":{"gitId":"DextheChik3n"},"content":"","lastModifiedDate":"2023-09-20"},{"lineNumber":329,"author":{"gitId":"DextheChik3n"},"content":"        printGreetingMessage();","lastModifiedDate":"2023-09-04"},{"lineNumber":330,"author":{"gitId":"DextheChik3n"},"content":"","lastModifiedDate":"2023-08-31"},{"lineNumber":331,"author":{"gitId":"DextheChik3n"},"content":"        String userInput \u003d null;","lastModifiedDate":"2023-09-13"},{"lineNumber":332,"author":{"gitId":"DextheChik3n"},"content":"        Scanner scanner \u003d new Scanner(System.in);","lastModifiedDate":"2023-09-13"},{"lineNumber":333,"author":{"gitId":"DextheChik3n"},"content":"","lastModifiedDate":"2023-08-31"},{"lineNumber":334,"author":{"gitId":"DextheChik3n"},"content":"        do {","lastModifiedDate":"2023-09-03"},{"lineNumber":335,"author":{"gitId":"DextheChik3n"},"content":"            try {","lastModifiedDate":"2023-09-13"},{"lineNumber":336,"author":{"gitId":"DextheChik3n"},"content":"                //Read user input","lastModifiedDate":"2023-09-03"},{"lineNumber":337,"author":{"gitId":"DextheChik3n"},"content":"                System.out.print(\"Input: \");","lastModifiedDate":"2023-08-31"},{"lineNumber":338,"author":{"gitId":"DextheChik3n"},"content":"                userInput \u003d scanner.nextLine();","lastModifiedDate":"2023-09-13"},{"lineNumber":339,"author":{"gitId":"DextheChik3n"},"content":"","lastModifiedDate":"2023-09-03"},{"lineNumber":340,"author":{"gitId":"DextheChik3n"},"content":"                printHorizontalLine();","lastModifiedDate":"2023-08-31"},{"lineNumber":341,"author":{"gitId":"DextheChik3n"},"content":"","lastModifiedDate":"2023-09-04"},{"lineNumber":342,"author":{"gitId":"DextheChik3n"},"content":"                processCommandHandler(userInput, taskList);","lastModifiedDate":"2023-09-20"},{"lineNumber":343,"author":{"gitId":"DextheChik3n"},"content":"","lastModifiedDate":"2023-09-03"},{"lineNumber":344,"author":{"gitId":"DextheChik3n"},"content":"            } catch (AlanExceptions alanExceptions) {","lastModifiedDate":"2023-09-20"},{"lineNumber":345,"author":{"gitId":"DextheChik3n"},"content":"                System.out.println(alanExceptions.getMessage());","lastModifiedDate":"2023-09-20"},{"lineNumber":346,"author":{"gitId":"DextheChik3n"},"content":"            } finally {","lastModifiedDate":"2023-09-13"},{"lineNumber":347,"author":{"gitId":"DextheChik3n"},"content":"                printHorizontalLine();","lastModifiedDate":"2023-08-31"},{"lineNumber":348,"author":{"gitId":"DextheChik3n"},"content":"            }","lastModifiedDate":"2023-09-13"},{"lineNumber":349,"author":{"gitId":"DextheChik3n"},"content":"        } while (!userInput.equals(\"bye\"));","lastModifiedDate":"2023-09-03"},{"lineNumber":350,"author":{"gitId":"DextheChik3n"},"content":"","lastModifiedDate":"2023-09-03"},{"lineNumber":351,"author":{"gitId":"DextheChik3n"},"content":"        //Store TaskList in Text file tasks.txt","lastModifiedDate":"2023-09-20"},{"lineNumber":352,"author":{"gitId":"DextheChik3n"},"content":"        try {","lastModifiedDate":"2023-09-20"},{"lineNumber":353,"author":{"gitId":"DextheChik3n"},"content":"            saveFileHandler(taskList);","lastModifiedDate":"2023-09-20"},{"lineNumber":354,"author":{"gitId":"DextheChik3n"},"content":"        } catch (Exception exception) {","lastModifiedDate":"2023-09-20"},{"lineNumber":355,"author":{"gitId":"DextheChik3n"},"content":"            System.out.println(exception.getMessage());","lastModifiedDate":"2023-09-20"},{"lineNumber":356,"author":{"gitId":"DextheChik3n"},"content":"        }","lastModifiedDate":"2023-09-20"},{"lineNumber":357,"author":{"gitId":"DextheChik3n"},"content":"","lastModifiedDate":"2023-09-20"},{"lineNumber":358,"author":{"gitId":"-"},"content":"    }","lastModifiedDate":"2019-07-29"},{"lineNumber":359,"author":{"gitId":"-"},"content":"}","lastModifiedDate":"2019-07-29"}],"authorContributionMap":{"DextheChik3n":357,"-":2}},{"path":"src/main/java/alan/AlanExceptions.java","fileType":"java","lines":[{"lineNumber":1,"author":{"gitId":"DextheChik3n"},"content":"package alan;","lastModifiedDate":"2023-09-14"},{"lineNumber":2,"author":{"gitId":"DextheChik3n"},"content":"","lastModifiedDate":"2023-09-14"},{"lineNumber":3,"author":{"gitId":"DextheChik3n"},"content":"import alan.task.Task;","lastModifiedDate":"2023-09-20"},{"lineNumber":4,"author":{"gitId":"DextheChik3n"},"content":"","lastModifiedDate":"2023-09-20"},{"lineNumber":5,"author":{"gitId":"DextheChik3n"},"content":"import java.util.ArrayList;","lastModifiedDate":"2023-09-20"},{"lineNumber":6,"author":{"gitId":"DextheChik3n"},"content":"","lastModifiedDate":"2023-09-20"},{"lineNumber":7,"author":{"gitId":"DextheChik3n"},"content":"public class AlanExceptions extends Exception {","lastModifiedDate":"2023-09-13"},{"lineNumber":8,"author":{"gitId":"DextheChik3n"},"content":"    public static final String INVALID_INPUT_COMMAND_MESSAGE \u003d \"Oof, I have no idea what are you saying duuude\";","lastModifiedDate":"2023-09-14"},{"lineNumber":9,"author":{"gitId":"DextheChik3n"},"content":"    public static final String EMPTY_DESCRIPTION_MESSAGE \u003d \"Oof Dude, you can\u0027t leave the description empty\";","lastModifiedDate":"2023-09-14"},{"lineNumber":10,"author":{"gitId":"DextheChik3n"},"content":"    public static final String INVALID_DEADLINE_FORMAT_MESSAGE \u003d \"Oof the deadline command isn\u0027t quite right you gotta fix the format, bro...\\n[Remember it\u0027s: \u003cdescription\u003e /by \u003cdate\u003e]\";","lastModifiedDate":"2023-09-14"},{"lineNumber":11,"author":{"gitId":"DextheChik3n"},"content":"    public static final String INVALID_EVENT_FROM_FORMAT_MESSAGE \u003d \"Oof duude, your /from formatting is whack\\n[Remember it\u0027s: \u003cdescription\u003e /from \u003cdate\u003e /to \u003cdate\u003e]\";","lastModifiedDate":"2023-09-14"},{"lineNumber":12,"author":{"gitId":"DextheChik3n"},"content":"    public static final String INVALID_EVENT_TO_FORMAT_MESSAGE \u003d \"Oof my man, you need to work on that /to formatting\\n[Remember it\u0027s: \u003cdescription\u003e /from \u003cdate\u003e /to \u003cdate\u003e]\";","lastModifiedDate":"2023-09-14"},{"lineNumber":13,"author":{"gitId":"DextheChik3n"},"content":"    public static final String INVALID_TASK_NUMBER_MESSAGE \u003d \"Oof maaaan there\u0027s no such task\";","lastModifiedDate":"2023-09-14"},{"lineNumber":14,"author":{"gitId":"DextheChik3n"},"content":"    public AlanExceptions(String errorMessage) {","lastModifiedDate":"2023-09-13"},{"lineNumber":15,"author":{"gitId":"DextheChik3n"},"content":"        super(errorMessage);","lastModifiedDate":"2023-09-14"},{"lineNumber":16,"author":{"gitId":"DextheChik3n"},"content":"    }","lastModifiedDate":"2023-09-14"},{"lineNumber":17,"author":{"gitId":"DextheChik3n"},"content":"","lastModifiedDate":"2023-09-14"},{"lineNumber":18,"author":{"gitId":"DextheChik3n"},"content":"    public static void checkOutOfTaskListIndex(int selectedIndex, ArrayList\u003cTask\u003e taskList) throws AlanExceptions {","lastModifiedDate":"2023-09-20"},{"lineNumber":19,"author":{"gitId":"DextheChik3n"},"content":"        int lastTaskIndex \u003d taskList.size() - 1;","lastModifiedDate":"2023-09-20"},{"lineNumber":20,"author":{"gitId":"DextheChik3n"},"content":"","lastModifiedDate":"2023-09-14"},{"lineNumber":21,"author":{"gitId":"DextheChik3n"},"content":"        if (selectedIndex \u003e lastTaskIndex) {","lastModifiedDate":"2023-09-20"},{"lineNumber":22,"author":{"gitId":"DextheChik3n"},"content":"            throw new AlanExceptions(INVALID_TASK_NUMBER_MESSAGE);","lastModifiedDate":"2023-09-14"},{"lineNumber":23,"author":{"gitId":"DextheChik3n"},"content":"        }","lastModifiedDate":"2023-09-14"},{"lineNumber":24,"author":{"gitId":"DextheChik3n"},"content":"    }","lastModifiedDate":"2023-09-14"},{"lineNumber":25,"author":{"gitId":"DextheChik3n"},"content":"","lastModifiedDate":"2023-09-14"},{"lineNumber":26,"author":{"gitId":"DextheChik3n"},"content":"    public static void invalidInputCommand() throws AlanExceptions {","lastModifiedDate":"2023-09-14"},{"lineNumber":27,"author":{"gitId":"DextheChik3n"},"content":"        throw new AlanExceptions(INVALID_INPUT_COMMAND_MESSAGE);","lastModifiedDate":"2023-09-14"},{"lineNumber":28,"author":{"gitId":"DextheChik3n"},"content":"    }","lastModifiedDate":"2023-09-14"},{"lineNumber":29,"author":{"gitId":"DextheChik3n"},"content":"","lastModifiedDate":"2023-09-14"},{"lineNumber":30,"author":{"gitId":"DextheChik3n"},"content":"    public static void checkEmptyDescription(String userInput) throws AlanExceptions {","lastModifiedDate":"2023-09-14"},{"lineNumber":31,"author":{"gitId":"DextheChik3n"},"content":"        String[] userInputWords \u003d userInput.split(\" \");","lastModifiedDate":"2023-09-14"},{"lineNumber":32,"author":{"gitId":"DextheChik3n"},"content":"","lastModifiedDate":"2023-09-14"},{"lineNumber":33,"author":{"gitId":"DextheChik3n"},"content":"        if (userInputWords.length \u003d\u003d 1) {","lastModifiedDate":"2023-09-14"},{"lineNumber":34,"author":{"gitId":"DextheChik3n"},"content":"            throw new AlanExceptions(EMPTY_DESCRIPTION_MESSAGE);","lastModifiedDate":"2023-09-14"},{"lineNumber":35,"author":{"gitId":"DextheChik3n"},"content":"        }","lastModifiedDate":"2023-09-14"},{"lineNumber":36,"author":{"gitId":"DextheChik3n"},"content":"    }","lastModifiedDate":"2023-09-14"},{"lineNumber":37,"author":{"gitId":"DextheChik3n"},"content":"","lastModifiedDate":"2023-09-14"},{"lineNumber":38,"author":{"gitId":"DextheChik3n"},"content":"    public static void checkDeadlineInputFormat(String[] words) throws AlanExceptions {","lastModifiedDate":"2023-09-14"},{"lineNumber":39,"author":{"gitId":"DextheChik3n"},"content":"        if (words.length \u003d\u003d 1) {","lastModifiedDate":"2023-09-14"},{"lineNumber":40,"author":{"gitId":"DextheChik3n"},"content":"            throw new AlanExceptions(INVALID_DEADLINE_FORMAT_MESSAGE);","lastModifiedDate":"2023-09-14"},{"lineNumber":41,"author":{"gitId":"DextheChik3n"},"content":"        }","lastModifiedDate":"2023-09-14"},{"lineNumber":42,"author":{"gitId":"DextheChik3n"},"content":"    }","lastModifiedDate":"2023-09-14"},{"lineNumber":43,"author":{"gitId":"DextheChik3n"},"content":"","lastModifiedDate":"2023-09-14"},{"lineNumber":44,"author":{"gitId":"DextheChik3n"},"content":"    public static void checkEventInputFromFormat(String[] splitDescriptionAndDate) throws AlanExceptions {","lastModifiedDate":"2023-09-14"},{"lineNumber":45,"author":{"gitId":"DextheChik3n"},"content":"        if (splitDescriptionAndDate.length \u003d\u003d 1) {","lastModifiedDate":"2023-09-14"},{"lineNumber":46,"author":{"gitId":"DextheChik3n"},"content":"            throw new AlanExceptions(INVALID_EVENT_FROM_FORMAT_MESSAGE);","lastModifiedDate":"2023-09-14"},{"lineNumber":47,"author":{"gitId":"DextheChik3n"},"content":"        }","lastModifiedDate":"2023-09-14"},{"lineNumber":48,"author":{"gitId":"DextheChik3n"},"content":"    }","lastModifiedDate":"2023-09-14"},{"lineNumber":49,"author":{"gitId":"DextheChik3n"},"content":"","lastModifiedDate":"2023-09-14"},{"lineNumber":50,"author":{"gitId":"DextheChik3n"},"content":"    public static void checkEventInputToFormat(String[] splitFromAndTo) throws AlanExceptions {","lastModifiedDate":"2023-09-14"},{"lineNumber":51,"author":{"gitId":"DextheChik3n"},"content":"        if (splitFromAndTo.length \u003d\u003d 1) {","lastModifiedDate":"2023-09-14"},{"lineNumber":52,"author":{"gitId":"DextheChik3n"},"content":"            throw new AlanExceptions(INVALID_EVENT_TO_FORMAT_MESSAGE);","lastModifiedDate":"2023-09-14"},{"lineNumber":53,"author":{"gitId":"DextheChik3n"},"content":"        }","lastModifiedDate":"2023-09-14"},{"lineNumber":54,"author":{"gitId":"DextheChik3n"},"content":"    }","lastModifiedDate":"2023-09-13"},{"lineNumber":55,"author":{"gitId":"DextheChik3n"},"content":"","lastModifiedDate":"2023-09-13"},{"lineNumber":56,"author":{"gitId":"DextheChik3n"},"content":"    @Override","lastModifiedDate":"2023-09-13"},{"lineNumber":57,"author":{"gitId":"DextheChik3n"},"content":"    public String toString() {","lastModifiedDate":"2023-09-13"},{"lineNumber":58,"author":{"gitId":"DextheChik3n"},"content":"        return super.getMessage();","lastModifiedDate":"2023-09-14"},{"lineNumber":59,"author":{"gitId":"DextheChik3n"},"content":"    }","lastModifiedDate":"2023-09-13"},{"lineNumber":60,"author":{"gitId":"DextheChik3n"},"content":"}","lastModifiedDate":"2023-09-13"}],"authorContributionMap":{"DextheChik3n":60}},{"path":"src/main/java/alan/task/Deadline.java","fileType":"java","lines":[{"lineNumber":1,"author":{"gitId":"DextheChik3n"},"content":"package alan.task;","lastModifiedDate":"2023-09-14"},{"lineNumber":2,"author":{"gitId":"DextheChik3n"},"content":"","lastModifiedDate":"2023-09-14"},{"lineNumber":3,"author":{"gitId":"DextheChik3n"},"content":"public class Deadline extends Task {","lastModifiedDate":"2023-09-07"},{"lineNumber":4,"author":{"gitId":"DextheChik3n"},"content":"    protected String by;","lastModifiedDate":"2023-09-07"},{"lineNumber":5,"author":{"gitId":"DextheChik3n"},"content":"","lastModifiedDate":"2023-09-07"},{"lineNumber":6,"author":{"gitId":"DextheChik3n"},"content":"    public Deadline(String description, String by) {","lastModifiedDate":"2023-09-07"},{"lineNumber":7,"author":{"gitId":"DextheChik3n"},"content":"        super(description, TaskType.D);","lastModifiedDate":"2023-09-20"},{"lineNumber":8,"author":{"gitId":"DextheChik3n"},"content":"        this.by \u003d by;","lastModifiedDate":"2023-09-20"},{"lineNumber":9,"author":{"gitId":"DextheChik3n"},"content":"    }","lastModifiedDate":"2023-09-20"},{"lineNumber":10,"author":{"gitId":"DextheChik3n"},"content":"","lastModifiedDate":"2023-09-20"},{"lineNumber":11,"author":{"gitId":"DextheChik3n"},"content":"    public String getBy() {","lastModifiedDate":"2023-09-20"},{"lineNumber":12,"author":{"gitId":"DextheChik3n"},"content":"        return by;","lastModifiedDate":"2023-09-20"},{"lineNumber":13,"author":{"gitId":"DextheChik3n"},"content":"    }","lastModifiedDate":"2023-09-20"},{"lineNumber":14,"author":{"gitId":"DextheChik3n"},"content":"","lastModifiedDate":"2023-09-20"},{"lineNumber":15,"author":{"gitId":"DextheChik3n"},"content":"    public void setBy(String by) {","lastModifiedDate":"2023-09-20"},{"lineNumber":16,"author":{"gitId":"DextheChik3n"},"content":"        this.by \u003d by;","lastModifiedDate":"2023-09-07"},{"lineNumber":17,"author":{"gitId":"DextheChik3n"},"content":"    }","lastModifiedDate":"2023-09-07"},{"lineNumber":18,"author":{"gitId":"DextheChik3n"},"content":"","lastModifiedDate":"2023-09-07"},{"lineNumber":19,"author":{"gitId":"DextheChik3n"},"content":"    @Override","lastModifiedDate":"2023-09-07"},{"lineNumber":20,"author":{"gitId":"DextheChik3n"},"content":"    public String toString() {","lastModifiedDate":"2023-09-07"},{"lineNumber":21,"author":{"gitId":"DextheChik3n"},"content":"        return \"[\" + super.getTaskType() + \"]\" + \"[\" + super.getStatusIcon() + \"] \" + super.toString() + \" (by: \" + by + \")\";","lastModifiedDate":"2023-09-20"},{"lineNumber":22,"author":{"gitId":"DextheChik3n"},"content":"    }","lastModifiedDate":"2023-09-07"},{"lineNumber":23,"author":{"gitId":"DextheChik3n"},"content":"}","lastModifiedDate":"2023-09-07"}],"authorContributionMap":{"DextheChik3n":23}},{"path":"src/main/java/alan/task/Event.java","fileType":"java","lines":[{"lineNumber":1,"author":{"gitId":"DextheChik3n"},"content":"package alan.task;","lastModifiedDate":"2023-09-14"},{"lineNumber":2,"author":{"gitId":"DextheChik3n"},"content":"","lastModifiedDate":"2023-09-14"},{"lineNumber":3,"author":{"gitId":"DextheChik3n"},"content":"public class Event extends Task {","lastModifiedDate":"2023-09-07"},{"lineNumber":4,"author":{"gitId":"DextheChik3n"},"content":"    protected String from;","lastModifiedDate":"2023-09-07"},{"lineNumber":5,"author":{"gitId":"DextheChik3n"},"content":"    protected String to;","lastModifiedDate":"2023-09-07"},{"lineNumber":6,"author":{"gitId":"DextheChik3n"},"content":"","lastModifiedDate":"2023-09-07"},{"lineNumber":7,"author":{"gitId":"DextheChik3n"},"content":"    public Event(String description, String from, String to) {","lastModifiedDate":"2023-09-07"},{"lineNumber":8,"author":{"gitId":"DextheChik3n"},"content":"        super(description, TaskType.E);","lastModifiedDate":"2023-09-20"},{"lineNumber":9,"author":{"gitId":"DextheChik3n"},"content":"        this.from  \u003d from;","lastModifiedDate":"2023-09-07"},{"lineNumber":10,"author":{"gitId":"DextheChik3n"},"content":"        this.to \u003d to;","lastModifiedDate":"2023-09-07"},{"lineNumber":11,"author":{"gitId":"DextheChik3n"},"content":"    }","lastModifiedDate":"2023-09-07"},{"lineNumber":12,"author":{"gitId":"DextheChik3n"},"content":"","lastModifiedDate":"2023-09-07"},{"lineNumber":13,"author":{"gitId":"DextheChik3n"},"content":"    public String getFrom() {","lastModifiedDate":"2023-09-20"},{"lineNumber":14,"author":{"gitId":"DextheChik3n"},"content":"        return from;","lastModifiedDate":"2023-09-20"},{"lineNumber":15,"author":{"gitId":"DextheChik3n"},"content":"    }","lastModifiedDate":"2023-09-20"},{"lineNumber":16,"author":{"gitId":"DextheChik3n"},"content":"","lastModifiedDate":"2023-09-20"},{"lineNumber":17,"author":{"gitId":"DextheChik3n"},"content":"    public void setFrom(String from) {","lastModifiedDate":"2023-09-20"},{"lineNumber":18,"author":{"gitId":"DextheChik3n"},"content":"        this.from \u003d from;","lastModifiedDate":"2023-09-20"},{"lineNumber":19,"author":{"gitId":"DextheChik3n"},"content":"    }","lastModifiedDate":"2023-09-20"},{"lineNumber":20,"author":{"gitId":"DextheChik3n"},"content":"","lastModifiedDate":"2023-09-20"},{"lineNumber":21,"author":{"gitId":"DextheChik3n"},"content":"    public String getTo() {","lastModifiedDate":"2023-09-20"},{"lineNumber":22,"author":{"gitId":"DextheChik3n"},"content":"        return to;","lastModifiedDate":"2023-09-20"},{"lineNumber":23,"author":{"gitId":"DextheChik3n"},"content":"    }","lastModifiedDate":"2023-09-20"},{"lineNumber":24,"author":{"gitId":"DextheChik3n"},"content":"","lastModifiedDate":"2023-09-20"},{"lineNumber":25,"author":{"gitId":"DextheChik3n"},"content":"    public void setTo(String to) {","lastModifiedDate":"2023-09-20"},{"lineNumber":26,"author":{"gitId":"DextheChik3n"},"content":"        this.to \u003d to;","lastModifiedDate":"2023-09-20"},{"lineNumber":27,"author":{"gitId":"DextheChik3n"},"content":"    }","lastModifiedDate":"2023-09-20"},{"lineNumber":28,"author":{"gitId":"DextheChik3n"},"content":"","lastModifiedDate":"2023-09-20"},{"lineNumber":29,"author":{"gitId":"DextheChik3n"},"content":"    @Override","lastModifiedDate":"2023-09-07"},{"lineNumber":30,"author":{"gitId":"DextheChik3n"},"content":"    public String toString() {","lastModifiedDate":"2023-09-07"},{"lineNumber":31,"author":{"gitId":"DextheChik3n"},"content":"        return \"[\" + super.getTaskType() + \"]\" + \"[\" + super.getStatusIcon() + \"] \" + super.toString() + \" (from: \" + from + \" | to: \"+ to + \")\";","lastModifiedDate":"2023-09-20"},{"lineNumber":32,"author":{"gitId":"DextheChik3n"},"content":"    }","lastModifiedDate":"2023-09-07"},{"lineNumber":33,"author":{"gitId":"DextheChik3n"},"content":"}","lastModifiedDate":"2023-09-07"}],"authorContributionMap":{"DextheChik3n":33}},{"path":"src/main/java/alan/task/Task.java","fileType":"java","lines":[{"lineNumber":1,"author":{"gitId":"DextheChik3n"},"content":"package alan.task;","lastModifiedDate":"2023-09-14"},{"lineNumber":2,"author":{"gitId":"DextheChik3n"},"content":"","lastModifiedDate":"2023-09-14"},{"lineNumber":3,"author":{"gitId":"DextheChik3n"},"content":"public class Task {","lastModifiedDate":"2023-09-03"},{"lineNumber":4,"author":{"gitId":"DextheChik3n"},"content":"    private String description;","lastModifiedDate":"2023-09-03"},{"lineNumber":5,"author":{"gitId":"DextheChik3n"},"content":"    private TaskType type;","lastModifiedDate":"2023-09-20"},{"lineNumber":6,"author":{"gitId":"DextheChik3n"},"content":"    private boolean isDone;","lastModifiedDate":"2023-09-03"},{"lineNumber":7,"author":{"gitId":"DextheChik3n"},"content":"","lastModifiedDate":"2023-09-03"},{"lineNumber":8,"author":{"gitId":"DextheChik3n"},"content":"    public Task(String description, TaskType type) {","lastModifiedDate":"2023-09-20"},{"lineNumber":9,"author":{"gitId":"DextheChik3n"},"content":"        this.description \u003d description;","lastModifiedDate":"2023-09-03"},{"lineNumber":10,"author":{"gitId":"DextheChik3n"},"content":"        this.type \u003d type;","lastModifiedDate":"2023-09-20"},{"lineNumber":11,"author":{"gitId":"DextheChik3n"},"content":"        this.isDone \u003d false;","lastModifiedDate":"2023-09-03"},{"lineNumber":12,"author":{"gitId":"DextheChik3n"},"content":"    }","lastModifiedDate":"2023-09-03"},{"lineNumber":13,"author":{"gitId":"DextheChik3n"},"content":"","lastModifiedDate":"2023-09-03"},{"lineNumber":14,"author":{"gitId":"DextheChik3n"},"content":"    public String getDescription() {","lastModifiedDate":"2023-09-03"},{"lineNumber":15,"author":{"gitId":"DextheChik3n"},"content":"        return description;","lastModifiedDate":"2023-09-03"},{"lineNumber":16,"author":{"gitId":"DextheChik3n"},"content":"    }","lastModifiedDate":"2023-09-03"},{"lineNumber":17,"author":{"gitId":"DextheChik3n"},"content":"","lastModifiedDate":"2023-09-03"},{"lineNumber":18,"author":{"gitId":"DextheChik3n"},"content":"    public void setDescription(String description) {","lastModifiedDate":"2023-09-03"},{"lineNumber":19,"author":{"gitId":"DextheChik3n"},"content":"        this.description \u003d description;","lastModifiedDate":"2023-09-03"},{"lineNumber":20,"author":{"gitId":"DextheChik3n"},"content":"    }","lastModifiedDate":"2023-09-03"},{"lineNumber":21,"author":{"gitId":"DextheChik3n"},"content":"","lastModifiedDate":"2023-09-03"},{"lineNumber":22,"author":{"gitId":"DextheChik3n"},"content":"    public boolean getDone() {","lastModifiedDate":"2023-09-03"},{"lineNumber":23,"author":{"gitId":"DextheChik3n"},"content":"        return isDone;","lastModifiedDate":"2023-09-03"},{"lineNumber":24,"author":{"gitId":"DextheChik3n"},"content":"    }","lastModifiedDate":"2023-09-03"},{"lineNumber":25,"author":{"gitId":"DextheChik3n"},"content":"","lastModifiedDate":"2023-09-03"},{"lineNumber":26,"author":{"gitId":"DextheChik3n"},"content":"    public void setDone(boolean isDone) {","lastModifiedDate":"2023-09-03"},{"lineNumber":27,"author":{"gitId":"DextheChik3n"},"content":"        this.isDone \u003d isDone;","lastModifiedDate":"2023-09-03"},{"lineNumber":28,"author":{"gitId":"DextheChik3n"},"content":"    }","lastModifiedDate":"2023-09-03"},{"lineNumber":29,"author":{"gitId":"DextheChik3n"},"content":"","lastModifiedDate":"2023-09-03"},{"lineNumber":30,"author":{"gitId":"DextheChik3n"},"content":"    public TaskType getTaskType() {","lastModifiedDate":"2023-09-20"},{"lineNumber":31,"author":{"gitId":"DextheChik3n"},"content":"        return type;","lastModifiedDate":"2023-09-20"},{"lineNumber":32,"author":{"gitId":"DextheChik3n"},"content":"    }","lastModifiedDate":"2023-09-20"},{"lineNumber":33,"author":{"gitId":"DextheChik3n"},"content":"","lastModifiedDate":"2023-09-20"},{"lineNumber":34,"author":{"gitId":"DextheChik3n"},"content":"    public void setTaskType(TaskType type) {","lastModifiedDate":"2023-09-20"},{"lineNumber":35,"author":{"gitId":"DextheChik3n"},"content":"        this.type \u003d type;","lastModifiedDate":"2023-09-20"},{"lineNumber":36,"author":{"gitId":"DextheChik3n"},"content":"    }","lastModifiedDate":"2023-09-20"},{"lineNumber":37,"author":{"gitId":"DextheChik3n"},"content":"","lastModifiedDate":"2023-09-20"},{"lineNumber":38,"author":{"gitId":"DextheChik3n"},"content":"    public String getStatusIcon() {","lastModifiedDate":"2023-09-03"},{"lineNumber":39,"author":{"gitId":"DextheChik3n"},"content":"        return (isDone ? \"X\" : \" \");","lastModifiedDate":"2023-09-03"},{"lineNumber":40,"author":{"gitId":"DextheChik3n"},"content":"    }","lastModifiedDate":"2023-09-03"},{"lineNumber":41,"author":{"gitId":"DextheChik3n"},"content":"","lastModifiedDate":"2023-09-07"},{"lineNumber":42,"author":{"gitId":"DextheChik3n"},"content":"    public int getStatusValue() {","lastModifiedDate":"2023-09-20"},{"lineNumber":43,"author":{"gitId":"DextheChik3n"},"content":"        return (isDone ? 1 : 0);","lastModifiedDate":"2023-09-20"},{"lineNumber":44,"author":{"gitId":"DextheChik3n"},"content":"    }","lastModifiedDate":"2023-09-20"},{"lineNumber":45,"author":{"gitId":"DextheChik3n"},"content":"","lastModifiedDate":"2023-09-20"},{"lineNumber":46,"author":{"gitId":"DextheChik3n"},"content":"    @Override","lastModifiedDate":"2023-09-07"},{"lineNumber":47,"author":{"gitId":"DextheChik3n"},"content":"    public String toString() {","lastModifiedDate":"2023-09-07"},{"lineNumber":48,"author":{"gitId":"DextheChik3n"},"content":"        return getDescription();","lastModifiedDate":"2023-09-07"},{"lineNumber":49,"author":{"gitId":"DextheChik3n"},"content":"    }","lastModifiedDate":"2023-09-07"},{"lineNumber":50,"author":{"gitId":"DextheChik3n"},"content":"}","lastModifiedDate":"2023-09-03"},{"lineNumber":51,"author":{"gitId":"DextheChik3n"},"content":"","lastModifiedDate":"2023-09-07"}],"authorContributionMap":{"DextheChik3n":51}},{"path":"src/main/java/alan/task/TaskType.java","fileType":"java","lines":[{"lineNumber":1,"author":{"gitId":"DextheChik3n"},"content":"package alan.task;","lastModifiedDate":"2023-09-20"},{"lineNumber":2,"author":{"gitId":"DextheChik3n"},"content":"","lastModifiedDate":"2023-09-20"},{"lineNumber":3,"author":{"gitId":"DextheChik3n"},"content":"public enum TaskType {","lastModifiedDate":"2023-09-20"},{"lineNumber":4,"author":{"gitId":"DextheChik3n"},"content":"    T, D, E","lastModifiedDate":"2023-09-20"},{"lineNumber":5,"author":{"gitId":"DextheChik3n"},"content":"}","lastModifiedDate":"2023-09-20"}],"authorContributionMap":{"DextheChik3n":5}},{"path":"src/main/java/alan/task/Todo.java","fileType":"java","lines":[{"lineNumber":1,"author":{"gitId":"DextheChik3n"},"content":"package alan.task;","lastModifiedDate":"2023-09-14"},{"lineNumber":2,"author":{"gitId":"DextheChik3n"},"content":"","lastModifiedDate":"2023-09-14"},{"lineNumber":3,"author":{"gitId":"DextheChik3n"},"content":"public class Todo extends Task {","lastModifiedDate":"2023-09-07"},{"lineNumber":4,"author":{"gitId":"DextheChik3n"},"content":"    private boolean isDone;","lastModifiedDate":"2023-09-07"},{"lineNumber":5,"author":{"gitId":"DextheChik3n"},"content":"","lastModifiedDate":"2023-09-07"},{"lineNumber":6,"author":{"gitId":"DextheChik3n"},"content":"    public Todo(String description) {","lastModifiedDate":"2023-09-07"},{"lineNumber":7,"author":{"gitId":"DextheChik3n"},"content":"        super(description, TaskType.T);","lastModifiedDate":"2023-09-20"},{"lineNumber":8,"author":{"gitId":"DextheChik3n"},"content":"        isDone \u003d false;","lastModifiedDate":"2023-09-07"},{"lineNumber":9,"author":{"gitId":"DextheChik3n"},"content":"    }","lastModifiedDate":"2023-09-07"},{"lineNumber":10,"author":{"gitId":"DextheChik3n"},"content":"","lastModifiedDate":"2023-09-07"},{"lineNumber":11,"author":{"gitId":"DextheChik3n"},"content":"    @Override","lastModifiedDate":"2023-09-07"},{"lineNumber":12,"author":{"gitId":"DextheChik3n"},"content":"    public String toString() {","lastModifiedDate":"2023-09-07"},{"lineNumber":13,"author":{"gitId":"DextheChik3n"},"content":"        return \"[\" + super.getTaskType() + \"]\" + \"[\" + super.getStatusIcon() + \"] \" + super.toString();","lastModifiedDate":"2023-09-20"},{"lineNumber":14,"author":{"gitId":"DextheChik3n"},"content":"    }","lastModifiedDate":"2023-09-07"},{"lineNumber":15,"author":{"gitId":"DextheChik3n"},"content":"}","lastModifiedDate":"2023-09-07"}],"authorContributionMap":{"DextheChik3n":15}},{"path":"text-ui-test/input.txt","fileType":"txt","lines":[{"lineNumber":1,"author":{"gitId":"DextheChik3n"},"content":"todo borrow book","lastModifiedDate":"2023-09-07"},{"lineNumber":2,"author":{"gitId":"DextheChik3n"},"content":"list","lastModifiedDate":"2023-09-07"},{"lineNumber":3,"author":{"gitId":"DextheChik3n"},"content":"deadline return book /by Sunday","lastModifiedDate":"2023-09-07"},{"lineNumber":4,"author":{"gitId":"DextheChik3n"},"content":"event project meeting /from Mon 2pm /to 4pm","lastModifiedDate":"2023-09-07"},{"lineNumber":5,"author":{"gitId":"DextheChik3n"},"content":"mark 1","lastModifiedDate":"2023-09-07"},{"lineNumber":6,"author":{"gitId":"DextheChik3n"},"content":"unmark 1","lastModifiedDate":"2023-09-07"},{"lineNumber":7,"author":{"gitId":"DextheChik3n"},"content":"list","lastModifiedDate":"2023-09-07"},{"lineNumber":8,"author":{"gitId":"DextheChik3n"},"content":"bye","lastModifiedDate":"2023-09-07"}],"authorContributionMap":{"DextheChik3n":8}},{"path":"text-ui-test/runtest.bat","fileType":"bat","lines":[{"lineNumber":1,"author":{"gitId":"-"},"content":"@ECHO OFF","lastModifiedDate":"2020-05-25"},{"lineNumber":2,"author":{"gitId":"-"},"content":"","lastModifiedDate":"2020-05-25"},{"lineNumber":3,"author":{"gitId":"-"},"content":"REM create bin directory if it doesn\u0027t exist","lastModifiedDate":"2020-05-25"},{"lineNumber":4,"author":{"gitId":"-"},"content":"if not exist ..\\bin mkdir ..\\bin","lastModifiedDate":"2020-05-25"},{"lineNumber":5,"author":{"gitId":"-"},"content":"","lastModifiedDate":"2020-05-25"},{"lineNumber":6,"author":{"gitId":"-"},"content":"REM delete output from previous run","lastModifiedDate":"2020-05-25"},{"lineNumber":7,"author":{"gitId":"-"},"content":"if exist ACTUAL.TXT del ACTUAL.TXT","lastModifiedDate":"2020-08-25"},{"lineNumber":8,"author":{"gitId":"-"},"content":"","lastModifiedDate":"2020-05-25"},{"lineNumber":9,"author":{"gitId":"-"},"content":"REM compile the code into the bin folder","lastModifiedDate":"2020-05-25"},{"lineNumber":10,"author":{"gitId":"-"},"content":"javac  -cp ..\\src\\main\\java -Xlint:none -d ..\\bin ..\\src\\main\\java\\*.java","lastModifiedDate":"2020-08-25"},{"lineNumber":11,"author":{"gitId":"-"},"content":"IF ERRORLEVEL 1 (","lastModifiedDate":"2020-05-25"},{"lineNumber":12,"author":{"gitId":"-"},"content":"    echo ********** BUILD FAILURE **********","lastModifiedDate":"2020-05-25"},{"lineNumber":13,"author":{"gitId":"-"},"content":"    exit /b 1","lastModifiedDate":"2020-05-25"},{"lineNumber":14,"author":{"gitId":"-"},"content":")","lastModifiedDate":"2020-05-25"},{"lineNumber":15,"author":{"gitId":"-"},"content":"REM no error here, errorlevel \u003d\u003d 0","lastModifiedDate":"2020-05-25"},{"lineNumber":16,"author":{"gitId":"-"},"content":"","lastModifiedDate":"2020-05-25"},{"lineNumber":17,"author":{"gitId":"-"},"content":"REM run the program, feed commands from input.txt file and redirect the output to the ACTUAL.TXT","lastModifiedDate":"2020-05-25"},{"lineNumber":18,"author":{"gitId":"DextheChik3n"},"content":"java -classpath ..\\bin Alan \u003c input.txt \u003e ACTUAL.TXT","lastModifiedDate":"2023-08-24"},{"lineNumber":19,"author":{"gitId":"-"},"content":"","lastModifiedDate":"2020-05-25"},{"lineNumber":20,"author":{"gitId":"-"},"content":"REM compare the output to the expected output","lastModifiedDate":"2020-05-25"},{"lineNumber":21,"author":{"gitId":"-"},"content":"FC ACTUAL.TXT EXPECTED.TXT","lastModifiedDate":"2020-05-25"}],"authorContributionMap":{"DextheChik3n":1,"-":20}}]
