{"authorDailyContributionsMap":{"DextheChik3n":[{"date":"2023-08-24","commitResults":[{"hash":"c606c3c09b6a5889046492624c0b739199e54c52","isMergeCommit":false,"messageTitle":"Rename main class","messageBody":"","fileTypesAndContributionMap":{"java":{"insertions":1,"deletions":1},"bat":{"insertions":1,"deletions":1},"md":{"insertions":2,"deletions":2}}},{"hash":"e3f01fab05b620aae891073d626a8ffae648f870","isMergeCommit":false,"messageTitle":"Add greeting and exit functions","messageBody":"","tags":["Level-0"],"fileTypesAndContributionMap":{"java":{"insertions":23,"deletions":6}}}]},{"date":"2023-08-31","commitResults":[{"hash":"3afcb6bfec2f0126f9f0fa9ff2001286d0418853","isMergeCommit":false,"messageTitle":"Refactor printHorrizontalLine function","messageBody":"","fileTypesAndContributionMap":{"java":{"insertions":3,"deletions":3}}},{"hash":"184e7083e32fcfe09150b75a1832ed810ebccde5","isMergeCommit":false,"messageTitle":"Add echo function","messageBody":"","tags":["Level-1"],"fileTypesAndContributionMap":{"java":{"insertions":22,"deletions":1}}},{"hash":"cf80b829e767790f634c7240ca29c8a4700a85b3","isMergeCommit":false,"messageTitle":"Add list functionality","messageBody":"","tags":["Level-2"],"fileTypesAndContributionMap":{"java":{"insertions":22,"deletions":16}}}]},{"date":"2023-09-03","commitResults":[{"hash":"1afaaf11dc7210b33d7b12b561c1cd55ef9d646a","isMergeCommit":false,"messageTitle":"Add Task.java class","messageBody":"","tags":["A-Classes"],"fileTypesAndContributionMap":{"java":{"insertions":29,"deletions":0}}},{"hash":"e331bb98f7339b80f2a004f791c0dbaf9325b7cf","isMergeCommit":false,"messageTitle":"Add mark and unmark tasks feature","messageBody":"","fileTypesAndContributionMap":{"java":{"insertions":29,"deletions":7}}},{"hash":"951a3e6d1d1498ec0ca14f7eb092f146f1fbe114","isMergeCommit":false,"messageTitle":"Main.java: Fix handling exit command","messageBody":"","tags":["Level-3"],"fileTypesAndContributionMap":{"java":{"insertions":7,"deletions":6}}}]},{"date":"2023-09-04","commitResults":[{"hash":"7a7066d49ab828c0ea359b7ac3c0ca81c40762cd","isMergeCommit":false,"messageTitle":"Update Alan.java to follow coding standard","messageBody":"","tags":["A-CodingStandard"],"fileTypesAndContributionMap":{"java":{"insertions":25,"deletions":20}}}]},{"date":"2023-09-07","commitResults":[{"hash":"32601dd6f58fc09fa54cb3ef250a65fd2b5ad2bc","isMergeCommit":false,"messageTitle":"Add todo, deadline and event tasks","messageBody":"","tags":["Level-4","A-Inheritance"],"fileTypesAndContributionMap":{"java":{"insertions":88,"deletions":13}}},{"hash":"ff607090c6301f2b661520d7fe41e3f91c21c036","isMergeCommit":false,"messageTitle":"Update input.txt and EXPECTED.TXT for automated testing","messageBody":"","tags":["A-TextUiTesting"],"fileTypesAndContributionMap":{"txt":{"insertions":8,"deletions":0}}},{"hash":"3550db10ed604b487f5cdc5244f4b76fbcbb3ae9","isMergeCommit":false,"messageTitle":"Refactor Alan class","messageBody":"","tags":["A-CodeQuality"],"fileTypesAndContributionMap":{"java":{"insertions":71,"deletions":48}}}]},{"date":"2023-09-13","commitResults":[{"hash":"ae095d10b5583835c5f9c33b705a14a0724e7384","isMergeCommit":false,"messageTitle":"Refactor Alan.java","messageBody":"","fileTypesAndContributionMap":{"java":{"insertions":35,"deletions":28}}},{"hash":"31437f81ffbd0d92071e54e6f9d1025fa90718b4","isMergeCommit":false,"messageTitle":"Add error handling for invalid command and todo tasks","messageBody":"","tags":["A-Exceptions"],"fileTypesAndContributionMap":{"java":{"insertions":35,"deletions":10}}},{"hash":"511f4d2a1a82668912d558e37abfc21b786099e4","isMergeCommit":false,"messageTitle":"Add error handling for deadline and event invalid input formatting","messageBody":"","fileTypesAndContributionMap":{"java":{"insertions":36,"deletions":14}}},{"hash":"eb7f6aec66e05a2e3be9990f925693709a96c348","isMergeCommit":false,"messageTitle":"Add error handling for mark/unmark unknown tasks","messageBody":"","fileTypesAndContributionMap":{"java":{"insertions":12,"deletions":3}}},{"hash":"b16823850313fc9642543f5a73718934f806efda","isMergeCommit":true,"messageTitle":"Merge branch \u0027branch-Level-5\u0027","messageBody":"","tags":["Level-5"],"fileTypesAndContributionMap":{}}]},{"date":"2023-09-14","commitResults":[{"hash":"4194ba341e2166c0de419d5cc99fd4eaee0f96ee","isMergeCommit":false,"messageTitle":"Change message texts","messageBody":"","fileTypesAndContributionMap":{"java":{"insertions":20,"deletions":15}}},{"hash":"8365fc30a22f6a615f23494bb3f8bd5c37f6a5d4","isMergeCommit":false,"messageTitle":"Organize classes into java packages","messageBody":"","fileTypesAndContributionMap":{"java":{"insertions":17,"deletions":0}}},{"hash":"44587d6e1c03386211a7b70740edba913a752861","isMergeCommit":true,"messageTitle":"Merge branch \u0027branch-A-Packages\u0027","messageBody":"","tags":["A-Packages"],"fileTypesAndContributionMap":{}},{"hash":"c7bcaaa9a37f836b65a8146732dca5656880b409","isMergeCommit":false,"messageTitle":"Refactor error exception and command handling","messageBody":"","fileTypesAndContributionMap":{"java":{"insertions":80,"deletions":44}}}]},{"date":"2023-09-20","commitResults":[{"hash":"17b65ef6999d4392da9de393b6bbb437ceada0c1","isMergeCommit":false,"messageTitle":"Change Alan to store tasks in ArrayList","messageBody":"","tags":["A-Collections"],"fileTypesAndContributionMap":{"java":{"insertions":45,"deletions":41}}},{"hash":"1933454f5ebfab79566ed0fdcc0f69d04a0718cb","isMergeCommit":false,"messageTitle":"Add delete function","messageBody":"","fileTypesAndContributionMap":{"java":{"insertions":31,"deletions":9}}},{"hash":"41ce6df4089cdbcc836a9f00285cf3a2a19deb98","isMergeCommit":false,"messageTitle":"Update tasks to set and get task contents","messageBody":"","fileTypesAndContributionMap":{"java":{"insertions":50,"deletions":7}}},{"hash":"88bace67d1a9569847d2dfec465a264133773934","isMergeCommit":false,"messageTitle":"Add saving task list to text file functionality","messageBody":"","fileTypesAndContributionMap":{"java":{"insertions":72,"deletions":4}}},{"hash":"a49e395612fadf1a379407ff76bbf10c106bc2d3","isMergeCommit":false,"messageTitle":"Add saving and loading tasks from text file","messageBody":"","fileTypesAndContributionMap":{"java":{"insertions":79,"deletions":5}}},{"hash":"23738a8ef57cc227bd7c46c5b0f20b3bb9b34a28","isMergeCommit":true,"messageTitle":"Merge branch \u0027branch-Level-6\u0027","messageBody":"","tags":["Level-6"],"fileTypesAndContributionMap":{}}]},{"date":"2023-09-21","commitResults":[{"hash":"3dab5c7a2a8edb796120a25be664cedb8fe12077","isMergeCommit":true,"messageTitle":"Merge branch \u0027branch-Level-7\u0027","messageBody":"","tags":["Level-7"],"fileTypesAndContributionMap":{}},{"hash":"425e388e9d27cc774adee099833aab90ba26ac36","isMergeCommit":false,"messageTitle":"Refactor read function in Alan.java","messageBody":"","tags":["A-Jar"],"fileTypesAndContributionMap":{"java":{"insertions":41,"deletions":35}}}]},{"date":"2023-09-30","commitResults":[{"hash":"eeee528819e28ba7766c2d2a090bddc3795f3b45","isMergeCommit":false,"messageTitle":"Create packages to organise java classes","messageBody":"","fileTypesAndContributionMap":{"java":{"insertions":21,"deletions":16}}}]},{"date":"2023-10-01","commitResults":[{"hash":"d7ccba5d1004761725312e7d735624091aa0904b","isMergeCommit":false,"messageTitle":"Create classes to organise code","messageBody":"","fileTypesAndContributionMap":{"java":{"insertions":68,"deletions":14}}},{"hash":"361eb399d85387ae7e853b63930a2dfd7a6da88b","isMergeCommit":false,"messageTitle":"Implement UI Class","messageBody":"","fileTypesAndContributionMap":{"java":{"insertions":157,"deletions":102}}}]},{"date":"2023-10-02","commitResults":[{"hash":"4935bbadac49d68eb529b77fc8e7d803a56c3dda","isMergeCommit":false,"messageTitle":"Implement TaskList class","messageBody":"","fileTypesAndContributionMap":{"java":{"insertions":113,"deletions":83}}},{"hash":"7f3c631ae119429ed095e6481786b484333ce575","isMergeCommit":false,"messageTitle":"Implement Parser class","messageBody":"","fileTypesAndContributionMap":{"java":{"insertions":141,"deletions":125}}},{"hash":"d14095650323930b0391dd6abb9570463b430483","isMergeCommit":false,"messageTitle":"Implement Storage class","messageBody":"","tags":["A-MoreOOP"],"fileTypesAndContributionMap":{"java":{"insertions":182,"deletions":138}}},{"hash":"2d45afffa08cb88238612eee02153ae7345b534c","isMergeCommit":false,"messageTitle":"Add reading invalid task type in Storage class","messageBody":"","fileTypesAndContributionMap":{"java":{"insertions":15,"deletions":18}}},{"hash":"310e2b46ca5d7efe0691ee3013577b7fb67ded41","isMergeCommit":false,"messageTitle":"Add date parsing","messageBody":"","fileTypesAndContributionMap":{"java":{"insertions":32,"deletions":3}}},{"hash":"61e0f3c9d3d8c495a68b8f8242adb3d83aca5197","isMergeCommit":false,"messageTitle":"Add find task functionality","messageBody":"","fileTypesAndContributionMap":{"java":{"insertions":46,"deletions":32}}},{"hash":"4c9970fc0a81ef4a2bc14827b6ede6b850dbed74","isMergeCommit":true,"messageTitle":"Merge pull request #1 from DextheChik3n/branch-Level-8","messageBody":"Add Date parsing for deadline and event tasks","tags":["Level-8"],"fileTypesAndContributionMap":{}}]},{"date":"2023-10-03","commitResults":[{"hash":"51959a1ba98feba0e742944fd050622ec81b4f74","isMergeCommit":false,"messageTitle":"Add JavaDoc comments","messageBody":"","fileTypesAndContributionMap":{"java":{"insertions":195,"deletions":24}}},{"hash":"64c21f460241a8c1f43254f46b96d3c4bd220336","isMergeCommit":true,"messageTitle":"Merge branch \u0027master\u0027 into branch-Level-9","messageBody":"# Conflicts:\n#\tsrc/main/java/alan/parser/Parser.java\n","fileTypesAndContributionMap":{}},{"hash":"4b5849c708c513537f203e756d7a12386c029ea3","isMergeCommit":true,"messageTitle":"Merge branch \u0027master\u0027 into branch-A-JavaDoc","messageBody":"# Conflicts:\n#\tsrc/main/java/alan/parser/Parser.java\n","fileTypesAndContributionMap":{}},{"hash":"4bac978f2cf116c3615b88224bbd9cc0348f3324","isMergeCommit":true,"messageTitle":"Merge pull request #2 from DextheChik3n/branch-Level-9","messageBody":"Add find task functionality","tags":["Level-9"],"fileTypesAndContributionMap":{}},{"hash":"ef54d9161b98166de89332e63d0016597390ae95","isMergeCommit":true,"messageTitle":"Merge branch \u0027master\u0027 into branch-A-JavaDoc","messageBody":"# Conflicts:\n#\tsrc/main/java/alan/data/exception/AlanException.java\n#\tsrc/main/java/alan/parser/Parser.java\n#\tsrc/main/java/alan/storage/Storage.java\n#\tsrc/main/java/alan/ui/Ui.java\n","fileTypesAndContributionMap":{}},{"hash":"c63d05e7764126d3d58ae07b91ad4ab53eb15752","isMergeCommit":true,"messageTitle":"Merge pull request #3 from DextheChik3n/branch-A-JavaDoc","messageBody":"Add JavaDoc comments","tags":["A-JavaDoc"],"fileTypesAndContributionMap":{}},{"hash":"7efbd2b29329fdb7f7900e351a30153ce05a644a","isMergeCommit":false,"messageTitle":"Update README.md","messageBody":"","fileTypesAndContributionMap":{"md":{"insertions":147,"deletions":12}}},{"hash":"4a0b8b89162891953e30db1ced1fa72f347b99d8","isMergeCommit":false,"messageTitle":"Remove Command Summary section from README.md","messageBody":"","tags":["A-UserGuide"],"fileTypesAndContributionMap":{"md":{"insertions":0,"deletions":14}}},{"hash":"151f23cf7cbb111efbb2a0892e3633e03b8c7d80","isMergeCommit":false,"messageTitle":"Refactor magic strings","messageBody":"","fileTypesAndContributionMap":{"java":{"insertions":13,"deletions":13}}}]},{"date":"2023-10-04","commitResults":[{"hash":"1f42faaea3c89e634aa1e96c06c671ac7aa668b0","isMergeCommit":false,"messageTitle":"Add error handling for empty user input","messageBody":"","fileTypesAndContributionMap":{"java":{"insertions":27,"deletions":13}}},{"hash":"efc4ab25cbaea1f6f62ab6cfccf76b875c8bf8f6","isMergeCommit":false,"messageTitle":"Add handling of printing empty lists","messageBody":"","fileTypesAndContributionMap":{"java":{"insertions":6,"deletions":1}}},{"hash":"036f277c62d25f67f56c2c40e9b6bbdf4ff63565","isMergeCommit":false,"messageTitle":"Add error handling for mark, unmark and delete command","messageBody":"","fileTypesAndContributionMap":{"java":{"insertions":47,"deletions":0}}},{"hash":"f67cbbf4d2b74256efaff654cb6616ede4547cc3","isMergeCommit":false,"messageTitle":"Remove unused imports","messageBody":"","fileTypesAndContributionMap":{"java":{"insertions":0,"deletions":2}}},{"hash":"6cc4255b669a3aa847bfd092c30a5e2af5042b3f","isMergeCommit":false,"messageTitle":"Update README.md","messageBody":"","fileTypesAndContributionMap":{"md":{"insertions":5,"deletions":0}}},{"hash":"e4f770ef3dc72dc0d648b51d249894368d3cd060","isMergeCommit":false,"messageTitle":"Fix storing empty TaskList to text file","messageBody":"","tags":["A-Release"],"fileTypesAndContributionMap":{"java":{"insertions":5,"deletions":0}}}]}]},"authorFileTypeContributionMap":{"DextheChik3n":{"java":1043,"md":133,"fxml":0,"sh":0,"bat":1,"gradle":0,"txt":8}},"authorContributionVariance":{"DextheChik3n":25435.236},"authorDisplayNameMap":{"DextheChik3n":"CS2113-T17-2 DEXT..G EN"}}
