[{"path":"src/main/java/Duke.java","fileType":"java","lines":[{"lineNumber":1,"author":{"gitId":"farissirraj"},"content":"import java.util.Arrays;","lastModifiedDate":"2023-09-09"},{"lineNumber":2,"author":{"gitId":"farissirraj"},"content":"import java.util.Scanner;","lastModifiedDate":"2023-09-01"},{"lineNumber":3,"author":{"gitId":"farissirraj"},"content":"import duke.Task;","lastModifiedDate":"2023-09-09"},{"lineNumber":4,"author":{"gitId":"farissirraj"},"content":"import duke.Deadline;","lastModifiedDate":"2023-09-09"},{"lineNumber":5,"author":{"gitId":"farissirraj"},"content":"import duke.Event;","lastModifiedDate":"2023-09-09"},{"lineNumber":6,"author":{"gitId":"farissirraj"},"content":"import duke.ToDo;","lastModifiedDate":"2023-09-09"},{"lineNumber":7,"author":{"gitId":"farissirraj"},"content":"import duke.DukeException;","lastModifiedDate":"2023-09-09"},{"lineNumber":8,"author":{"gitId":"farissirraj"},"content":"import java.util.ArrayList;","lastModifiedDate":"2023-09-15"},{"lineNumber":9,"author":{"gitId":"farissirraj"},"content":"","lastModifiedDate":"2023-09-07"},{"lineNumber":10,"author":{"gitId":"-"},"content":"public class Duke {","lastModifiedDate":"2019-07-29"},{"lineNumber":11,"author":{"gitId":"farissirraj"},"content":"","lastModifiedDate":"2023-09-15"},{"lineNumber":12,"author":{"gitId":"farissirraj"},"content":"    private static final ArrayList\u003cduke.Task\u003e taskList \u003d new ArrayList\u003c\u003e();","lastModifiedDate":"2023-09-15"},{"lineNumber":13,"author":{"gitId":"farissirraj"},"content":"","lastModifiedDate":"2023-09-15"},{"lineNumber":14,"author":{"gitId":"farissirraj"},"content":"    public void printGreeting() {","lastModifiedDate":"2023-09-15"},{"lineNumber":15,"author":{"gitId":"farissirraj"},"content":"        String logo \u003d \"______       _     _\\n\"","lastModifiedDate":"2023-08-23"},{"lineNumber":16,"author":{"gitId":"farissirraj"},"content":"                + \"| ___ \\\\     | |   | |\\n\"","lastModifiedDate":"2023-08-23"},{"lineNumber":17,"author":{"gitId":"farissirraj"},"content":"                + \"| |_/ / ___ | |__ | |__  _   _\\n\"","lastModifiedDate":"2023-08-23"},{"lineNumber":18,"author":{"gitId":"farissirraj"},"content":"                + \"| ___ \\\\/ _ \\\\| \u0027_ \\\\| \u0027_ \\\\| | | |\\n\"","lastModifiedDate":"2023-08-23"},{"lineNumber":19,"author":{"gitId":"farissirraj"},"content":"                + \"| |_/ | (_) | |_) | |_) | |_| |\\n\"","lastModifiedDate":"2023-08-23"},{"lineNumber":20,"author":{"gitId":"farissirraj"},"content":"                + \"\\\\____/ \\\\___/|_.__/|_.__/ \\\\__, |\\n\"","lastModifiedDate":"2023-08-23"},{"lineNumber":21,"author":{"gitId":"farissirraj"},"content":"                + \"                          __/ |\\n\"","lastModifiedDate":"2023-08-23"},{"lineNumber":22,"author":{"gitId":"farissirraj"},"content":"                + \"                         |___/\";","lastModifiedDate":"2023-08-23"},{"lineNumber":23,"author":{"gitId":"-"},"content":"        System.out.println(\"    Hello from\\n\" + logo);","lastModifiedDate":"2019-07-29"},{"lineNumber":24,"author":{"gitId":"farissirraj"},"content":"        printLine();","lastModifiedDate":"2023-09-01"},{"lineNumber":25,"author":{"gitId":"farissirraj"},"content":"        System.out.println(\"    Hello! I\u0027m Bobby\");","lastModifiedDate":"2023-08-23"},{"lineNumber":26,"author":{"gitId":"farissirraj"},"content":"        System.out.println(\"    What can I do for you?\");","lastModifiedDate":"2023-08-23"},{"lineNumber":27,"author":{"gitId":"farissirraj"},"content":"        printLine();","lastModifiedDate":"2023-09-01"},{"lineNumber":28,"author":{"gitId":"farissirraj"},"content":"    }","lastModifiedDate":"2023-09-01"},{"lineNumber":29,"author":{"gitId":"farissirraj"},"content":"","lastModifiedDate":"2023-09-01"},{"lineNumber":30,"author":{"gitId":"farissirraj"},"content":"    public void exitChatbot() {","lastModifiedDate":"2023-09-15"},{"lineNumber":31,"author":{"gitId":"farissirraj"},"content":"        printLine();","lastModifiedDate":"2023-09-01"},{"lineNumber":32,"author":{"gitId":"farissirraj"},"content":"        System.out.println(\"    Bye. Hope to see you again soon!\");","lastModifiedDate":"2023-09-01"},{"lineNumber":33,"author":{"gitId":"farissirraj"},"content":"        printLine();","lastModifiedDate":"2023-09-01"},{"lineNumber":34,"author":{"gitId":"farissirraj"},"content":"    }","lastModifiedDate":"2023-09-01"},{"lineNumber":35,"author":{"gitId":"farissirraj"},"content":"","lastModifiedDate":"2023-09-01"},{"lineNumber":36,"author":{"gitId":"farissirraj"},"content":"    public void printLine() {","lastModifiedDate":"2023-09-15"},{"lineNumber":37,"author":{"gitId":"farissirraj"},"content":"        System.out.println(\"    ____________________________________________________________\");","lastModifiedDate":"2023-08-23"},{"lineNumber":38,"author":{"gitId":"farissirraj"},"content":"    }","lastModifiedDate":"2023-09-01"},{"lineNumber":39,"author":{"gitId":"farissirraj"},"content":"","lastModifiedDate":"2023-09-06"},{"lineNumber":40,"author":{"gitId":"farissirraj"},"content":"    public void listItems(int taskCount) {","lastModifiedDate":"2023-09-15"},{"lineNumber":41,"author":{"gitId":"farissirraj"},"content":"        printLine();","lastModifiedDate":"2023-09-01"},{"lineNumber":42,"author":{"gitId":"farissirraj"},"content":"        for (int i \u003d 0; i \u003c taskCount; i++) {","lastModifiedDate":"2023-09-07"},{"lineNumber":43,"author":{"gitId":"farissirraj"},"content":"            int indexNo \u003d i + 1;","lastModifiedDate":"2023-09-07"},{"lineNumber":44,"author":{"gitId":"farissirraj"},"content":"            switch (taskList.get(i).taskType){","lastModifiedDate":"2023-09-15"},{"lineNumber":45,"author":{"gitId":"farissirraj"},"content":"            case \"todo\":","lastModifiedDate":"2023-09-07"},{"lineNumber":46,"author":{"gitId":"farissirraj"},"content":"                System.out.println(\"    \" + indexNo + \".\" + taskList.get(i).getTaskTypeIcon() + taskList.get(i).getStatusIcon() + \" \" + taskList.get(i).description);","lastModifiedDate":"2023-09-15"},{"lineNumber":47,"author":{"gitId":"farissirraj"},"content":"                break;","lastModifiedDate":"2023-09-07"},{"lineNumber":48,"author":{"gitId":"farissirraj"},"content":"            case \"deadline\":","lastModifiedDate":"2023-09-07"},{"lineNumber":49,"author":{"gitId":"farissirraj"},"content":"                System.out.println(\"    \" + indexNo + \".\" + taskList.get(i).getTaskTypeIcon() + taskList.get(i).getStatusIcon() + \" \" + taskList.get(i).description","lastModifiedDate":"2023-09-15"},{"lineNumber":50,"author":{"gitId":"farissirraj"},"content":"                        + \"(by:\"+taskList.get(i).deadline+\")\");","lastModifiedDate":"2023-09-15"},{"lineNumber":51,"author":{"gitId":"farissirraj"},"content":"                break;","lastModifiedDate":"2023-09-07"},{"lineNumber":52,"author":{"gitId":"farissirraj"},"content":"            case \"event\":","lastModifiedDate":"2023-09-07"},{"lineNumber":53,"author":{"gitId":"farissirraj"},"content":"                System.out.println(\"    \" + indexNo + \".\" + taskList.get(i).getTaskTypeIcon() + taskList.get(i).getStatusIcon() + \" \" + taskList.get(i).description","lastModifiedDate":"2023-09-15"},{"lineNumber":54,"author":{"gitId":"farissirraj"},"content":"                        + \" (from: \" + taskList.get(i).from + \" to: \" + taskList.get(i).to+\")\");","lastModifiedDate":"2023-09-15"},{"lineNumber":55,"author":{"gitId":"farissirraj"},"content":"                break;","lastModifiedDate":"2023-09-07"},{"lineNumber":56,"author":{"gitId":"farissirraj"},"content":"            }","lastModifiedDate":"2023-09-01"},{"lineNumber":57,"author":{"gitId":"farissirraj"},"content":"        }","lastModifiedDate":"2023-09-01"},{"lineNumber":58,"author":{"gitId":"farissirraj"},"content":"        printLine();","lastModifiedDate":"2023-09-01"},{"lineNumber":59,"author":{"gitId":"farissirraj"},"content":"    }","lastModifiedDate":"2023-09-01"},{"lineNumber":60,"author":{"gitId":"farissirraj"},"content":"","lastModifiedDate":"2023-09-01"},{"lineNumber":61,"author":{"gitId":"farissirraj"},"content":"    public void markItem(int taskCount, boolean isMark) {","lastModifiedDate":"2023-09-15"},{"lineNumber":62,"author":{"gitId":"farissirraj"},"content":"        printLine();","lastModifiedDate":"2023-09-01"},{"lineNumber":63,"author":{"gitId":"farissirraj"},"content":"        if (isMark) {","lastModifiedDate":"2023-09-01"},{"lineNumber":64,"author":{"gitId":"farissirraj"},"content":"            taskList.get(taskCount).isDone \u003d true;","lastModifiedDate":"2023-09-15"},{"lineNumber":65,"author":{"gitId":"farissirraj"},"content":"            System.out.println(\"    Nice! I\u0027ve marked this task as done:\");","lastModifiedDate":"2023-09-01"},{"lineNumber":66,"author":{"gitId":"farissirraj"},"content":"            System.out.println(\"       \" + taskList.get(taskCount).getStatusIcon() + \" \" + taskList.get(taskCount).description);","lastModifiedDate":"2023-09-15"},{"lineNumber":67,"author":{"gitId":"farissirraj"},"content":"        } else {","lastModifiedDate":"2023-09-01"},{"lineNumber":68,"author":{"gitId":"farissirraj"},"content":"            taskList.get(taskCount).isDone \u003d false;","lastModifiedDate":"2023-09-15"},{"lineNumber":69,"author":{"gitId":"farissirraj"},"content":"            System.out.println(\"    OK, I\u0027ve marked this task as not done yet:\");","lastModifiedDate":"2023-09-01"},{"lineNumber":70,"author":{"gitId":"farissirraj"},"content":"            System.out.println(\"       \" + taskList.get(taskCount).getStatusIcon() + \" \" + taskList.get(taskCount).description);","lastModifiedDate":"2023-09-15"},{"lineNumber":71,"author":{"gitId":"farissirraj"},"content":"        }","lastModifiedDate":"2023-09-01"},{"lineNumber":72,"author":{"gitId":"farissirraj"},"content":"        printLine();","lastModifiedDate":"2023-09-01"},{"lineNumber":73,"author":{"gitId":"farissirraj"},"content":"    }","lastModifiedDate":"2023-09-01"},{"lineNumber":74,"author":{"gitId":"farissirraj"},"content":"","lastModifiedDate":"2023-09-06"},{"lineNumber":75,"author":{"gitId":"farissirraj"},"content":"    public void addTaskCallback(int taskCount) {","lastModifiedDate":"2023-09-15"},{"lineNumber":76,"author":{"gitId":"farissirraj"},"content":"        printLine();","lastModifiedDate":"2023-09-06"},{"lineNumber":77,"author":{"gitId":"farissirraj"},"content":"        System.out.println(\"    Got it. I\u0027ve added this task:\");","lastModifiedDate":"2023-09-06"},{"lineNumber":78,"author":{"gitId":"farissirraj"},"content":"        switch (taskList.get(taskCount).taskType) {","lastModifiedDate":"2023-09-15"},{"lineNumber":79,"author":{"gitId":"farissirraj"},"content":"        case \"todo\":","lastModifiedDate":"2023-09-06"},{"lineNumber":80,"author":{"gitId":"farissirraj"},"content":"            System.out.print(\"      \" + taskList.get(taskCount).getTaskTypeIcon() + taskList.get(taskCount).getStatusIcon() + \" \" + taskList.get(taskCount).description);","lastModifiedDate":"2023-09-15"},{"lineNumber":81,"author":{"gitId":"farissirraj"},"content":"            break;","lastModifiedDate":"2023-09-06"},{"lineNumber":82,"author":{"gitId":"farissirraj"},"content":"        case \"deadline\":","lastModifiedDate":"2023-09-06"},{"lineNumber":83,"author":{"gitId":"farissirraj"},"content":"            System.out.print(\"      \" + taskList.get(taskCount).getTaskTypeIcon() + taskList.get(taskCount).getStatusIcon() + \" \" + taskList.get(taskCount).description","lastModifiedDate":"2023-09-15"},{"lineNumber":84,"author":{"gitId":"farissirraj"},"content":"            + \"(by:\"+taskList.get(taskCount).deadline+\")\");","lastModifiedDate":"2023-09-15"},{"lineNumber":85,"author":{"gitId":"farissirraj"},"content":"            break;","lastModifiedDate":"2023-09-06"},{"lineNumber":86,"author":{"gitId":"farissirraj"},"content":"        case \"event\":","lastModifiedDate":"2023-09-06"},{"lineNumber":87,"author":{"gitId":"farissirraj"},"content":"            System.out.print(\"      \" + taskList.get(taskCount).getTaskTypeIcon() + taskList.get(taskCount).getStatusIcon() + \" \" + taskList.get(taskCount).description","lastModifiedDate":"2023-09-15"},{"lineNumber":88,"author":{"gitId":"farissirraj"},"content":"            + \" (from: \" + taskList.get(taskCount).from + \" to: \" + taskList.get(taskCount).to+\")\");","lastModifiedDate":"2023-09-15"},{"lineNumber":89,"author":{"gitId":"farissirraj"},"content":"            break;","lastModifiedDate":"2023-09-06"},{"lineNumber":90,"author":{"gitId":"farissirraj"},"content":"        }","lastModifiedDate":"2023-09-06"},{"lineNumber":91,"author":{"gitId":"farissirraj"},"content":"","lastModifiedDate":"2023-09-06"},{"lineNumber":92,"author":{"gitId":"farissirraj"},"content":"        System.out.println();","lastModifiedDate":"2023-09-06"},{"lineNumber":93,"author":{"gitId":"farissirraj"},"content":"        System.out.println(\"    Now you have \" + (taskCount + 1) + \" tasks in the list.\");","lastModifiedDate":"2023-09-07"},{"lineNumber":94,"author":{"gitId":"farissirraj"},"content":"        printLine();","lastModifiedDate":"2023-09-06"},{"lineNumber":95,"author":{"gitId":"farissirraj"},"content":"    }","lastModifiedDate":"2023-09-06"},{"lineNumber":96,"author":{"gitId":"farissirraj"},"content":"","lastModifiedDate":"2023-09-06"},{"lineNumber":97,"author":{"gitId":"farissirraj"},"content":"    public void addTasks(String[] userInput, int taskCount){","lastModifiedDate":"2023-09-15"},{"lineNumber":98,"author":{"gitId":"farissirraj"},"content":"","lastModifiedDate":"2023-09-09"},{"lineNumber":99,"author":{"gitId":"farissirraj"},"content":"        switch (userInput[0]) {","lastModifiedDate":"2023-09-07"},{"lineNumber":100,"author":{"gitId":"farissirraj"},"content":"        case \"todo\":","lastModifiedDate":"2023-09-07"},{"lineNumber":101,"author":{"gitId":"farissirraj"},"content":"            String todoDescription \u003d String.join(\" \", Arrays.copyOfRange(userInput, 1, userInput.length));","lastModifiedDate":"2023-09-09"},{"lineNumber":102,"author":{"gitId":"farissirraj"},"content":"            Task todo \u003d new ToDo(todoDescription);","lastModifiedDate":"2023-09-09"},{"lineNumber":103,"author":{"gitId":"farissirraj"},"content":"            taskList.add(todo);","lastModifiedDate":"2023-09-15"},{"lineNumber":104,"author":{"gitId":"farissirraj"},"content":"            addTaskCallback(taskCount);","lastModifiedDate":"2023-09-15"},{"lineNumber":105,"author":{"gitId":"farissirraj"},"content":"            break;","lastModifiedDate":"2023-09-07"},{"lineNumber":106,"author":{"gitId":"farissirraj"},"content":"        case \"deadline\":","lastModifiedDate":"2023-09-07"},{"lineNumber":107,"author":{"gitId":"farissirraj"},"content":"            int byIndex \u003d Arrays.asList(userInput).indexOf(\"/by\");","lastModifiedDate":"2023-09-09"},{"lineNumber":108,"author":{"gitId":"farissirraj"},"content":"            String deadlineDescription \u003d String.join(\" \", Arrays.copyOfRange(userInput, 1, byIndex)) + \" \";","lastModifiedDate":"2023-09-09"},{"lineNumber":109,"author":{"gitId":"farissirraj"},"content":"            String deadlineTime \u003d String.join(\" \", Arrays.copyOfRange(userInput, byIndex + 1, userInput.length));","lastModifiedDate":"2023-09-09"},{"lineNumber":110,"author":{"gitId":"farissirraj"},"content":"            Deadline deadline \u003d new Deadline(deadlineDescription, deadlineTime);","lastModifiedDate":"2023-09-09"},{"lineNumber":111,"author":{"gitId":"farissirraj"},"content":"            taskList.add(deadline);","lastModifiedDate":"2023-09-15"},{"lineNumber":112,"author":{"gitId":"farissirraj"},"content":"            addTaskCallback(taskCount);","lastModifiedDate":"2023-09-15"},{"lineNumber":113,"author":{"gitId":"farissirraj"},"content":"            break;","lastModifiedDate":"2023-09-07"},{"lineNumber":114,"author":{"gitId":"farissirraj"},"content":"        case \"event\":","lastModifiedDate":"2023-09-07"},{"lineNumber":115,"author":{"gitId":"farissirraj"},"content":"            int fromIndex \u003d Arrays.asList(userInput).indexOf(\"/from\");","lastModifiedDate":"2023-09-09"},{"lineNumber":116,"author":{"gitId":"farissirraj"},"content":"            int toIndex \u003d Arrays.asList(userInput).indexOf(\"/to\");","lastModifiedDate":"2023-09-09"},{"lineNumber":117,"author":{"gitId":"farissirraj"},"content":"            String eventDescription \u003d String.join(\" \", Arrays.copyOfRange(userInput, 1, fromIndex)) + \" \";","lastModifiedDate":"2023-09-09"},{"lineNumber":118,"author":{"gitId":"farissirraj"},"content":"            String from \u003d String.join(\" \", Arrays.copyOfRange(userInput, fromIndex + 1, toIndex));","lastModifiedDate":"2023-09-09"},{"lineNumber":119,"author":{"gitId":"farissirraj"},"content":"            String to \u003d String.join(\" \", Arrays.copyOfRange(userInput, toIndex + 1, userInput.length));","lastModifiedDate":"2023-09-09"},{"lineNumber":120,"author":{"gitId":"farissirraj"},"content":"            Task event \u003d new Event(eventDescription, from, to);","lastModifiedDate":"2023-09-09"},{"lineNumber":121,"author":{"gitId":"farissirraj"},"content":"//            this.taskList[taskCount] \u003d event;","lastModifiedDate":"2023-09-15"},{"lineNumber":122,"author":{"gitId":"farissirraj"},"content":"            taskList.add(event);","lastModifiedDate":"2023-09-15"},{"lineNumber":123,"author":{"gitId":"farissirraj"},"content":"            addTaskCallback(taskCount);","lastModifiedDate":"2023-09-15"},{"lineNumber":124,"author":{"gitId":"farissirraj"},"content":"            break;","lastModifiedDate":"2023-09-09"},{"lineNumber":125,"author":{"gitId":"farissirraj"},"content":"        default:","lastModifiedDate":"2023-09-09"},{"lineNumber":126,"author":{"gitId":"farissirraj"},"content":"        }","lastModifiedDate":"2023-09-07"},{"lineNumber":127,"author":{"gitId":"farissirraj"},"content":"","lastModifiedDate":"2023-09-07"},{"lineNumber":128,"author":{"gitId":"farissirraj"},"content":"    }","lastModifiedDate":"2023-09-07"},{"lineNumber":129,"author":{"gitId":"farissirraj"},"content":"","lastModifiedDate":"2023-09-07"},{"lineNumber":130,"author":{"gitId":"farissirraj"},"content":"    public void getInput(){","lastModifiedDate":"2023-09-15"},{"lineNumber":131,"author":{"gitId":"farissirraj"},"content":"        Scanner scanner \u003d new Scanner(System.in);","lastModifiedDate":"2023-09-15"},{"lineNumber":132,"author":{"gitId":"farissirraj"},"content":"        int taskCount \u003d 0;","lastModifiedDate":"2023-09-15"},{"lineNumber":133,"author":{"gitId":"farissirraj"},"content":"","lastModifiedDate":"2023-09-15"},{"lineNumber":134,"author":{"gitId":"farissirraj"},"content":"        while (true) {","lastModifiedDate":"2023-09-15"},{"lineNumber":135,"author":{"gitId":"farissirraj"},"content":"            String input \u003d scanner.nextLine();","lastModifiedDate":"2023-09-15"},{"lineNumber":136,"author":{"gitId":"farissirraj"},"content":"            String[] userInput \u003d input.trim().split(\"\\\\s+\");","lastModifiedDate":"2023-09-15"},{"lineNumber":137,"author":{"gitId":"farissirraj"},"content":"","lastModifiedDate":"2023-09-15"},{"lineNumber":138,"author":{"gitId":"farissirraj"},"content":"            DukeException exceptionHandler \u003d new DukeException(userInput);","lastModifiedDate":"2023-09-15"},{"lineNumber":139,"author":{"gitId":"farissirraj"},"content":"            exceptionHandler.checkInput();","lastModifiedDate":"2023-09-15"},{"lineNumber":140,"author":{"gitId":"farissirraj"},"content":"","lastModifiedDate":"2023-09-15"},{"lineNumber":141,"author":{"gitId":"farissirraj"},"content":"            if (!exceptionHandler.exception) {","lastModifiedDate":"2023-09-15"},{"lineNumber":142,"author":{"gitId":"farissirraj"},"content":"                switch (userInput[0]) {","lastModifiedDate":"2023-09-15"},{"lineNumber":143,"author":{"gitId":"farissirraj"},"content":"                case \"mark\":","lastModifiedDate":"2023-09-15"},{"lineNumber":144,"author":{"gitId":"farissirraj"},"content":"                    markItem(Integer.parseInt(userInput[1]) - 1, true);","lastModifiedDate":"2023-09-15"},{"lineNumber":145,"author":{"gitId":"farissirraj"},"content":"                    break;","lastModifiedDate":"2023-09-15"},{"lineNumber":146,"author":{"gitId":"farissirraj"},"content":"                case \"unmark\":","lastModifiedDate":"2023-09-15"},{"lineNumber":147,"author":{"gitId":"farissirraj"},"content":"                    markItem(Integer.parseInt(userInput[1]) - 1, false);","lastModifiedDate":"2023-09-15"},{"lineNumber":148,"author":{"gitId":"farissirraj"},"content":"                    break;","lastModifiedDate":"2023-09-15"},{"lineNumber":149,"author":{"gitId":"farissirraj"},"content":"                case \"bye\":","lastModifiedDate":"2023-09-15"},{"lineNumber":150,"author":{"gitId":"farissirraj"},"content":"                    exitChatbot();","lastModifiedDate":"2023-09-15"},{"lineNumber":151,"author":{"gitId":"farissirraj"},"content":"                    System.exit(0);","lastModifiedDate":"2023-09-15"},{"lineNumber":152,"author":{"gitId":"farissirraj"},"content":"                    break;","lastModifiedDate":"2023-09-15"},{"lineNumber":153,"author":{"gitId":"farissirraj"},"content":"                case \"list\":","lastModifiedDate":"2023-09-15"},{"lineNumber":154,"author":{"gitId":"farissirraj"},"content":"                    listItems(taskCount);","lastModifiedDate":"2023-09-15"},{"lineNumber":155,"author":{"gitId":"farissirraj"},"content":"                    break;","lastModifiedDate":"2023-09-15"},{"lineNumber":156,"author":{"gitId":"farissirraj"},"content":"                default:","lastModifiedDate":"2023-09-15"},{"lineNumber":157,"author":{"gitId":"farissirraj"},"content":"                    addTasks(userInput, taskCount);","lastModifiedDate":"2023-09-15"},{"lineNumber":158,"author":{"gitId":"farissirraj"},"content":"                    taskCount++;","lastModifiedDate":"2023-09-15"},{"lineNumber":159,"author":{"gitId":"farissirraj"},"content":"                    break;","lastModifiedDate":"2023-09-15"},{"lineNumber":160,"author":{"gitId":"farissirraj"},"content":"                }","lastModifiedDate":"2023-09-15"},{"lineNumber":161,"author":{"gitId":"farissirraj"},"content":"            }","lastModifiedDate":"2023-09-15"},{"lineNumber":162,"author":{"gitId":"farissirraj"},"content":"        }","lastModifiedDate":"2023-09-15"},{"lineNumber":163,"author":{"gitId":"farissirraj"},"content":"    }","lastModifiedDate":"2023-09-15"},{"lineNumber":164,"author":{"gitId":"farissirraj"},"content":"","lastModifiedDate":"2023-09-15"},{"lineNumber":165,"author":{"gitId":"-"},"content":"    public static void main(String[] args) {","lastModifiedDate":"2023-09-01"},{"lineNumber":166,"author":{"gitId":"farissirraj"},"content":"        Duke duke \u003d new Duke();","lastModifiedDate":"2023-09-15"},{"lineNumber":167,"author":{"gitId":"farissirraj"},"content":"        duke.printGreeting();","lastModifiedDate":"2023-09-15"},{"lineNumber":168,"author":{"gitId":"farissirraj"},"content":"        duke.getInput();","lastModifiedDate":"2023-09-15"},{"lineNumber":169,"author":{"gitId":"-"},"content":"    }","lastModifiedDate":"2019-07-29"},{"lineNumber":170,"author":{"gitId":"-"},"content":"}","lastModifiedDate":"2019-07-29"}],"authorContributionMap":{"-":5,"farissirraj":165}},{"path":"src/main/java/duke/Deadline.java","fileType":"java","lines":[{"lineNumber":1,"author":{"gitId":"farissirraj"},"content":"package duke;","lastModifiedDate":"2023-09-09"},{"lineNumber":2,"author":{"gitId":"farissirraj"},"content":"public class Deadline extends Task {","lastModifiedDate":"2023-09-09"},{"lineNumber":3,"author":{"gitId":"farissirraj"},"content":"","lastModifiedDate":"2023-09-09"},{"lineNumber":4,"author":{"gitId":"farissirraj"},"content":"    public Deadline(String description, String by) {","lastModifiedDate":"2023-09-09"},{"lineNumber":5,"author":{"gitId":"farissirraj"},"content":"        super(description);","lastModifiedDate":"2023-09-09"},{"lineNumber":6,"author":{"gitId":"farissirraj"},"content":"        super.taskType \u003d \"deadline\";","lastModifiedDate":"2023-09-09"},{"lineNumber":7,"author":{"gitId":"farissirraj"},"content":"        super.deadline \u003d by;","lastModifiedDate":"2023-09-09"},{"lineNumber":8,"author":{"gitId":"farissirraj"},"content":"    }","lastModifiedDate":"2023-09-09"},{"lineNumber":9,"author":{"gitId":"farissirraj"},"content":"}","lastModifiedDate":"2023-09-09"}],"authorContributionMap":{"farissirraj":9}},{"path":"src/main/java/duke/DukeException.java","fileType":"java","lines":[{"lineNumber":1,"author":{"gitId":"farissirraj"},"content":"package duke;","lastModifiedDate":"2023-09-09"},{"lineNumber":2,"author":{"gitId":"farissirraj"},"content":"import java.util.Arrays;","lastModifiedDate":"2023-09-09"},{"lineNumber":3,"author":{"gitId":"farissirraj"},"content":"import java.util.Collections;","lastModifiedDate":"2023-09-09"},{"lineNumber":4,"author":{"gitId":"farissirraj"},"content":"","lastModifiedDate":"2023-09-09"},{"lineNumber":5,"author":{"gitId":"farissirraj"},"content":"public class DukeException {","lastModifiedDate":"2023-09-09"},{"lineNumber":6,"author":{"gitId":"farissirraj"},"content":"","lastModifiedDate":"2023-09-09"},{"lineNumber":7,"author":{"gitId":"farissirraj"},"content":"    protected String command;","lastModifiedDate":"2023-09-09"},{"lineNumber":8,"author":{"gitId":"farissirraj"},"content":"    protected String[] userInput;","lastModifiedDate":"2023-09-09"},{"lineNumber":9,"author":{"gitId":"farissirraj"},"content":"    public boolean exception;","lastModifiedDate":"2023-09-09"},{"lineNumber":10,"author":{"gitId":"farissirraj"},"content":"","lastModifiedDate":"2023-09-09"},{"lineNumber":11,"author":{"gitId":"farissirraj"},"content":"    public DukeException(String[] userInput){","lastModifiedDate":"2023-09-09"},{"lineNumber":12,"author":{"gitId":"farissirraj"},"content":"        this.userInput \u003d userInput;","lastModifiedDate":"2023-09-09"},{"lineNumber":13,"author":{"gitId":"farissirraj"},"content":"        this.command \u003d userInput[0];","lastModifiedDate":"2023-09-09"},{"lineNumber":14,"author":{"gitId":"farissirraj"},"content":"        this.exception \u003d false;","lastModifiedDate":"2023-09-09"},{"lineNumber":15,"author":{"gitId":"farissirraj"},"content":"    }","lastModifiedDate":"2023-09-09"},{"lineNumber":16,"author":{"gitId":"farissirraj"},"content":"","lastModifiedDate":"2023-09-09"},{"lineNumber":17,"author":{"gitId":"farissirraj"},"content":"    public void checkInput(){","lastModifiedDate":"2023-09-09"},{"lineNumber":18,"author":{"gitId":"farissirraj"},"content":"        // Repeated commands, empty entries","lastModifiedDate":"2023-09-09"},{"lineNumber":19,"author":{"gitId":"farissirraj"},"content":"        switch (this.command) {","lastModifiedDate":"2023-09-09"},{"lineNumber":20,"author":{"gitId":"farissirraj"},"content":"        case \"mark\":","lastModifiedDate":"2023-09-09"},{"lineNumber":21,"author":{"gitId":"farissirraj"},"content":"        case \"unmark\":","lastModifiedDate":"2023-09-09"},{"lineNumber":22,"author":{"gitId":"farissirraj"},"content":"            if (this.userInput.length \u003d\u003d 2 \u0026\u0026 Integer.parseInt(this.userInput[1]) \u003e 0){","lastModifiedDate":"2023-09-09"},{"lineNumber":23,"author":{"gitId":"farissirraj"},"content":"                break;","lastModifiedDate":"2023-09-09"},{"lineNumber":24,"author":{"gitId":"farissirraj"},"content":"            } else {","lastModifiedDate":"2023-09-09"},{"lineNumber":25,"author":{"gitId":"farissirraj"},"content":"                customError(\"You have entered an invalid index\");","lastModifiedDate":"2023-09-09"},{"lineNumber":26,"author":{"gitId":"farissirraj"},"content":"                this.exception \u003d true;","lastModifiedDate":"2023-09-09"},{"lineNumber":27,"author":{"gitId":"farissirraj"},"content":"            }","lastModifiedDate":"2023-09-09"},{"lineNumber":28,"author":{"gitId":"farissirraj"},"content":"            break;","lastModifiedDate":"2023-09-09"},{"lineNumber":29,"author":{"gitId":"farissirraj"},"content":"        case \"bye\":","lastModifiedDate":"2023-09-09"},{"lineNumber":30,"author":{"gitId":"farissirraj"},"content":"        case \"list\":","lastModifiedDate":"2023-09-09"},{"lineNumber":31,"author":{"gitId":"farissirraj"},"content":"            if (this.userInput.length \u003c 2){","lastModifiedDate":"2023-09-09"},{"lineNumber":32,"author":{"gitId":"farissirraj"},"content":"                break;","lastModifiedDate":"2023-09-09"},{"lineNumber":33,"author":{"gitId":"farissirraj"},"content":"            } else {","lastModifiedDate":"2023-09-09"},{"lineNumber":34,"author":{"gitId":"farissirraj"},"content":"                this.exception \u003d true;","lastModifiedDate":"2023-09-09"},{"lineNumber":35,"author":{"gitId":"farissirraj"},"content":"                unknownCommand();","lastModifiedDate":"2023-09-09"},{"lineNumber":36,"author":{"gitId":"farissirraj"},"content":"            }","lastModifiedDate":"2023-09-09"},{"lineNumber":37,"author":{"gitId":"farissirraj"},"content":"            break;","lastModifiedDate":"2023-09-09"},{"lineNumber":38,"author":{"gitId":"farissirraj"},"content":"        case \"todo\":","lastModifiedDate":"2023-09-09"},{"lineNumber":39,"author":{"gitId":"farissirraj"},"content":"            if (this.userInput.length \u003c\u003d 1) {","lastModifiedDate":"2023-09-09"},{"lineNumber":40,"author":{"gitId":"farissirraj"},"content":"                emptyDescription();","lastModifiedDate":"2023-09-09"},{"lineNumber":41,"author":{"gitId":"farissirraj"},"content":"                this.exception \u003d true;","lastModifiedDate":"2023-09-09"},{"lineNumber":42,"author":{"gitId":"farissirraj"},"content":"            }","lastModifiedDate":"2023-09-09"},{"lineNumber":43,"author":{"gitId":"farissirraj"},"content":"            break;","lastModifiedDate":"2023-09-09"},{"lineNumber":44,"author":{"gitId":"farissirraj"},"content":"        case \"deadline\":","lastModifiedDate":"2023-09-09"},{"lineNumber":45,"author":{"gitId":"farissirraj"},"content":"            int byCount \u003d Collections.frequency(Arrays.asList(this.userInput), \"/by\");","lastModifiedDate":"2023-09-09"},{"lineNumber":46,"author":{"gitId":"farissirraj"},"content":"            if (byCount \u003d\u003d 0 || byCount \u003e 1){","lastModifiedDate":"2023-09-09"},{"lineNumber":47,"author":{"gitId":"farissirraj"},"content":"                missingKeyword();","lastModifiedDate":"2023-09-09"},{"lineNumber":48,"author":{"gitId":"farissirraj"},"content":"                this.exception \u003d true;","lastModifiedDate":"2023-09-09"},{"lineNumber":49,"author":{"gitId":"farissirraj"},"content":"            }","lastModifiedDate":"2023-09-09"},{"lineNumber":50,"author":{"gitId":"farissirraj"},"content":"            break;","lastModifiedDate":"2023-09-09"},{"lineNumber":51,"author":{"gitId":"farissirraj"},"content":"        case \"event\":","lastModifiedDate":"2023-09-09"},{"lineNumber":52,"author":{"gitId":"farissirraj"},"content":"            int fromIndex \u003d Arrays.asList(userInput).indexOf(\"/from\");","lastModifiedDate":"2023-09-09"},{"lineNumber":53,"author":{"gitId":"farissirraj"},"content":"            int toIndex \u003d Arrays.asList(userInput).indexOf(\"/to\");","lastModifiedDate":"2023-09-09"},{"lineNumber":54,"author":{"gitId":"farissirraj"},"content":"            if (fromIndex \u003d\u003d -1 || toIndex \u003d\u003d -1){","lastModifiedDate":"2023-09-09"},{"lineNumber":55,"author":{"gitId":"farissirraj"},"content":"                missingKeyword();","lastModifiedDate":"2023-09-09"},{"lineNumber":56,"author":{"gitId":"farissirraj"},"content":"            }","lastModifiedDate":"2023-09-09"},{"lineNumber":57,"author":{"gitId":"farissirraj"},"content":"            exception \u003d true;","lastModifiedDate":"2023-09-09"},{"lineNumber":58,"author":{"gitId":"farissirraj"},"content":"            return;","lastModifiedDate":"2023-09-09"},{"lineNumber":59,"author":{"gitId":"farissirraj"},"content":"        default:","lastModifiedDate":"2023-09-09"},{"lineNumber":60,"author":{"gitId":"farissirraj"},"content":"            unknownCommand();","lastModifiedDate":"2023-09-09"},{"lineNumber":61,"author":{"gitId":"farissirraj"},"content":"        }","lastModifiedDate":"2023-09-09"},{"lineNumber":62,"author":{"gitId":"farissirraj"},"content":"    }","lastModifiedDate":"2023-09-09"},{"lineNumber":63,"author":{"gitId":"farissirraj"},"content":"","lastModifiedDate":"2023-09-09"},{"lineNumber":64,"author":{"gitId":"farissirraj"},"content":"    private static void printLine() {","lastModifiedDate":"2023-09-09"},{"lineNumber":65,"author":{"gitId":"farissirraj"},"content":"        System.out.println(\"    ____________________________________________________________\");","lastModifiedDate":"2023-09-09"},{"lineNumber":66,"author":{"gitId":"farissirraj"},"content":"    }","lastModifiedDate":"2023-09-09"},{"lineNumber":67,"author":{"gitId":"farissirraj"},"content":"","lastModifiedDate":"2023-09-09"},{"lineNumber":68,"author":{"gitId":"farissirraj"},"content":"    public void customError(String message){","lastModifiedDate":"2023-09-09"},{"lineNumber":69,"author":{"gitId":"farissirraj"},"content":"        printLine();","lastModifiedDate":"2023-09-09"},{"lineNumber":70,"author":{"gitId":"farissirraj"},"content":"        System.out.println(\"    ☹ OOPS!!! \" + message + \" :-(\");","lastModifiedDate":"2023-09-09"},{"lineNumber":71,"author":{"gitId":"farissirraj"},"content":"        printLine();","lastModifiedDate":"2023-09-09"},{"lineNumber":72,"author":{"gitId":"farissirraj"},"content":"        exception \u003d true;","lastModifiedDate":"2023-09-09"},{"lineNumber":73,"author":{"gitId":"farissirraj"},"content":"    }","lastModifiedDate":"2023-09-09"},{"lineNumber":74,"author":{"gitId":"farissirraj"},"content":"","lastModifiedDate":"2023-09-09"},{"lineNumber":75,"author":{"gitId":"farissirraj"},"content":"    public void unknownCommand(){","lastModifiedDate":"2023-09-09"},{"lineNumber":76,"author":{"gitId":"farissirraj"},"content":"        printLine();","lastModifiedDate":"2023-09-09"},{"lineNumber":77,"author":{"gitId":"farissirraj"},"content":"        System.out.println(\"    ☹ OOPS!!! I\u0027m sorry, but I don\u0027t know what that means :-(\");","lastModifiedDate":"2023-09-09"},{"lineNumber":78,"author":{"gitId":"farissirraj"},"content":"        printLine();","lastModifiedDate":"2023-09-09"},{"lineNumber":79,"author":{"gitId":"farissirraj"},"content":"        exception \u003d true;","lastModifiedDate":"2023-09-09"},{"lineNumber":80,"author":{"gitId":"farissirraj"},"content":"    }","lastModifiedDate":"2023-09-09"},{"lineNumber":81,"author":{"gitId":"farissirraj"},"content":"","lastModifiedDate":"2023-09-09"},{"lineNumber":82,"author":{"gitId":"farissirraj"},"content":"    private void emptyDescription(){","lastModifiedDate":"2023-09-09"},{"lineNumber":83,"author":{"gitId":"farissirraj"},"content":"        printLine();","lastModifiedDate":"2023-09-09"},{"lineNumber":84,"author":{"gitId":"farissirraj"},"content":"        System.out.println(\"    ☹ OOPS!!! The description of a \" + this.command + \" cannot be empty.\");","lastModifiedDate":"2023-09-09"},{"lineNumber":85,"author":{"gitId":"farissirraj"},"content":"        printLine();","lastModifiedDate":"2023-09-09"},{"lineNumber":86,"author":{"gitId":"farissirraj"},"content":"        exception \u003d true;","lastModifiedDate":"2023-09-09"},{"lineNumber":87,"author":{"gitId":"farissirraj"},"content":"    }","lastModifiedDate":"2023-09-09"},{"lineNumber":88,"author":{"gitId":"farissirraj"},"content":"","lastModifiedDate":"2023-09-09"},{"lineNumber":89,"author":{"gitId":"farissirraj"},"content":"    public void missingKeyword(){","lastModifiedDate":"2023-09-09"},{"lineNumber":90,"author":{"gitId":"farissirraj"},"content":"        printLine();","lastModifiedDate":"2023-09-09"},{"lineNumber":91,"author":{"gitId":"farissirraj"},"content":"        System.out.println(\"    ☹ OOPS!!! You are missing an important keyword\");","lastModifiedDate":"2023-09-09"},{"lineNumber":92,"author":{"gitId":"farissirraj"},"content":"        printLine();","lastModifiedDate":"2023-09-09"},{"lineNumber":93,"author":{"gitId":"farissirraj"},"content":"        exception \u003d true;","lastModifiedDate":"2023-09-09"},{"lineNumber":94,"author":{"gitId":"farissirraj"},"content":"    }","lastModifiedDate":"2023-09-09"},{"lineNumber":95,"author":{"gitId":"farissirraj"},"content":"}","lastModifiedDate":"2023-09-09"}],"authorContributionMap":{"farissirraj":95}},{"path":"src/main/java/duke/Event.java","fileType":"java","lines":[{"lineNumber":1,"author":{"gitId":"farissirraj"},"content":"package duke;","lastModifiedDate":"2023-09-09"},{"lineNumber":2,"author":{"gitId":"farissirraj"},"content":"public class Event extends Task{","lastModifiedDate":"2023-09-09"},{"lineNumber":3,"author":{"gitId":"farissirraj"},"content":"","lastModifiedDate":"2023-09-09"},{"lineNumber":4,"author":{"gitId":"farissirraj"},"content":"    public Event(String description, String from, String to) {","lastModifiedDate":"2023-09-09"},{"lineNumber":5,"author":{"gitId":"farissirraj"},"content":"        super(description);","lastModifiedDate":"2023-09-09"},{"lineNumber":6,"author":{"gitId":"farissirraj"},"content":"        super.taskType \u003d \"event\";","lastModifiedDate":"2023-09-09"},{"lineNumber":7,"author":{"gitId":"farissirraj"},"content":"        super.from \u003d from;","lastModifiedDate":"2023-09-09"},{"lineNumber":8,"author":{"gitId":"farissirraj"},"content":"        super.to \u003d to;","lastModifiedDate":"2023-09-09"},{"lineNumber":9,"author":{"gitId":"farissirraj"},"content":"    }","lastModifiedDate":"2023-09-09"},{"lineNumber":10,"author":{"gitId":"farissirraj"},"content":"}","lastModifiedDate":"2023-09-09"}],"authorContributionMap":{"farissirraj":10}},{"path":"src/main/java/duke/Task.java","fileType":"java","lines":[{"lineNumber":1,"author":{"gitId":"farissirraj"},"content":"package duke;","lastModifiedDate":"2023-09-09"},{"lineNumber":2,"author":{"gitId":"farissirraj"},"content":"","lastModifiedDate":"2023-09-09"},{"lineNumber":3,"author":{"gitId":"farissirraj"},"content":"public class Task {","lastModifiedDate":"2023-09-09"},{"lineNumber":4,"author":{"gitId":"farissirraj"},"content":"","lastModifiedDate":"2023-09-09"},{"lineNumber":5,"author":{"gitId":"farissirraj"},"content":"    public String description;","lastModifiedDate":"2023-09-09"},{"lineNumber":6,"author":{"gitId":"farissirraj"},"content":"    public boolean isDone;","lastModifiedDate":"2023-09-09"},{"lineNumber":7,"author":{"gitId":"farissirraj"},"content":"    public String taskType;","lastModifiedDate":"2023-09-09"},{"lineNumber":8,"author":{"gitId":"farissirraj"},"content":"    public String deadline;","lastModifiedDate":"2023-09-09"},{"lineNumber":9,"author":{"gitId":"farissirraj"},"content":"    public String from;","lastModifiedDate":"2023-09-09"},{"lineNumber":10,"author":{"gitId":"farissirraj"},"content":"    public String to;","lastModifiedDate":"2023-09-09"},{"lineNumber":11,"author":{"gitId":"farissirraj"},"content":"","lastModifiedDate":"2023-09-09"},{"lineNumber":12,"author":{"gitId":"farissirraj"},"content":"    public Task(String description){","lastModifiedDate":"2023-09-09"},{"lineNumber":13,"author":{"gitId":"farissirraj"},"content":"        this.description \u003d description;","lastModifiedDate":"2023-09-09"},{"lineNumber":14,"author":{"gitId":"farissirraj"},"content":"        this.isDone \u003d false;","lastModifiedDate":"2023-09-09"},{"lineNumber":15,"author":{"gitId":"farissirraj"},"content":"    }","lastModifiedDate":"2023-09-09"},{"lineNumber":16,"author":{"gitId":"farissirraj"},"content":"","lastModifiedDate":"2023-09-09"},{"lineNumber":17,"author":{"gitId":"farissirraj"},"content":"    public String getStatusIcon(){","lastModifiedDate":"2023-09-09"},{"lineNumber":18,"author":{"gitId":"farissirraj"},"content":"        if (this.isDone){","lastModifiedDate":"2023-09-09"},{"lineNumber":19,"author":{"gitId":"farissirraj"},"content":"            return \"[X]\";","lastModifiedDate":"2023-09-09"},{"lineNumber":20,"author":{"gitId":"farissirraj"},"content":"        }","lastModifiedDate":"2023-09-09"},{"lineNumber":21,"author":{"gitId":"farissirraj"},"content":"        return \"[ ]\";","lastModifiedDate":"2023-09-09"},{"lineNumber":22,"author":{"gitId":"farissirraj"},"content":"    }","lastModifiedDate":"2023-09-09"},{"lineNumber":23,"author":{"gitId":"farissirraj"},"content":"","lastModifiedDate":"2023-09-09"},{"lineNumber":24,"author":{"gitId":"farissirraj"},"content":"    public String getTaskTypeIcon(){","lastModifiedDate":"2023-09-09"},{"lineNumber":25,"author":{"gitId":"farissirraj"},"content":"        switch (this.taskType){","lastModifiedDate":"2023-09-09"},{"lineNumber":26,"author":{"gitId":"farissirraj"},"content":"        case \"todo\":","lastModifiedDate":"2023-09-09"},{"lineNumber":27,"author":{"gitId":"farissirraj"},"content":"            return \"[T]\";","lastModifiedDate":"2023-09-09"},{"lineNumber":28,"author":{"gitId":"farissirraj"},"content":"        case \"deadline\":","lastModifiedDate":"2023-09-09"},{"lineNumber":29,"author":{"gitId":"farissirraj"},"content":"            return \"[D]\";","lastModifiedDate":"2023-09-09"},{"lineNumber":30,"author":{"gitId":"farissirraj"},"content":"        case \"event\":","lastModifiedDate":"2023-09-09"},{"lineNumber":31,"author":{"gitId":"farissirraj"},"content":"            return \"[E]\";","lastModifiedDate":"2023-09-09"},{"lineNumber":32,"author":{"gitId":"farissirraj"},"content":"        default:","lastModifiedDate":"2023-09-09"},{"lineNumber":33,"author":{"gitId":"farissirraj"},"content":"            return \"[ ]\";","lastModifiedDate":"2023-09-09"},{"lineNumber":34,"author":{"gitId":"farissirraj"},"content":"        }","lastModifiedDate":"2023-09-09"},{"lineNumber":35,"author":{"gitId":"farissirraj"},"content":"    }","lastModifiedDate":"2023-09-09"},{"lineNumber":36,"author":{"gitId":"farissirraj"},"content":"}","lastModifiedDate":"2023-09-09"}],"authorContributionMap":{"farissirraj":36}},{"path":"src/main/java/duke/ToDo.java","fileType":"java","lines":[{"lineNumber":1,"author":{"gitId":"farissirraj"},"content":"package duke;","lastModifiedDate":"2023-09-09"},{"lineNumber":2,"author":{"gitId":"farissirraj"},"content":"","lastModifiedDate":"2023-09-09"},{"lineNumber":3,"author":{"gitId":"farissirraj"},"content":"public class ToDo extends Task{","lastModifiedDate":"2023-09-09"},{"lineNumber":4,"author":{"gitId":"farissirraj"},"content":"","lastModifiedDate":"2023-09-09"},{"lineNumber":5,"author":{"gitId":"farissirraj"},"content":"    public ToDo(String description) {","lastModifiedDate":"2023-09-09"},{"lineNumber":6,"author":{"gitId":"farissirraj"},"content":"        super(description);","lastModifiedDate":"2023-09-09"},{"lineNumber":7,"author":{"gitId":"farissirraj"},"content":"        super.taskType \u003d \"todo\";","lastModifiedDate":"2023-09-09"},{"lineNumber":8,"author":{"gitId":"farissirraj"},"content":"    }","lastModifiedDate":"2023-09-09"},{"lineNumber":9,"author":{"gitId":"farissirraj"},"content":"}","lastModifiedDate":"2023-09-09"}],"authorContributionMap":{"farissirraj":9}}]
