{"authorDailyContributionsMap":{"farissirraj":[{"date":"2023-08-23","commitResults":[{"hash":"fdd0e8e4743b62ec5960828515195ed8394707d5","isMergeCommit":false,"messageTitle":" Add new ASCII art and greeting messages","messageBody":"","fileTypesAndContributionMap":{"java":{"insertions":14,"deletions":5}}}]},{"date":"2023-09-01","commitResults":[{"hash":"d984da8ecf8f130e19a3ba5938caa99c1ba17086","isMergeCommit":false,"messageTitle":"Add input echoing and exit functionality","messageBody":"","fileTypesAndContributionMap":{"java":{"insertions":24,"deletions":2}}},{"hash":"ec0e5502295fb80b333919d281bd7f68494a27cc","isMergeCommit":false,"messageTitle":"Add indentations to output messages","messageBody":"","fileTypesAndContributionMap":{"java":{"insertions":11,"deletions":11}}},{"hash":"a8c573958546b6799d5be6176bf26290da347609","isMergeCommit":false,"messageTitle":"Initialise list to store data","messageBody":"","fileTypesAndContributionMap":{"java":{"insertions":3,"deletions":0}}},{"hash":"15183612e32e69cbf3a018bf45ffbe9baf07342f","isMergeCommit":false,"messageTitle":"Add item to list and echo it","messageBody":"","fileTypesAndContributionMap":{"java":{"insertions":3,"deletions":1}}},{"hash":"0391a4c7f834c46b00d2b98a02059f46d99dd37c","isMergeCommit":false,"messageTitle":"Implement method to list the items added","messageBody":"","fileTypesAndContributionMap":{"java":{"insertions":8,"deletions":0}}},{"hash":"9f62ac49b8b443d5072d98c40eee1271310f9b1a","isMergeCommit":false,"messageTitle":"Call the listItems method","messageBody":"","fileTypesAndContributionMap":{"java":{"insertions":2,"deletions":0}}},{"hash":"a4144240df2eb69a30a9b139a3675e5e9b2821fc","isMergeCommit":false,"messageTitle":"Move the greetings from main to a separate method","messageBody":"","fileTypesAndContributionMap":{"java":{"insertions":1,"deletions":21}}},{"hash":"eda29822ebaa005eddf52502a34607a449123f01","isMergeCommit":false,"messageTitle":"Move the greetings from main to a separate method","messageBody":"","fileTypesAndContributionMap":{"java":{"insertions":2,"deletions":2}}},{"hash":"27cff246b20175272ea426314f234a74c2384f1b","isMergeCommit":false,"messageTitle":"Implement method to print indented lines","messageBody":"","fileTypesAndContributionMap":{"java":{"insertions":19,"deletions":1}}},{"hash":"2f0088b27351dde15959d45135dabfca1acffb40","isMergeCommit":false,"messageTitle":"Initialise an array of task objects","messageBody":"","fileTypesAndContributionMap":{"java":{"insertions":1,"deletions":1}}},{"hash":"72f791e8269640493e3ef5de0bc2e91afe33fa08","isMergeCommit":false,"messageTitle":"Assign each task to its object and load the object on the task object array","messageBody":"","fileTypesAndContributionMap":{"java":{"insertions":4,"deletions":0}}},{"hash":"3fd6d0e18843cae8ee0406799e1ce75efbacc4c9","isMergeCommit":false,"messageTitle":"Echo the action based on the attributes of the created object","messageBody":"","fileTypesAndContributionMap":{"java":{"insertions":3,"deletions":0}}},{"hash":"bcc8a2418f607ee1439977be4f65980aa952ecaa","isMergeCommit":false,"messageTitle":"Implement indentation in the echo method","messageBody":"","fileTypesAndContributionMap":{"java":{"insertions":2,"deletions":0}}},{"hash":"ea4a4d34c6a4feabdaa0ea1cb29edbc9dea60990","isMergeCommit":false,"messageTitle":"Modify listItems method to print the list from the Task object array with object attributes","messageBody":"","fileTypesAndContributionMap":{"java":{"insertions":6,"deletions":0}}},{"hash":"95e5a22a6257f8f4fc8464938f3884e90d34c966","isMergeCommit":false,"messageTitle":"Modify markItems method to use the Task object list and check/uncheck based on a boolean flag","messageBody":"","fileTypesAndContributionMap":{"java":{"insertions":12,"deletions":0}}},{"hash":"d900056f5a229ec7f5826a61ff4fa8d2cc97be35","isMergeCommit":false,"messageTitle":"Implement checks for user input keywords - mark, unmark, list and bye","messageBody":"","fileTypesAndContributionMap":{"java":{"insertions":13,"deletions":9}}},{"hash":"16cbb7e5e65e67ccec6fcda8b77a895d5f067d57","isMergeCommit":false,"messageTitle":"Create new Task class","messageBody":"","fileTypesAndContributionMap":{"java":{"insertions":15,"deletions":0}}},{"hash":"59fa8e56bdd3adfb85af65b1aeacbf4ae15d6899","isMergeCommit":false,"messageTitle":"Change function names to follow Java coding standards","messageBody":"","fileTypesAndContributionMap":{"java":{"insertions":4,"deletions":4}}}]},{"date":"2023-09-06","commitResults":[{"hash":"923aa695f3a81574f4c0bf0ba18e5ef14a6aea60","isMergeCommit":false,"messageTitle":"Update attributes and getter function to handle Events","messageBody":"","fileTypesAndContributionMap":{"java":{"insertions":19,"deletions":2}}},{"hash":"f24e6bf98e825316f2b22f76bd160c56b3a9e169","isMergeCommit":false,"messageTitle":"Update main to handle Event inputs","messageBody":"","fileTypesAndContributionMap":{"java":{"insertions":74,"deletions":20}}}]},{"date":"2023-09-07","commitResults":[{"hash":"7c59514e85d59c30d106708f1bbd58498173ad80","isMergeCommit":false,"messageTitle":"Create a Deadline class which inherits from the Task class","messageBody":"","fileTypesAndContributionMap":{"java":{"insertions":8,"deletions":0}}},{"hash":"30b54a6fe4936a0fd15ebc7e6115877823f57137","isMergeCommit":false,"messageTitle":"Create a ToDo class which inherits from the Task class","messageBody":"","fileTypesAndContributionMap":{"java":{"insertions":16,"deletions":0}}},{"hash":"007aa1f09665785a617b197490210be836848524","isMergeCommit":false,"messageTitle":"Make changes to code layout","messageBody":"","fileTypesAndContributionMap":{"java":{"insertions":4,"deletions":2}}},{"hash":"2337b50780320e683b7c47b79e61887883108256","isMergeCommit":false,"messageTitle":"Implement the ToDo class","messageBody":"","fileTypesAndContributionMap":{"java":{"insertions":2,"deletions":4}}},{"hash":"66698ce776ff65d92ef7f94de767e7bf53d0326e","isMergeCommit":false,"messageTitle":"Implement the Deadline class","messageBody":"","fileTypesAndContributionMap":{"java":{"insertions":2,"deletions":4}}},{"hash":"e70d222588782dfd2d541f54ac98cd7af258ff2c","isMergeCommit":false,"messageTitle":"Implement the Event class","messageBody":"","fileTypesAndContributionMap":{"java":{"insertions":2,"deletions":6}}},{"hash":"4b2b0b3bff9331742b302254a8e0e84b3125321b","isMergeCommit":false,"messageTitle":"Remove redundant package imports","messageBody":"","fileTypesAndContributionMap":{"java":{"insertions":1,"deletions":0}}},{"hash":"c8a2dd059daef84db74f4a0dd7d37b062ca5955b","isMergeCommit":false,"messageTitle":"Remove redundant package imports","messageBody":"","fileTypesAndContributionMap":{"java":{"insertions":0,"deletions":1}}},{"hash":"e3226899b047e8a65e44b3faff1bab1c9a1022d3","isMergeCommit":false,"messageTitle":"Create new method to only handle adding new tasks (to help avoid deep nesting in the main)","messageBody":"","fileTypesAndContributionMap":{"java":{"insertions":22,"deletions":0}}},{"hash":"dd0223461259ff196434c74cca470d59bd2290a8","isMergeCommit":false,"messageTitle":"Change the names of variables to be in the context of the use case","messageBody":"","fileTypesAndContributionMap":{"java":{"insertions":35,"deletions":48}}},{"hash":"268e959f35492e2da4c843139e1edddb091b5251","isMergeCommit":false,"messageTitle":"Change the names of variables to be in the context of the use case","messageBody":"","fileTypesAndContributionMap":{"java":{"insertions":2,"deletions":2}}}]},{"date":"2023-09-09","commitResults":[{"hash":"cf348f8165da61aa4a90d2563c407fcdde13a47a","isMergeCommit":false,"messageTitle":"Import Java Arrays Package","messageBody":"","fileTypesAndContributionMap":{"java":{"insertions":1,"deletions":0}}},{"hash":"9a8e61b8f66dd712acf2b8b7ae01d2f5ab14223d","isMergeCommit":false,"messageTitle":"Improve code quality and remove repitive operations in the switch block","messageBody":"","fileTypesAndContributionMap":{"java":{"insertions":16,"deletions":7}}},{"hash":"2f2f379471763f505c0ff2d0a50204c9ba54045a","isMergeCommit":false,"messageTitle":"Replace the if-else block with a switch block and call the DukeException Class","messageBody":"","fileTypesAndContributionMap":{"java":{"insertions":20,"deletions":13}}},{"hash":"3a8b2002f0da40ba0138ca49d10ddc5b02119371","isMergeCommit":false,"messageTitle":"Replace the if-else block with a switch block and call the DukeException Class","messageBody":"","fileTypesAndContributionMap":{"java":{"insertions":1,"deletions":1}}},{"hash":"957b1c87356ee75b7a98e1c8d1f38e9671255240","isMergeCommit":false,"messageTitle":"Create a new DukeExceptions class to handle user input exceptions","messageBody":"","fileTypesAndContributionMap":{"java":{"insertions":94,"deletions":0}}},{"hash":"dbd9ae722f9fe0193be8bcdef18bbc92cc260303","isMergeCommit":true,"messageTitle":"Merge branch \u0027branch-Level-5\u0027","messageBody":"","fileTypesAndContributionMap":{}},{"hash":"4b85126dccfef5b0b099cb59d485b72d8493d402","isMergeCommit":false,"messageTitle":"Remove classes files from the java directory","messageBody":"","fileTypesAndContributionMap":{"java":{"insertions":0,"deletions":152}}},{"hash":"2c04c0b32e1a71ed4509d2e521381bb7d9ba73e8","isMergeCommit":false,"messageTitle":"Import relevant duke packages","messageBody":"","fileTypesAndContributionMap":{"java":{"insertions":5,"deletions":0}}},{"hash":"c8724f38ef69ac4fa7b8d46672f15661765991a3","isMergeCommit":false,"messageTitle":"Create a separate package file for Deadlines","messageBody":"","fileTypesAndContributionMap":{"java":{"insertions":9,"deletions":0}}},{"hash":"eee324e522d7afa2ca0289b24b08a90b97c312e3","isMergeCommit":false,"messageTitle":"Create a separate package file for DukeException","messageBody":"","fileTypesAndContributionMap":{"java":{"insertions":95,"deletions":0}}},{"hash":"20a9fa423ce88832e5cd3fa96f6dfadbbcf33f11","isMergeCommit":false,"messageTitle":"Create a separate package file for Event","messageBody":"","fileTypesAndContributionMap":{"java":{"insertions":10,"deletions":0}}},{"hash":"0185a3909643cfc11d58525e2317e2210ebbf5d1","isMergeCommit":false,"messageTitle":"Create a separate package file for Task","messageBody":"","fileTypesAndContributionMap":{"java":{"insertions":36,"deletions":0}}},{"hash":"4614c77d0f3dca63bceae4eb68578ade81611611","isMergeCommit":false,"messageTitle":"Create a separate package file for ToDo","messageBody":"","fileTypesAndContributionMap":{"java":{"insertions":9,"deletions":0}}}]},{"date":"2023-09-10","commitResults":[{"hash":"835f2d1e64af7c8f62e565707f728f35ed5e07b7","isMergeCommit":true,"messageTitle":"Merge branch \u0027branch-A-Packages\u0027","messageBody":"","fileTypesAndContributionMap":{}}]},{"date":"2023-09-15","commitResults":[{"hash":"ccba7658e2be38adb3e2f19a870423d88d8a6110","isMergeCommit":false,"messageTitle":"Create new function to receive input commands from the user","messageBody":"","fileTypesAndContributionMap":{"java":{"insertions":35,"deletions":0}}},{"hash":"f3dc20492f3424961d6020727727d7334776dd61","isMergeCommit":false,"messageTitle":"Instantiate a new Duke object inside the main","messageBody":"","fileTypesAndContributionMap":{"java":{"insertions":3,"deletions":35}}},{"hash":"09faf449a1c9402fd95465a0c98c8da8a0b3f95d","isMergeCommit":false,"messageTitle":"Move the taskList outside the main","messageBody":"","fileTypesAndContributionMap":{"java":{"insertions":4,"deletions":1}}},{"hash":"f56153b1cefef675b8940a8663c9cce516c8a589","isMergeCommit":false,"messageTitle":"Change functions to be non-static","messageBody":"","fileTypesAndContributionMap":{"java":{"insertions":6,"deletions":6}}},{"hash":"65e9ae4142bf2133fa5032878c10b02da920cd4a","isMergeCommit":false,"messageTitle":"Reference the private taskList in the Duke object","messageBody":"","fileTypesAndContributionMap":{"java":{"insertions":22,"deletions":22}}},{"hash":"f5d487770ce6272c3592be4a095d133d198f5e2f","isMergeCommit":false,"messageTitle":"Use ArrayLists to store the collection of tasks","messageBody":"","fileTypesAndContributionMap":{"java":{"insertions":2,"deletions":1}}},{"hash":"59b9deff0c965ee5979937d1332bbba7e7b3cf43","isMergeCommit":false,"messageTitle":"Change previous array functions to be used with ArrayLists","messageBody":"","fileTypesAndContributionMap":{"java":{"insertions":20,"deletions":19}}},{"hash":"c3249f1cb57c85215e87e3a4d905eab290868f74","isMergeCommit":false,"messageTitle":"Create a new function to add indent for task printing","messageBody":"","fileTypesAndContributionMap":{"java":{"insertions":5,"deletions":1}}},{"hash":"79105aef27045d8f302ca6417841ffcc703a677d","isMergeCommit":false,"messageTitle":"Use enhanced for loop with an object iterator to iterate through the taskList","messageBody":"","fileTypesAndContributionMap":{"java":{"insertions":4,"deletions":14}}},{"hash":"34b303840f3bb88c30871e662410b95734e60347","isMergeCommit":false,"messageTitle":"Add sanity check to check if the taskList is empty","messageBody":"","fileTypesAndContributionMap":{"java":{"insertions":2,"deletions":0}}},{"hash":"7ee347cb715a3f516dbf24e16e7104686d024a41","isMergeCommit":false,"messageTitle":"Use printTask method to print the task details","messageBody":"","fileTypesAndContributionMap":{"java":{"insertions":4,"deletions":18}}},{"hash":"b0e51da5a64776d09828ad37210ec420080fc72d","isMergeCommit":false,"messageTitle":"Add deleteTask and deleteTask callback methods","messageBody":"","fileTypesAndContributionMap":{"java":{"insertions":15,"deletions":0}}},{"hash":"fdb3d52f1739ecf4eeb8a8466d1eced82352a923","isMergeCommit":false,"messageTitle":"Incorporate the Exception Handler for the delete command","messageBody":"","fileTypesAndContributionMap":{"java":{"insertions":5,"deletions":3}}},{"hash":"82482ec8650c30c4e03bc81b387fdb26f5414dbc","isMergeCommit":false,"messageTitle":"Check for illegal index (delete)","messageBody":"","fileTypesAndContributionMap":{"java":{"insertions":9,"deletions":1}}},{"hash":"784391544eb49e0a56c04d98af5faf8c62a960fd","isMergeCommit":false,"messageTitle":"Create a printTask function to print the task details (Move it away from Duke)","messageBody":"","fileTypesAndContributionMap":{"java":{"insertions":16,"deletions":0}}}]},{"date":"2023-09-17","commitResults":[{"hash":"3511e0a2949177d89925af4496424a277eb9f116","isMergeCommit":false,"messageTitle":"Import relevant libraries","messageBody":"","fileTypesAndContributionMap":{"java":{"insertions":3,"deletions":1}}},{"hash":"dbeb4f7f07931d49cab6c54e3f352f35f2a85775","isMergeCommit":false,"messageTitle":"Initialise the writer to store all the tasks onto a text file","messageBody":"","fileTypesAndContributionMap":{"java":{"insertions":6,"deletions":1}}},{"hash":"d651a6b53267f61c9c3692733d3af188aa6f0d18","isMergeCommit":false,"messageTitle":"Initialise writer object","messageBody":"","fileTypesAndContributionMap":{"java":{"insertions":1,"deletions":0}}},{"hash":"685e6e1625408056410617622aa95554d33d91ae","isMergeCommit":false,"messageTitle":"Remove indentation","messageBody":"","fileTypesAndContributionMap":{"java":{"insertions":1,"deletions":1}}},{"hash":"d73c9a9040265e04017095f53d30e25dc6f7a09c","isMergeCommit":false,"messageTitle":"Close the file writer when exiting the chatbot","messageBody":"","fileTypesAndContributionMap":{"java":{"insertions":2,"deletions":1}}},{"hash":"24d053b8037dd609344d1e89b9f8e4a477f30521","isMergeCommit":false,"messageTitle":"Pass the object instead of the index of the task object in the list","messageBody":"","fileTypesAndContributionMap":{"java":{"insertions":14,"deletions":11}}},{"hash":"525b7d3841eef013dc0dfed395c399e9160499d9","isMergeCommit":false,"messageTitle":"Pass the object instead of the index of the task object in the list","messageBody":"","fileTypesAndContributionMap":{"java":{"insertions":1,"deletions":1}}},{"hash":"6b9289907542743497a663a79d6b94977b4d63b2","isMergeCommit":false,"messageTitle":"Modify input handler to catch IO Exceptions","messageBody":"","fileTypesAndContributionMap":{"java":{"insertions":2,"deletions":2}}},{"hash":"a31cbfe688e16271ccf4422afec3ad15854aa523","isMergeCommit":false,"messageTitle":"Call the initialise writer function","messageBody":"","fileTypesAndContributionMap":{"java":{"insertions":1,"deletions":2}}},{"hash":"59a2f0db77bdae896219306cba94bbfcec86cb72","isMergeCommit":false,"messageTitle":"Fix bug which constantly set the exception for the event to True","messageBody":"","fileTypesAndContributionMap":{"java":{"insertions":1,"deletions":1}}},{"hash":"18c25d2fd988b6659cc289e9c41c6204cefeaf96","isMergeCommit":false,"messageTitle":"Create a new function to create a log of the task to be stored on the text file","messageBody":"","fileTypesAndContributionMap":{"java":{"insertions":14,"deletions":0}}},{"hash":"ff091dd3234e75b3e6ded0a5acbd659036aa49c5","isMergeCommit":false,"messageTitle":"New file manager to write all the stored tasks to a text file and read from the written text file","messageBody":"","fileTypesAndContributionMap":{"java":{"insertions":53,"deletions":0}}},{"hash":"76e90a8844c5ca69c7d59ef29fe61409dc262f93","isMergeCommit":true,"messageTitle":"Merge branch \u0027branch-Level-6\u0027","messageBody":"","fileTypesAndContributionMap":{}},{"hash":"775e6e7e04b63218d5f0f2049e36313a030dde45","isMergeCommit":true,"messageTitle":"Resolve merge conflicts","messageBody":"","fileTypesAndContributionMap":{}},{"hash":"06ce052e0580d535b266c98f62e743e175fa5ac6","isMergeCommit":false,"messageTitle":"Merge branch \u0027branch-Level-7\u0027","messageBody":"","fileTypesAndContributionMap":{"java":{"insertions":0,"deletions":2}}}]},{"date":"2023-09-19","commitResults":[{"hash":"e15f04cad4501b413a3a62eda9e259b0f59c66a8","isMergeCommit":false,"messageTitle":"Implement initial feature to read stored task from a text file","messageBody":"","fileTypesAndContributionMap":{"java":{"insertions":22,"deletions":9}}},{"hash":"167a0d8cc2b624ebf9f263e2c4f608bd48afa6ad","isMergeCommit":false,"messageTitle":"Call upon the FileManager class to read from the text file and populate the taskList array","messageBody":"","fileTypesAndContributionMap":{"java":{"insertions":2,"deletions":2}}}]},{"date":"2023-09-20","commitResults":[{"hash":"897025b5c11b8f6b672117ab7dad14bd70510210","isMergeCommit":false,"messageTitle":"Add save function to write the array list to the text file when exiting the chatbot","messageBody":"","fileTypesAndContributionMap":{"java":{"insertions":14,"deletions":0}}},{"hash":"161a98c9fa1975e7ba1d60637c405e764648ae11","isMergeCommit":false,"messageTitle":"Call save function when removing the chatbot and remove writing to the txt file after every action","messageBody":"","fileTypesAndContributionMap":{"java":{"insertions":1,"deletions":3}}}]},{"date":"2023-09-21","commitResults":[{"hash":"9fa539c3c2d39ae5ac34db62e484013176dd0d6a","isMergeCommit":false,"messageTitle":"Add empty lines","messageBody":"","fileTypesAndContributionMap":{"java":{"insertions":1,"deletions":0}}},{"hash":"65cc7042a81a0fc945b974611bb43478d805f234","isMergeCommit":false,"messageTitle":"Remove blank spaces","messageBody":"","fileTypesAndContributionMap":{"java":{"insertions":0,"deletions":1}}}]},{"date":"2023-10-01","commitResults":[{"hash":"a08e01c6571e9a548d922591aa3807e0257ab0c0","isMergeCommit":false,"messageTitle":"Create UI Class to handle all UI related operations of the chatbot","messageBody":"","fileTypesAndContributionMap":{"txt":{"insertions":7,"deletions":0},"java":{"insertions":47,"deletions":0}}}]},{"date":"2023-10-02","commitResults":[{"hash":"c9078cc74d5df18f234e2dda426520de6fa7b4d2","isMergeCommit":false,"messageTitle":"New class to solely handle all operations related to manipulating the tasks","messageBody":"","fileTypesAndContributionMap":{"java":{"insertions":89,"deletions":0}}},{"hash":"894b25a85687f70166f3d90ba811b69c2f39a20a","isMergeCommit":false,"messageTitle":"New class to handle the inputs obtained from the user","messageBody":"","fileTypesAndContributionMap":{"java":{"insertions":45,"deletions":0}}},{"hash":"8a723aec03f683ae3995d162e2185bd9d35c9923","isMergeCommit":false,"messageTitle":"Refactor to handle specefic task related operations within the subclass","messageBody":"","fileTypesAndContributionMap":{"java":{"insertions":12,"deletions":2}}},{"hash":"7194f08ea196ac01a76a158f4784e01a6ffa64b8","isMergeCommit":false,"messageTitle":"Change arguments passed into the inherited Task subclasses","messageBody":"","fileTypesAndContributionMap":{"java":{"insertions":5,"deletions":3}}},{"hash":"1d6ec94c56c833c932c836812cd5ab2da7aa2851","isMergeCommit":false,"messageTitle":"Refactor to handle Event task related operations within the subclass","messageBody":"","fileTypesAndContributionMap":{"java":{"insertions":32,"deletions":4}}},{"hash":"4221f53b223eff880920638ae5859db09dab850f","isMergeCommit":false,"messageTitle":"Refactor code to abstract out functions and initialise new UI Object to handle printing related operations","messageBody":"","fileTypesAndContributionMap":{"java":{"insertions":14,"deletions":17}}},{"hash":"9bd126e0abf115c90c8c7e8ff2ade8040d34e201","isMergeCommit":false,"messageTitle":"Refactor code to handle all Deadline task related operations within the subclass","messageBody":"","fileTypesAndContributionMap":{"java":{"insertions":25,"deletions":3}}},{"hash":"1718e1ac7851deb5f58fa1da7eba39b70e83816a","isMergeCommit":false,"messageTitle":"Refactor code and move all input and data manipulation into their respective classes","messageBody":"","tags":["A-MoreOOP"],"fileTypesAndContributionMap":{"java":{"insertions":11,"deletions":156}}},{"hash":"cfef12102c163c0784640ea863d7b32ba770b0c8","isMergeCommit":false,"messageTitle":"Implement basic exception handling for the find command","messageBody":"","fileTypesAndContributionMap":{"java":{"insertions":1,"deletions":0}}},{"hash":"898027333f7f87212967be49be6bdb19a8415307","isMergeCommit":false,"messageTitle":"Implement callback function call for the find command","messageBody":"","fileTypesAndContributionMap":{"java":{"insertions":3,"deletions":0}}},{"hash":"0d9345d194351d2a5ea69ab0db4c3292cb5996c4","isMergeCommit":false,"messageTitle":"Remove redundant print statement","messageBody":"","fileTypesAndContributionMap":{"java":{"insertions":0,"deletions":1}}},{"hash":"2d14be7a0f92f2be8dabe50cea56755a3e1d7d68","isMergeCommit":false,"messageTitle":"Implement method to find task based on a given keyword","messageBody":"","tags":["Level-9"],"fileTypesAndContributionMap":{"java":{"insertions":17,"deletions":0}}},{"hash":"5d154639e6993ca2e3520446fef0bea54a1e8e1c","isMergeCommit":false,"messageTitle":"Javadocs added for the Deadline Subclass","messageBody":"","fileTypesAndContributionMap":{"java":{"insertions":15,"deletions":1}}},{"hash":"edd5916279f11d1f66ffa4655755502a21321841","isMergeCommit":false,"messageTitle":"Javadoc added for the DukeException Superclass","messageBody":"","fileTypesAndContributionMap":{"java":{"insertions":20,"deletions":1}}},{"hash":"474e648c323bb04b06c87b9859f30ee13f6a82ca","isMergeCommit":false,"messageTitle":"Javadocs added for the Event Subclass","messageBody":"","fileTypesAndContributionMap":{"java":{"insertions":21,"deletions":0}}},{"hash":"60a86c63c06d3c9636ee0e17d9f2a6dde70f64ae","isMergeCommit":false,"messageTitle":"Javadocs added for the FileManager Subclass","messageBody":"","fileTypesAndContributionMap":{"java":{"insertions":15,"deletions":0}}},{"hash":"52e608b2aace333b3cfd594455885d0dc3f0dc5a","isMergeCommit":false,"messageTitle":"Javadocs added for the Parser Class","messageBody":"","fileTypesAndContributionMap":{"java":{"insertions":6,"deletions":0}}},{"hash":"0b94e9f4bffa34fbc90c63b38d7fcb4cf58fae2d","isMergeCommit":false,"messageTitle":"Javadocs added for the Task Superclass","messageBody":"","fileTypesAndContributionMap":{"java":{"insertions":17,"deletions":0}}},{"hash":"ff30817b32df3fe44720febb1c63c8e86d1cdd5a","isMergeCommit":false,"messageTitle":"Javadocs added for the TaskList Class","messageBody":"","fileTypesAndContributionMap":{"java":{"insertions":30,"deletions":0}}},{"hash":"e4c57c7763ada1a0fe6e9f2f88a71f3e68546fec","isMergeCommit":false,"messageTitle":"Javadocs added for the ToDo Subclass","messageBody":"","fileTypesAndContributionMap":{"java":{"insertions":14,"deletions":0}}},{"hash":"529de5adcef7f77714b3ca25cb1fe8ca0d0a146d","isMergeCommit":false,"messageTitle":"Javadocs added for the Ui Class","messageBody":"","tags":["A-JavaDoc"],"fileTypesAndContributionMap":{"java":{"insertions":24,"deletions":0}}},{"hash":"042ddd098cbf55192aed53c08336ce29235872d6","isMergeCommit":false,"messageTitle":"Javadoc added for the Duke Class","messageBody":"","fileTypesAndContributionMap":{"java":{"insertions":3,"deletions":0}}},{"hash":"13da4425d0eafc4fa2f51ba76f9a0d0111a20bb8","isMergeCommit":true,"messageTitle":"Merge pull request #1 from farissirraj/branch-Level-9","messageBody":"Implement the \u0027find\u0027 command","fileTypesAndContributionMap":{}},{"hash":"378b0f23662497b83469df1b651c5b5aafa0c7c6","isMergeCommit":true,"messageTitle":"Merge pull request #2 from farissirraj/branch-A-JavaDoc","messageBody":"Added Javadoc to the Classes and functions.","fileTypesAndContributionMap":{}}]},{"date":"2023-10-03","commitResults":[{"hash":"350708bc806292db29d4785c45b8f79b2d47f3bd","isMergeCommit":false,"messageTitle":"Create initial version of the User Guide","messageBody":"","tags":["A-UserGuide"],"fileTypesAndContributionMap":{"md":{"insertions":89,"deletions":16}}}]},{"date":"2023-10-04","commitResults":[{"hash":"6124a50fa052bc5885ad25ecffee917fe221f79c","isMergeCommit":false,"messageTitle":"Update the code block formatting","messageBody":"","fileTypesAndContributionMap":{"md":{"insertions":8,"deletions":8}}}]}]},"authorFileTypeContributionMap":{"farissirraj":{"java":728,"md":79,"fxml":0,"sh":0,"bat":0,"gradle":0,"txt":7}},"authorContributionVariance":{"farissirraj":13920.953},"authorDisplayNameMap":{"farissirraj":"CS2113-W12-4 FARI..RRAJ"}}
