{"authorDailyContributionsMap":{"farissirraj":[{"date":"2023-08-23","commitResults":[{"hash":"7ff7f0079669a909f56fc7acb5bbbc4c74fd5356","isMergeCommit":false,"messageTitle":" Add new ASCII art and greeting messages","messageBody":"","fileTypesAndContributionMap":{"java":{"insertions":14,"deletions":5}}}]},{"date":"2023-09-01","commitResults":[{"hash":"603ce173870a4e4c612fb165517738966f6bdfab","isMergeCommit":false,"messageTitle":"Add input echoing and exit functionality","messageBody":"","tags":["Level-1"],"fileTypesAndContributionMap":{"java":{"insertions":24,"deletions":2}}},{"hash":"036e16fd3e62ea7d75ba7e3390b3d381a9ec01cf","isMergeCommit":false,"messageTitle":"Add indentations to output messages","messageBody":"","fileTypesAndContributionMap":{"java":{"insertions":11,"deletions":11}}},{"hash":"39bb5909cd0924eda79396834332e2441d5385e3","isMergeCommit":false,"messageTitle":"Initialise list to store data","messageBody":"","tags":["Level-2"],"fileTypesAndContributionMap":{"java":{"insertions":3,"deletions":0}}},{"hash":"21c4a68e9eb5f5cdf86dc7d5e85a5d85001aa7fc","isMergeCommit":false,"messageTitle":"Add item to list and echo it","messageBody":"","fileTypesAndContributionMap":{"java":{"insertions":3,"deletions":1}}},{"hash":"c23baee6c7b2de1b88fdf1fc312bde75bcdc3f53","isMergeCommit":false,"messageTitle":"Implement method to list the items added","messageBody":"","fileTypesAndContributionMap":{"java":{"insertions":8,"deletions":0}}},{"hash":"5c97105812350469a7482f371ee1c913502c0a02","isMergeCommit":false,"messageTitle":"Call the listItems method","messageBody":"","fileTypesAndContributionMap":{"java":{"insertions":2,"deletions":0}}},{"hash":"234df4e9e94d374bdee309523f2c3c059b15d39e","isMergeCommit":false,"messageTitle":"Move the greetings from main to a separate method","messageBody":"","fileTypesAndContributionMap":{"java":{"insertions":1,"deletions":21}}},{"hash":"445ac6884640ea933b268533b608fe86c765a58e","isMergeCommit":false,"messageTitle":"Move the greetings from main to a separate method","messageBody":"","fileTypesAndContributionMap":{"java":{"insertions":2,"deletions":2}}},{"hash":"b327e75a5b55d663bcc22d7fa4af6e8767cd8da7","isMergeCommit":false,"messageTitle":"Implement method to print indented lines","messageBody":"","fileTypesAndContributionMap":{"java":{"insertions":19,"deletions":1}}},{"hash":"f29a60ff708bfa18ad1b4c7b3d78e45ddac9c781","isMergeCommit":false,"messageTitle":"Initialise an array of task objects","messageBody":"","fileTypesAndContributionMap":{"java":{"insertions":1,"deletions":1}}},{"hash":"b4ab60206930adeb69e982cdbec47b31f528464f","isMergeCommit":false,"messageTitle":"Assign each task to its object and load the object on the task object array","messageBody":"","fileTypesAndContributionMap":{"java":{"insertions":4,"deletions":0}}},{"hash":"bda77c98b8cd5bb28b48d1c58e7c952b04765e81","isMergeCommit":false,"messageTitle":"Echo the action based on the attributes of the created object","messageBody":"","fileTypesAndContributionMap":{"java":{"insertions":3,"deletions":0}}},{"hash":"d9acda77a5233709d3d159b114fc10ba038429bc","isMergeCommit":false,"messageTitle":"Implement indentation in the echo method","messageBody":"","fileTypesAndContributionMap":{"java":{"insertions":2,"deletions":0}}},{"hash":"97a4c0df9ecd3ec1366e738e3ee701b8585e1d32","isMergeCommit":false,"messageTitle":"Modify listItems method to print the list from the Task object array with object attributes","messageBody":"","fileTypesAndContributionMap":{"java":{"insertions":6,"deletions":0}}},{"hash":"e5028d43b43d5d381ed4fac480c195bccf33b7c3","isMergeCommit":false,"messageTitle":"Modify markItems method to use the Task object list and check/uncheck based on a boolean flag","messageBody":"","tags":["Level-3"],"fileTypesAndContributionMap":{"java":{"insertions":12,"deletions":0}}},{"hash":"d8d9c7bf1351634f7fd5752ca069a83025f49b94","isMergeCommit":false,"messageTitle":"Implement checks for user input keywords - mark, unmark, list and bye","messageBody":"","fileTypesAndContributionMap":{"java":{"insertions":13,"deletions":9}}},{"hash":"9386cdd55aaf5e5d1b16f52f96d3a79fea2c9fe3","isMergeCommit":false,"messageTitle":"Create new Task class","messageBody":"","fileTypesAndContributionMap":{"java":{"insertions":15,"deletions":0}}},{"hash":"826e82504988393561fde0790332cd88ed2bada8","isMergeCommit":false,"messageTitle":"Change function names to follow Java coding standards","messageBody":"","tags":["A-CodingStandard"],"fileTypesAndContributionMap":{"java":{"insertions":4,"deletions":4}}}]},{"date":"2023-09-06","commitResults":[{"hash":"7948963842db8dce5c3495c38e3a1bc9496666e5","isMergeCommit":false,"messageTitle":"Update attributes and getter function to handle Events","messageBody":"","tags":["Level-4"],"fileTypesAndContributionMap":{"java":{"insertions":19,"deletions":2}}},{"hash":"6cf5c4f8c1eca2627df2eb8eb7df9d5d7a37eb1d","isMergeCommit":false,"messageTitle":"Update main to handle Event inputs","messageBody":"","fileTypesAndContributionMap":{"java":{"insertions":74,"deletions":20}}}]},{"date":"2023-09-07","commitResults":[{"hash":"9ed2121ac7e5423cfdcc84d2e05962de69802049","isMergeCommit":false,"messageTitle":"Create a Deadline class which inherits from the Task class","messageBody":"","fileTypesAndContributionMap":{"java":{"insertions":8,"deletions":0}}},{"hash":"50b778f6cdb955190304dd902adcf09eff87092a","isMergeCommit":false,"messageTitle":"Create a ToDo class which inherits from the Task class","messageBody":"","fileTypesAndContributionMap":{"java":{"insertions":16,"deletions":0}}},{"hash":"7361a2a79a85d0f9ec325c8bb7dcde6cda78a86b","isMergeCommit":false,"messageTitle":"Make changes to code layout","messageBody":"","fileTypesAndContributionMap":{"java":{"insertions":4,"deletions":2}}},{"hash":"720bb5a49d75479158655fa2b362b885a0ffe367","isMergeCommit":false,"messageTitle":"Implement the ToDo class","messageBody":"","fileTypesAndContributionMap":{"java":{"insertions":2,"deletions":4}}},{"hash":"d2a32012f125ed6f917d366d5a65db814167ad59","isMergeCommit":false,"messageTitle":"Implement the Deadline class","messageBody":"","fileTypesAndContributionMap":{"java":{"insertions":2,"deletions":4}}},{"hash":"86b4004a18f5cbc22429e3e810e6f07b943ab403","isMergeCommit":false,"messageTitle":"Implement the Event class","messageBody":"","fileTypesAndContributionMap":{"java":{"insertions":2,"deletions":6}}},{"hash":"469e4a56624e2d3cb7b6ac49f6fdf2e1473d4a27","isMergeCommit":false,"messageTitle":"Remove redundant package imports","messageBody":"","fileTypesAndContributionMap":{"java":{"insertions":1,"deletions":0}}},{"hash":"66ef9d254a6b4f54bd1762a23ae134820c1fd2d6","isMergeCommit":false,"messageTitle":"Remove redundant package imports","messageBody":"","fileTypesAndContributionMap":{"java":{"insertions":0,"deletions":1}}},{"hash":"7b9d9d8b0433496dbff2de0202b5408466ef82d2","isMergeCommit":false,"messageTitle":"Create new method to only handle adding new tasks (to help avoid deep nesting in the main)","messageBody":"","tags":["A-CodeQuality"],"fileTypesAndContributionMap":{"java":{"insertions":22,"deletions":0}}},{"hash":"2370235cc13f072fe1146fc612138c5b554dea3b","isMergeCommit":false,"messageTitle":"Change the names of variables to be in the context of the use case","messageBody":"","fileTypesAndContributionMap":{"java":{"insertions":35,"deletions":48}}},{"hash":"1136558a29617cb01d3d198b8e5344949da69cc6","isMergeCommit":false,"messageTitle":"Change the names of variables to be in the context of the use case","messageBody":"","fileTypesAndContributionMap":{"java":{"insertions":2,"deletions":2}}}]},{"date":"2023-09-09","commitResults":[{"hash":"6f9a8d4e7d8d6aafe7a12383f7696437de7815d3","isMergeCommit":false,"messageTitle":"Import Java Arrays Package","messageBody":"","fileTypesAndContributionMap":{"java":{"insertions":1,"deletions":0}}},{"hash":"3a13950bc9a6865d03cdaedd7c342a0a8f2ad13b","isMergeCommit":false,"messageTitle":"Improve code quality and remove repitive operations in the switch block","messageBody":"","fileTypesAndContributionMap":{"java":{"insertions":16,"deletions":7}}},{"hash":"f51917cdfd6385b482cc8ca4280f99c5db2e234d","isMergeCommit":false,"messageTitle":"Replace the if-else block with a switch block and call the DukeException Class","messageBody":"","fileTypesAndContributionMap":{"java":{"insertions":20,"deletions":13}}},{"hash":"c6fa07f17abd5a1f6f212cae09905293b0af223e","isMergeCommit":false,"messageTitle":"Replace the if-else block with a switch block and call the DukeException Class","messageBody":"","fileTypesAndContributionMap":{"java":{"insertions":1,"deletions":1}}},{"hash":"1736b1e9d15caa4e2e9e3a5178fa6e857ece48d2","isMergeCommit":false,"messageTitle":"Create a new DukeExceptions class to handle user input exceptions","messageBody":"","tags":["A-Exceptions"],"fileTypesAndContributionMap":{"java":{"insertions":94,"deletions":0}}},{"hash":"3f299612b65aee0abc8b2c2e85444faf06e1f319","isMergeCommit":true,"messageTitle":"Merge branch \u0027branch-Level-5\u0027","messageBody":"","tags":["Level-5"],"fileTypesAndContributionMap":{}},{"hash":"afc8b006dbc39b3efb119f46febc34d7e1322bd2","isMergeCommit":false,"messageTitle":"Remove classes files from the java directory","messageBody":"","fileTypesAndContributionMap":{"java":{"insertions":0,"deletions":152}}},{"hash":"8aba1d1d7ea189a6e9ac6be74659bf49993eb923","isMergeCommit":false,"messageTitle":"Import relevant duke packages","messageBody":"","fileTypesAndContributionMap":{"java":{"insertions":5,"deletions":0}}},{"hash":"d73e838335c35ebbdec949aed1baceadafaf0191","isMergeCommit":false,"messageTitle":"Create a separate package file for Deadlines","messageBody":"","tags":["A-Packages"],"fileTypesAndContributionMap":{"java":{"insertions":9,"deletions":0}}},{"hash":"7e5c1d18aa70af72308fcd94cbc8669e7ce785a0","isMergeCommit":false,"messageTitle":"Create a separate package file for DukeException","messageBody":"","fileTypesAndContributionMap":{"java":{"insertions":95,"deletions":0}}},{"hash":"11bfe8b8e65e0ac1c0f77f9c1073cdb3419b4600","isMergeCommit":false,"messageTitle":"Create a separate package file for Event","messageBody":"","fileTypesAndContributionMap":{"java":{"insertions":10,"deletions":0}}},{"hash":"f94a341b577b19409c605c71aa5edf747fb91462","isMergeCommit":false,"messageTitle":"Create a separate package file for Task","messageBody":"","fileTypesAndContributionMap":{"java":{"insertions":36,"deletions":0}}},{"hash":"1f7eaef499a68ad0dca4465b81438da782044976","isMergeCommit":false,"messageTitle":"Create a separate package file for ToDo","messageBody":"","fileTypesAndContributionMap":{"java":{"insertions":9,"deletions":0}}}]},{"date":"2023-09-10","commitResults":[{"hash":"8ccf323f5785f681f19dbe1ba09eebafd61dd488","isMergeCommit":true,"messageTitle":"Merge branch \u0027branch-A-Packages\u0027","messageBody":"","fileTypesAndContributionMap":{}}]},{"date":"2023-09-15","commitResults":[{"hash":"fdd28115bd70142a23266258872cf304e4fc73e5","isMergeCommit":false,"messageTitle":"Create new function to receive input commands from the user","messageBody":"","fileTypesAndContributionMap":{"java":{"insertions":35,"deletions":0}}},{"hash":"d1d1c82c6cfe7602441829d7d98434c4d11e074a","isMergeCommit":false,"messageTitle":"Instantiate a new Duke object inside the main","messageBody":"","fileTypesAndContributionMap":{"java":{"insertions":3,"deletions":35}}},{"hash":"34f0af3d084ba8512cd7fe4c427ba87150e5b837","isMergeCommit":false,"messageTitle":"Move the taskList outside the main","messageBody":"","fileTypesAndContributionMap":{"java":{"insertions":4,"deletions":1}}},{"hash":"a505743f2f6278d89906ae9793890780085cb529","isMergeCommit":false,"messageTitle":"Change functions to be non-static","messageBody":"","fileTypesAndContributionMap":{"java":{"insertions":6,"deletions":6}}},{"hash":"507f9484adbfbfca980cdca4196c023d7397474e","isMergeCommit":false,"messageTitle":"Reference the private taskList in the Duke object","messageBody":"","fileTypesAndContributionMap":{"java":{"insertions":22,"deletions":22}}},{"hash":"af529954f0195bff34f2fed60fed832bc2768069","isMergeCommit":false,"messageTitle":"Use ArrayLists to store the collection of tasks","messageBody":"","fileTypesAndContributionMap":{"java":{"insertions":2,"deletions":1}}},{"hash":"dd59f3c07c4b2cdad7b2e17882b2c6197c8f1286","isMergeCommit":false,"messageTitle":"Change previous array functions to be used with ArrayLists","messageBody":"","fileTypesAndContributionMap":{"java":{"insertions":20,"deletions":19}}}]}]},"authorFileTypeContributionMap":{"farissirraj":{"java":324,"md":0,"fxml":0,"sh":0,"bat":0,"gradle":0,"txt":0}},"authorContributionVariance":{"farissirraj":9690.577},"authorDisplayNameMap":{"farissirraj":"CS2113-W12-4 FARI..RRAJ"}}
