[{"path":"src/main/java/Duke/Command/Command.java","fileType":"java","lines":[{"lineNumber":1,"author":{"gitId":"yicheng-toh"},"content":"package Duke.Command;","lastModifiedDate":"2023-09-28"},{"lineNumber":2,"author":{"gitId":"yicheng-toh"},"content":"","lastModifiedDate":"2023-09-28"},{"lineNumber":3,"author":{"gitId":"yicheng-toh"},"content":"import Duke.Exception.InvalidDateTimeSpecifiedException;","lastModifiedDate":"2023-09-28"},{"lineNumber":4,"author":{"gitId":"yicheng-toh"},"content":"import Duke.Exception.NoTaskSpecifiedException;","lastModifiedDate":"2023-09-28"},{"lineNumber":5,"author":{"gitId":"yicheng-toh"},"content":"import Duke.Task.*;","lastModifiedDate":"2023-09-28"},{"lineNumber":6,"author":{"gitId":"yicheng-toh"},"content":"import Duke.Ui.Ui;","lastModifiedDate":"2023-09-28"},{"lineNumber":7,"author":{"gitId":"yicheng-toh"},"content":"","lastModifiedDate":"2023-09-28"},{"lineNumber":8,"author":{"gitId":"yicheng-toh"},"content":"import java.io.FileWriter;","lastModifiedDate":"2023-09-28"},{"lineNumber":9,"author":{"gitId":"yicheng-toh"},"content":"import java.io.IOException;","lastModifiedDate":"2023-09-28"},{"lineNumber":10,"author":{"gitId":"yicheng-toh"},"content":"","lastModifiedDate":"2023-09-28"},{"lineNumber":11,"author":{"gitId":"yicheng-toh"},"content":"import java.time.LocalDate;","lastModifiedDate":"2023-09-28"},{"lineNumber":12,"author":{"gitId":"yicheng-toh"},"content":"import java.time.format.DateTimeParseException;","lastModifiedDate":"2023-09-28"},{"lineNumber":13,"author":{"gitId":"yicheng-toh"},"content":"","lastModifiedDate":"2023-09-28"},{"lineNumber":14,"author":{"gitId":"yicheng-toh"},"content":"public class Command {","lastModifiedDate":"2023-09-28"},{"lineNumber":15,"author":{"gitId":"yicheng-toh"},"content":"","lastModifiedDate":"2023-09-28"},{"lineNumber":16,"author":{"gitId":"yicheng-toh"},"content":"    //TODO need to figure out how to eliminate the ui here","lastModifiedDate":"2023-09-28"},{"lineNumber":17,"author":{"gitId":"yicheng-toh"},"content":"    private static final Ui ui \u003d new Ui();","lastModifiedDate":"2023-09-28"},{"lineNumber":18,"author":{"gitId":"yicheng-toh"},"content":"","lastModifiedDate":"2023-09-28"},{"lineNumber":19,"author":{"gitId":"yicheng-toh"},"content":"","lastModifiedDate":"2023-09-28"},{"lineNumber":20,"author":{"gitId":"yicheng-toh"},"content":"    public static Task createDeadline(String removedInstructionString)","lastModifiedDate":"2023-09-28"},{"lineNumber":21,"author":{"gitId":"yicheng-toh"},"content":"            throws NoTaskSpecifiedException, InvalidDateTimeSpecifiedException {","lastModifiedDate":"2023-09-28"},{"lineNumber":22,"author":{"gitId":"yicheng-toh"},"content":"        //TODO need to catch lack of by here.","lastModifiedDate":"2023-09-28"},{"lineNumber":23,"author":{"gitId":"yicheng-toh"},"content":"        String taskDescription;","lastModifiedDate":"2023-09-28"},{"lineNumber":24,"author":{"gitId":"yicheng-toh"},"content":"        String byDateString;","lastModifiedDate":"2023-09-28"},{"lineNumber":25,"author":{"gitId":"yicheng-toh"},"content":"        LocalDate byDate;","lastModifiedDate":"2023-09-28"},{"lineNumber":26,"author":{"gitId":"yicheng-toh"},"content":"        try {","lastModifiedDate":"2023-09-28"},{"lineNumber":27,"author":{"gitId":"yicheng-toh"},"content":"            String dateIndicator \u003d \"/by\";","lastModifiedDate":"2023-09-28"},{"lineNumber":28,"author":{"gitId":"yicheng-toh"},"content":"            String[] deadlineContents \u003d removedInstructionString.split(dateIndicator, 2);","lastModifiedDate":"2023-09-28"},{"lineNumber":29,"author":{"gitId":"yicheng-toh"},"content":"            taskDescription \u003d deadlineContents[0].trim();","lastModifiedDate":"2023-09-28"},{"lineNumber":30,"author":{"gitId":"yicheng-toh"},"content":"            byDateString \u003d deadlineContents[1].trim();","lastModifiedDate":"2023-09-28"},{"lineNumber":31,"author":{"gitId":"yicheng-toh"},"content":"            byDate \u003d LocalDate.parse(byDateString);","lastModifiedDate":"2023-09-28"},{"lineNumber":32,"author":{"gitId":"yicheng-toh"},"content":"","lastModifiedDate":"2023-09-28"},{"lineNumber":33,"author":{"gitId":"yicheng-toh"},"content":"        } catch (ArrayIndexOutOfBoundsException | DateTimeParseException e) {","lastModifiedDate":"2023-09-28"},{"lineNumber":34,"author":{"gitId":"yicheng-toh"},"content":"            throw new InvalidDateTimeSpecifiedException();","lastModifiedDate":"2023-09-28"},{"lineNumber":35,"author":{"gitId":"yicheng-toh"},"content":"        }","lastModifiedDate":"2023-09-28"},{"lineNumber":36,"author":{"gitId":"yicheng-toh"},"content":"        if (taskDescription.isEmpty()) {","lastModifiedDate":"2023-09-28"},{"lineNumber":37,"author":{"gitId":"yicheng-toh"},"content":"            throw new NoTaskSpecifiedException();","lastModifiedDate":"2023-09-28"},{"lineNumber":38,"author":{"gitId":"yicheng-toh"},"content":"        }","lastModifiedDate":"2023-09-28"},{"lineNumber":39,"author":{"gitId":"yicheng-toh"},"content":"","lastModifiedDate":"2023-09-28"},{"lineNumber":40,"author":{"gitId":"yicheng-toh"},"content":"        return new Deadline(taskDescription, byDate);","lastModifiedDate":"2023-09-28"},{"lineNumber":41,"author":{"gitId":"yicheng-toh"},"content":"    }","lastModifiedDate":"2023-09-28"},{"lineNumber":42,"author":{"gitId":"yicheng-toh"},"content":"","lastModifiedDate":"2023-09-28"},{"lineNumber":43,"author":{"gitId":"yicheng-toh"},"content":"    public static Task createToDo(String taskDescription) throws NoTaskSpecifiedException {","lastModifiedDate":"2023-09-28"},{"lineNumber":44,"author":{"gitId":"yicheng-toh"},"content":"        taskDescription \u003d taskDescription.trim();","lastModifiedDate":"2023-09-28"},{"lineNumber":45,"author":{"gitId":"yicheng-toh"},"content":"        if (taskDescription.isEmpty()) {","lastModifiedDate":"2023-09-28"},{"lineNumber":46,"author":{"gitId":"yicheng-toh"},"content":"            throw new NoTaskSpecifiedException();","lastModifiedDate":"2023-09-28"},{"lineNumber":47,"author":{"gitId":"yicheng-toh"},"content":"        }","lastModifiedDate":"2023-09-28"},{"lineNumber":48,"author":{"gitId":"yicheng-toh"},"content":"        return new ToDo(taskDescription);","lastModifiedDate":"2023-09-28"},{"lineNumber":49,"author":{"gitId":"yicheng-toh"},"content":"    }","lastModifiedDate":"2023-09-28"},{"lineNumber":50,"author":{"gitId":"yicheng-toh"},"content":"","lastModifiedDate":"2023-09-28"},{"lineNumber":51,"author":{"gitId":"yicheng-toh"},"content":"    public static void executeMarkCommand(String removedInstructionString, TaskList records) {","lastModifiedDate":"2023-09-28"},{"lineNumber":52,"author":{"gitId":"yicheng-toh"},"content":"        int taskNum;","lastModifiedDate":"2023-09-28"},{"lineNumber":53,"author":{"gitId":"yicheng-toh"},"content":"        try {","lastModifiedDate":"2023-09-28"},{"lineNumber":54,"author":{"gitId":"yicheng-toh"},"content":"            taskNum \u003d Integer.parseInt(removedInstructionString);","lastModifiedDate":"2023-09-28"},{"lineNumber":55,"author":{"gitId":"yicheng-toh"},"content":"            records.getTask(taskNum).setDone();","lastModifiedDate":"2023-09-28"},{"lineNumber":56,"author":{"gitId":"yicheng-toh"},"content":"            executeListCommand(records);","lastModifiedDate":"2023-09-28"},{"lineNumber":57,"author":{"gitId":"yicheng-toh"},"content":"        } catch (NumberFormatException e) {","lastModifiedDate":"2023-09-28"},{"lineNumber":58,"author":{"gitId":"yicheng-toh"},"content":"            System.out.println(\"Please enter an integer\");","lastModifiedDate":"2023-09-28"},{"lineNumber":59,"author":{"gitId":"yicheng-toh"},"content":"","lastModifiedDate":"2023-09-28"},{"lineNumber":60,"author":{"gitId":"yicheng-toh"},"content":"        } catch (NullPointerException | IndexOutOfBoundsException e) {","lastModifiedDate":"2023-09-28"},{"lineNumber":61,"author":{"gitId":"yicheng-toh"},"content":"            if (records.getNumTask() \u003d\u003d 0) {","lastModifiedDate":"2023-09-28"},{"lineNumber":62,"author":{"gitId":"yicheng-toh"},"content":"                System.out.println(\"Please create a task to continue\");","lastModifiedDate":"2023-09-28"},{"lineNumber":63,"author":{"gitId":"yicheng-toh"},"content":"            } else if (records.getNumTask() \u003d\u003d 1) {","lastModifiedDate":"2023-09-28"},{"lineNumber":64,"author":{"gitId":"yicheng-toh"},"content":"                System.out.println(\"There are \" + records.getNumTask() + \" task.\");","lastModifiedDate":"2023-09-28"},{"lineNumber":65,"author":{"gitId":"yicheng-toh"},"content":"                System.out.println(\"Please enter \u0027mark 1\u0027 to check the first task as completed\");","lastModifiedDate":"2023-09-28"},{"lineNumber":66,"author":{"gitId":"yicheng-toh"},"content":"            } else {","lastModifiedDate":"2023-09-28"},{"lineNumber":67,"author":{"gitId":"yicheng-toh"},"content":"                System.out.println(\"There are \" + records.getNumTask() + \" tasks.\");","lastModifiedDate":"2023-09-28"},{"lineNumber":68,"author":{"gitId":"yicheng-toh"},"content":"                System.out.println(\"Please enter a valid number from 1 to \" + records.getNumTask() + \"(inclusive).\");","lastModifiedDate":"2023-09-28"},{"lineNumber":69,"author":{"gitId":"yicheng-toh"},"content":"            }","lastModifiedDate":"2023-09-28"},{"lineNumber":70,"author":{"gitId":"yicheng-toh"},"content":"        }","lastModifiedDate":"2023-09-28"},{"lineNumber":71,"author":{"gitId":"yicheng-toh"},"content":"    }","lastModifiedDate":"2023-09-28"},{"lineNumber":72,"author":{"gitId":"yicheng-toh"},"content":"","lastModifiedDate":"2023-09-28"},{"lineNumber":73,"author":{"gitId":"yicheng-toh"},"content":"    public static void executeUnmarkCommand(String removedInstructionString, TaskList records) {","lastModifiedDate":"2023-09-28"},{"lineNumber":74,"author":{"gitId":"yicheng-toh"},"content":"        int taskNum;","lastModifiedDate":"2023-09-28"},{"lineNumber":75,"author":{"gitId":"yicheng-toh"},"content":"        try {","lastModifiedDate":"2023-09-28"},{"lineNumber":76,"author":{"gitId":"yicheng-toh"},"content":"            taskNum \u003d Integer.parseInt(removedInstructionString);","lastModifiedDate":"2023-09-28"},{"lineNumber":77,"author":{"gitId":"yicheng-toh"},"content":"            records.getTask(taskNum).setUndone();","lastModifiedDate":"2023-09-28"},{"lineNumber":78,"author":{"gitId":"yicheng-toh"},"content":"            executeListCommand(records);","lastModifiedDate":"2023-09-28"},{"lineNumber":79,"author":{"gitId":"yicheng-toh"},"content":"        } catch (NumberFormatException e) {","lastModifiedDate":"2023-09-28"},{"lineNumber":80,"author":{"gitId":"yicheng-toh"},"content":"            System.out.println(\"Please enter an integer\");","lastModifiedDate":"2023-09-28"},{"lineNumber":81,"author":{"gitId":"yicheng-toh"},"content":"        } catch (NullPointerException | IndexOutOfBoundsException e) {","lastModifiedDate":"2023-09-28"},{"lineNumber":82,"author":{"gitId":"yicheng-toh"},"content":"            if (records.getNumTask() \u003d\u003d 0) {","lastModifiedDate":"2023-09-28"},{"lineNumber":83,"author":{"gitId":"yicheng-toh"},"content":"                System.out.println(\"Please create a task to continue\");","lastModifiedDate":"2023-09-28"},{"lineNumber":84,"author":{"gitId":"yicheng-toh"},"content":"            } else if (records.getNumTask() \u003d\u003d 1) {","lastModifiedDate":"2023-09-28"},{"lineNumber":85,"author":{"gitId":"yicheng-toh"},"content":"                System.out.println(\"There are \" + records.getNumTask() + \" task.\");","lastModifiedDate":"2023-09-28"},{"lineNumber":86,"author":{"gitId":"yicheng-toh"},"content":"                System.out.println(\"Please enter \u0027mark 1\u0027 to check the first task as completed\");","lastModifiedDate":"2023-09-28"},{"lineNumber":87,"author":{"gitId":"yicheng-toh"},"content":"            } else {","lastModifiedDate":"2023-09-28"},{"lineNumber":88,"author":{"gitId":"yicheng-toh"},"content":"                System.out.println(\"There are \" + records.getNumTask() + \" tasks.\");","lastModifiedDate":"2023-09-28"},{"lineNumber":89,"author":{"gitId":"yicheng-toh"},"content":"                System.out.println(\"Please enter a valid number from 1 to \" + records.getNumTask() + \"(inclusive).\");","lastModifiedDate":"2023-09-28"},{"lineNumber":90,"author":{"gitId":"yicheng-toh"},"content":"            }","lastModifiedDate":"2023-09-28"},{"lineNumber":91,"author":{"gitId":"yicheng-toh"},"content":"        }","lastModifiedDate":"2023-09-28"},{"lineNumber":92,"author":{"gitId":"yicheng-toh"},"content":"    }","lastModifiedDate":"2023-09-28"},{"lineNumber":93,"author":{"gitId":"yicheng-toh"},"content":"","lastModifiedDate":"2023-09-28"},{"lineNumber":94,"author":{"gitId":"yicheng-toh"},"content":"    public static void createNewTask(String instructionString, String removedInstructionString,","lastModifiedDate":"2023-09-28"},{"lineNumber":95,"author":{"gitId":"yicheng-toh"},"content":"                                     TaskList records) {","lastModifiedDate":"2023-09-28"},{"lineNumber":96,"author":{"gitId":"yicheng-toh"},"content":"        Task task \u003d null;","lastModifiedDate":"2023-09-28"},{"lineNumber":97,"author":{"gitId":"yicheng-toh"},"content":"        try {","lastModifiedDate":"2023-09-28"},{"lineNumber":98,"author":{"gitId":"yicheng-toh"},"content":"            switch (instructionString) {","lastModifiedDate":"2023-09-28"},{"lineNumber":99,"author":{"gitId":"yicheng-toh"},"content":"            case \"todo\":","lastModifiedDate":"2023-09-28"},{"lineNumber":100,"author":{"gitId":"yicheng-toh"},"content":"                try {","lastModifiedDate":"2023-09-28"},{"lineNumber":101,"author":{"gitId":"yicheng-toh"},"content":"                    task \u003d createToDo(removedInstructionString);","lastModifiedDate":"2023-09-28"},{"lineNumber":102,"author":{"gitId":"yicheng-toh"},"content":"                } catch (NoTaskSpecifiedException e) {","lastModifiedDate":"2023-09-28"},{"lineNumber":103,"author":{"gitId":"yicheng-toh"},"content":"                    System.out.println(\"Please indicate the task for todo.\");","lastModifiedDate":"2023-09-28"},{"lineNumber":104,"author":{"gitId":"yicheng-toh"},"content":"                }","lastModifiedDate":"2023-09-28"},{"lineNumber":105,"author":{"gitId":"yicheng-toh"},"content":"                break;","lastModifiedDate":"2023-09-28"},{"lineNumber":106,"author":{"gitId":"yicheng-toh"},"content":"            case \"deadline\":","lastModifiedDate":"2023-09-28"},{"lineNumber":107,"author":{"gitId":"yicheng-toh"},"content":"                try {","lastModifiedDate":"2023-09-28"},{"lineNumber":108,"author":{"gitId":"yicheng-toh"},"content":"                    task \u003d createDeadline(removedInstructionString);","lastModifiedDate":"2023-09-28"},{"lineNumber":109,"author":{"gitId":"yicheng-toh"},"content":"                } catch (NoTaskSpecifiedException e) {","lastModifiedDate":"2023-09-28"},{"lineNumber":110,"author":{"gitId":"yicheng-toh"},"content":"                    System.out.println(\"Please indicate the task for deadline.\");","lastModifiedDate":"2023-09-28"},{"lineNumber":111,"author":{"gitId":"yicheng-toh"},"content":"                } catch (InvalidDateTimeSpecifiedException e) {","lastModifiedDate":"2023-09-28"},{"lineNumber":112,"author":{"gitId":"yicheng-toh"},"content":"                    System.out.println(\"Please indicate the end date for this deadline in yyyy-mm-dd format\");","lastModifiedDate":"2023-09-28"},{"lineNumber":113,"author":{"gitId":"yicheng-toh"},"content":"                }","lastModifiedDate":"2023-09-28"},{"lineNumber":114,"author":{"gitId":"yicheng-toh"},"content":"                break;","lastModifiedDate":"2023-09-28"},{"lineNumber":115,"author":{"gitId":"yicheng-toh"},"content":"            case \"event\":","lastModifiedDate":"2023-09-28"},{"lineNumber":116,"author":{"gitId":"yicheng-toh"},"content":"                try {","lastModifiedDate":"2023-09-28"},{"lineNumber":117,"author":{"gitId":"yicheng-toh"},"content":"                    task \u003d createEvent(removedInstructionString);","lastModifiedDate":"2023-09-28"},{"lineNumber":118,"author":{"gitId":"yicheng-toh"},"content":"                } catch (NoTaskSpecifiedException e) {","lastModifiedDate":"2023-09-28"},{"lineNumber":119,"author":{"gitId":"yicheng-toh"},"content":"                    System.out.println(\"Please indicate the task for event.\");","lastModifiedDate":"2023-09-28"},{"lineNumber":120,"author":{"gitId":"yicheng-toh"},"content":"                } catch (InvalidDateTimeSpecifiedException e) {","lastModifiedDate":"2023-09-28"},{"lineNumber":121,"author":{"gitId":"yicheng-toh"},"content":"                    System.out.println(\"Please indicate the start date and end date in yyyy-mm-dd format for this event.\");","lastModifiedDate":"2023-09-28"},{"lineNumber":122,"author":{"gitId":"yicheng-toh"},"content":"                }","lastModifiedDate":"2023-09-28"},{"lineNumber":123,"author":{"gitId":"yicheng-toh"},"content":"                break;","lastModifiedDate":"2023-09-28"},{"lineNumber":124,"author":{"gitId":"yicheng-toh"},"content":"            default:","lastModifiedDate":"2023-09-28"},{"lineNumber":125,"author":{"gitId":"yicheng-toh"},"content":"                System.out.println(\"Command is invalid!\");","lastModifiedDate":"2023-09-28"},{"lineNumber":126,"author":{"gitId":"yicheng-toh"},"content":"                break;","lastModifiedDate":"2023-09-28"},{"lineNumber":127,"author":{"gitId":"yicheng-toh"},"content":"            }","lastModifiedDate":"2023-09-28"},{"lineNumber":128,"author":{"gitId":"yicheng-toh"},"content":"            if (task !\u003d null) {","lastModifiedDate":"2023-09-28"},{"lineNumber":129,"author":{"gitId":"yicheng-toh"},"content":"                addTaskToList(task, records);","lastModifiedDate":"2023-09-28"},{"lineNumber":130,"author":{"gitId":"yicheng-toh"},"content":"                printTaskAdded(task, records);","lastModifiedDate":"2023-09-28"},{"lineNumber":131,"author":{"gitId":"yicheng-toh"},"content":"            }","lastModifiedDate":"2023-09-28"},{"lineNumber":132,"author":{"gitId":"yicheng-toh"},"content":"        } catch (StringIndexOutOfBoundsException e) {","lastModifiedDate":"2023-09-28"},{"lineNumber":133,"author":{"gitId":"yicheng-toh"},"content":"            System.out.println(\"Please ensure that \" + instructionString + \" has the correct number of parameters.\");","lastModifiedDate":"2023-09-28"},{"lineNumber":134,"author":{"gitId":"yicheng-toh"},"content":"        }","lastModifiedDate":"2023-09-28"},{"lineNumber":135,"author":{"gitId":"yicheng-toh"},"content":"    }","lastModifiedDate":"2023-09-28"},{"lineNumber":136,"author":{"gitId":"yicheng-toh"},"content":"","lastModifiedDate":"2023-09-28"},{"lineNumber":137,"author":{"gitId":"yicheng-toh"},"content":"    public static void deleteTask(String indexString, TaskList records) {","lastModifiedDate":"2023-09-28"},{"lineNumber":138,"author":{"gitId":"yicheng-toh"},"content":"        try {","lastModifiedDate":"2023-09-28"},{"lineNumber":139,"author":{"gitId":"yicheng-toh"},"content":"            int taskIndex \u003d Integer.parseInt(indexString);","lastModifiedDate":"2023-09-28"},{"lineNumber":140,"author":{"gitId":"yicheng-toh"},"content":"            Task task \u003d records.getTask(taskIndex);","lastModifiedDate":"2023-09-28"},{"lineNumber":141,"author":{"gitId":"yicheng-toh"},"content":"            records.deleteTask(taskIndex);","lastModifiedDate":"2023-09-28"},{"lineNumber":142,"author":{"gitId":"yicheng-toh"},"content":"            ui.printLine();","lastModifiedDate":"2023-09-28"},{"lineNumber":143,"author":{"gitId":"yicheng-toh"},"content":"            System.out.println(\"\\tNoted. I\u0027ve removed this task:\");","lastModifiedDate":"2023-09-28"},{"lineNumber":144,"author":{"gitId":"yicheng-toh"},"content":"            System.out.println(task);","lastModifiedDate":"2023-09-28"},{"lineNumber":145,"author":{"gitId":"yicheng-toh"},"content":"            System.out.println(\"\\tNow you have \" + records.getNumTask() + \" tasks in the list.\");","lastModifiedDate":"2023-09-28"},{"lineNumber":146,"author":{"gitId":"yicheng-toh"},"content":"            ui.printLine();","lastModifiedDate":"2023-09-28"},{"lineNumber":147,"author":{"gitId":"yicheng-toh"},"content":"        } catch (NumberFormatException e) {","lastModifiedDate":"2023-09-28"},{"lineNumber":148,"author":{"gitId":"yicheng-toh"},"content":"            System.out.println(\"Please enter a valid number.\");","lastModifiedDate":"2023-09-28"},{"lineNumber":149,"author":{"gitId":"yicheng-toh"},"content":"        } catch (IndexOutOfBoundsException e) {","lastModifiedDate":"2023-09-28"},{"lineNumber":150,"author":{"gitId":"yicheng-toh"},"content":"            System.out.println(\"There are only \" + records.getNumTask() + \" tasks.\");","lastModifiedDate":"2023-09-28"},{"lineNumber":151,"author":{"gitId":"yicheng-toh"},"content":"        }","lastModifiedDate":"2023-09-28"},{"lineNumber":152,"author":{"gitId":"yicheng-toh"},"content":"    }","lastModifiedDate":"2023-09-28"},{"lineNumber":153,"author":{"gitId":"yicheng-toh"},"content":"","lastModifiedDate":"2023-09-28"},{"lineNumber":154,"author":{"gitId":"yicheng-toh"},"content":"    public void saveTaskList(String filePath, TaskList records) throws IOException {","lastModifiedDate":"2023-09-28"},{"lineNumber":155,"author":{"gitId":"yicheng-toh"},"content":"        String taskSaveFormat;","lastModifiedDate":"2023-09-28"},{"lineNumber":156,"author":{"gitId":"yicheng-toh"},"content":"        FileWriter fw \u003d new FileWriter(filePath);","lastModifiedDate":"2023-09-28"},{"lineNumber":157,"author":{"gitId":"yicheng-toh"},"content":"","lastModifiedDate":"2023-09-28"},{"lineNumber":158,"author":{"gitId":"yicheng-toh"},"content":"        for (int i \u003d 1; i \u003c records.getNumTask() + 1; i++) {","lastModifiedDate":"2023-09-28"},{"lineNumber":159,"author":{"gitId":"yicheng-toh"},"content":"            taskSaveFormat \u003d records.getTask(i).convertToSaveFormat();","lastModifiedDate":"2023-09-28"},{"lineNumber":160,"author":{"gitId":"yicheng-toh"},"content":"            fw.write(taskSaveFormat + \"\\n\");","lastModifiedDate":"2023-09-28"},{"lineNumber":161,"author":{"gitId":"yicheng-toh"},"content":"        }","lastModifiedDate":"2023-09-28"},{"lineNumber":162,"author":{"gitId":"yicheng-toh"},"content":"        fw.close();","lastModifiedDate":"2023-09-28"},{"lineNumber":163,"author":{"gitId":"yicheng-toh"},"content":"    }","lastModifiedDate":"2023-09-28"},{"lineNumber":164,"author":{"gitId":"yicheng-toh"},"content":"","lastModifiedDate":"2023-09-28"},{"lineNumber":165,"author":{"gitId":"yicheng-toh"},"content":"    public static void executeListCommand(TaskList records) {","lastModifiedDate":"2023-09-28"},{"lineNumber":166,"author":{"gitId":"yicheng-toh"},"content":"        ui.printLine();","lastModifiedDate":"2023-09-28"},{"lineNumber":167,"author":{"gitId":"yicheng-toh"},"content":"        for (int i \u003d 1; i \u003c records.getNumTask() + 1; i++) {","lastModifiedDate":"2023-09-28"},{"lineNumber":168,"author":{"gitId":"yicheng-toh"},"content":"            System.out.println(records.getTask(i));","lastModifiedDate":"2023-09-28"},{"lineNumber":169,"author":{"gitId":"yicheng-toh"},"content":"        }","lastModifiedDate":"2023-09-28"},{"lineNumber":170,"author":{"gitId":"yicheng-toh"},"content":"        ui.printLine();","lastModifiedDate":"2023-09-28"},{"lineNumber":171,"author":{"gitId":"yicheng-toh"},"content":"    }","lastModifiedDate":"2023-09-28"},{"lineNumber":172,"author":{"gitId":"yicheng-toh"},"content":"","lastModifiedDate":"2023-09-28"},{"lineNumber":173,"author":{"gitId":"yicheng-toh"},"content":"    public static Task createEvent(String removedInstructionString) throws NoTaskSpecifiedException, InvalidDateTimeSpecifiedException {","lastModifiedDate":"2023-09-28"},{"lineNumber":174,"author":{"gitId":"yicheng-toh"},"content":"        String taskDescription;","lastModifiedDate":"2023-09-28"},{"lineNumber":175,"author":{"gitId":"yicheng-toh"},"content":"        String fromDateString;","lastModifiedDate":"2023-09-28"},{"lineNumber":176,"author":{"gitId":"yicheng-toh"},"content":"        String toDateString;","lastModifiedDate":"2023-09-28"},{"lineNumber":177,"author":{"gitId":"yicheng-toh"},"content":"        String startDateIndicator \u003d \"/from\";","lastModifiedDate":"2023-09-28"},{"lineNumber":178,"author":{"gitId":"yicheng-toh"},"content":"        String endDateIndicator \u003d \"/to\";","lastModifiedDate":"2023-09-28"},{"lineNumber":179,"author":{"gitId":"yicheng-toh"},"content":"        LocalDate fromDate;","lastModifiedDate":"2023-09-28"},{"lineNumber":180,"author":{"gitId":"yicheng-toh"},"content":"        LocalDate toDate;","lastModifiedDate":"2023-09-28"},{"lineNumber":181,"author":{"gitId":"yicheng-toh"},"content":"        String eventSplitNotation \u003d startDateIndicator + \"|\" + endDateIndicator;","lastModifiedDate":"2023-09-28"},{"lineNumber":182,"author":{"gitId":"yicheng-toh"},"content":"        String[] eventContents \u003d removedInstructionString.split(eventSplitNotation);","lastModifiedDate":"2023-09-28"},{"lineNumber":183,"author":{"gitId":"yicheng-toh"},"content":"        try {","lastModifiedDate":"2023-09-28"},{"lineNumber":184,"author":{"gitId":"yicheng-toh"},"content":"            taskDescription \u003d eventContents[0].trim();","lastModifiedDate":"2023-09-28"},{"lineNumber":185,"author":{"gitId":"yicheng-toh"},"content":"            fromDateString \u003d eventContents[1].trim();","lastModifiedDate":"2023-09-28"},{"lineNumber":186,"author":{"gitId":"yicheng-toh"},"content":"            toDateString \u003d eventContents[2].trim();","lastModifiedDate":"2023-09-28"},{"lineNumber":187,"author":{"gitId":"yicheng-toh"},"content":"            fromDate \u003d LocalDate.parse(fromDateString);","lastModifiedDate":"2023-09-28"},{"lineNumber":188,"author":{"gitId":"yicheng-toh"},"content":"            toDate \u003d LocalDate.parse(toDateString);","lastModifiedDate":"2023-09-28"},{"lineNumber":189,"author":{"gitId":"yicheng-toh"},"content":"            ","lastModifiedDate":"2023-09-28"},{"lineNumber":190,"author":{"gitId":"yicheng-toh"},"content":"        } catch (ArrayIndexOutOfBoundsException | DateTimeParseException e) {","lastModifiedDate":"2023-09-28"},{"lineNumber":191,"author":{"gitId":"yicheng-toh"},"content":"            throw new InvalidDateTimeSpecifiedException();","lastModifiedDate":"2023-09-28"},{"lineNumber":192,"author":{"gitId":"yicheng-toh"},"content":"        }","lastModifiedDate":"2023-09-28"},{"lineNumber":193,"author":{"gitId":"yicheng-toh"},"content":"        if (taskDescription.isEmpty()) {","lastModifiedDate":"2023-09-28"},{"lineNumber":194,"author":{"gitId":"yicheng-toh"},"content":"            throw new NoTaskSpecifiedException();","lastModifiedDate":"2023-09-28"},{"lineNumber":195,"author":{"gitId":"yicheng-toh"},"content":"        }","lastModifiedDate":"2023-09-28"},{"lineNumber":196,"author":{"gitId":"yicheng-toh"},"content":"     ","lastModifiedDate":"2023-09-28"},{"lineNumber":197,"author":{"gitId":"yicheng-toh"},"content":"        return new Event(taskDescription, fromDate, toDate);","lastModifiedDate":"2023-09-28"},{"lineNumber":198,"author":{"gitId":"yicheng-toh"},"content":"    }","lastModifiedDate":"2023-09-28"},{"lineNumber":199,"author":{"gitId":"yicheng-toh"},"content":"","lastModifiedDate":"2023-09-28"},{"lineNumber":200,"author":{"gitId":"yicheng-toh"},"content":"    public static void printTaskAdded(Task task, TaskList records) {","lastModifiedDate":"2023-09-28"},{"lineNumber":201,"author":{"gitId":"yicheng-toh"},"content":"        ui.printLine();","lastModifiedDate":"2023-09-28"},{"lineNumber":202,"author":{"gitId":"yicheng-toh"},"content":"        System.out.println(\"\\tGot it. I\u0027ve added this task:\");","lastModifiedDate":"2023-09-28"},{"lineNumber":203,"author":{"gitId":"yicheng-toh"},"content":"        System.out.println(\"\\t\" + task);","lastModifiedDate":"2023-09-28"},{"lineNumber":204,"author":{"gitId":"yicheng-toh"},"content":"        System.out.println(\"\\tNow you have \" + records.getNumTask() + \" tasks in the list.\");","lastModifiedDate":"2023-09-28"},{"lineNumber":205,"author":{"gitId":"yicheng-toh"},"content":"        ui.printLine();","lastModifiedDate":"2023-09-28"},{"lineNumber":206,"author":{"gitId":"yicheng-toh"},"content":"    }","lastModifiedDate":"2023-09-28"},{"lineNumber":207,"author":{"gitId":"yicheng-toh"},"content":"","lastModifiedDate":"2023-09-28"},{"lineNumber":208,"author":{"gitId":"yicheng-toh"},"content":"    public static void addTaskToList(Task task, TaskList records) {","lastModifiedDate":"2023-09-28"},{"lineNumber":209,"author":{"gitId":"yicheng-toh"},"content":"        records.addTask(task);","lastModifiedDate":"2023-09-28"},{"lineNumber":210,"author":{"gitId":"yicheng-toh"},"content":"    }","lastModifiedDate":"2023-09-28"},{"lineNumber":211,"author":{"gitId":"yicheng-toh"},"content":"","lastModifiedDate":"2023-09-28"},{"lineNumber":212,"author":{"gitId":"yicheng-toh"},"content":"    public static void findTasks(String keyword, TaskList records) {","lastModifiedDate":"2023-09-28"},{"lineNumber":213,"author":{"gitId":"yicheng-toh"},"content":"","lastModifiedDate":"2023-09-28"},{"lineNumber":214,"author":{"gitId":"yicheng-toh"},"content":"        TaskList tasksFound \u003d new TaskList();","lastModifiedDate":"2023-09-28"},{"lineNumber":215,"author":{"gitId":"yicheng-toh"},"content":"        Task task;","lastModifiedDate":"2023-09-28"},{"lineNumber":216,"author":{"gitId":"yicheng-toh"},"content":"        String taskDescription;","lastModifiedDate":"2023-09-28"},{"lineNumber":217,"author":{"gitId":"yicheng-toh"},"content":"","lastModifiedDate":"2023-09-28"},{"lineNumber":218,"author":{"gitId":"yicheng-toh"},"content":"        for (int i \u003d 1; i \u003c records.getNumTask() + 1; i++) {","lastModifiedDate":"2023-09-28"},{"lineNumber":219,"author":{"gitId":"yicheng-toh"},"content":"            task \u003d records.getTask(i);","lastModifiedDate":"2023-09-28"},{"lineNumber":220,"author":{"gitId":"yicheng-toh"},"content":"            taskDescription \u003d task.getDescription();","lastModifiedDate":"2023-09-28"},{"lineNumber":221,"author":{"gitId":"yicheng-toh"},"content":"            if (!taskDescription.contains(keyword)) {","lastModifiedDate":"2023-09-28"},{"lineNumber":222,"author":{"gitId":"yicheng-toh"},"content":"                continue;","lastModifiedDate":"2023-09-28"},{"lineNumber":223,"author":{"gitId":"yicheng-toh"},"content":"            }","lastModifiedDate":"2023-09-28"},{"lineNumber":224,"author":{"gitId":"yicheng-toh"},"content":"            tasksFound.addTask(task);","lastModifiedDate":"2023-09-28"},{"lineNumber":225,"author":{"gitId":"yicheng-toh"},"content":"        }","lastModifiedDate":"2023-09-28"},{"lineNumber":226,"author":{"gitId":"yicheng-toh"},"content":"        printTasksFound(keyword, tasksFound);","lastModifiedDate":"2023-09-28"},{"lineNumber":227,"author":{"gitId":"yicheng-toh"},"content":"    }","lastModifiedDate":"2023-09-28"},{"lineNumber":228,"author":{"gitId":"yicheng-toh"},"content":"","lastModifiedDate":"2023-09-28"},{"lineNumber":229,"author":{"gitId":"yicheng-toh"},"content":"    public static void printTasksFound(String keyword, TaskList records) {","lastModifiedDate":"2023-09-28"},{"lineNumber":230,"author":{"gitId":"yicheng-toh"},"content":"        if (records.getNumTask() \u003d\u003d 0) {","lastModifiedDate":"2023-09-28"},{"lineNumber":231,"author":{"gitId":"yicheng-toh"},"content":"            System.out.println(\"Sorry, we cannot find any task with the word \\\"\" + keyword + \"\\\"\");","lastModifiedDate":"2023-09-28"},{"lineNumber":232,"author":{"gitId":"yicheng-toh"},"content":"            return;","lastModifiedDate":"2023-09-28"},{"lineNumber":233,"author":{"gitId":"yicheng-toh"},"content":"        }","lastModifiedDate":"2023-09-28"},{"lineNumber":234,"author":{"gitId":"yicheng-toh"},"content":"","lastModifiedDate":"2023-09-28"},{"lineNumber":235,"author":{"gitId":"yicheng-toh"},"content":"        ui.printLine();","lastModifiedDate":"2023-09-28"},{"lineNumber":236,"author":{"gitId":"yicheng-toh"},"content":"        System.out.println(\"Here are your results:\\n\");","lastModifiedDate":"2023-09-28"},{"lineNumber":237,"author":{"gitId":"yicheng-toh"},"content":"","lastModifiedDate":"2023-09-28"},{"lineNumber":238,"author":{"gitId":"yicheng-toh"},"content":"        for (int i \u003d 1; i \u003c records.getNumTask() + 1; i++) {","lastModifiedDate":"2023-09-28"},{"lineNumber":239,"author":{"gitId":"yicheng-toh"},"content":"            System.out.println(records.getTask(i));","lastModifiedDate":"2023-09-28"},{"lineNumber":240,"author":{"gitId":"yicheng-toh"},"content":"        }","lastModifiedDate":"2023-09-28"},{"lineNumber":241,"author":{"gitId":"yicheng-toh"},"content":"","lastModifiedDate":"2023-09-28"},{"lineNumber":242,"author":{"gitId":"yicheng-toh"},"content":"        ui.printLine();","lastModifiedDate":"2023-09-28"},{"lineNumber":243,"author":{"gitId":"yicheng-toh"},"content":"    }","lastModifiedDate":"2023-09-28"},{"lineNumber":244,"author":{"gitId":"yicheng-toh"},"content":"}","lastModifiedDate":"2023-09-28"}],"authorContributionMap":{"yicheng-toh":244}},{"path":"src/main/java/Duke/Duke.java","fileType":"java","lines":[{"lineNumber":1,"author":{"gitId":"yicheng-toh"},"content":"package Duke;","lastModifiedDate":"2023-09-13"},{"lineNumber":2,"author":{"gitId":"yicheng-toh"},"content":"","lastModifiedDate":"2023-09-13"},{"lineNumber":3,"author":{"gitId":"yicheng-toh"},"content":"import Duke.Command.Command;","lastModifiedDate":"2023-09-28"},{"lineNumber":4,"author":{"gitId":"yicheng-toh"},"content":"import Duke.Parser.Parser;","lastModifiedDate":"2023-09-28"},{"lineNumber":5,"author":{"gitId":"yicheng-toh"},"content":"import Duke.Storage.Storage;","lastModifiedDate":"2023-09-28"},{"lineNumber":6,"author":{"gitId":"yicheng-toh"},"content":"import Duke.Task.TaskList;","lastModifiedDate":"2023-09-28"},{"lineNumber":7,"author":{"gitId":"yicheng-toh"},"content":"import Duke.Ui.Ui;","lastModifiedDate":"2023-09-28"},{"lineNumber":8,"author":{"gitId":"yicheng-toh"},"content":"","lastModifiedDate":"2023-09-13"},{"lineNumber":9,"author":{"gitId":"yicheng-toh"},"content":"import java.io.File;","lastModifiedDate":"2023-09-21"},{"lineNumber":10,"author":{"gitId":"yicheng-toh"},"content":"import java.io.FileNotFoundException;","lastModifiedDate":"2023-09-21"},{"lineNumber":11,"author":{"gitId":"yicheng-toh"},"content":"import java.io.IOException;","lastModifiedDate":"2023-09-21"},{"lineNumber":12,"author":{"gitId":"yicheng-toh"},"content":"","lastModifiedDate":"2023-09-21"},{"lineNumber":13,"author":{"gitId":"yicheng-toh"},"content":"import java.util.Scanner;","lastModifiedDate":"2023-08-29"},{"lineNumber":14,"author":{"gitId":"yicheng-toh"},"content":"","lastModifiedDate":"2023-08-29"},{"lineNumber":15,"author":{"gitId":"-"},"content":"public class Duke {","lastModifiedDate":"2019-07-29"},{"lineNumber":16,"author":{"gitId":"yicheng-toh"},"content":"","lastModifiedDate":"2023-09-18"},{"lineNumber":17,"author":{"gitId":"yicheng-toh"},"content":"    private final static String FILE_PATH \u003d \"data/duke.txt\";","lastModifiedDate":"2023-09-28"},{"lineNumber":18,"author":{"gitId":"yicheng-toh"},"content":"    private final static String DIR_PATH \u003d \"data\";","lastModifiedDate":"2023-09-28"},{"lineNumber":19,"author":{"gitId":"yicheng-toh"},"content":"    private final Ui ui;","lastModifiedDate":"2023-09-28"},{"lineNumber":20,"author":{"gitId":"yicheng-toh"},"content":"    private final Storage storage;","lastModifiedDate":"2023-09-28"},{"lineNumber":21,"author":{"gitId":"yicheng-toh"},"content":"    private final Parser parser;","lastModifiedDate":"2023-09-28"},{"lineNumber":22,"author":{"gitId":"yicheng-toh"},"content":"    private final Command command;","lastModifiedDate":"2023-09-28"},{"lineNumber":23,"author":{"gitId":"yicheng-toh"},"content":"    private final TaskList tasks1;","lastModifiedDate":"2023-09-28"},{"lineNumber":24,"author":{"gitId":"yicheng-toh"},"content":"","lastModifiedDate":"2023-09-18"},{"lineNumber":25,"author":{"gitId":"yicheng-toh"},"content":"    public Duke() {","lastModifiedDate":"2023-09-28"},{"lineNumber":26,"author":{"gitId":"yicheng-toh"},"content":"        ui \u003d new Ui();","lastModifiedDate":"2023-09-28"},{"lineNumber":27,"author":{"gitId":"yicheng-toh"},"content":"        storage \u003d new Storage();","lastModifiedDate":"2023-09-28"},{"lineNumber":28,"author":{"gitId":"yicheng-toh"},"content":"        parser \u003d new Parser();","lastModifiedDate":"2023-09-28"},{"lineNumber":29,"author":{"gitId":"yicheng-toh"},"content":"        command \u003d new Command();","lastModifiedDate":"2023-09-28"},{"lineNumber":30,"author":{"gitId":"yicheng-toh"},"content":"        tasks1 \u003d new TaskList();","lastModifiedDate":"2023-09-28"},{"lineNumber":31,"author":{"gitId":"yicheng-toh"},"content":"    }","lastModifiedDate":"2023-09-02"},{"lineNumber":32,"author":{"gitId":"yicheng-toh"},"content":"","lastModifiedDate":"2023-09-18"},{"lineNumber":33,"author":{"gitId":"yicheng-toh"},"content":"    private void interactWithUser() {","lastModifiedDate":"2023-09-28"},{"lineNumber":34,"author":{"gitId":"yicheng-toh"},"content":"        Scanner in \u003d new Scanner(System.in);","lastModifiedDate":"2023-09-13"},{"lineNumber":35,"author":{"gitId":"yicheng-toh"},"content":"        String line \u003d in.nextLine();","lastModifiedDate":"2023-09-13"},{"lineNumber":36,"author":{"gitId":"yicheng-toh"},"content":"        while (!line.trim().equals(\"bye\")) {","lastModifiedDate":"2023-09-13"},{"lineNumber":37,"author":{"gitId":"yicheng-toh"},"content":"            try {","lastModifiedDate":"2023-09-13"},{"lineNumber":38,"author":{"gitId":"yicheng-toh"},"content":"                parser.generateResponse(line, tasks1);","lastModifiedDate":"2023-09-28"},{"lineNumber":39,"author":{"gitId":"yicheng-toh"},"content":"            } catch (ArrayIndexOutOfBoundsException e) {","lastModifiedDate":"2023-09-13"},{"lineNumber":40,"author":{"gitId":"yicheng-toh"},"content":"                System.out.println(\"Please ensure correct number of parameters are given.\");","lastModifiedDate":"2023-09-13"},{"lineNumber":41,"author":{"gitId":"yicheng-toh"},"content":"            }","lastModifiedDate":"2023-09-13"},{"lineNumber":42,"author":{"gitId":"yicheng-toh"},"content":"            line \u003d in.nextLine();","lastModifiedDate":"2023-09-13"},{"lineNumber":43,"author":{"gitId":"yicheng-toh"},"content":"        }","lastModifiedDate":"2023-09-13"},{"lineNumber":44,"author":{"gitId":"yicheng-toh"},"content":"    }","lastModifiedDate":"2023-09-13"},{"lineNumber":45,"author":{"gitId":"yicheng-toh"},"content":"","lastModifiedDate":"2023-08-29"},{"lineNumber":46,"author":{"gitId":"yicheng-toh"},"content":"    private void initialiseTaskList() {","lastModifiedDate":"2023-09-28"},{"lineNumber":47,"author":{"gitId":"yicheng-toh"},"content":"        File file \u003d new File(Duke.FILE_PATH);","lastModifiedDate":"2023-09-28"},{"lineNumber":48,"author":{"gitId":"yicheng-toh"},"content":"        File directory \u003d new File(Duke.DIR_PATH);","lastModifiedDate":"2023-09-28"},{"lineNumber":49,"author":{"gitId":"yicheng-toh"},"content":"        if (!storage.verifyStorageFilePresent(directory, file)) {","lastModifiedDate":"2023-09-28"},{"lineNumber":50,"author":{"gitId":"yicheng-toh"},"content":"            return;","lastModifiedDate":"2023-09-21"},{"lineNumber":51,"author":{"gitId":"yicheng-toh"},"content":"        }","lastModifiedDate":"2023-09-21"},{"lineNumber":52,"author":{"gitId":"yicheng-toh"},"content":"        Scanner s;","lastModifiedDate":"2023-09-21"},{"lineNumber":53,"author":{"gitId":"yicheng-toh"},"content":"        try {","lastModifiedDate":"2023-09-21"},{"lineNumber":54,"author":{"gitId":"yicheng-toh"},"content":"            s \u003d new Scanner(file);","lastModifiedDate":"2023-09-21"},{"lineNumber":55,"author":{"gitId":"yicheng-toh"},"content":"        } catch (FileNotFoundException e) {","lastModifiedDate":"2023-09-21"},{"lineNumber":56,"author":{"gitId":"yicheng-toh"},"content":"            throw new RuntimeException(e);","lastModifiedDate":"2023-09-21"},{"lineNumber":57,"author":{"gitId":"yicheng-toh"},"content":"        }","lastModifiedDate":"2023-09-21"},{"lineNumber":58,"author":{"gitId":"yicheng-toh"},"content":"        storage.loadTaskList(s, tasks1);","lastModifiedDate":"2023-09-28"},{"lineNumber":59,"author":{"gitId":"yicheng-toh"},"content":"","lastModifiedDate":"2023-09-21"},{"lineNumber":60,"author":{"gitId":"yicheng-toh"},"content":"    }","lastModifiedDate":"2023-09-21"},{"lineNumber":61,"author":{"gitId":"yicheng-toh"},"content":"","lastModifiedDate":"2023-09-21"},{"lineNumber":62,"author":{"gitId":"yicheng-toh"},"content":"    public static void main(String[] args) {","lastModifiedDate":"2023-09-28"},{"lineNumber":63,"author":{"gitId":"yicheng-toh"},"content":"        new Duke().run();","lastModifiedDate":"2023-09-28"},{"lineNumber":64,"author":{"gitId":"yicheng-toh"},"content":"    }","lastModifiedDate":"2023-08-29"},{"lineNumber":65,"author":{"gitId":"yicheng-toh"},"content":"","lastModifiedDate":"2023-09-18"},{"lineNumber":66,"author":{"gitId":"yicheng-toh"},"content":"    private void run() {","lastModifiedDate":"2023-09-28"},{"lineNumber":67,"author":{"gitId":"yicheng-toh"},"content":"        try {","lastModifiedDate":"2023-09-21"},{"lineNumber":68,"author":{"gitId":"yicheng-toh"},"content":"            ui.printWelcomeMessage();","lastModifiedDate":"2023-09-28"},{"lineNumber":69,"author":{"gitId":"yicheng-toh"},"content":"            initialiseTaskList();","lastModifiedDate":"2023-09-21"},{"lineNumber":70,"author":{"gitId":"yicheng-toh"},"content":"            interactWithUser();","lastModifiedDate":"2023-09-13"},{"lineNumber":71,"author":{"gitId":"yicheng-toh"},"content":"            command.saveTaskList(FILE_PATH, tasks1);","lastModifiedDate":"2023-09-28"},{"lineNumber":72,"author":{"gitId":"yicheng-toh"},"content":"            ui.printByeMessage();","lastModifiedDate":"2023-09-28"},{"lineNumber":73,"author":{"gitId":"yicheng-toh"},"content":"        } catch (IOException e) {","lastModifiedDate":"2023-09-21"},{"lineNumber":74,"author":{"gitId":"yicheng-toh"},"content":"            System.out.println(\"Please ensure that \" + Duke.FILE_PATH + \" exists.\");","lastModifiedDate":"2023-09-28"},{"lineNumber":75,"author":{"gitId":"yicheng-toh"},"content":"        }","lastModifiedDate":"2023-09-21"},{"lineNumber":76,"author":{"gitId":"-"},"content":"    }","lastModifiedDate":"2019-07-29"},{"lineNumber":77,"author":{"gitId":"-"},"content":"}","lastModifiedDate":"2019-07-29"},{"lineNumber":78,"author":{"gitId":"yicheng-toh"},"content":"","lastModifiedDate":"2023-08-29"}],"authorContributionMap":{"yicheng-toh":75,"-":3}},{"path":"src/main/java/Duke/Exception/InvalidDateTimeSpecifiedException.java","fileType":"java","lines":[{"lineNumber":1,"author":{"gitId":"yicheng-toh"},"content":"package Duke.Exception;","lastModifiedDate":"2023-09-28"},{"lineNumber":2,"author":{"gitId":"yicheng-toh"},"content":"","lastModifiedDate":"2023-09-28"},{"lineNumber":3,"author":{"gitId":"yicheng-toh"},"content":"public class InvalidDateTimeSpecifiedException extends Exception {","lastModifiedDate":"2023-09-28"},{"lineNumber":4,"author":{"gitId":"yicheng-toh"},"content":"}","lastModifiedDate":"2023-09-28"}],"authorContributionMap":{"yicheng-toh":4}},{"path":"src/main/java/Duke/Exception/NoTaskSpecifiedException.java","fileType":"java","lines":[{"lineNumber":1,"author":{"gitId":"yicheng-toh"},"content":"package Duke.Exception;","lastModifiedDate":"2023-09-13"},{"lineNumber":2,"author":{"gitId":"yicheng-toh"},"content":"","lastModifiedDate":"2023-09-13"},{"lineNumber":3,"author":{"gitId":"yicheng-toh"},"content":"public class NoTaskSpecifiedException extends Exception {","lastModifiedDate":"2023-09-13"},{"lineNumber":4,"author":{"gitId":"yicheng-toh"},"content":"}","lastModifiedDate":"2023-09-13"}],"authorContributionMap":{"yicheng-toh":4}},{"path":"src/main/java/Duke/Parser/Parser.java","fileType":"java","lines":[{"lineNumber":1,"author":{"gitId":"yicheng-toh"},"content":"package Duke.Parser;","lastModifiedDate":"2023-09-28"},{"lineNumber":2,"author":{"gitId":"yicheng-toh"},"content":"","lastModifiedDate":"2023-09-28"},{"lineNumber":3,"author":{"gitId":"yicheng-toh"},"content":"import Duke.Command.Command;","lastModifiedDate":"2023-09-28"},{"lineNumber":4,"author":{"gitId":"yicheng-toh"},"content":"import Duke.Task.TaskList;","lastModifiedDate":"2023-09-28"},{"lineNumber":5,"author":{"gitId":"yicheng-toh"},"content":"","lastModifiedDate":"2023-09-28"},{"lineNumber":6,"author":{"gitId":"yicheng-toh"},"content":"public class Parser {","lastModifiedDate":"2023-09-28"},{"lineNumber":7,"author":{"gitId":"yicheng-toh"},"content":"    public Parser(){","lastModifiedDate":"2023-09-28"},{"lineNumber":8,"author":{"gitId":"yicheng-toh"},"content":"","lastModifiedDate":"2023-09-28"},{"lineNumber":9,"author":{"gitId":"yicheng-toh"},"content":"    }","lastModifiedDate":"2023-09-28"},{"lineNumber":10,"author":{"gitId":"yicheng-toh"},"content":"","lastModifiedDate":"2023-09-28"},{"lineNumber":11,"author":{"gitId":"yicheng-toh"},"content":"    public void generateResponse(String input, TaskList records) {","lastModifiedDate":"2023-09-28"},{"lineNumber":12,"author":{"gitId":"yicheng-toh"},"content":"","lastModifiedDate":"2023-09-28"},{"lineNumber":13,"author":{"gitId":"yicheng-toh"},"content":"        String[] commandDetails \u003d input.split(\" \", 2);","lastModifiedDate":"2023-09-28"},{"lineNumber":14,"author":{"gitId":"yicheng-toh"},"content":"        String instructionString \u003d commandDetails[0].trim();","lastModifiedDate":"2023-09-28"},{"lineNumber":15,"author":{"gitId":"yicheng-toh"},"content":"","lastModifiedDate":"2023-09-28"},{"lineNumber":16,"author":{"gitId":"yicheng-toh"},"content":"        switch (instructionString) {","lastModifiedDate":"2023-09-28"},{"lineNumber":17,"author":{"gitId":"yicheng-toh"},"content":"        case (\"list\"):","lastModifiedDate":"2023-09-28"},{"lineNumber":18,"author":{"gitId":"yicheng-toh"},"content":"            Command.executeListCommand(records);","lastModifiedDate":"2023-09-28"},{"lineNumber":19,"author":{"gitId":"yicheng-toh"},"content":"            break;","lastModifiedDate":"2023-09-28"},{"lineNumber":20,"author":{"gitId":"yicheng-toh"},"content":"        case (\"unmark\"):","lastModifiedDate":"2023-09-28"},{"lineNumber":21,"author":{"gitId":"yicheng-toh"},"content":"            Command.executeUnmarkCommand(commandDetails[1], records);","lastModifiedDate":"2023-09-28"},{"lineNumber":22,"author":{"gitId":"yicheng-toh"},"content":"            break;","lastModifiedDate":"2023-09-28"},{"lineNumber":23,"author":{"gitId":"yicheng-toh"},"content":"        case (\"mark\"):","lastModifiedDate":"2023-09-28"},{"lineNumber":24,"author":{"gitId":"yicheng-toh"},"content":"            Command.executeMarkCommand(commandDetails[1], records);","lastModifiedDate":"2023-09-28"},{"lineNumber":25,"author":{"gitId":"yicheng-toh"},"content":"            break;","lastModifiedDate":"2023-09-28"},{"lineNumber":26,"author":{"gitId":"yicheng-toh"},"content":"        case (\"todo\"):","lastModifiedDate":"2023-09-28"},{"lineNumber":27,"author":{"gitId":"yicheng-toh"},"content":"            Command.createNewTask(\"todo\", commandDetails[1], records);","lastModifiedDate":"2023-09-28"},{"lineNumber":28,"author":{"gitId":"yicheng-toh"},"content":"            break;","lastModifiedDate":"2023-09-28"},{"lineNumber":29,"author":{"gitId":"yicheng-toh"},"content":"        case (\"deadline\"):","lastModifiedDate":"2023-09-28"},{"lineNumber":30,"author":{"gitId":"yicheng-toh"},"content":"            Command.createNewTask(\"deadline\", commandDetails[1], records);","lastModifiedDate":"2023-09-28"},{"lineNumber":31,"author":{"gitId":"yicheng-toh"},"content":"            break;","lastModifiedDate":"2023-09-28"},{"lineNumber":32,"author":{"gitId":"yicheng-toh"},"content":"        case (\"event\"):","lastModifiedDate":"2023-09-28"},{"lineNumber":33,"author":{"gitId":"yicheng-toh"},"content":"            Command.createNewTask(\"event\", commandDetails[1], records);","lastModifiedDate":"2023-09-28"},{"lineNumber":34,"author":{"gitId":"yicheng-toh"},"content":"            break;","lastModifiedDate":"2023-09-28"},{"lineNumber":35,"author":{"gitId":"yicheng-toh"},"content":"        case (\"delete\"):","lastModifiedDate":"2023-09-28"},{"lineNumber":36,"author":{"gitId":"yicheng-toh"},"content":"            Command.deleteTask(commandDetails[1], records);","lastModifiedDate":"2023-09-28"},{"lineNumber":37,"author":{"gitId":"yicheng-toh"},"content":"            break;","lastModifiedDate":"2023-09-28"},{"lineNumber":38,"author":{"gitId":"yicheng-toh"},"content":"        case(\"find\"):","lastModifiedDate":"2023-09-28"},{"lineNumber":39,"author":{"gitId":"yicheng-toh"},"content":"            Command.findTasks(commandDetails[1], records);","lastModifiedDate":"2023-09-28"},{"lineNumber":40,"author":{"gitId":"yicheng-toh"},"content":"            break;","lastModifiedDate":"2023-09-28"},{"lineNumber":41,"author":{"gitId":"yicheng-toh"},"content":"        default:","lastModifiedDate":"2023-09-28"},{"lineNumber":42,"author":{"gitId":"yicheng-toh"},"content":"            System.out.println(\"Invalid Command\");","lastModifiedDate":"2023-09-28"},{"lineNumber":43,"author":{"gitId":"yicheng-toh"},"content":"            break;","lastModifiedDate":"2023-09-28"},{"lineNumber":44,"author":{"gitId":"yicheng-toh"},"content":"        }","lastModifiedDate":"2023-09-28"},{"lineNumber":45,"author":{"gitId":"yicheng-toh"},"content":"    }","lastModifiedDate":"2023-09-28"},{"lineNumber":46,"author":{"gitId":"yicheng-toh"},"content":"}","lastModifiedDate":"2023-09-28"}],"authorContributionMap":{"yicheng-toh":46}},{"path":"src/main/java/Duke/Storage/Storage.java","fileType":"java","lines":[{"lineNumber":1,"author":{"gitId":"yicheng-toh"},"content":"package Duke.Storage;","lastModifiedDate":"2023-09-28"},{"lineNumber":2,"author":{"gitId":"yicheng-toh"},"content":"","lastModifiedDate":"2023-09-28"},{"lineNumber":3,"author":{"gitId":"yicheng-toh"},"content":"import Duke.Command.Command;","lastModifiedDate":"2023-09-28"},{"lineNumber":4,"author":{"gitId":"yicheng-toh"},"content":"import Duke.Exception.InvalidDateTimeSpecifiedException;","lastModifiedDate":"2023-09-28"},{"lineNumber":5,"author":{"gitId":"yicheng-toh"},"content":"import Duke.Exception.NoTaskSpecifiedException;","lastModifiedDate":"2023-09-28"},{"lineNumber":6,"author":{"gitId":"yicheng-toh"},"content":"import Duke.Task.Task;","lastModifiedDate":"2023-09-28"},{"lineNumber":7,"author":{"gitId":"yicheng-toh"},"content":"import Duke.Task.TaskList;","lastModifiedDate":"2023-09-28"},{"lineNumber":8,"author":{"gitId":"yicheng-toh"},"content":"","lastModifiedDate":"2023-09-28"},{"lineNumber":9,"author":{"gitId":"yicheng-toh"},"content":"import java.io.File;","lastModifiedDate":"2023-09-28"},{"lineNumber":10,"author":{"gitId":"yicheng-toh"},"content":"import java.util.Scanner;","lastModifiedDate":"2023-09-28"},{"lineNumber":11,"author":{"gitId":"yicheng-toh"},"content":"","lastModifiedDate":"2023-09-28"},{"lineNumber":12,"author":{"gitId":"yicheng-toh"},"content":"public class Storage {","lastModifiedDate":"2023-09-28"},{"lineNumber":13,"author":{"gitId":"yicheng-toh"},"content":"","lastModifiedDate":"2023-09-28"},{"lineNumber":14,"author":{"gitId":"yicheng-toh"},"content":"    public Storage(){","lastModifiedDate":"2023-09-28"},{"lineNumber":15,"author":{"gitId":"yicheng-toh"},"content":"","lastModifiedDate":"2023-09-28"},{"lineNumber":16,"author":{"gitId":"yicheng-toh"},"content":"    }","lastModifiedDate":"2023-09-28"},{"lineNumber":17,"author":{"gitId":"yicheng-toh"},"content":"","lastModifiedDate":"2023-09-28"},{"lineNumber":18,"author":{"gitId":"yicheng-toh"},"content":"    public boolean verifyStorageFilePresent(File directory, File file) {","lastModifiedDate":"2023-09-28"},{"lineNumber":19,"author":{"gitId":"yicheng-toh"},"content":"        boolean isDirectoryPresent \u003d directory.exists() \u0026\u0026 directory.isDirectory();","lastModifiedDate":"2023-09-28"},{"lineNumber":20,"author":{"gitId":"yicheng-toh"},"content":"        if (file.exists()) {","lastModifiedDate":"2023-09-28"},{"lineNumber":21,"author":{"gitId":"yicheng-toh"},"content":"            return true;","lastModifiedDate":"2023-09-28"},{"lineNumber":22,"author":{"gitId":"yicheng-toh"},"content":"        } else if (!isDirectoryPresent) {","lastModifiedDate":"2023-09-28"},{"lineNumber":23,"author":{"gitId":"yicheng-toh"},"content":"            try {","lastModifiedDate":"2023-09-28"},{"lineNumber":24,"author":{"gitId":"yicheng-toh"},"content":"                directory.mkdir();","lastModifiedDate":"2023-09-28"},{"lineNumber":25,"author":{"gitId":"yicheng-toh"},"content":"            } catch (Exception e) {","lastModifiedDate":"2023-09-28"},{"lineNumber":26,"author":{"gitId":"yicheng-toh"},"content":"                System.out.println(\"Unable to create folder \" + directory);","lastModifiedDate":"2023-09-28"},{"lineNumber":27,"author":{"gitId":"yicheng-toh"},"content":"            }","lastModifiedDate":"2023-09-28"},{"lineNumber":28,"author":{"gitId":"yicheng-toh"},"content":"        }","lastModifiedDate":"2023-09-28"},{"lineNumber":29,"author":{"gitId":"yicheng-toh"},"content":"        return false;","lastModifiedDate":"2023-09-28"},{"lineNumber":30,"author":{"gitId":"yicheng-toh"},"content":"    }","lastModifiedDate":"2023-09-28"},{"lineNumber":31,"author":{"gitId":"yicheng-toh"},"content":"","lastModifiedDate":"2023-09-28"},{"lineNumber":32,"author":{"gitId":"yicheng-toh"},"content":"    public void loadTaskList(Scanner s, TaskList records) {","lastModifiedDate":"2023-09-28"},{"lineNumber":33,"author":{"gitId":"yicheng-toh"},"content":"        while (s.hasNext()) {","lastModifiedDate":"2023-09-28"},{"lineNumber":34,"author":{"gitId":"yicheng-toh"},"content":"            String storedMessage \u003d s.nextLine();","lastModifiedDate":"2023-09-28"},{"lineNumber":35,"author":{"gitId":"yicheng-toh"},"content":"            String[] messageFragments \u003d storedMessage.split(\"\\\\|\");","lastModifiedDate":"2023-09-28"},{"lineNumber":36,"author":{"gitId":"yicheng-toh"},"content":"            Task task \u003d null;","lastModifiedDate":"2023-09-28"},{"lineNumber":37,"author":{"gitId":"yicheng-toh"},"content":"            switch (messageFragments[0].trim()) {","lastModifiedDate":"2023-09-28"},{"lineNumber":38,"author":{"gitId":"yicheng-toh"},"content":"            case (\"T\"):","lastModifiedDate":"2023-09-28"},{"lineNumber":39,"author":{"gitId":"yicheng-toh"},"content":"                try {","lastModifiedDate":"2023-09-28"},{"lineNumber":40,"author":{"gitId":"yicheng-toh"},"content":"                    task \u003d Command.createToDo(messageFragments[2]);","lastModifiedDate":"2023-09-28"},{"lineNumber":41,"author":{"gitId":"yicheng-toh"},"content":"                } catch (NoTaskSpecifiedException e) {","lastModifiedDate":"2023-09-28"},{"lineNumber":42,"author":{"gitId":"yicheng-toh"},"content":"                    System.out.println(\"Failed loading Todo. Todo will be deleted.\");","lastModifiedDate":"2023-09-28"},{"lineNumber":43,"author":{"gitId":"yicheng-toh"},"content":"                }","lastModifiedDate":"2023-09-28"},{"lineNumber":44,"author":{"gitId":"yicheng-toh"},"content":"                break;","lastModifiedDate":"2023-09-28"},{"lineNumber":45,"author":{"gitId":"yicheng-toh"},"content":"            case (\"D\"):","lastModifiedDate":"2023-09-28"},{"lineNumber":46,"author":{"gitId":"yicheng-toh"},"content":"                try {","lastModifiedDate":"2023-09-28"},{"lineNumber":47,"author":{"gitId":"yicheng-toh"},"content":"                    task \u003d Command.createDeadline(messageFragments[2]);","lastModifiedDate":"2023-09-28"},{"lineNumber":48,"author":{"gitId":"yicheng-toh"},"content":"                } catch (NoTaskSpecifiedException | InvalidDateTimeSpecifiedException e) {","lastModifiedDate":"2023-09-28"},{"lineNumber":49,"author":{"gitId":"yicheng-toh"},"content":"                    System.out.println(\"Failed loading Deadline. Deadline will be deleted.\");","lastModifiedDate":"2023-09-28"},{"lineNumber":50,"author":{"gitId":"yicheng-toh"},"content":"                }","lastModifiedDate":"2023-09-28"},{"lineNumber":51,"author":{"gitId":"yicheng-toh"},"content":"                break;","lastModifiedDate":"2023-09-28"},{"lineNumber":52,"author":{"gitId":"yicheng-toh"},"content":"            case (\"E\"):","lastModifiedDate":"2023-09-28"},{"lineNumber":53,"author":{"gitId":"yicheng-toh"},"content":"                try {","lastModifiedDate":"2023-09-28"},{"lineNumber":54,"author":{"gitId":"yicheng-toh"},"content":"                    task \u003d Command.createEvent(messageFragments[2]);","lastModifiedDate":"2023-09-28"},{"lineNumber":55,"author":{"gitId":"yicheng-toh"},"content":"                } catch (NoTaskSpecifiedException | InvalidDateTimeSpecifiedException e) {","lastModifiedDate":"2023-09-28"},{"lineNumber":56,"author":{"gitId":"yicheng-toh"},"content":"                    System.out.println(\"Failed loading Event. Event will be deleted.\");","lastModifiedDate":"2023-09-28"},{"lineNumber":57,"author":{"gitId":"yicheng-toh"},"content":"                }","lastModifiedDate":"2023-09-28"},{"lineNumber":58,"author":{"gitId":"yicheng-toh"},"content":"                break;","lastModifiedDate":"2023-09-28"},{"lineNumber":59,"author":{"gitId":"yicheng-toh"},"content":"            default:","lastModifiedDate":"2023-09-28"},{"lineNumber":60,"author":{"gitId":"yicheng-toh"},"content":"                continue;","lastModifiedDate":"2023-09-28"},{"lineNumber":61,"author":{"gitId":"yicheng-toh"},"content":"            }","lastModifiedDate":"2023-09-28"},{"lineNumber":62,"author":{"gitId":"yicheng-toh"},"content":"            if (task !\u003d null) {","lastModifiedDate":"2023-09-28"},{"lineNumber":63,"author":{"gitId":"yicheng-toh"},"content":"                Command.addTaskToList(task, records);","lastModifiedDate":"2023-09-28"},{"lineNumber":64,"author":{"gitId":"yicheng-toh"},"content":"            }","lastModifiedDate":"2023-09-28"},{"lineNumber":65,"author":{"gitId":"yicheng-toh"},"content":"            if (messageFragments[1].trim().equals(\"1\")) {","lastModifiedDate":"2023-09-28"},{"lineNumber":66,"author":{"gitId":"yicheng-toh"},"content":"                //mark the previous task as done.","lastModifiedDate":"2023-09-28"},{"lineNumber":67,"author":{"gitId":"yicheng-toh"},"content":"                records.getTask(records.getNumTask() - 1).setDone();","lastModifiedDate":"2023-09-28"},{"lineNumber":68,"author":{"gitId":"yicheng-toh"},"content":"            }","lastModifiedDate":"2023-09-28"},{"lineNumber":69,"author":{"gitId":"yicheng-toh"},"content":"        }","lastModifiedDate":"2023-09-28"},{"lineNumber":70,"author":{"gitId":"yicheng-toh"},"content":"    }","lastModifiedDate":"2023-09-28"},{"lineNumber":71,"author":{"gitId":"yicheng-toh"},"content":"","lastModifiedDate":"2023-09-28"},{"lineNumber":72,"author":{"gitId":"yicheng-toh"},"content":"","lastModifiedDate":"2023-09-28"},{"lineNumber":73,"author":{"gitId":"yicheng-toh"},"content":"    //will need a separate encoder and decoder for the tasks to be saved in storage files.","lastModifiedDate":"2023-09-28"},{"lineNumber":74,"author":{"gitId":"yicheng-toh"},"content":"}","lastModifiedDate":"2023-09-28"}],"authorContributionMap":{"yicheng-toh":74}},{"path":"src/main/java/Duke/Task/Deadline.java","fileType":"java","lines":[{"lineNumber":1,"author":{"gitId":"yicheng-toh"},"content":"package Duke.Task;","lastModifiedDate":"2023-09-13"},{"lineNumber":2,"author":{"gitId":"yicheng-toh"},"content":"","lastModifiedDate":"2023-09-13"},{"lineNumber":3,"author":{"gitId":"yicheng-toh"},"content":"import java.time.LocalDate;","lastModifiedDate":"2023-09-28"},{"lineNumber":4,"author":{"gitId":"yicheng-toh"},"content":"import java.time.format.DateTimeFormatter;","lastModifiedDate":"2023-09-28"},{"lineNumber":5,"author":{"gitId":"yicheng-toh"},"content":"","lastModifiedDate":"2023-09-28"},{"lineNumber":6,"author":{"gitId":"yicheng-toh"},"content":"public class Deadline extends Task {","lastModifiedDate":"2023-09-05"},{"lineNumber":7,"author":{"gitId":"yicheng-toh"},"content":"    protected LocalDate endDate;","lastModifiedDate":"2023-09-28"},{"lineNumber":8,"author":{"gitId":"yicheng-toh"},"content":"","lastModifiedDate":"2023-09-18"},{"lineNumber":9,"author":{"gitId":"yicheng-toh"},"content":"    public Deadline(String description, LocalDate endDate) {","lastModifiedDate":"2023-09-28"},{"lineNumber":10,"author":{"gitId":"yicheng-toh"},"content":"        super(description);","lastModifiedDate":"2023-09-05"},{"lineNumber":11,"author":{"gitId":"yicheng-toh"},"content":"        this.endDate \u003d endDate;","lastModifiedDate":"2023-09-05"},{"lineNumber":12,"author":{"gitId":"yicheng-toh"},"content":"        taskType \u003d \"Deadline\";","lastModifiedDate":"2023-09-21"},{"lineNumber":13,"author":{"gitId":"yicheng-toh"},"content":"        symbol \u003d \"D\";","lastModifiedDate":"2023-09-21"},{"lineNumber":14,"author":{"gitId":"yicheng-toh"},"content":"    }","lastModifiedDate":"2023-09-21"},{"lineNumber":15,"author":{"gitId":"yicheng-toh"},"content":"","lastModifiedDate":"2023-09-21"},{"lineNumber":16,"author":{"gitId":"yicheng-toh"},"content":"    @Override","lastModifiedDate":"2023-09-21"},{"lineNumber":17,"author":{"gitId":"yicheng-toh"},"content":"    public String convertToSaveFormat() {","lastModifiedDate":"2023-09-21"},{"lineNumber":18,"author":{"gitId":"yicheng-toh"},"content":"        String doneMarker \u003d isDone ? \"1\" : \"0\";","lastModifiedDate":"2023-09-21"},{"lineNumber":19,"author":{"gitId":"yicheng-toh"},"content":"        String endDateString \u003d endDate.format(DateTimeFormatter.ofPattern(\"MMM d yyyy\"));","lastModifiedDate":"2023-09-28"},{"lineNumber":20,"author":{"gitId":"yicheng-toh"},"content":"        return symbol + \" | \" + doneMarker + \" | \" + description + \"/by \" + endDateString;","lastModifiedDate":"2023-09-28"},{"lineNumber":21,"author":{"gitId":"yicheng-toh"},"content":"    }","lastModifiedDate":"2023-09-05"},{"lineNumber":22,"author":{"gitId":"yicheng-toh"},"content":"","lastModifiedDate":"2023-09-18"},{"lineNumber":23,"author":{"gitId":"yicheng-toh"},"content":"    @Override","lastModifiedDate":"2023-09-05"},{"lineNumber":24,"author":{"gitId":"yicheng-toh"},"content":"    public String toString() {","lastModifiedDate":"2023-09-05"},{"lineNumber":25,"author":{"gitId":"yicheng-toh"},"content":"        String endDateString \u003d endDate.format(DateTimeFormatter.ofPattern(\"MMM d yyyy\"));","lastModifiedDate":"2023-09-28"},{"lineNumber":26,"author":{"gitId":"yicheng-toh"},"content":"        return \"\\t[D]\" + super.toString() + \" (by: \" + endDateString + \")\";","lastModifiedDate":"2023-09-28"},{"lineNumber":27,"author":{"gitId":"yicheng-toh"},"content":"    }","lastModifiedDate":"2023-09-05"},{"lineNumber":28,"author":{"gitId":"yicheng-toh"},"content":"","lastModifiedDate":"2023-09-05"},{"lineNumber":29,"author":{"gitId":"yicheng-toh"},"content":"}","lastModifiedDate":"2023-09-05"}],"authorContributionMap":{"yicheng-toh":29}},{"path":"src/main/java/Duke/Task/Event.java","fileType":"java","lines":[{"lineNumber":1,"author":{"gitId":"yicheng-toh"},"content":"package Duke.Task;","lastModifiedDate":"2023-09-13"},{"lineNumber":2,"author":{"gitId":"yicheng-toh"},"content":"","lastModifiedDate":"2023-09-13"},{"lineNumber":3,"author":{"gitId":"yicheng-toh"},"content":"import java.time.LocalDate;","lastModifiedDate":"2023-09-28"},{"lineNumber":4,"author":{"gitId":"yicheng-toh"},"content":"import java.time.format.DateTimeFormatter;","lastModifiedDate":"2023-09-28"},{"lineNumber":5,"author":{"gitId":"yicheng-toh"},"content":"import java.time.temporal.ChronoUnit;","lastModifiedDate":"2023-09-28"},{"lineNumber":6,"author":{"gitId":"yicheng-toh"},"content":"","lastModifiedDate":"2023-09-28"},{"lineNumber":7,"author":{"gitId":"yicheng-toh"},"content":"public class Event extends Task {","lastModifiedDate":"2023-09-05"},{"lineNumber":8,"author":{"gitId":"yicheng-toh"},"content":"    protected LocalDate startDateTime;","lastModifiedDate":"2023-09-28"},{"lineNumber":9,"author":{"gitId":"yicheng-toh"},"content":"    protected LocalDate endDateTime;","lastModifiedDate":"2023-09-28"},{"lineNumber":10,"author":{"gitId":"yicheng-toh"},"content":"    public Event(String description, LocalDate startDateTime, LocalDate endDateTime) {","lastModifiedDate":"2023-09-28"},{"lineNumber":11,"author":{"gitId":"yicheng-toh"},"content":"        super(description);","lastModifiedDate":"2023-09-05"},{"lineNumber":12,"author":{"gitId":"yicheng-toh"},"content":"        this.startDateTime \u003d startDateTime;","lastModifiedDate":"2023-09-05"},{"lineNumber":13,"author":{"gitId":"yicheng-toh"},"content":"        this.endDateTime \u003d endDateTime;","lastModifiedDate":"2023-09-05"},{"lineNumber":14,"author":{"gitId":"yicheng-toh"},"content":"        taskType \u003d \"Event\";","lastModifiedDate":"2023-09-21"},{"lineNumber":15,"author":{"gitId":"yicheng-toh"},"content":"        symbol \u003d \"E\";","lastModifiedDate":"2023-09-21"},{"lineNumber":16,"author":{"gitId":"yicheng-toh"},"content":"    }","lastModifiedDate":"2023-09-21"},{"lineNumber":17,"author":{"gitId":"yicheng-toh"},"content":"","lastModifiedDate":"2023-09-21"},{"lineNumber":18,"author":{"gitId":"yicheng-toh"},"content":"    @Override","lastModifiedDate":"2023-09-21"},{"lineNumber":19,"author":{"gitId":"yicheng-toh"},"content":"    public String convertToSaveFormat() {","lastModifiedDate":"2023-09-21"},{"lineNumber":20,"author":{"gitId":"yicheng-toh"},"content":"        String doneMarker \u003d isDone ? \"1\" : \"0\";","lastModifiedDate":"2023-09-21"},{"lineNumber":21,"author":{"gitId":"yicheng-toh"},"content":"        return symbol + \" | \" + doneMarker + \" | \" + description + \" /from \" + startDateTime + \" /to \" + endDateTime;","lastModifiedDate":"2023-09-21"},{"lineNumber":22,"author":{"gitId":"yicheng-toh"},"content":"    }","lastModifiedDate":"2023-09-05"},{"lineNumber":23,"author":{"gitId":"yicheng-toh"},"content":"","lastModifiedDate":"2023-09-05"},{"lineNumber":24,"author":{"gitId":"yicheng-toh"},"content":"    @Override","lastModifiedDate":"2023-09-05"},{"lineNumber":25,"author":{"gitId":"yicheng-toh"},"content":"    public String toString() {","lastModifiedDate":"2023-09-05"},{"lineNumber":26,"author":{"gitId":"yicheng-toh"},"content":"        return \"\\t[E]\" + super.toString() + \" (from:\" + this.startDateTime + \" to:\" + this.endDateTime + \")\";","lastModifiedDate":"2023-09-05"},{"lineNumber":27,"author":{"gitId":"yicheng-toh"},"content":"    }","lastModifiedDate":"2023-09-05"},{"lineNumber":28,"author":{"gitId":"yicheng-toh"},"content":"}","lastModifiedDate":"2023-09-05"}],"authorContributionMap":{"yicheng-toh":28}},{"path":"src/main/java/Duke/Task/Task.java","fileType":"java","lines":[{"lineNumber":1,"author":{"gitId":"yicheng-toh"},"content":"package Duke.Task;","lastModifiedDate":"2023-09-13"},{"lineNumber":2,"author":{"gitId":"yicheng-toh"},"content":"","lastModifiedDate":"2023-09-13"},{"lineNumber":3,"author":{"gitId":"yicheng-toh"},"content":"public class Task {","lastModifiedDate":"2023-08-29"},{"lineNumber":4,"author":{"gitId":"yicheng-toh"},"content":"    protected String description;","lastModifiedDate":"2023-08-29"},{"lineNumber":5,"author":{"gitId":"yicheng-toh"},"content":"    protected boolean isDone;","lastModifiedDate":"2023-08-29"},{"lineNumber":6,"author":{"gitId":"yicheng-toh"},"content":"","lastModifiedDate":"2023-08-29"},{"lineNumber":7,"author":{"gitId":"yicheng-toh"},"content":"    String taskType;","lastModifiedDate":"2023-09-21"},{"lineNumber":8,"author":{"gitId":"yicheng-toh"},"content":"    String symbol;","lastModifiedDate":"2023-09-21"},{"lineNumber":9,"author":{"gitId":"yicheng-toh"},"content":"","lastModifiedDate":"2023-09-21"},{"lineNumber":10,"author":{"gitId":"yicheng-toh"},"content":"    public Task(String description) {","lastModifiedDate":"2023-08-29"},{"lineNumber":11,"author":{"gitId":"yicheng-toh"},"content":"        this.description \u003d description;","lastModifiedDate":"2023-08-29"},{"lineNumber":12,"author":{"gitId":"yicheng-toh"},"content":"        isDone \u003d false;","lastModifiedDate":"2023-09-21"},{"lineNumber":13,"author":{"gitId":"yicheng-toh"},"content":"        taskType \u003d \"Task\";","lastModifiedDate":"2023-09-21"},{"lineNumber":14,"author":{"gitId":"yicheng-toh"},"content":"        symbol \u003d \"t\";","lastModifiedDate":"2023-09-21"},{"lineNumber":15,"author":{"gitId":"yicheng-toh"},"content":"    }","lastModifiedDate":"2023-08-29"},{"lineNumber":16,"author":{"gitId":"yicheng-toh"},"content":"","lastModifiedDate":"2023-08-29"},{"lineNumber":17,"author":{"gitId":"yicheng-toh"},"content":"    public String getStatusIcon() {","lastModifiedDate":"2023-08-29"},{"lineNumber":18,"author":{"gitId":"yicheng-toh"},"content":"        return (isDone ? \"X\" : \" \"); // mark done task with X","lastModifiedDate":"2023-08-29"},{"lineNumber":19,"author":{"gitId":"yicheng-toh"},"content":"    }","lastModifiedDate":"2023-08-29"},{"lineNumber":20,"author":{"gitId":"yicheng-toh"},"content":"","lastModifiedDate":"2023-09-18"},{"lineNumber":21,"author":{"gitId":"yicheng-toh"},"content":"    public String getDescription() {","lastModifiedDate":"2023-08-29"},{"lineNumber":22,"author":{"gitId":"yicheng-toh"},"content":"        return this.description;","lastModifiedDate":"2023-08-29"},{"lineNumber":23,"author":{"gitId":"yicheng-toh"},"content":"    }","lastModifiedDate":"2023-08-29"},{"lineNumber":24,"author":{"gitId":"yicheng-toh"},"content":"","lastModifiedDate":"2023-09-18"},{"lineNumber":25,"author":{"gitId":"yicheng-toh"},"content":"    public void setDone() {","lastModifiedDate":"2023-08-29"},{"lineNumber":26,"author":{"gitId":"yicheng-toh"},"content":"        this.isDone \u003d true;","lastModifiedDate":"2023-08-29"},{"lineNumber":27,"author":{"gitId":"yicheng-toh"},"content":"    }","lastModifiedDate":"2023-08-29"},{"lineNumber":28,"author":{"gitId":"yicheng-toh"},"content":"","lastModifiedDate":"2023-09-18"},{"lineNumber":29,"author":{"gitId":"yicheng-toh"},"content":"    public void setUndone() {","lastModifiedDate":"2023-08-29"},{"lineNumber":30,"author":{"gitId":"yicheng-toh"},"content":"        this.isDone \u003d false;","lastModifiedDate":"2023-08-29"},{"lineNumber":31,"author":{"gitId":"yicheng-toh"},"content":"    }","lastModifiedDate":"2023-08-29"},{"lineNumber":32,"author":{"gitId":"yicheng-toh"},"content":"","lastModifiedDate":"2023-09-05"},{"lineNumber":33,"author":{"gitId":"yicheng-toh"},"content":"    public String getTaskType() {","lastModifiedDate":"2023-09-21"},{"lineNumber":34,"author":{"gitId":"yicheng-toh"},"content":"        return taskType;","lastModifiedDate":"2023-09-21"},{"lineNumber":35,"author":{"gitId":"yicheng-toh"},"content":"    }","lastModifiedDate":"2023-09-21"},{"lineNumber":36,"author":{"gitId":"yicheng-toh"},"content":"","lastModifiedDate":"2023-09-21"},{"lineNumber":37,"author":{"gitId":"yicheng-toh"},"content":"    public String convertToSaveFormat() {","lastModifiedDate":"2023-09-21"},{"lineNumber":38,"author":{"gitId":"yicheng-toh"},"content":"        String doneMarker \u003d isDone ? \"1\" : \"0\";","lastModifiedDate":"2023-09-21"},{"lineNumber":39,"author":{"gitId":"yicheng-toh"},"content":"        return symbol + \" | \" + doneMarker + \" | \" + description;","lastModifiedDate":"2023-09-21"},{"lineNumber":40,"author":{"gitId":"yicheng-toh"},"content":"    }","lastModifiedDate":"2023-09-21"},{"lineNumber":41,"author":{"gitId":"yicheng-toh"},"content":"","lastModifiedDate":"2023-09-21"},{"lineNumber":42,"author":{"gitId":"yicheng-toh"},"content":"    @Override","lastModifiedDate":"2023-09-05"},{"lineNumber":43,"author":{"gitId":"yicheng-toh"},"content":"    public String toString() {","lastModifiedDate":"2023-09-05"},{"lineNumber":44,"author":{"gitId":"yicheng-toh"},"content":"        String marker \u003d this.isDone ? \"x\" : \" \";","lastModifiedDate":"2023-09-05"},{"lineNumber":45,"author":{"gitId":"yicheng-toh"},"content":"        return \"[\" + marker + \"] \" + this.description;","lastModifiedDate":"2023-09-05"},{"lineNumber":46,"author":{"gitId":"yicheng-toh"},"content":"    }","lastModifiedDate":"2023-09-05"},{"lineNumber":47,"author":{"gitId":"yicheng-toh"},"content":"}","lastModifiedDate":"2023-08-29"}],"authorContributionMap":{"yicheng-toh":47}},{"path":"src/main/java/Duke/Task/TaskList.java","fileType":"java","lines":[{"lineNumber":1,"author":{"gitId":"yicheng-toh"},"content":"package Duke.Task;","lastModifiedDate":"2023-09-28"},{"lineNumber":2,"author":{"gitId":"yicheng-toh"},"content":"","lastModifiedDate":"2023-09-28"},{"lineNumber":3,"author":{"gitId":"yicheng-toh"},"content":"import Duke.Task.Task;","lastModifiedDate":"2023-09-28"},{"lineNumber":4,"author":{"gitId":"yicheng-toh"},"content":"","lastModifiedDate":"2023-09-28"},{"lineNumber":5,"author":{"gitId":"yicheng-toh"},"content":"import java.util.ArrayList;","lastModifiedDate":"2023-09-28"},{"lineNumber":6,"author":{"gitId":"yicheng-toh"},"content":"","lastModifiedDate":"2023-09-28"},{"lineNumber":7,"author":{"gitId":"yicheng-toh"},"content":"public class TaskList {","lastModifiedDate":"2023-09-28"},{"lineNumber":8,"author":{"gitId":"yicheng-toh"},"content":"    private final ArrayList\u003cTask\u003e tasks;","lastModifiedDate":"2023-09-28"},{"lineNumber":9,"author":{"gitId":"yicheng-toh"},"content":"","lastModifiedDate":"2023-09-28"},{"lineNumber":10,"author":{"gitId":"yicheng-toh"},"content":"","lastModifiedDate":"2023-09-28"},{"lineNumber":11,"author":{"gitId":"yicheng-toh"},"content":"    public TaskList(){","lastModifiedDate":"2023-09-28"},{"lineNumber":12,"author":{"gitId":"yicheng-toh"},"content":"        tasks \u003d new ArrayList\u003c\u003e();","lastModifiedDate":"2023-09-28"},{"lineNumber":13,"author":{"gitId":"yicheng-toh"},"content":"    }","lastModifiedDate":"2023-09-28"},{"lineNumber":14,"author":{"gitId":"yicheng-toh"},"content":"","lastModifiedDate":"2023-09-28"},{"lineNumber":15,"author":{"gitId":"yicheng-toh"},"content":"    //functions to add: get num task etc....","lastModifiedDate":"2023-09-28"},{"lineNumber":16,"author":{"gitId":"yicheng-toh"},"content":"    public int getNumTask(){","lastModifiedDate":"2023-09-28"},{"lineNumber":17,"author":{"gitId":"yicheng-toh"},"content":"        return tasks.size();","lastModifiedDate":"2023-09-28"},{"lineNumber":18,"author":{"gitId":"yicheng-toh"},"content":"    }","lastModifiedDate":"2023-09-28"},{"lineNumber":19,"author":{"gitId":"yicheng-toh"},"content":"    public void addTask(Task task){","lastModifiedDate":"2023-09-28"},{"lineNumber":20,"author":{"gitId":"yicheng-toh"},"content":"        tasks.add(task);","lastModifiedDate":"2023-09-28"},{"lineNumber":21,"author":{"gitId":"yicheng-toh"},"content":"    }","lastModifiedDate":"2023-09-28"},{"lineNumber":22,"author":{"gitId":"yicheng-toh"},"content":"    public Task getTask(int taskIndex){","lastModifiedDate":"2023-09-28"},{"lineNumber":23,"author":{"gitId":"yicheng-toh"},"content":"        return tasks.get(taskIndex - 1);","lastModifiedDate":"2023-09-28"},{"lineNumber":24,"author":{"gitId":"yicheng-toh"},"content":"    }","lastModifiedDate":"2023-09-28"},{"lineNumber":25,"author":{"gitId":"yicheng-toh"},"content":"    public void deleteTask(int taskIndex){","lastModifiedDate":"2023-09-28"},{"lineNumber":26,"author":{"gitId":"yicheng-toh"},"content":"        tasks.remove(taskIndex - 1);","lastModifiedDate":"2023-09-28"},{"lineNumber":27,"author":{"gitId":"yicheng-toh"},"content":"    }","lastModifiedDate":"2023-09-28"},{"lineNumber":28,"author":{"gitId":"yicheng-toh"},"content":"}","lastModifiedDate":"2023-09-28"}],"authorContributionMap":{"yicheng-toh":28}},{"path":"src/main/java/Duke/Task/ToDo.java","fileType":"java","lines":[{"lineNumber":1,"author":{"gitId":"yicheng-toh"},"content":"package Duke.Task;","lastModifiedDate":"2023-09-13"},{"lineNumber":2,"author":{"gitId":"yicheng-toh"},"content":"","lastModifiedDate":"2023-09-13"},{"lineNumber":3,"author":{"gitId":"yicheng-toh"},"content":"public class ToDo extends Task {","lastModifiedDate":"2023-09-05"},{"lineNumber":4,"author":{"gitId":"yicheng-toh"},"content":"//    String taskType;","lastModifiedDate":"2023-09-21"},{"lineNumber":5,"author":{"gitId":"yicheng-toh"},"content":"    public ToDo(String description) {","lastModifiedDate":"2023-09-05"},{"lineNumber":6,"author":{"gitId":"yicheng-toh"},"content":"        super(description);","lastModifiedDate":"2023-09-05"},{"lineNumber":7,"author":{"gitId":"yicheng-toh"},"content":"        taskType \u003d \"todo\";","lastModifiedDate":"2023-09-21"},{"lineNumber":8,"author":{"gitId":"yicheng-toh"},"content":"        symbol \u003d \"T\";","lastModifiedDate":"2023-09-21"},{"lineNumber":9,"author":{"gitId":"yicheng-toh"},"content":"    }","lastModifiedDate":"2023-09-05"},{"lineNumber":10,"author":{"gitId":"yicheng-toh"},"content":"","lastModifiedDate":"2023-09-18"},{"lineNumber":11,"author":{"gitId":"yicheng-toh"},"content":"","lastModifiedDate":"2023-09-21"},{"lineNumber":12,"author":{"gitId":"yicheng-toh"},"content":"    @Override","lastModifiedDate":"2023-09-05"},{"lineNumber":13,"author":{"gitId":"yicheng-toh"},"content":"    public String toString() {","lastModifiedDate":"2023-09-05"},{"lineNumber":14,"author":{"gitId":"yicheng-toh"},"content":"        return \"\\t[T]\" + super.toString();","lastModifiedDate":"2023-09-05"},{"lineNumber":15,"author":{"gitId":"yicheng-toh"},"content":"    }","lastModifiedDate":"2023-09-05"},{"lineNumber":16,"author":{"gitId":"yicheng-toh"},"content":"}","lastModifiedDate":"2023-09-05"}],"authorContributionMap":{"yicheng-toh":16}},{"path":"src/main/java/Duke/Ui/Ui.java","fileType":"java","lines":[{"lineNumber":1,"author":{"gitId":"yicheng-toh"},"content":"package Duke.Ui;","lastModifiedDate":"2023-09-28"},{"lineNumber":2,"author":{"gitId":"yicheng-toh"},"content":"","lastModifiedDate":"2023-09-28"},{"lineNumber":3,"author":{"gitId":"yicheng-toh"},"content":"import java.util.Scanner;","lastModifiedDate":"2023-09-28"},{"lineNumber":4,"author":{"gitId":"yicheng-toh"},"content":"","lastModifiedDate":"2023-09-28"},{"lineNumber":5,"author":{"gitId":"yicheng-toh"},"content":"public class Ui {","lastModifiedDate":"2023-09-28"},{"lineNumber":6,"author":{"gitId":"yicheng-toh"},"content":"    private static final String LINE_DASHES \u003d \"____________________________________________________________\";","lastModifiedDate":"2023-09-28"},{"lineNumber":7,"author":{"gitId":"yicheng-toh"},"content":"    private final String START_MESSAGE \u003d \"Hello! I\u0027m Chatty\\n\" + \"What can I do for you?\";","lastModifiedDate":"2023-09-28"},{"lineNumber":8,"author":{"gitId":"yicheng-toh"},"content":"    private final Scanner in;","lastModifiedDate":"2023-09-28"},{"lineNumber":9,"author":{"gitId":"yicheng-toh"},"content":"    private final String END_MESSAGE \u003d \"Bye. Hope to see you again soon!\";","lastModifiedDate":"2023-09-28"},{"lineNumber":10,"author":{"gitId":"yicheng-toh"},"content":"    public Ui(){","lastModifiedDate":"2023-09-28"},{"lineNumber":11,"author":{"gitId":"yicheng-toh"},"content":"        in \u003d new Scanner(System.in);","lastModifiedDate":"2023-09-28"},{"lineNumber":12,"author":{"gitId":"yicheng-toh"},"content":"    }","lastModifiedDate":"2023-09-28"},{"lineNumber":13,"author":{"gitId":"yicheng-toh"},"content":"","lastModifiedDate":"2023-09-28"},{"lineNumber":14,"author":{"gitId":"yicheng-toh"},"content":"    public void printWelcomeMessage() {","lastModifiedDate":"2023-09-28"},{"lineNumber":15,"author":{"gitId":"yicheng-toh"},"content":"        printMessage(START_MESSAGE);","lastModifiedDate":"2023-09-28"},{"lineNumber":16,"author":{"gitId":"yicheng-toh"},"content":"    }","lastModifiedDate":"2023-09-28"},{"lineNumber":17,"author":{"gitId":"yicheng-toh"},"content":"","lastModifiedDate":"2023-09-28"},{"lineNumber":18,"author":{"gitId":"yicheng-toh"},"content":"    public void printByeMessage() {","lastModifiedDate":"2023-09-28"},{"lineNumber":19,"author":{"gitId":"yicheng-toh"},"content":"        printMessage(END_MESSAGE);","lastModifiedDate":"2023-09-28"},{"lineNumber":20,"author":{"gitId":"yicheng-toh"},"content":"    }","lastModifiedDate":"2023-09-28"},{"lineNumber":21,"author":{"gitId":"yicheng-toh"},"content":"","lastModifiedDate":"2023-09-28"},{"lineNumber":22,"author":{"gitId":"yicheng-toh"},"content":"    public void printLine() {","lastModifiedDate":"2023-09-28"},{"lineNumber":23,"author":{"gitId":"yicheng-toh"},"content":"        System.out.println(LINE_DASHES);","lastModifiedDate":"2023-09-28"},{"lineNumber":24,"author":{"gitId":"yicheng-toh"},"content":"    }","lastModifiedDate":"2023-09-28"},{"lineNumber":25,"author":{"gitId":"yicheng-toh"},"content":"    public void printMessage(String message) {","lastModifiedDate":"2023-09-28"},{"lineNumber":26,"author":{"gitId":"yicheng-toh"},"content":"        printLine();","lastModifiedDate":"2023-09-28"},{"lineNumber":27,"author":{"gitId":"yicheng-toh"},"content":"        System.out.println(message);","lastModifiedDate":"2023-09-28"},{"lineNumber":28,"author":{"gitId":"yicheng-toh"},"content":"        printLine();","lastModifiedDate":"2023-09-28"},{"lineNumber":29,"author":{"gitId":"yicheng-toh"},"content":"    }","lastModifiedDate":"2023-09-28"},{"lineNumber":30,"author":{"gitId":"yicheng-toh"},"content":"}","lastModifiedDate":"2023-09-28"}],"authorContributionMap":{"yicheng-toh":30}},{"path":"text-ui-test/data/duke.txt","fileType":"txt","lines":[{"lineNumber":1,"author":{"gitId":"yicheng-toh"},"content":"T | 0 | borrow book","lastModifiedDate":"2023-09-28"},{"lineNumber":2,"author":{"gitId":"yicheng-toh"},"content":"D | 0 | return book/by Sunday","lastModifiedDate":"2023-09-28"},{"lineNumber":3,"author":{"gitId":"yicheng-toh"},"content":"E | 1 | project meeting /from Mon 2pm /to 4pm","lastModifiedDate":"2023-09-28"}],"authorContributionMap":{"yicheng-toh":3}},{"path":"text-ui-test/input.txt","fileType":"txt","lines":[{"lineNumber":1,"author":{"gitId":"yicheng-toh"},"content":"mark 1","lastModifiedDate":"2023-09-13"},{"lineNumber":2,"author":{"gitId":"yicheng-toh"},"content":"unmark -1","lastModifiedDate":"2023-09-13"},{"lineNumber":3,"author":{"gitId":"yicheng-toh"},"content":"blah blah black sheep","lastModifiedDate":"2023-09-13"},{"lineNumber":4,"author":{"gitId":"yicheng-toh"},"content":"list","lastModifiedDate":"2023-09-08"},{"lineNumber":5,"author":{"gitId":"yicheng-toh"},"content":"todo borrow book","lastModifiedDate":"2023-09-08"},{"lineNumber":6,"author":{"gitId":"yicheng-toh"},"content":"list","lastModifiedDate":"2023-09-08"},{"lineNumber":7,"author":{"gitId":"yicheng-toh"},"content":"deadline return book /by Sunday","lastModifiedDate":"2023-09-08"},{"lineNumber":8,"author":{"gitId":"yicheng-toh"},"content":"todo","lastModifiedDate":"2023-09-13"},{"lineNumber":9,"author":{"gitId":"yicheng-toh"},"content":"event /by tomorrow","lastModifiedDate":"2023-09-13"},{"lineNumber":10,"author":{"gitId":"yicheng-toh"},"content":"deadline /from","lastModifiedDate":"2023-09-13"},{"lineNumber":11,"author":{"gitId":"yicheng-toh"},"content":"event /from","lastModifiedDate":"2023-09-13"},{"lineNumber":12,"author":{"gitId":"yicheng-toh"},"content":"event /to","lastModifiedDate":"2023-09-13"},{"lineNumber":13,"author":{"gitId":"yicheng-toh"},"content":"deadline /by","lastModifiedDate":"2023-09-13"},{"lineNumber":14,"author":{"gitId":"yicheng-toh"},"content":"event  /from /to","lastModifiedDate":"2023-09-13"},{"lineNumber":15,"author":{"gitId":"yicheng-toh"},"content":"list","lastModifiedDate":"2023-09-08"},{"lineNumber":16,"author":{"gitId":"yicheng-toh"},"content":"event project meeting /from Mon 2pm /to 4pm","lastModifiedDate":"2023-09-08"},{"lineNumber":17,"author":{"gitId":"yicheng-toh"},"content":"mark 1","lastModifiedDate":"2023-09-08"},{"lineNumber":18,"author":{"gitId":"yicheng-toh"},"content":"unmark 1","lastModifiedDate":"2023-09-08"},{"lineNumber":19,"author":{"gitId":"yicheng-toh"},"content":"mark 3","lastModifiedDate":"2023-09-13"},{"lineNumber":20,"author":{"gitId":"yicheng-toh"},"content":"unmark 34398","lastModifiedDate":"2023-09-13"},{"lineNumber":21,"author":{"gitId":"yicheng-toh"},"content":"todo","lastModifiedDate":"2023-09-13"},{"lineNumber":22,"author":{"gitId":"yicheng-toh"},"content":"deadline deadline /by","lastModifiedDate":"2023-09-13"},{"lineNumber":23,"author":{"gitId":"yicheng-toh"},"content":"event event /from 1 /to","lastModifiedDate":"2023-09-13"},{"lineNumber":24,"author":{"gitId":"yicheng-toh"},"content":"event event /from /to","lastModifiedDate":"2023-09-13"},{"lineNumber":25,"author":{"gitId":"yicheng-toh"},"content":"hello","lastModifiedDate":"2023-09-13"},{"lineNumber":26,"author":{"gitId":"yicheng-toh"},"content":"bye","lastModifiedDate":"2023-09-08"}],"authorContributionMap":{"yicheng-toh":26}},{"path":"text-ui-test/runtest.bat","fileType":"bat","lines":[{"lineNumber":1,"author":{"gitId":"-"},"content":"@ECHO OFF","lastModifiedDate":"2020-05-25"},{"lineNumber":2,"author":{"gitId":"-"},"content":"","lastModifiedDate":"2020-05-25"},{"lineNumber":3,"author":{"gitId":"-"},"content":"REM create bin directory if it doesn\u0027t exist","lastModifiedDate":"2020-05-25"},{"lineNumber":4,"author":{"gitId":"-"},"content":"if not exist ..\\bin mkdir ..\\bin","lastModifiedDate":"2020-05-25"},{"lineNumber":5,"author":{"gitId":"-"},"content":"","lastModifiedDate":"2020-05-25"},{"lineNumber":6,"author":{"gitId":"-"},"content":"REM delete output from previous run","lastModifiedDate":"2020-05-25"},{"lineNumber":7,"author":{"gitId":"-"},"content":"if exist ACTUAL.TXT del ACTUAL.TXT","lastModifiedDate":"2020-08-25"},{"lineNumber":8,"author":{"gitId":"-"},"content":"","lastModifiedDate":"2020-05-25"},{"lineNumber":9,"author":{"gitId":"-"},"content":"REM compile the code into the bin folder","lastModifiedDate":"2020-05-25"},{"lineNumber":10,"author":{"gitId":"yicheng-toh"},"content":"javac  -cp ..\\src\\main\\java -Xlint:none -d ..\\bin ..\\src\\main\\java\\Duke\\*.java ..\\src\\main\\java\\Duke\\Task\\*.java ..\\src\\main\\java\\Duke\\Exception\\*.java","lastModifiedDate":"2023-09-13"},{"lineNumber":11,"author":{"gitId":"-"},"content":"IF ERRORLEVEL 1 (","lastModifiedDate":"2020-05-25"},{"lineNumber":12,"author":{"gitId":"-"},"content":"    echo ********** BUILD FAILURE **********","lastModifiedDate":"2020-05-25"},{"lineNumber":13,"author":{"gitId":"-"},"content":"    exit /b 1","lastModifiedDate":"2020-05-25"},{"lineNumber":14,"author":{"gitId":"-"},"content":")","lastModifiedDate":"2020-05-25"},{"lineNumber":15,"author":{"gitId":"-"},"content":"REM no error here, errorlevel \u003d\u003d 0","lastModifiedDate":"2020-05-25"},{"lineNumber":16,"author":{"gitId":"-"},"content":"","lastModifiedDate":"2020-05-25"},{"lineNumber":17,"author":{"gitId":"-"},"content":"REM run the program, feed commands from input.txt file and redirect the output to the ACTUAL.TXT","lastModifiedDate":"2020-05-25"},{"lineNumber":18,"author":{"gitId":"yicheng-toh"},"content":"java -classpath ..\\bin Duke.Duke \u003c input.txt \u003e ACTUAL.TXT","lastModifiedDate":"2023-09-13"},{"lineNumber":19,"author":{"gitId":"-"},"content":"","lastModifiedDate":"2020-05-25"},{"lineNumber":20,"author":{"gitId":"-"},"content":"REM compare the output to the expected output","lastModifiedDate":"2020-05-25"},{"lineNumber":21,"author":{"gitId":"-"},"content":"FC ACTUAL.TXT EXPECTED.TXT","lastModifiedDate":"2020-05-25"}],"authorContributionMap":{"yicheng-toh":2,"-":19}}]
