{"authorDailyContributionsMap":{"yicheng-toh":[{"date":"2023-08-20","commitResults":[{"hash":"331bc9b82518d50845a34d4302554e97cf3da794","isMergeCommit":false,"messageTitle":"Add Hi Bye message","messageBody":"","fileTypesAndContributionMap":{"java":{"insertions":12,"deletions":0}}}]},{"date":"2023-08-29","commitResults":[{"hash":"e2d5150d8273e0edcfb875e854645c75c77ef198","isMergeCommit":false,"messageTitle":"Add Echo Response","messageBody":"","tags":["Level-1"],"fileTypesAndContributionMap":{"java":{"insertions":30,"deletions":3}}},{"hash":"d3d0e69652382e4bb07ad560df21a3adbb2c4847","isMergeCommit":false,"messageTitle":"Add List Feature","messageBody":"","tags":["Level-2"],"fileTypesAndContributionMap":{"java":{"insertions":25,"deletions":6}}},{"hash":"87c5cd3d1171a08a282ba7d7f83d15769a0a5d45","isMergeCommit":false,"messageTitle":"Add Mark Done/Undone feature for Tasks","messageBody":"","tags":["Level-3"],"fileTypesAndContributionMap":{"java":{"insertions":52,"deletions":6}}},{"hash":"744d3b351bb031770a00f78ef5ae6bd672194218","isMergeCommit":false,"messageTitle":"Remane Chatbot","messageBody":"","fileTypesAndContributionMap":{"java":{"insertions":1,"deletions":1}}},{"hash":"648ddb7802111670e61f84ad902b3d5ae4e95309","isMergeCommit":false,"messageTitle":"Revert \"Remane Chatbot\"","messageBody":"This reverts commit 744d3b351bb031770a00f78ef5ae6bd672194218.\n","fileTypesAndContributionMap":{"java":{"insertions":1,"deletions":1}}},{"hash":"a50b3cca382211216eb7f036e92a3a0e8f5d1bfb","isMergeCommit":false,"messageTitle":"Rename Chatbot","messageBody":"","tags":["Level-0"],"fileTypesAndContributionMap":{"java":{"insertions":1,"deletions":1}}}]},{"date":"2023-08-30","commitResults":[{"hash":"a438d733afe46c47c703a247abc92068c93016ee","isMergeCommit":false,"messageTitle":"Improve Code Quality","messageBody":"","fileTypesAndContributionMap":{"java":{"insertions":16,"deletions":22}}}]},{"date":"2023-09-02","commitResults":[{"hash":"94644d2c25f90dc6b104ccebec37584886caed59","isMergeCommit":false,"messageTitle":"Improve Code Quality","messageBody":"","tags":["A-CodingStandard"],"fileTypesAndContributionMap":{"java":{"insertions":24,"deletions":12}}}]},{"date":"2023-09-05","commitResults":[{"hash":"687b04b09543ade64feeb152ff6c3da652894591","isMergeCommit":false,"messageTitle":"Add Events, Tasks, Todos","messageBody":"","tags":["Level-4"],"fileTypesAndContributionMap":{"java":{"insertions":88,"deletions":14}}},{"hash":"d6f9c5d69549e91155c4c4bba6260f7a037c0997","isMergeCommit":false,"messageTitle":"Improve Code Quality","messageBody":"","tags":["A-CodeQuality"],"fileTypesAndContributionMap":{"java":{"insertions":45,"deletions":19}}}]},{"date":"2023-09-08","commitResults":[{"hash":"e196ec9c0ebe0d96f6429fe88bca171b63fc0357","isMergeCommit":false,"messageTitle":"Create test commands and expected output","messageBody":"","tags":["A-TextUiTesting"],"fileTypesAndContributionMap":{"txt":{"insertions":9,"deletions":0}}}]},{"date":"2023-09-11","commitResults":[{"hash":"3fab0bc3834ab8a1d59e5692913a40bdc7984ace","isMergeCommit":false,"messageTitle":"Improve code quality","messageBody":"","fileTypesAndContributionMap":{"java":{"insertions":10,"deletions":5}}},{"hash":"ed06e8b367aef94a8e47afdf5c57a59fe5d22dd1","isMergeCommit":false,"messageTitle":"Fix bug and add error for \u0027mark\u0027 and \u0027unmark\u0027 functions","messageBody":"","fileTypesAndContributionMap":{"java":{"insertions":41,"deletions":21}}}]},{"date":"2023-09-13","commitResults":[{"hash":"8fc8f110ba0294b031ca7ce1e76361be797a799a","isMergeCommit":false,"messageTitle":"Add task related exceptions and improve code quality","messageBody":"","fileTypesAndContributionMap":{"java":{"insertions":110,"deletions":84}}},{"hash":"28b9c6ed8c996e633ea6962df5fcdf19a6031d66","isMergeCommit":true,"messageTitle":"Merge branch \u0027branch-Level-5\u0027","messageBody":"","tags":["Level-5"],"fileTypesAndContributionMap":{}},{"hash":"1f3366d83ffbcb07865252a87c68a349213a5028","isMergeCommit":false,"messageTitle":"Add new customised errors for taskname and taskdate","messageBody":"","tags":["A-Exceptions"],"fileTypesAndContributionMap":{"java":{"insertions":86,"deletions":41}}},{"hash":"a7e6fa8cf9a9b59d3ebcf0567f70a222d23b412d","isMergeCommit":false,"messageTitle":"Edit tests to include exceptions","messageBody":"","fileTypesAndContributionMap":{"txt":{"insertions":17,"deletions":0}}},{"hash":"9bc8e180b14fc1704561a410a842a0139abf5e73","isMergeCommit":true,"messageTitle":"Merge branch \u0027branch-Level-5\u0027","messageBody":"","fileTypesAndContributionMap":{}},{"hash":"181ccabb5520109894e9c60b8b4a7a2fb270034b","isMergeCommit":false,"messageTitle":"Organise code into packages","messageBody":"","tags":["A-Packages"],"fileTypesAndContributionMap":{"java":{"insertions":27,"deletions":5},"bat":{"insertions":2,"deletions":2}}},{"hash":"c1b07c6bc394959db7ba502a7da9957882369652","isMergeCommit":true,"messageTitle":"Merge branch \u0027branch-A-Packages\u0027","messageBody":"","fileTypesAndContributionMap":{}}]},{"date":"2023-09-18","commitResults":[{"hash":"680ba313df4e47c3d252df326bc4d8bc50ffa27f","isMergeCommit":false,"messageTitle":"Improve Code Quality","messageBody":"","fileTypesAndContributionMap":{"java":{"insertions":68,"deletions":66}}},{"hash":"cb0fddae06fc5318d6973eed27bc6795c66f5b31","isMergeCommit":false,"messageTitle":"Add delete task feature","messageBody":"","fileTypesAndContributionMap":{"java":{"insertions":77,"deletions":65}}}]},{"date":"2023-09-21","commitResults":[{"hash":"aca2631a4a9da8ceb1b6a29f30b5a76bfe0c43fa","isMergeCommit":false,"messageTitle":"Add file storage for data persistence","messageBody":"","fileTypesAndContributionMap":{"java":{"insertions":125,"deletions":11}}},{"hash":"5cde26654d4414e0543804f287b85ac0fcd77e8e","isMergeCommit":true,"messageTitle":"Merge branch \u0027branch-Level-6\u0027","messageBody":"# Conflicts:\n#\tsrc/main/java/Duke/Duke.java\n","tags":["Level-6","A-Collections"],"fileTypesAndContributionMap":{}},{"hash":"1a280f4be6790ebd6bde56cc788f9d494fd082f0","isMergeCommit":true,"messageTitle":"Merge branch \u0027branch-Level-7\u0027","messageBody":"# Conflicts:\n#\tsrc/main/java/Duke/Duke.java\n","tags":["Level-7"],"fileTypesAndContributionMap":{}},{"hash":"a8e1240c98eb8d35f545baf8223cd6a6e0eb9466","isMergeCommit":false,"messageTitle":"Resolve error due to different records type","messageBody":"","fileTypesAndContributionMap":{"java":{"insertions":6,"deletions":5}}},{"hash":"2845a32d8d8eff203ef5f307c500b43523d25137","isMergeCommit":false,"messageTitle":"Create new folder when no storage file detected","messageBody":"","tags":["A-Jar"],"fileTypesAndContributionMap":{"java":{"insertions":25,"deletions":5}}}]}]},"authorFileTypeContributionMap":{"yicheng-toh":{"java":489,"md":0,"fxml":0,"sh":0,"bat":2,"gradle":0,"txt":26}},"authorContributionVariance":{"yicheng-toh":7212.7974},"authorDisplayNameMap":{"yicheng-toh":"CS2113-T17-1 TOH ..HENG"}}
