{"authorDailyContributionsMap":{"ryanlohyr":[{"date":"2023-09-04","commitResults":[{"hash":"e4c98c90245178dfffb0576361ab6ff54ae1957a","isMergeCommit":false,"messageTitle":"Add name and greeting","messageBody":"","tags":["Level-0"],"fileTypesAndContributionMap":{"java":{"insertions":18,"deletions":6}}},{"hash":"0cb2e1a2be8e8bd901d96d6c38f57d7ecb284f33","isMergeCommit":false,"messageTitle":"Add echo","messageBody":"","tags":["Level-1"],"fileTypesAndContributionMap":{"java":{"insertions":16,"deletions":5}}},{"hash":"6ae4de6385a698289acc3e8d4bbf67876be0421e","isMergeCommit":false,"messageTitle":"Add \u0027add\u0027 and list\u0027 functionality","messageBody":"","tags":["Level-2"],"fileTypesAndContributionMap":{"java":{"insertions":21,"deletions":3}}},{"hash":"f3e0e94eb3d67b44f020bece65c5fefdd150cad8","isMergeCommit":false,"messageTitle":"Add \u0027mark as done\u0027 functionality","messageBody":"","tags":["Level-3"],"fileTypesAndContributionMap":{"java":{"insertions":89,"deletions":12}}},{"hash":"961513b89c8c6ea3dbbf9da1b9172095fbf5eb9e","isMergeCommit":false,"messageTitle":"Add .class files to gitignore and add Task class into seperate file","messageBody":"","tags":["A-CodingStandard"],"fileTypesAndContributionMap":{"java":{"insertions":34,"deletions":33}}}]},{"date":"2023-09-08","commitResults":[{"hash":"366175592011b125ebf81116c93460b223fb23d8","isMergeCommit":false,"messageTitle":"Complete support tracking for Todos, Events and Deadlines","messageBody":"","tags":["Level-4"],"fileTypesAndContributionMap":{"java":{"insertions":106,"deletions":7}}}]},{"date":"2023-09-13","commitResults":[{"hash":"49cb2e566ed04d0d85345dd8ae603040a6ed6d05","isMergeCommit":false,"messageTitle":"Refactor if else statement into switch statement","messageBody":"","tags":["A-CodeQuality"],"fileTypesAndContributionMap":{"java":{"insertions":63,"deletions":61}}},{"hash":"d38af8f448c26911c15741470567901f7a6061a2","isMergeCommit":false,"messageTitle":"Add DukeException class and improved error handling","messageBody":"","fileTypesAndContributionMap":{"java":{"insertions":69,"deletions":27}}},{"hash":"2f8e8d7662757c7cb777da1992353400fdab43ff","isMergeCommit":true,"messageTitle":"Merge branch \u0027branch-level-5\u0027","messageBody":"","tags":["Level-5"],"fileTypesAndContributionMap":{}}]},{"date":"2023-09-14","commitResults":[{"hash":"7595cb5ef6ca24c3869be95f025c8f2f61080075","isMergeCommit":false,"messageTitle":"Rename class files to be lowercase","messageBody":"","fileTypesAndContributionMap":{"java":{"insertions":19,"deletions":20}}},{"hash":"94774f8c78b03f8e7144908d7259cfd45b98020a","isMergeCommit":true,"messageTitle":"Merge branch \u0027branch-A-Packages\u0027","messageBody":"","tags":["A-Packages"],"fileTypesAndContributionMap":{}}]},{"date":"2023-09-15","commitResults":[{"hash":"c70cbd4a11336110d1417858a4076315fc4d9391","isMergeCommit":false,"messageTitle":"Add javadoc and bug fixes","messageBody":"","fileTypesAndContributionMap":{"java":{"insertions":28,"deletions":11}}}]},{"date":"2023-09-20","commitResults":[{"hash":"541e3aa89b7499337acc75cf06abd90c6c238235","isMergeCommit":false,"messageTitle":"Refactor of class names","messageBody":"","fileTypesAndContributionMap":{"java":{"insertions":144,"deletions":112}}},{"hash":"23829f618fb67c1485bb847f4c69b5a7a0f9d735","isMergeCommit":false,"messageTitle":"Add delete function","messageBody":"","fileTypesAndContributionMap":{"java":{"insertions":11,"deletions":1}}},{"hash":"d106c14aaf7518d128fa75e0685020af11f592ea","isMergeCommit":false,"messageTitle":"Add save functionality","messageBody":"","fileTypesAndContributionMap":{"txt":{"insertions":4,"deletions":0},"java":{"insertions":81,"deletions":5}}},{"hash":"3b7e246b86f89929dce2d6498f82b40509907a08","isMergeCommit":true,"messageTitle":"Merge branch \u0027branch-Level-7\u0027","messageBody":"","tags":["Level-7"],"fileTypesAndContributionMap":{}},{"hash":"ccdeb42b51439896cfe68229e18f67d9acab5d80","isMergeCommit":true,"messageTitle":"Merge branch \u0027branch-level-6\u0027","messageBody":"","tags":["Level-6"],"fileTypesAndContributionMap":{}},{"hash":"aa3a60c438b91c27a4abb640a9334f8f2cf6eb8c","isMergeCommit":false,"messageTitle":"Add data persistance to delete function","messageBody":"","tags":["A-Jar"],"fileTypesAndContributionMap":{"txt":{"insertions":2,"deletions":2},"java":{"insertions":53,"deletions":27}}}]},{"date":"2023-10-03","commitResults":[{"hash":"3752834ee9dff7a53c66ed2bcca29c6aff1986d8","isMergeCommit":false,"messageTitle":"Use more OOP","messageBody":"","tags":["A-MoreOOP"],"fileTypesAndContributionMap":{"java":{"insertions":314,"deletions":179}}},{"hash":"44d4e59fdd2cbbcbcbb9f0915f4ca849868715fd","isMergeCommit":false,"messageTitle":"Add find function","messageBody":"","fileTypesAndContributionMap":{"java":{"insertions":32,"deletions":10}}},{"hash":"09b5d3116f1dfa1486c0a09050e7a0ab7d6085fb","isMergeCommit":true,"messageTitle":"Merge pull request #1 from ryanlohyr/branch-Level-9","messageBody":"Add find function","tags":["Level-9"],"fileTypesAndContributionMap":{}},{"hash":"cd354eb687e4eebfd66882a7e45bac7442617582","isMergeCommit":false,"messageTitle":"Add javadoc","messageBody":"","tags":["A-JavaDoc"],"fileTypesAndContributionMap":{"java":{"insertions":18,"deletions":0}}},{"hash":"8cd025a4816ef15dc889247301174fde8b78c6d3","isMergeCommit":false,"messageTitle":"Add data persistance for mark and unmark as well as bug fixes","messageBody":"","tags":["A-Collections"],"fileTypesAndContributionMap":{"txt":{"insertions":2,"deletions":2},"java":{"insertions":193,"deletions":162}}}]},{"date":"2023-10-04","commitResults":[{"hash":"904beaf0f3d7a6930252b106bf13199b51ae7ff5","isMergeCommit":false,"messageTitle":"user guide and bug fixes","messageBody":"","tags":["A-UserGuide"],"fileTypesAndContributionMap":{"java":{"insertions":196,"deletions":66}}},{"hash":"ee651b5e1caf58237e07a9818a500bb4300eaf73","isMergeCommit":false,"messageTitle":"updated user guide","messageBody":"","fileTypesAndContributionMap":{"txt":{"insertions":2,"deletions":0},"md":{"insertions":44,"deletions":15}}},{"hash":"9c005015a64b53f15610d73b269558d31d0911f0","isMergeCommit":false,"messageTitle":"bug fixes","messageBody":"","tags":["A-Exceptions"],"fileTypesAndContributionMap":{"txt":{"insertions":4,"deletions":1},"java":{"insertions":4,"deletions":1}}}]},{"date":"2023-10-05","commitResults":[{"hash":"1c3aa6736c9f24e559399d8d49fed7d9aa7bfa07","isMergeCommit":false,"messageTitle":"add jar file","messageBody":"","tags":["A-Release"],"fileTypesAndContributionMap":{"txt":{"insertions":3,"deletions":5},"java":{"insertions":52,"deletions":75}}},{"hash":"3fb8b8c14fe527f087d4ebd061f279b91bcad776","isMergeCommit":false,"messageTitle":"bug fix","messageBody":"","fileTypesAndContributionMap":{"java":{"insertions":0,"deletions":1}}}]}]},"authorFileTypeContributionMap":{"ryanlohyr":{"java":744,"md":43,"fxml":0,"sh":0,"bat":0,"gradle":0,"txt":7}},"authorContributionVariance":{"ryanlohyr":23515.59},"authorDisplayNameMap":{"ryanlohyr":"CS2113-T17-4 RYAN.. RUI"}}
