{"authorDailyContributionsMap":{"ryanlohyr":[{"date":"2023-09-04","commitResults":[{"hash":"e4c98c90245178dfffb0576361ab6ff54ae1957a","isMergeCommit":false,"messageTitle":"Add name and greeting","messageBody":"","tags":["Level-0"],"fileTypesAndContributionMap":{"java":{"insertions":18,"deletions":6}}},{"hash":"0cb2e1a2be8e8bd901d96d6c38f57d7ecb284f33","isMergeCommit":false,"messageTitle":"Add echo","messageBody":"","tags":["Level-1"],"fileTypesAndContributionMap":{"java":{"insertions":16,"deletions":5}}},{"hash":"6ae4de6385a698289acc3e8d4bbf67876be0421e","isMergeCommit":false,"messageTitle":"Add \u0027add\u0027 and list\u0027 functionality","messageBody":"","tags":["Level-2"],"fileTypesAndContributionMap":{"java":{"insertions":21,"deletions":3}}},{"hash":"f3e0e94eb3d67b44f020bece65c5fefdd150cad8","isMergeCommit":false,"messageTitle":"Add \u0027mark as done\u0027 functionality","messageBody":"","tags":["Level-3"],"fileTypesAndContributionMap":{"java":{"insertions":89,"deletions":12}}},{"hash":"961513b89c8c6ea3dbbf9da1b9172095fbf5eb9e","isMergeCommit":false,"messageTitle":"Add .class files to gitignore and add Task class into seperate file","messageBody":"","tags":["A-CodingStandard"],"fileTypesAndContributionMap":{"java":{"insertions":34,"deletions":33}}}]},{"date":"2023-09-08","commitResults":[{"hash":"366175592011b125ebf81116c93460b223fb23d8","isMergeCommit":false,"messageTitle":"Complete support tracking for Todos, Events and Deadlines","messageBody":"","tags":["Level-4"],"fileTypesAndContributionMap":{"java":{"insertions":106,"deletions":7}}}]},{"date":"2023-09-13","commitResults":[{"hash":"49cb2e566ed04d0d85345dd8ae603040a6ed6d05","isMergeCommit":false,"messageTitle":"Refactor if else statement into switch statement","messageBody":"","tags":["A-CodeQuality"],"fileTypesAndContributionMap":{"java":{"insertions":63,"deletions":61}}},{"hash":"d38af8f448c26911c15741470567901f7a6061a2","isMergeCommit":false,"messageTitle":"Add DukeException class and improved error handling","messageBody":"","fileTypesAndContributionMap":{"java":{"insertions":69,"deletions":27}}},{"hash":"2f8e8d7662757c7cb777da1992353400fdab43ff","isMergeCommit":true,"messageTitle":"Merge branch \u0027branch-level-5\u0027","messageBody":"","tags":["Level-5"],"fileTypesAndContributionMap":{}}]},{"date":"2023-09-14","commitResults":[{"hash":"7595cb5ef6ca24c3869be95f025c8f2f61080075","isMergeCommit":false,"messageTitle":"Rename class files to be lowercase","messageBody":"","fileTypesAndContributionMap":{"java":{"insertions":19,"deletions":20}}},{"hash":"94774f8c78b03f8e7144908d7259cfd45b98020a","isMergeCommit":true,"messageTitle":"Merge branch \u0027branch-A-Packages\u0027","messageBody":"","tags":["A-Packages"],"fileTypesAndContributionMap":{}}]}]},"authorFileTypeContributionMap":{"ryanlohyr":{"java":267,"md":0,"fxml":0,"sh":0,"bat":0,"gradle":0,"txt":0}},"authorContributionVariance":{"ryanlohyr":3771.9019},"authorDisplayNameMap":{"ryanlohyr":"CS2113-T17-4 RYAN.. RUI"}}
