{"authorDailyContributionsMap":{"TeoHaoZhi":[{"date":"2023-08-18","commitResults":[{"hash":"e2c4bb8e3b1c71f059e56f47bd34c0d840dbb23e","isMergeCommit":false,"messageTitle":"Add edited Duke.java with updated name,greetings and goodbye","messageBody":"","tags":["Level-0"],"fileTypesAndContributionMap":{"java":{"insertions":10,"deletions":0}}}]},{"date":"2023-08-26","commitResults":[{"hash":"24df9bdabe0d84cd8b2150244e73dffea2458344","isMergeCommit":false,"messageTitle":"Removed inital Duke introduction","messageBody":"","fileTypesAndContributionMap":{"java":{"insertions":0,"deletions":7}}},{"hash":"580b6d12425bb19e95be342f69cc7faf37be1433","isMergeCommit":false,"messageTitle":"Implement new Echo class","messageBody":"","fileTypesAndContributionMap":{"java":{"insertions":26,"deletions":0}}},{"hash":"b0f053769aa1a79b0def266d926539cf7eb804c0","isMergeCommit":false,"messageTitle":"Construct instance of echo class for use of echoBack method","messageBody":"","tags":["Level-1"],"fileTypesAndContributionMap":{"java":{"insertions":7,"deletions":2}}},{"hash":"a9ff8ed9a1e9bf696baa1193795bd6329d9e6546","isMergeCommit":false,"messageTitle":"Remove line seperator","messageBody":"","fileTypesAndContributionMap":{"java":{"insertions":2,"deletions":5}}},{"hash":"fd58951c1be40b0c2edd8655d5bc83b195650ec8","isMergeCommit":true,"messageTitle":"Merge branch \u0027Attempt_1\u0027","messageBody":"# Conflicts:\n#\tsrc/main/java/Duke.java\n","fileTypesAndContributionMap":{}},{"hash":"bb3694fed2444b2d4b41eec1da59c916bebd73de","isMergeCommit":false,"messageTitle":"Final Level-1 commit","messageBody":"","fileTypesAndContributionMap":{"java":{"insertions":1,"deletions":7}}}]},{"date":"2023-08-27","commitResults":[{"hash":"5425e91f0471cb26ae3ca02eab29870d10de0603","isMergeCommit":false,"messageTitle":"Create toDoList Class","messageBody":"","fileTypesAndContributionMap":{"java":{"insertions":34,"deletions":0}}},{"hash":"2c369866fb656c5459f52871ac9446780730675e","isMergeCommit":false,"messageTitle":"Update Echo class to use toDoList class and methods","messageBody":"","fileTypesAndContributionMap":{"java":{"insertions":13,"deletions":1}}},{"hash":"442961cc2093b402a24edc5aa3acb821f5607315","isMergeCommit":false,"messageTitle":"Remove unnecessary blank lines","messageBody":"","tags":["Level-2"],"fileTypesAndContributionMap":{"java":{"insertions":0,"deletions":8}}},{"hash":"6c5ea819482bfd5c0d527f776bf30c3392321f9c","isMergeCommit":false,"messageTitle":"Create new class for task addition","messageBody":"","fileTypesAndContributionMap":{"java":{"insertions":23,"deletions":0}}},{"hash":"52d4123e98c1c6b02de6b00938b5a6368e29d11b","isMergeCommit":false,"messageTitle":"Implement methods mark and unmark","messageBody":"","fileTypesAndContributionMap":{"java":{"insertions":47,"deletions":8}}},{"hash":"a1b95f79f58ca84ae246c24a76e3ac4efb76f51f","isMergeCommit":false,"messageTitle":"Rename of mark and unmark","messageBody":"","fileTypesAndContributionMap":{"java":{"insertions":1,"deletions":1}}},{"hash":"5ef11cff9b0c71003e7a1366d3a7d1da090fb13d","isMergeCommit":false,"messageTitle":"Add  trigger conditions to use mark and unmark methods","messageBody":"","fileTypesAndContributionMap":{"java":{"insertions":8,"deletions":0}}},{"hash":"582953855ffa3ad54b421d00f023b6db40a65680","isMergeCommit":false,"messageTitle":"Uphold coding conventions","messageBody":"","fileTypesAndContributionMap":{"java":{"insertions":29,"deletions":32}}},{"hash":"e843613dc6eafa3b884c701f6e5455d3deda9671","isMergeCommit":false,"messageTitle":"Update coding conventions","messageBody":"","tags":["Level-3"],"fileTypesAndContributionMap":{"java":{"insertions":1,"deletions":3}}}]},{"date":"2023-09-03","commitResults":[{"hash":"f0326b05917d865ab70b59da35a861029f02b152","isMergeCommit":false,"messageTitle":"Add support for tracking three types of tasks","messageBody":"","tags":["Level-4"],"fileTypesAndContributionMap":{"java":{"insertions":112,"deletions":12}}}]},{"date":"2023-09-05","commitResults":[{"hash":"3d1f6624df796febfefd8748b297cc825c8a6981","isMergeCommit":false,"messageTitle":"Comply to coding standards and conventions","messageBody":"","tags":["A-codeQuality","A-CodingStandard","A-CodeQuality"],"fileTypesAndContributionMap":{"java":{"insertions":23,"deletions":31}}}]},{"date":"2023-09-07","commitResults":[{"hash":"db7a45bb149ed1c5b2d1f6fb1ecb3fef1e40e841","isMergeCommit":false,"messageTitle":"Automate testing for todo command","messageBody":"","tags":["A-TextUiTesting"],"fileTypesAndContributionMap":{"txt":{"insertions":1,"deletions":0}}},{"hash":"56b56598cfc13ad37024367a6aec80204b96e538","isMergeCommit":false,"messageTitle":"Delete Echo class, shift Echo class contents to Duke class","messageBody":"","fileTypesAndContributionMap":{"txt":{"insertions":1,"deletions":0},"java":{"insertions":41,"deletions":62},"bat":{"insertions":2,"deletions":2},"sh":{"insertions":1,"deletions":1}}}]},{"date":"2023-09-08","commitResults":[{"hash":"b3c204e2c58a0b4e77e2c140b9686fc41253ba03","isMergeCommit":false,"messageTitle":"Create DukeException class and recreate Echo class","messageBody":"","fileTypesAndContributionMap":{"java":{"insertions":72,"deletions":42}}},{"hash":"04da0cc48df367480c6d50faa12c503d8b2736da","isMergeCommit":false,"messageTitle":"Add exception handling for NumberFormatException","messageBody":"","fileTypesAndContributionMap":{"java":{"insertions":12,"deletions":8}}},{"hash":"d20fa3bad57b1d0fc0112c2dbba17e132d67650b","isMergeCommit":true,"messageTitle":"Merge commit of branch-Level-5","messageBody":"","fileTypesAndContributionMap":{}},{"hash":"df0ed3947f357d1bb926f455f6e656c73deedfa5","isMergeCommit":true,"messageTitle":"Merge branch \u0027branch-Level-5\u0027 to master","messageBody":"","tags":["Level-5"],"fileTypesAndContributionMap":{}},{"hash":"3a71ee8aa99d36d72ec62bd13ea64db7de79559e","isMergeCommit":false,"messageTitle":"Create packages for duke commands,exceptions,tasks","messageBody":"","fileTypesAndContributionMap":{"java":{"insertions":14,"deletions":1}}},{"hash":"4a42b1feba2dead53e6ad3bdaf993956f2c3d071","isMergeCommit":true,"messageTitle":"Merge branch \u0027branch-A-Packages\u0027 to master branch","messageBody":"","tags":["A-Packages"],"fileTypesAndContributionMap":{}}]}]},"authorFileTypeContributionMap":{"TeoHaoZhi":{"java":259,"md":0,"fxml":0,"sh":0,"bat":1,"gradle":0,"txt":2}},"authorContributionVariance":{"TeoHaoZhi":3485.0657},"authorDisplayNameMap":{"TeoHaoZhi":"TEO .. ZHI"}}
