[{"path":"src/main/java/FredBot.java","fileType":"java","lines":[{"lineNumber":1,"author":{"gitId":"wwweert123"},"content":"import fredbot.error.*;","lastModifiedDate":"2023-09-16"},{"lineNumber":2,"author":{"gitId":"wwweert123"},"content":"import fredbot.task.Deadline;","lastModifiedDate":"2023-09-09"},{"lineNumber":3,"author":{"gitId":"wwweert123"},"content":"import fredbot.task.Event;","lastModifiedDate":"2023-09-09"},{"lineNumber":4,"author":{"gitId":"wwweert123"},"content":"import fredbot.task.Task;","lastModifiedDate":"2023-09-09"},{"lineNumber":5,"author":{"gitId":"wwweert123"},"content":"import fredbot.task.Todo;","lastModifiedDate":"2023-09-09"},{"lineNumber":6,"author":{"gitId":"wwweert123"},"content":"","lastModifiedDate":"2023-09-09"},{"lineNumber":7,"author":{"gitId":"wwweert123"},"content":"import java.util.ArrayList;","lastModifiedDate":"2023-09-16"},{"lineNumber":8,"author":{"gitId":"wwweert123"},"content":"import java.io.File;","lastModifiedDate":"2023-09-17"},{"lineNumber":9,"author":{"gitId":"wwweert123"},"content":"import java.io.FileNotFoundException;","lastModifiedDate":"2023-09-17"},{"lineNumber":10,"author":{"gitId":"wwweert123"},"content":"import java.io.FileWriter;","lastModifiedDate":"2023-09-17"},{"lineNumber":11,"author":{"gitId":"wwweert123"},"content":"import java.io.IOException;","lastModifiedDate":"2023-09-17"},{"lineNumber":12,"author":{"gitId":"wwweert123"},"content":"import java.util.Scanner;","lastModifiedDate":"2023-08-26"},{"lineNumber":13,"author":{"gitId":"wwweert123"},"content":"","lastModifiedDate":"2023-08-26"},{"lineNumber":14,"author":{"gitId":"wwweert123"},"content":"public class FredBot {","lastModifiedDate":"2023-09-02"},{"lineNumber":15,"author":{"gitId":"wwweert123"},"content":"","lastModifiedDate":"2023-09-06"},{"lineNumber":16,"author":{"gitId":"wwweert123"},"content":"    public static final String GREETING \u003d \"     Hello! I\u0027m Fredbot\\n\" +","lastModifiedDate":"2023-09-09"},{"lineNumber":17,"author":{"gitId":"wwweert123"},"content":"            \"     What can I do for you?\";","lastModifiedDate":"2023-09-09"},{"lineNumber":18,"author":{"gitId":"wwweert123"},"content":"    public static final String FAREWELL \u003d \"     Bye. Hope to see you again soon!\";","lastModifiedDate":"2023-09-09"},{"lineNumber":19,"author":{"gitId":"wwweert123"},"content":"    public static final String INDENT \u003d \"    \";","lastModifiedDate":"2023-09-09"},{"lineNumber":20,"author":{"gitId":"wwweert123"},"content":"    public static final String MARK_TASK_MESSAGE \u003d \"Nice! I\u0027ve marked this task as done:\\n\";","lastModifiedDate":"2023-09-09"},{"lineNumber":21,"author":{"gitId":"wwweert123"},"content":"    public static final String UNMARK_TASK_MESSAGE \u003d \"Nice! I\u0027ve marked this task as not done yet:\\n\";","lastModifiedDate":"2023-09-09"},{"lineNumber":22,"author":{"gitId":"wwweert123"},"content":"    public static final String DIVIDER \u003d \"    ____________________________________________________________\\n\";","lastModifiedDate":"2023-09-09"},{"lineNumber":23,"author":{"gitId":"wwweert123"},"content":"    public static final String TASK_LIST_MESSAGE \u003d \"Here are the tasks in your list\\n\";","lastModifiedDate":"2023-09-09"},{"lineNumber":24,"author":{"gitId":"wwweert123"},"content":"    public static final String COMMAND_MARK \u003d \"mark\";","lastModifiedDate":"2023-09-09"},{"lineNumber":25,"author":{"gitId":"wwweert123"},"content":"    public static final String COMMAND_UNMARK \u003d \"unmark\";","lastModifiedDate":"2023-09-09"},{"lineNumber":26,"author":{"gitId":"wwweert123"},"content":"    public static final String COMMAND_ADD_TODO \u003d \"todo\";","lastModifiedDate":"2023-09-09"},{"lineNumber":27,"author":{"gitId":"wwweert123"},"content":"    public static final String COMMAND_ADD_DEADLINE \u003d \"deadline\";","lastModifiedDate":"2023-09-09"},{"lineNumber":28,"author":{"gitId":"wwweert123"},"content":"    public static final String COMMAND_ADD_EVENT \u003d \"event\";","lastModifiedDate":"2023-09-09"},{"lineNumber":29,"author":{"gitId":"wwweert123"},"content":"    public static final String COMMAND_ERROR_MESSAGE \u003d \"☹ OOPS!!! I\u0027m sorry, but I don\u0027t know what that means :-(\";","lastModifiedDate":"2023-09-09"},{"lineNumber":30,"author":{"gitId":"wwweert123"},"content":"    public static final String TODO_ERROR_MESSAGE \u003d \"☹ OOPS!!! The description of a todo cannot be empty.\";","lastModifiedDate":"2023-09-09"},{"lineNumber":31,"author":{"gitId":"wwweert123"},"content":"    public static final String DEADLINE_ERROR_MESSAGE \u003d \"☹ OOPS!!! The description of a deadline cannot be empty.\";","lastModifiedDate":"2023-09-09"},{"lineNumber":32,"author":{"gitId":"wwweert123"},"content":"    public static final String EVENT_ERROR_MESSAGE \u003d \"☹ OOPS!!! The description of a event cannot be empty.\";","lastModifiedDate":"2023-09-09"},{"lineNumber":33,"author":{"gitId":"wwweert123"},"content":"    public static final String MARK_ERROR_MESSAGE \u003d \"This task does not exist!\";","lastModifiedDate":"2023-09-16"},{"lineNumber":34,"author":{"gitId":"wwweert123"},"content":"    public static final String COMMAND_DELETE \u003d \"delete\";","lastModifiedDate":"2023-09-16"},{"lineNumber":35,"author":{"gitId":"wwweert123"},"content":"    public static final String REMOVE_TASK_MESSAGE \u003d \"Noted. I\u0027ve removed this task:\\n\";","lastModifiedDate":"2023-09-16"},{"lineNumber":36,"author":{"gitId":"wwweert123"},"content":"    public static final String TASK_FILE_PATH \u003d \"./data/tasks.txt\";","lastModifiedDate":"2023-09-17"},{"lineNumber":37,"author":{"gitId":"wwweert123"},"content":"    public static final String WRITE_FILE_ERROR_MESSAGE \u003d \"Could not write to file. Exiting Application...\";","lastModifiedDate":"2023-09-17"},{"lineNumber":38,"author":{"gitId":"wwweert123"},"content":"    public static final String FIND_FILE_ERROR_MESSAGE \u003d \"Could not find file to load. Exiting Application...\";","lastModifiedDate":"2023-09-17"},{"lineNumber":39,"author":{"gitId":"wwweert123"},"content":"","lastModifiedDate":"2023-08-26"},{"lineNumber":40,"author":{"gitId":"wwweert123"},"content":"    public static void loadTasksfromfile(ArrayList\u003cTask\u003e tasks) throws FileNotFoundException {","lastModifiedDate":"2023-09-17"},{"lineNumber":41,"author":{"gitId":"wwweert123"},"content":"        File f \u003d new File(TASK_FILE_PATH);","lastModifiedDate":"2023-09-17"},{"lineNumber":42,"author":{"gitId":"wwweert123"},"content":"        Scanner s \u003d new Scanner(f);","lastModifiedDate":"2023-09-17"},{"lineNumber":43,"author":{"gitId":"wwweert123"},"content":"        while (s.hasNext()) {","lastModifiedDate":"2023-09-17"},{"lineNumber":44,"author":{"gitId":"wwweert123"},"content":"            String task \u003d s.nextLine();","lastModifiedDate":"2023-09-17"},{"lineNumber":45,"author":{"gitId":"wwweert123"},"content":"            switch (task.charAt(1)) {","lastModifiedDate":"2023-09-17"},{"lineNumber":46,"author":{"gitId":"wwweert123"},"content":"            case \u0027T\u0027:","lastModifiedDate":"2023-09-17"},{"lineNumber":47,"author":{"gitId":"wwweert123"},"content":"                tasks.add(new Todo(task.substring(6).trim()));","lastModifiedDate":"2023-09-17"},{"lineNumber":48,"author":{"gitId":"wwweert123"},"content":"                tasks.get(Task.getNumTask()).setDone(task.charAt(4) \u003d\u003d \u0027X\u0027);","lastModifiedDate":"2023-09-17"},{"lineNumber":49,"author":{"gitId":"wwweert123"},"content":"                Task.setNumTask(Task.getNumTask()+1);","lastModifiedDate":"2023-09-17"},{"lineNumber":50,"author":{"gitId":"wwweert123"},"content":"                break;","lastModifiedDate":"2023-09-17"},{"lineNumber":51,"author":{"gitId":"wwweert123"},"content":"            case \u0027D\u0027:","lastModifiedDate":"2023-09-17"},{"lineNumber":52,"author":{"gitId":"wwweert123"},"content":"                String[] argumentsDeadline \u003d task.substring(6).split(\"by:\");","lastModifiedDate":"2023-09-17"},{"lineNumber":53,"author":{"gitId":"wwweert123"},"content":"                tasks.add(new Deadline(argumentsDeadline[0].trim(),argumentsDeadline[1].trim()));","lastModifiedDate":"2023-09-17"},{"lineNumber":54,"author":{"gitId":"wwweert123"},"content":"                tasks.get(Task.getNumTask()).setDone(task.charAt(4) \u003d\u003d \u0027X\u0027);","lastModifiedDate":"2023-09-17"},{"lineNumber":55,"author":{"gitId":"wwweert123"},"content":"                Task.setNumTask(Task.getNumTask()+1);","lastModifiedDate":"2023-09-17"},{"lineNumber":56,"author":{"gitId":"wwweert123"},"content":"                break;","lastModifiedDate":"2023-09-17"},{"lineNumber":57,"author":{"gitId":"wwweert123"},"content":"            case \u0027E\u0027:","lastModifiedDate":"2023-09-17"},{"lineNumber":58,"author":{"gitId":"wwweert123"},"content":"                String[] argumentsEvent \u003d task.substring(6).split(\"to:|from:\");","lastModifiedDate":"2023-09-17"},{"lineNumber":59,"author":{"gitId":"wwweert123"},"content":"                tasks.add(new Event(argumentsEvent[0].trim(),","lastModifiedDate":"2023-09-17"},{"lineNumber":60,"author":{"gitId":"wwweert123"},"content":"                        argumentsEvent[1].trim(), argumentsEvent[2].trim()));","lastModifiedDate":"2023-09-17"},{"lineNumber":61,"author":{"gitId":"wwweert123"},"content":"                tasks.get(Task.getNumTask()).setDone(task.charAt(4) \u003d\u003d \u0027X\u0027);","lastModifiedDate":"2023-09-17"},{"lineNumber":62,"author":{"gitId":"wwweert123"},"content":"                Task.setNumTask(Task.getNumTask()+1);","lastModifiedDate":"2023-09-17"},{"lineNumber":63,"author":{"gitId":"wwweert123"},"content":"                break;","lastModifiedDate":"2023-09-17"},{"lineNumber":64,"author":{"gitId":"wwweert123"},"content":"            }","lastModifiedDate":"2023-09-17"},{"lineNumber":65,"author":{"gitId":"wwweert123"},"content":"        }","lastModifiedDate":"2023-09-17"},{"lineNumber":66,"author":{"gitId":"wwweert123"},"content":"    }","lastModifiedDate":"2023-09-17"},{"lineNumber":67,"author":{"gitId":"wwweert123"},"content":"    public static void addTaskstoFile(ArrayList\u003cTask\u003e tasks) throws IOException {","lastModifiedDate":"2023-09-17"},{"lineNumber":68,"author":{"gitId":"wwweert123"},"content":"        FileWriter fw \u003d new FileWriter(TASK_FILE_PATH);","lastModifiedDate":"2023-09-17"},{"lineNumber":69,"author":{"gitId":"wwweert123"},"content":"        StringBuilder tasksText \u003d new StringBuilder();","lastModifiedDate":"2023-09-17"},{"lineNumber":70,"author":{"gitId":"wwweert123"},"content":"        for (int i \u003d 0; i \u003c Task.getNumTask(); i++) {","lastModifiedDate":"2023-09-17"},{"lineNumber":71,"author":{"gitId":"wwweert123"},"content":"            tasksText.append(tasks.get(i).toString()).append(System.lineSeparator());","lastModifiedDate":"2023-09-17"},{"lineNumber":72,"author":{"gitId":"wwweert123"},"content":"        }","lastModifiedDate":"2023-09-17"},{"lineNumber":73,"author":{"gitId":"wwweert123"},"content":"        fw.write(String.valueOf(tasksText));","lastModifiedDate":"2023-09-17"},{"lineNumber":74,"author":{"gitId":"wwweert123"},"content":"        fw.close();","lastModifiedDate":"2023-09-17"},{"lineNumber":75,"author":{"gitId":"wwweert123"},"content":"    }","lastModifiedDate":"2023-09-17"},{"lineNumber":76,"author":{"gitId":"wwweert123"},"content":"","lastModifiedDate":"2023-09-17"},{"lineNumber":77,"author":{"gitId":"wwweert123"},"content":"    public static void addTodo(ArrayList\u003cTask\u003e tasks, String task) throws FredBotTodoErrorException, IOException {","lastModifiedDate":"2023-09-17"},{"lineNumber":78,"author":{"gitId":"wwweert123"},"content":"        if (task.isEmpty()) {","lastModifiedDate":"2023-09-09"},{"lineNumber":79,"author":{"gitId":"wwweert123"},"content":"            throw new FredBotTodoErrorException();","lastModifiedDate":"2023-09-09"},{"lineNumber":80,"author":{"gitId":"wwweert123"},"content":"        }","lastModifiedDate":"2023-09-09"},{"lineNumber":81,"author":{"gitId":"wwweert123"},"content":"        int numTask \u003d Task.getNumTask();","lastModifiedDate":"2023-09-03"},{"lineNumber":82,"author":{"gitId":"wwweert123"},"content":"        tasks.add(new Todo(task.trim()));","lastModifiedDate":"2023-09-17"},{"lineNumber":83,"author":{"gitId":"wwweert123"},"content":"        printAddTask(INDENT + tasks.get(numTask).toString() + \"\\n\");","lastModifiedDate":"2023-09-16"},{"lineNumber":84,"author":{"gitId":"wwweert123"},"content":"        Task.setNumTask(numTask+1);","lastModifiedDate":"2023-09-03"},{"lineNumber":85,"author":{"gitId":"wwweert123"},"content":"        addTaskstoFile(tasks);","lastModifiedDate":"2023-09-17"},{"lineNumber":86,"author":{"gitId":"wwweert123"},"content":"    }","lastModifiedDate":"2023-09-03"},{"lineNumber":87,"author":{"gitId":"wwweert123"},"content":"","lastModifiedDate":"2023-09-03"},{"lineNumber":88,"author":{"gitId":"wwweert123"},"content":"    public static void addDeadline(ArrayList\u003cTask\u003e tasks, String task) throws FredBotDeadlineErrorException, IOException {","lastModifiedDate":"2023-09-17"},{"lineNumber":89,"author":{"gitId":"wwweert123"},"content":"        if (task.isEmpty()) {","lastModifiedDate":"2023-09-09"},{"lineNumber":90,"author":{"gitId":"wwweert123"},"content":"            throw new FredBotDeadlineErrorException();","lastModifiedDate":"2023-09-09"},{"lineNumber":91,"author":{"gitId":"wwweert123"},"content":"        }","lastModifiedDate":"2023-09-09"},{"lineNumber":92,"author":{"gitId":"wwweert123"},"content":"        int numTask \u003d Task.getNumTask();","lastModifiedDate":"2023-09-03"},{"lineNumber":93,"author":{"gitId":"wwweert123"},"content":"        String[] arguments \u003d task.split(\"/by\");","lastModifiedDate":"2023-09-09"},{"lineNumber":94,"author":{"gitId":"wwweert123"},"content":"        if (arguments.length !\u003d 2) {","lastModifiedDate":"2023-09-09"},{"lineNumber":95,"author":{"gitId":"wwweert123"},"content":"            throw new FredBotDeadlineErrorException();","lastModifiedDate":"2023-09-09"},{"lineNumber":96,"author":{"gitId":"wwweert123"},"content":"        }","lastModifiedDate":"2023-09-09"},{"lineNumber":97,"author":{"gitId":"wwweert123"},"content":"        tasks.add(new Deadline(arguments[0].trim(),arguments[1].trim()));","lastModifiedDate":"2023-09-17"},{"lineNumber":98,"author":{"gitId":"wwweert123"},"content":"        printAddTask(INDENT + tasks.get(numTask).toString() + \"\\n\");","lastModifiedDate":"2023-09-16"},{"lineNumber":99,"author":{"gitId":"wwweert123"},"content":"        Task.setNumTask(numTask+1);","lastModifiedDate":"2023-09-03"},{"lineNumber":100,"author":{"gitId":"wwweert123"},"content":"        addTaskstoFile(tasks);","lastModifiedDate":"2023-09-17"},{"lineNumber":101,"author":{"gitId":"wwweert123"},"content":"    }","lastModifiedDate":"2023-09-03"},{"lineNumber":102,"author":{"gitId":"wwweert123"},"content":"","lastModifiedDate":"2023-09-03"},{"lineNumber":103,"author":{"gitId":"wwweert123"},"content":"    public static void addEvent(ArrayList\u003cTask\u003e tasks, String task) throws FredBotEventErrorException, IOException {","lastModifiedDate":"2023-09-17"},{"lineNumber":104,"author":{"gitId":"wwweert123"},"content":"        if (task.isEmpty()) {","lastModifiedDate":"2023-09-09"},{"lineNumber":105,"author":{"gitId":"wwweert123"},"content":"            throw new FredBotEventErrorException();","lastModifiedDate":"2023-09-09"},{"lineNumber":106,"author":{"gitId":"wwweert123"},"content":"        }","lastModifiedDate":"2023-09-09"},{"lineNumber":107,"author":{"gitId":"wwweert123"},"content":"        int numTask \u003d Task.getNumTask();","lastModifiedDate":"2023-09-03"},{"lineNumber":108,"author":{"gitId":"wwweert123"},"content":"        String[] arguments \u003d task.split(\"/to|/from\");","lastModifiedDate":"2023-09-09"},{"lineNumber":109,"author":{"gitId":"wwweert123"},"content":"        if (arguments.length !\u003d 3) {","lastModifiedDate":"2023-09-09"},{"lineNumber":110,"author":{"gitId":"wwweert123"},"content":"            throw new FredBotEventErrorException();","lastModifiedDate":"2023-09-09"},{"lineNumber":111,"author":{"gitId":"wwweert123"},"content":"        }","lastModifiedDate":"2023-09-09"},{"lineNumber":112,"author":{"gitId":"wwweert123"},"content":"        tasks.add(new Event(arguments[0].trim(), arguments[1].trim(), arguments[2].trim()));","lastModifiedDate":"2023-09-16"},{"lineNumber":113,"author":{"gitId":"wwweert123"},"content":"        printAddTask(INDENT + tasks.get(numTask).toString() + \"\\n\");","lastModifiedDate":"2023-09-16"},{"lineNumber":114,"author":{"gitId":"wwweert123"},"content":"        Task.setNumTask(numTask+1);","lastModifiedDate":"2023-09-03"},{"lineNumber":115,"author":{"gitId":"wwweert123"},"content":"        addTaskstoFile(tasks);","lastModifiedDate":"2023-09-17"},{"lineNumber":116,"author":{"gitId":"wwweert123"},"content":"    }","lastModifiedDate":"2023-09-03"},{"lineNumber":117,"author":{"gitId":"wwweert123"},"content":"","lastModifiedDate":"2023-09-03"},{"lineNumber":118,"author":{"gitId":"wwweert123"},"content":"    public static void deleteTask(ArrayList\u003cTask\u003e tasks, int index) throws FredBotDeleteErrorException, IOException{","lastModifiedDate":"2023-09-18"},{"lineNumber":119,"author":{"gitId":"wwweert123"},"content":"        if (index \u003c 1 || index \u003e Task.getNumTask()) {","lastModifiedDate":"2023-09-16"},{"lineNumber":120,"author":{"gitId":"wwweert123"},"content":"            throw new FredBotDeleteErrorException();","lastModifiedDate":"2023-09-16"},{"lineNumber":121,"author":{"gitId":"wwweert123"},"content":"        }","lastModifiedDate":"2023-09-16"},{"lineNumber":122,"author":{"gitId":"wwweert123"},"content":"        printRemoveTask(tasks.remove(index - 1).toString() + \"\\n\");","lastModifiedDate":"2023-09-16"},{"lineNumber":123,"author":{"gitId":"wwweert123"},"content":"        Task.setNumTask(Task.getNumTask()-1);","lastModifiedDate":"2023-09-18"},{"lineNumber":124,"author":{"gitId":"wwweert123"},"content":"        addTaskstoFile(tasks);","lastModifiedDate":"2023-09-18"},{"lineNumber":125,"author":{"gitId":"wwweert123"},"content":"    }","lastModifiedDate":"2023-09-16"},{"lineNumber":126,"author":{"gitId":"wwweert123"},"content":"","lastModifiedDate":"2023-09-16"},{"lineNumber":127,"author":{"gitId":"wwweert123"},"content":"    public static void changeStatus(ArrayList\u003cTask\u003e tasks, boolean mark, int index) throws FredBotMarkErrorException,IOException {","lastModifiedDate":"2023-09-17"},{"lineNumber":128,"author":{"gitId":"wwweert123"},"content":"        if (index \u003c 1 || index \u003e Task.getNumTask()) {","lastModifiedDate":"2023-09-16"},{"lineNumber":129,"author":{"gitId":"wwweert123"},"content":"            throw new FredBotMarkErrorException();","lastModifiedDate":"2023-09-16"},{"lineNumber":130,"author":{"gitId":"wwweert123"},"content":"        }","lastModifiedDate":"2023-09-16"},{"lineNumber":131,"author":{"gitId":"wwweert123"},"content":"        tasks.get(index - 1).setDone(mark);","lastModifiedDate":"2023-09-16"},{"lineNumber":132,"author":{"gitId":"wwweert123"},"content":"        String message;","lastModifiedDate":"2023-09-02"},{"lineNumber":133,"author":{"gitId":"wwweert123"},"content":"        if (mark) {","lastModifiedDate":"2023-08-26"},{"lineNumber":134,"author":{"gitId":"wwweert123"},"content":"            message \u003d INDENT + MARK_TASK_MESSAGE;","lastModifiedDate":"2023-09-09"},{"lineNumber":135,"author":{"gitId":"wwweert123"},"content":"            message +\u003d INDENT + \"[X] \" + tasks.get(index - 1).getTaskDesc();","lastModifiedDate":"2023-09-16"},{"lineNumber":136,"author":{"gitId":"wwweert123"},"content":"        } else {","lastModifiedDate":"2023-09-02"},{"lineNumber":137,"author":{"gitId":"wwweert123"},"content":"            message \u003d INDENT + UNMARK_TASK_MESSAGE;","lastModifiedDate":"2023-09-09"},{"lineNumber":138,"author":{"gitId":"wwweert123"},"content":"            message +\u003d INDENT + \"[ ] \" + tasks.get(index - 1).getTaskDesc();","lastModifiedDate":"2023-09-16"},{"lineNumber":139,"author":{"gitId":"wwweert123"},"content":"        }","lastModifiedDate":"2023-08-26"},{"lineNumber":140,"author":{"gitId":"wwweert123"},"content":"        printMessage(message);","lastModifiedDate":"2023-09-02"},{"lineNumber":141,"author":{"gitId":"wwweert123"},"content":"        addTaskstoFile(tasks);","lastModifiedDate":"2023-09-17"},{"lineNumber":142,"author":{"gitId":"wwweert123"},"content":"    }","lastModifiedDate":"2023-08-26"},{"lineNumber":143,"author":{"gitId":"wwweert123"},"content":"    public static void printTasks(ArrayList\u003cTask\u003e tasks) {","lastModifiedDate":"2023-09-16"},{"lineNumber":144,"author":{"gitId":"wwweert123"},"content":"        StringBuilder taskList \u003d new StringBuilder();","lastModifiedDate":"2023-09-02"},{"lineNumber":145,"author":{"gitId":"wwweert123"},"content":"        taskList.append(INDENT).append(TASK_LIST_MESSAGE);","lastModifiedDate":"2023-09-09"},{"lineNumber":146,"author":{"gitId":"wwweert123"},"content":"        int numTask \u003d Task.getNumTask();","lastModifiedDate":"2023-08-26"},{"lineNumber":147,"author":{"gitId":"wwweert123"},"content":"        for (int i \u003d 0; i \u003c numTask; i++) {","lastModifiedDate":"2023-08-26"},{"lineNumber":148,"author":{"gitId":"wwweert123"},"content":"            String number \u003d (i + 1) + \".\";","lastModifiedDate":"2023-09-03"},{"lineNumber":149,"author":{"gitId":"wwweert123"},"content":"            taskList.append(INDENT).append(number).append(tasks.get(i).toString()).append(\"\\n\"); // Can be formatted","lastModifiedDate":"2023-09-16"},{"lineNumber":150,"author":{"gitId":"wwweert123"},"content":"        }","lastModifiedDate":"2023-08-26"},{"lineNumber":151,"author":{"gitId":"wwweert123"},"content":"        printMessage(taskList.toString());","lastModifiedDate":"2023-09-02"},{"lineNumber":152,"author":{"gitId":"wwweert123"},"content":"    }","lastModifiedDate":"2023-08-26"},{"lineNumber":153,"author":{"gitId":"wwweert123"},"content":"","lastModifiedDate":"2023-09-03"},{"lineNumber":154,"author":{"gitId":"wwweert123"},"content":"    public static void printRemoveTask(String message) {","lastModifiedDate":"2023-09-16"},{"lineNumber":155,"author":{"gitId":"wwweert123"},"content":"        printMessage(INDENT + REMOVE_TASK_MESSAGE + INDENT + message + INDENT +","lastModifiedDate":"2023-09-16"},{"lineNumber":156,"author":{"gitId":"wwweert123"},"content":"                \"Now you have \" + (Task.getNumTask() - 1) + \" tasks in the list\\n\");","lastModifiedDate":"2023-09-18"},{"lineNumber":157,"author":{"gitId":"wwweert123"},"content":"    }","lastModifiedDate":"2023-09-16"},{"lineNumber":158,"author":{"gitId":"wwweert123"},"content":"","lastModifiedDate":"2023-09-16"},{"lineNumber":159,"author":{"gitId":"wwweert123"},"content":"    public static void printAddTask(String message) {","lastModifiedDate":"2023-09-03"},{"lineNumber":160,"author":{"gitId":"wwweert123"},"content":"        printMessage(INDENT + message + INDENT +","lastModifiedDate":"2023-09-09"},{"lineNumber":161,"author":{"gitId":"wwweert123"},"content":"                \"Now you have \" + (Task.getNumTask() +1) + \" tasks in the list\\n\");","lastModifiedDate":"2023-09-03"},{"lineNumber":162,"author":{"gitId":"wwweert123"},"content":"    }","lastModifiedDate":"2023-09-03"},{"lineNumber":163,"author":{"gitId":"wwweert123"},"content":"    public static void printMessage(String message) {","lastModifiedDate":"2023-08-26"},{"lineNumber":164,"author":{"gitId":"wwweert123"},"content":"        System.out.print(DIVIDER);","lastModifiedDate":"2023-09-09"},{"lineNumber":165,"author":{"gitId":"wwweert123"},"content":"        System.out.println(message);","lastModifiedDate":"2023-08-26"},{"lineNumber":166,"author":{"gitId":"wwweert123"},"content":"        System.out.println(DIVIDER);","lastModifiedDate":"2023-09-09"},{"lineNumber":167,"author":{"gitId":"wwweert123"},"content":"    }","lastModifiedDate":"2023-08-26"},{"lineNumber":168,"author":{"gitId":"-"},"content":"    public static void main(String[] args) {","lastModifiedDate":"2019-07-29"},{"lineNumber":169,"author":{"gitId":"wwweert123"},"content":"        // Task[] tasks \u003d new Task[MAX_NUM_TASKS];","lastModifiedDate":"2023-09-16"},{"lineNumber":170,"author":{"gitId":"wwweert123"},"content":"        ArrayList\u003cTask\u003e tasks \u003d new ArrayList\u003c\u003e();","lastModifiedDate":"2023-09-16"},{"lineNumber":171,"author":{"gitId":"wwweert123"},"content":"","lastModifiedDate":"2023-09-06"},{"lineNumber":172,"author":{"gitId":"wwweert123"},"content":"        printMessage(GREETING);","lastModifiedDate":"2023-09-02"},{"lineNumber":173,"author":{"gitId":"wwweert123"},"content":"        try {","lastModifiedDate":"2023-09-17"},{"lineNumber":174,"author":{"gitId":"wwweert123"},"content":"            loadTasksfromfile(tasks);","lastModifiedDate":"2023-09-17"},{"lineNumber":175,"author":{"gitId":"wwweert123"},"content":"        } catch (FileNotFoundException e) {","lastModifiedDate":"2023-09-17"},{"lineNumber":176,"author":{"gitId":"wwweert123"},"content":"            printMessage(INDENT + FIND_FILE_ERROR_MESSAGE);","lastModifiedDate":"2023-09-17"},{"lineNumber":177,"author":{"gitId":"wwweert123"},"content":"            System.exit(0);","lastModifiedDate":"2023-09-17"},{"lineNumber":178,"author":{"gitId":"wwweert123"},"content":"        }","lastModifiedDate":"2023-09-17"},{"lineNumber":179,"author":{"gitId":"wwweert123"},"content":"","lastModifiedDate":"2023-09-17"},{"lineNumber":180,"author":{"gitId":"wwweert123"},"content":"","lastModifiedDate":"2023-09-06"},{"lineNumber":181,"author":{"gitId":"wwweert123"},"content":"        String line;","lastModifiedDate":"2023-08-26"},{"lineNumber":182,"author":{"gitId":"wwweert123"},"content":"        Scanner in \u003d new Scanner(System.in);","lastModifiedDate":"2023-08-26"},{"lineNumber":183,"author":{"gitId":"wwweert123"},"content":"        line \u003d in.nextLine();","lastModifiedDate":"2023-08-26"},{"lineNumber":184,"author":{"gitId":"wwweert123"},"content":"","lastModifiedDate":"2023-09-06"},{"lineNumber":185,"author":{"gitId":"wwweert123"},"content":"        while (!line.equals(\"bye\")) {","lastModifiedDate":"2023-08-26"},{"lineNumber":186,"author":{"gitId":"wwweert123"},"content":"            try {","lastModifiedDate":"2023-09-09"},{"lineNumber":187,"author":{"gitId":"wwweert123"},"content":"                if (line.equals(\"list\")) {","lastModifiedDate":"2023-08-26"},{"lineNumber":188,"author":{"gitId":"wwweert123"},"content":"                    printTasks(tasks);","lastModifiedDate":"2023-08-26"},{"lineNumber":189,"author":{"gitId":"wwweert123"},"content":"                } else if (line.startsWith(COMMAND_MARK)) {","lastModifiedDate":"2023-09-09"},{"lineNumber":190,"author":{"gitId":"wwweert123"},"content":"                    int index \u003d Integer.parseInt(line.substring(5).trim());","lastModifiedDate":"2023-09-03"},{"lineNumber":191,"author":{"gitId":"wwweert123"},"content":"                    changeStatus(tasks, true, index);","lastModifiedDate":"2023-08-26"},{"lineNumber":192,"author":{"gitId":"wwweert123"},"content":"                } else if (line.startsWith(COMMAND_UNMARK)) {","lastModifiedDate":"2023-09-09"},{"lineNumber":193,"author":{"gitId":"wwweert123"},"content":"                    int index \u003d Integer.parseInt(line.substring(7).trim());","lastModifiedDate":"2023-09-03"},{"lineNumber":194,"author":{"gitId":"wwweert123"},"content":"                    changeStatus(tasks, false, index);","lastModifiedDate":"2023-08-26"},{"lineNumber":195,"author":{"gitId":"wwweert123"},"content":"                } else if (line.startsWith(COMMAND_ADD_TODO)){","lastModifiedDate":"2023-09-09"},{"lineNumber":196,"author":{"gitId":"wwweert123"},"content":"                    addTodo(tasks, line.replace(COMMAND_ADD_TODO, \"\").trim());","lastModifiedDate":"2023-09-09"},{"lineNumber":197,"author":{"gitId":"wwweert123"},"content":"                } else if (line.startsWith(COMMAND_ADD_DEADLINE)) {","lastModifiedDate":"2023-09-09"},{"lineNumber":198,"author":{"gitId":"wwweert123"},"content":"                    addDeadline(tasks, line.replace(COMMAND_ADD_DEADLINE, \"\").trim());","lastModifiedDate":"2023-09-09"},{"lineNumber":199,"author":{"gitId":"wwweert123"},"content":"                } else if (line.startsWith(COMMAND_ADD_EVENT)) {","lastModifiedDate":"2023-09-09"},{"lineNumber":200,"author":{"gitId":"wwweert123"},"content":"                    addEvent(tasks, line.replace(COMMAND_ADD_EVENT, \"\").trim());","lastModifiedDate":"2023-09-09"},{"lineNumber":201,"author":{"gitId":"wwweert123"},"content":"                } else if (line.startsWith(COMMAND_DELETE)) {","lastModifiedDate":"2023-09-16"},{"lineNumber":202,"author":{"gitId":"wwweert123"},"content":"                    int index \u003d Integer.parseInt(line.substring(6).trim());","lastModifiedDate":"2023-09-16"},{"lineNumber":203,"author":{"gitId":"wwweert123"},"content":"                    deleteTask(tasks, index);","lastModifiedDate":"2023-09-16"},{"lineNumber":204,"author":{"gitId":"wwweert123"},"content":"                } else {","lastModifiedDate":"2023-09-02"},{"lineNumber":205,"author":{"gitId":"wwweert123"},"content":"                    throw new FredBotCommandErrorException();","lastModifiedDate":"2023-09-09"},{"lineNumber":206,"author":{"gitId":"wwweert123"},"content":"                }","lastModifiedDate":"2023-09-09"},{"lineNumber":207,"author":{"gitId":"wwweert123"},"content":"            } catch (FredBotCommandErrorException e) {","lastModifiedDate":"2023-09-09"},{"lineNumber":208,"author":{"gitId":"wwweert123"},"content":"                printMessage(INDENT + COMMAND_ERROR_MESSAGE);","lastModifiedDate":"2023-09-09"},{"lineNumber":209,"author":{"gitId":"wwweert123"},"content":"            } catch (FredBotDeadlineErrorException e) {","lastModifiedDate":"2023-09-09"},{"lineNumber":210,"author":{"gitId":"wwweert123"},"content":"                printMessage(INDENT + DEADLINE_ERROR_MESSAGE);","lastModifiedDate":"2023-09-09"},{"lineNumber":211,"author":{"gitId":"wwweert123"},"content":"            } catch (FredBotTodoErrorException e) {","lastModifiedDate":"2023-09-09"},{"lineNumber":212,"author":{"gitId":"wwweert123"},"content":"                printMessage(INDENT + TODO_ERROR_MESSAGE);","lastModifiedDate":"2023-09-09"},{"lineNumber":213,"author":{"gitId":"wwweert123"},"content":"            } catch (FredBotEventErrorException e) {","lastModifiedDate":"2023-09-09"},{"lineNumber":214,"author":{"gitId":"wwweert123"},"content":"                printMessage(INDENT + EVENT_ERROR_MESSAGE);","lastModifiedDate":"2023-09-09"},{"lineNumber":215,"author":{"gitId":"wwweert123"},"content":"            } catch (FredBotMarkErrorException | FredBotDeleteErrorException e) {","lastModifiedDate":"2023-09-16"},{"lineNumber":216,"author":{"gitId":"wwweert123"},"content":"                printMessage(INDENT + MARK_ERROR_MESSAGE);","lastModifiedDate":"2023-09-16"},{"lineNumber":217,"author":{"gitId":"wwweert123"},"content":"            } catch (IOException e) {","lastModifiedDate":"2023-09-17"},{"lineNumber":218,"author":{"gitId":"wwweert123"},"content":"                printMessage(INDENT + WRITE_FILE_ERROR_MESSAGE);","lastModifiedDate":"2023-09-17"},{"lineNumber":219,"author":{"gitId":"wwweert123"},"content":"                System.exit(0);","lastModifiedDate":"2023-09-17"},{"lineNumber":220,"author":{"gitId":"wwweert123"},"content":"            }","lastModifiedDate":"2023-08-26"},{"lineNumber":221,"author":{"gitId":"wwweert123"},"content":"","lastModifiedDate":"2023-09-09"},{"lineNumber":222,"author":{"gitId":"wwweert123"},"content":"            line \u003d in.nextLine();","lastModifiedDate":"2023-08-26"},{"lineNumber":223,"author":{"gitId":"wwweert123"},"content":"        }","lastModifiedDate":"2023-08-26"},{"lineNumber":224,"author":{"gitId":"wwweert123"},"content":"        ","lastModifiedDate":"2023-09-06"},{"lineNumber":225,"author":{"gitId":"wwweert123"},"content":"        printMessage(FAREWELL);","lastModifiedDate":"2023-09-02"},{"lineNumber":226,"author":{"gitId":"-"},"content":"    }","lastModifiedDate":"2019-07-29"},{"lineNumber":227,"author":{"gitId":"-"},"content":"}","lastModifiedDate":"2019-07-29"}],"authorContributionMap":{"wwweert123":224,"-":3}},{"path":"src/main/java/fredbot/error/FredBotCommandErrorException.java","fileType":"java","lines":[{"lineNumber":1,"author":{"gitId":"wwweert123"},"content":"package fredbot.error;","lastModifiedDate":"2023-09-09"},{"lineNumber":2,"author":{"gitId":"wwweert123"},"content":"","lastModifiedDate":"2023-09-09"},{"lineNumber":3,"author":{"gitId":"wwweert123"},"content":"public class FredBotCommandErrorException extends FredBotException  {","lastModifiedDate":"2023-09-09"},{"lineNumber":4,"author":{"gitId":"wwweert123"},"content":"}","lastModifiedDate":"2023-09-09"},{"lineNumber":5,"author":{"gitId":"wwweert123"},"content":"","lastModifiedDate":"2023-09-09"},{"lineNumber":6,"author":{"gitId":"wwweert123"},"content":"","lastModifiedDate":"2023-09-09"}],"authorContributionMap":{"wwweert123":6}},{"path":"src/main/java/fredbot/error/FredBotDeadlineErrorException.java","fileType":"java","lines":[{"lineNumber":1,"author":{"gitId":"wwweert123"},"content":"package fredbot.error;","lastModifiedDate":"2023-09-09"},{"lineNumber":2,"author":{"gitId":"wwweert123"},"content":"","lastModifiedDate":"2023-09-09"},{"lineNumber":3,"author":{"gitId":"wwweert123"},"content":"public class FredBotDeadlineErrorException extends FredBotException {","lastModifiedDate":"2023-09-09"},{"lineNumber":4,"author":{"gitId":"wwweert123"},"content":"}","lastModifiedDate":"2023-09-09"}],"authorContributionMap":{"wwweert123":4}},{"path":"src/main/java/fredbot/error/FredBotDeleteErrorException.java","fileType":"java","lines":[{"lineNumber":1,"author":{"gitId":"wwweert123"},"content":"package fredbot.error;","lastModifiedDate":"2023-09-16"},{"lineNumber":2,"author":{"gitId":"wwweert123"},"content":"","lastModifiedDate":"2023-09-16"},{"lineNumber":3,"author":{"gitId":"wwweert123"},"content":"public class FredBotDeleteErrorException extends FredBotException {","lastModifiedDate":"2023-09-16"},{"lineNumber":4,"author":{"gitId":"wwweert123"},"content":"}","lastModifiedDate":"2023-09-16"}],"authorContributionMap":{"wwweert123":4}},{"path":"src/main/java/fredbot/error/FredBotEventErrorException.java","fileType":"java","lines":[{"lineNumber":1,"author":{"gitId":"wwweert123"},"content":"package fredbot.error;","lastModifiedDate":"2023-09-09"},{"lineNumber":2,"author":{"gitId":"wwweert123"},"content":"","lastModifiedDate":"2023-09-09"},{"lineNumber":3,"author":{"gitId":"wwweert123"},"content":"public class FredBotEventErrorException extends FredBotException {","lastModifiedDate":"2023-09-09"},{"lineNumber":4,"author":{"gitId":"wwweert123"},"content":"}","lastModifiedDate":"2023-09-09"}],"authorContributionMap":{"wwweert123":4}},{"path":"src/main/java/fredbot/error/FredBotException.java","fileType":"java","lines":[{"lineNumber":1,"author":{"gitId":"wwweert123"},"content":"package fredbot.error;","lastModifiedDate":"2023-09-09"},{"lineNumber":2,"author":{"gitId":"wwweert123"},"content":"","lastModifiedDate":"2023-09-09"},{"lineNumber":3,"author":{"gitId":"wwweert123"},"content":"public class FredBotException extends Exception {","lastModifiedDate":"2023-09-09"},{"lineNumber":4,"author":{"gitId":"wwweert123"},"content":"}","lastModifiedDate":"2023-09-09"}],"authorContributionMap":{"wwweert123":4}},{"path":"src/main/java/fredbot/error/FredBotMarkErrorException.java","fileType":"java","lines":[{"lineNumber":1,"author":{"gitId":"wwweert123"},"content":"package fredbot.error;","lastModifiedDate":"2023-09-16"},{"lineNumber":2,"author":{"gitId":"wwweert123"},"content":"","lastModifiedDate":"2023-09-16"},{"lineNumber":3,"author":{"gitId":"wwweert123"},"content":"public class FredBotMarkErrorException extends FredBotException{","lastModifiedDate":"2023-09-16"},{"lineNumber":4,"author":{"gitId":"wwweert123"},"content":"}","lastModifiedDate":"2023-09-16"}],"authorContributionMap":{"wwweert123":4}},{"path":"src/main/java/fredbot/error/FredBotTodoErrorException.java","fileType":"java","lines":[{"lineNumber":1,"author":{"gitId":"wwweert123"},"content":"package fredbot.error;","lastModifiedDate":"2023-09-09"},{"lineNumber":2,"author":{"gitId":"wwweert123"},"content":"","lastModifiedDate":"2023-09-09"},{"lineNumber":3,"author":{"gitId":"wwweert123"},"content":"public class FredBotTodoErrorException extends FredBotException {","lastModifiedDate":"2023-09-09"},{"lineNumber":4,"author":{"gitId":"wwweert123"},"content":"}","lastModifiedDate":"2023-09-09"}],"authorContributionMap":{"wwweert123":4}},{"path":"src/main/java/fredbot/task/Deadline.java","fileType":"java","lines":[{"lineNumber":1,"author":{"gitId":"wwweert123"},"content":"package fredbot.task;","lastModifiedDate":"2023-09-09"},{"lineNumber":2,"author":{"gitId":"wwweert123"},"content":"","lastModifiedDate":"2023-09-09"},{"lineNumber":3,"author":{"gitId":"wwweert123"},"content":"public class Deadline extends Task {","lastModifiedDate":"2023-09-03"},{"lineNumber":4,"author":{"gitId":"wwweert123"},"content":"    protected String by;","lastModifiedDate":"2023-09-03"},{"lineNumber":5,"author":{"gitId":"wwweert123"},"content":"    public Deadline(String description, String by) {","lastModifiedDate":"2023-09-03"},{"lineNumber":6,"author":{"gitId":"wwweert123"},"content":"        super(description);","lastModifiedDate":"2023-09-03"},{"lineNumber":7,"author":{"gitId":"wwweert123"},"content":"        this.by \u003d by;","lastModifiedDate":"2023-09-03"},{"lineNumber":8,"author":{"gitId":"wwweert123"},"content":"    }","lastModifiedDate":"2023-09-03"},{"lineNumber":9,"author":{"gitId":"wwweert123"},"content":"    public void setBy(String by) {","lastModifiedDate":"2023-09-03"},{"lineNumber":10,"author":{"gitId":"wwweert123"},"content":"        this.by \u003d by;","lastModifiedDate":"2023-09-03"},{"lineNumber":11,"author":{"gitId":"wwweert123"},"content":"    }","lastModifiedDate":"2023-09-03"},{"lineNumber":12,"author":{"gitId":"wwweert123"},"content":"    public String getBy() {","lastModifiedDate":"2023-09-03"},{"lineNumber":13,"author":{"gitId":"wwweert123"},"content":"        return by;","lastModifiedDate":"2023-09-03"},{"lineNumber":14,"author":{"gitId":"wwweert123"},"content":"    }","lastModifiedDate":"2023-09-03"},{"lineNumber":15,"author":{"gitId":"wwweert123"},"content":"","lastModifiedDate":"2023-09-03"},{"lineNumber":16,"author":{"gitId":"wwweert123"},"content":"    @Override","lastModifiedDate":"2023-09-03"},{"lineNumber":17,"author":{"gitId":"wwweert123"},"content":"    public String toString() {","lastModifiedDate":"2023-09-03"},{"lineNumber":18,"author":{"gitId":"wwweert123"},"content":"        return \"[D]\" + super.toString() + \" by: \" + this.by;","lastModifiedDate":"2023-09-17"},{"lineNumber":19,"author":{"gitId":"wwweert123"},"content":"    }","lastModifiedDate":"2023-09-03"},{"lineNumber":20,"author":{"gitId":"wwweert123"},"content":"}","lastModifiedDate":"2023-09-03"}],"authorContributionMap":{"wwweert123":20}},{"path":"src/main/java/fredbot/task/Event.java","fileType":"java","lines":[{"lineNumber":1,"author":{"gitId":"wwweert123"},"content":"package fredbot.task;","lastModifiedDate":"2023-09-09"},{"lineNumber":2,"author":{"gitId":"wwweert123"},"content":"","lastModifiedDate":"2023-09-09"},{"lineNumber":3,"author":{"gitId":"wwweert123"},"content":"public class Event extends Task {","lastModifiedDate":"2023-09-03"},{"lineNumber":4,"author":{"gitId":"wwweert123"},"content":"    protected String start;","lastModifiedDate":"2023-09-03"},{"lineNumber":5,"author":{"gitId":"wwweert123"},"content":"    protected String end;","lastModifiedDate":"2023-09-03"},{"lineNumber":6,"author":{"gitId":"wwweert123"},"content":"    public Event(String description, String start, String end) {","lastModifiedDate":"2023-09-03"},{"lineNumber":7,"author":{"gitId":"wwweert123"},"content":"        super(description);","lastModifiedDate":"2023-09-03"},{"lineNumber":8,"author":{"gitId":"wwweert123"},"content":"        this.start \u003d start;","lastModifiedDate":"2023-09-03"},{"lineNumber":9,"author":{"gitId":"wwweert123"},"content":"        this.end \u003d end;","lastModifiedDate":"2023-09-03"},{"lineNumber":10,"author":{"gitId":"wwweert123"},"content":"    }","lastModifiedDate":"2023-09-03"},{"lineNumber":11,"author":{"gitId":"wwweert123"},"content":"","lastModifiedDate":"2023-09-03"},{"lineNumber":12,"author":{"gitId":"wwweert123"},"content":"    public String getStart() {","lastModifiedDate":"2023-09-03"},{"lineNumber":13,"author":{"gitId":"wwweert123"},"content":"        return start;","lastModifiedDate":"2023-09-03"},{"lineNumber":14,"author":{"gitId":"wwweert123"},"content":"    }","lastModifiedDate":"2023-09-03"},{"lineNumber":15,"author":{"gitId":"wwweert123"},"content":"","lastModifiedDate":"2023-09-03"},{"lineNumber":16,"author":{"gitId":"wwweert123"},"content":"    public void setStart(String start) {","lastModifiedDate":"2023-09-03"},{"lineNumber":17,"author":{"gitId":"wwweert123"},"content":"        this.start \u003d start;","lastModifiedDate":"2023-09-03"},{"lineNumber":18,"author":{"gitId":"wwweert123"},"content":"    }","lastModifiedDate":"2023-09-03"},{"lineNumber":19,"author":{"gitId":"wwweert123"},"content":"","lastModifiedDate":"2023-09-03"},{"lineNumber":20,"author":{"gitId":"wwweert123"},"content":"    public String getEnd() {","lastModifiedDate":"2023-09-03"},{"lineNumber":21,"author":{"gitId":"wwweert123"},"content":"        return end;","lastModifiedDate":"2023-09-03"},{"lineNumber":22,"author":{"gitId":"wwweert123"},"content":"    }","lastModifiedDate":"2023-09-03"},{"lineNumber":23,"author":{"gitId":"wwweert123"},"content":"","lastModifiedDate":"2023-09-03"},{"lineNumber":24,"author":{"gitId":"wwweert123"},"content":"    public void setEnd(String end) {","lastModifiedDate":"2023-09-03"},{"lineNumber":25,"author":{"gitId":"wwweert123"},"content":"        this.end \u003d end;","lastModifiedDate":"2023-09-03"},{"lineNumber":26,"author":{"gitId":"wwweert123"},"content":"    }","lastModifiedDate":"2023-09-03"},{"lineNumber":27,"author":{"gitId":"wwweert123"},"content":"","lastModifiedDate":"2023-09-03"},{"lineNumber":28,"author":{"gitId":"wwweert123"},"content":"    @Override","lastModifiedDate":"2023-09-03"},{"lineNumber":29,"author":{"gitId":"wwweert123"},"content":"    public String toString() {","lastModifiedDate":"2023-09-03"},{"lineNumber":30,"author":{"gitId":"wwweert123"},"content":"        return \"[E]\" + super.toString() + \" from: \" + this.start + \" to: \"+ this.end;","lastModifiedDate":"2023-09-17"},{"lineNumber":31,"author":{"gitId":"wwweert123"},"content":"    }","lastModifiedDate":"2023-09-03"},{"lineNumber":32,"author":{"gitId":"wwweert123"},"content":"}","lastModifiedDate":"2023-09-03"}],"authorContributionMap":{"wwweert123":32}},{"path":"src/main/java/fredbot/task/Task.java","fileType":"java","lines":[{"lineNumber":1,"author":{"gitId":"wwweert123"},"content":"package fredbot.task;","lastModifiedDate":"2023-09-09"},{"lineNumber":2,"author":{"gitId":"wwweert123"},"content":"","lastModifiedDate":"2023-09-09"},{"lineNumber":3,"author":{"gitId":"wwweert123"},"content":"public class Task {","lastModifiedDate":"2023-08-26"},{"lineNumber":4,"author":{"gitId":"wwweert123"},"content":"    private String taskDesc;","lastModifiedDate":"2023-08-26"},{"lineNumber":5,"author":{"gitId":"wwweert123"},"content":"    private boolean isDone;","lastModifiedDate":"2023-09-02"},{"lineNumber":6,"author":{"gitId":"wwweert123"},"content":"","lastModifiedDate":"2023-08-26"},{"lineNumber":7,"author":{"gitId":"wwweert123"},"content":"    private static int numTask \u003d 0;","lastModifiedDate":"2023-08-26"},{"lineNumber":8,"author":{"gitId":"wwweert123"},"content":"","lastModifiedDate":"2023-08-26"},{"lineNumber":9,"author":{"gitId":"wwweert123"},"content":"    public Task(String taskDesc) {","lastModifiedDate":"2023-08-26"},{"lineNumber":10,"author":{"gitId":"wwweert123"},"content":"        this.taskDesc \u003d taskDesc;","lastModifiedDate":"2023-08-26"},{"lineNumber":11,"author":{"gitId":"wwweert123"},"content":"        this.isDone \u003d false;","lastModifiedDate":"2023-09-02"},{"lineNumber":12,"author":{"gitId":"wwweert123"},"content":"    }","lastModifiedDate":"2023-08-26"},{"lineNumber":13,"author":{"gitId":"wwweert123"},"content":"","lastModifiedDate":"2023-08-26"},{"lineNumber":14,"author":{"gitId":"wwweert123"},"content":"    public String getTaskDesc() {","lastModifiedDate":"2023-08-26"},{"lineNumber":15,"author":{"gitId":"wwweert123"},"content":"        return taskDesc;","lastModifiedDate":"2023-08-26"},{"lineNumber":16,"author":{"gitId":"wwweert123"},"content":"    }","lastModifiedDate":"2023-08-26"},{"lineNumber":17,"author":{"gitId":"wwweert123"},"content":"","lastModifiedDate":"2023-08-26"},{"lineNumber":18,"author":{"gitId":"wwweert123"},"content":"    public void setTaskDesc(String taskDesc) {","lastModifiedDate":"2023-08-26"},{"lineNumber":19,"author":{"gitId":"wwweert123"},"content":"        this.taskDesc \u003d taskDesc;","lastModifiedDate":"2023-08-26"},{"lineNumber":20,"author":{"gitId":"wwweert123"},"content":"    }","lastModifiedDate":"2023-08-26"},{"lineNumber":21,"author":{"gitId":"wwweert123"},"content":"","lastModifiedDate":"2023-08-26"},{"lineNumber":22,"author":{"gitId":"wwweert123"},"content":"    public boolean getDone() {","lastModifiedDate":"2023-09-02"},{"lineNumber":23,"author":{"gitId":"wwweert123"},"content":"        return isDone;","lastModifiedDate":"2023-09-02"},{"lineNumber":24,"author":{"gitId":"wwweert123"},"content":"    }","lastModifiedDate":"2023-08-26"},{"lineNumber":25,"author":{"gitId":"wwweert123"},"content":"","lastModifiedDate":"2023-08-26"},{"lineNumber":26,"author":{"gitId":"wwweert123"},"content":"    public void setDone(boolean isDone) {","lastModifiedDate":"2023-09-02"},{"lineNumber":27,"author":{"gitId":"wwweert123"},"content":"        this.isDone \u003d isDone;","lastModifiedDate":"2023-09-02"},{"lineNumber":28,"author":{"gitId":"wwweert123"},"content":"    }","lastModifiedDate":"2023-08-26"},{"lineNumber":29,"author":{"gitId":"wwweert123"},"content":"","lastModifiedDate":"2023-08-26"},{"lineNumber":30,"author":{"gitId":"wwweert123"},"content":"    public static int getNumTask() {","lastModifiedDate":"2023-08-26"},{"lineNumber":31,"author":{"gitId":"wwweert123"},"content":"        return numTask;","lastModifiedDate":"2023-08-26"},{"lineNumber":32,"author":{"gitId":"wwweert123"},"content":"    }","lastModifiedDate":"2023-08-26"},{"lineNumber":33,"author":{"gitId":"wwweert123"},"content":"","lastModifiedDate":"2023-08-26"},{"lineNumber":34,"author":{"gitId":"wwweert123"},"content":"    public static void setNumTask(int numTask) {","lastModifiedDate":"2023-08-26"},{"lineNumber":35,"author":{"gitId":"wwweert123"},"content":"        Task.numTask \u003d numTask;","lastModifiedDate":"2023-08-26"},{"lineNumber":36,"author":{"gitId":"wwweert123"},"content":"    }","lastModifiedDate":"2023-08-26"},{"lineNumber":37,"author":{"gitId":"wwweert123"},"content":"","lastModifiedDate":"2023-09-02"},{"lineNumber":38,"author":{"gitId":"wwweert123"},"content":"    @Override","lastModifiedDate":"2023-09-02"},{"lineNumber":39,"author":{"gitId":"wwweert123"},"content":"    public String toString() {","lastModifiedDate":"2023-09-02"},{"lineNumber":40,"author":{"gitId":"wwweert123"},"content":"        String status \u003d null;","lastModifiedDate":"2023-09-02"},{"lineNumber":41,"author":{"gitId":"wwweert123"},"content":"        if (this.isDone){","lastModifiedDate":"2023-09-02"},{"lineNumber":42,"author":{"gitId":"wwweert123"},"content":"            status \u003d \"[X]\";","lastModifiedDate":"2023-09-02"},{"lineNumber":43,"author":{"gitId":"wwweert123"},"content":"        } else {","lastModifiedDate":"2023-09-02"},{"lineNumber":44,"author":{"gitId":"wwweert123"},"content":"            status \u003d \"[ ]\";","lastModifiedDate":"2023-09-02"},{"lineNumber":45,"author":{"gitId":"wwweert123"},"content":"        }","lastModifiedDate":"2023-09-02"},{"lineNumber":46,"author":{"gitId":"wwweert123"},"content":"        return status + this.taskDesc;","lastModifiedDate":"2023-09-03"},{"lineNumber":47,"author":{"gitId":"wwweert123"},"content":"    }","lastModifiedDate":"2023-09-02"},{"lineNumber":48,"author":{"gitId":"wwweert123"},"content":"}","lastModifiedDate":"2023-08-26"}],"authorContributionMap":{"wwweert123":48}},{"path":"src/main/java/fredbot/task/Todo.java","fileType":"java","lines":[{"lineNumber":1,"author":{"gitId":"wwweert123"},"content":"package fredbot.task;","lastModifiedDate":"2023-09-09"},{"lineNumber":2,"author":{"gitId":"wwweert123"},"content":"","lastModifiedDate":"2023-09-09"},{"lineNumber":3,"author":{"gitId":"wwweert123"},"content":"public class Todo extends Task {","lastModifiedDate":"2023-09-02"},{"lineNumber":4,"author":{"gitId":"wwweert123"},"content":"    public Todo(String description) {","lastModifiedDate":"2023-09-02"},{"lineNumber":5,"author":{"gitId":"wwweert123"},"content":"        super(description);","lastModifiedDate":"2023-09-02"},{"lineNumber":6,"author":{"gitId":"wwweert123"},"content":"    }","lastModifiedDate":"2023-09-02"},{"lineNumber":7,"author":{"gitId":"wwweert123"},"content":"","lastModifiedDate":"2023-09-02"},{"lineNumber":8,"author":{"gitId":"wwweert123"},"content":"    @Override","lastModifiedDate":"2023-09-02"},{"lineNumber":9,"author":{"gitId":"wwweert123"},"content":"    public String toString() {","lastModifiedDate":"2023-09-02"},{"lineNumber":10,"author":{"gitId":"wwweert123"},"content":"        return \"[T]\" + super.toString();","lastModifiedDate":"2023-09-02"},{"lineNumber":11,"author":{"gitId":"wwweert123"},"content":"    }","lastModifiedDate":"2023-09-02"},{"lineNumber":12,"author":{"gitId":"wwweert123"},"content":"}","lastModifiedDate":"2023-09-02"}],"authorContributionMap":{"wwweert123":12}}]
