{"authorDailyContributionsMap":{"wwweert123":[{"date":"2023-08-19","commitResults":[{"hash":"4d37935b8d7ba48fba3af50aa6c11c1e71d2325f","isMergeCommit":false,"messageTitle":"Change placeholder name to Fredbot","messageBody":"","fileTypesAndContributionMap":{"java":{"insertions":1,"deletions":1}}},{"hash":"72ba2b98aad976ecebe3d8b1abb981b78563e409","isMergeCommit":false,"messageTitle":"Add Greeting Statement immediately after bot start up","messageBody":"","fileTypesAndContributionMap":{"java":{"insertions":5,"deletions":1}}},{"hash":"fb87d83517d353b39e5f11d88f0ffaa45d356951","isMergeCommit":false,"messageTitle":"Add farewell statement before Fredbot exits","messageBody":"","tags":["Level-0"],"fileTypesAndContributionMap":{"java":{"insertions":4,"deletions":0}}}]},{"date":"2023-08-26","commitResults":[{"hash":"6b66b4618a8fa5a370707eece07bda66d7af3704","isMergeCommit":false,"messageTitle":"Update Fredbot functionality and skeleton","messageBody":"echos commands entered by the user and exits when the user types the command \"bye\"\n","tags":["Level-1"],"fileTypesAndContributionMap":{"java":{"insertions":19,"deletions":6}}},{"hash":"bd4d106bd392692057fd05ec0cf997b91e5e00f6","isMergeCommit":false,"messageTitle":"Update Fredbot.java so user can add tasks and view them","messageBody":"Add the ability to store whatever text entered by the user and display them back to the user when requested\n\nprintmessage function can help to reduce less duplicate code\n","tags":["Level-2"],"fileTypesAndContributionMap":{"java":{"insertions":30,"deletions":13}}},{"hash":"95bd1c2fe04c6c9b720472df6e8cbed46eaf15d1","isMergeCommit":false,"messageTitle":"Add a Task class","messageBody":"While it is possible to represent a task list as a multi-dimensional array containing primitive values, the more natural approach is to use a Task class to represent tasks.\n\nThe task class contains taskdescription and done instance level members and numTask class level member\n","fileTypesAndContributionMap":{"java":{"insertions":35,"deletions":0}}},{"hash":"1a461a55efea85ea4605ffd7bd2bc27ee1a75587","isMergeCommit":false,"messageTitle":"Update Fredbot.java to use the Task Class","messageBody":"adding task will create a new Task object by using the the constructor to set the task description as the string in the argument\n","fileTypesAndContributionMap":{"java":{"insertions":9,"deletions":8}}},{"hash":"bea6f1c88f0e297d9c6100f178e0627c6aadf3b0","isMergeCommit":false,"messageTitle":"Update Fredbot.java to show status of task with list command","messageBody":"User can see whether the task is completed. If marked as completed \"X\" symbol can be seen\n","fileTypesAndContributionMap":{"java":{"insertions":7,"deletions":1}}},{"hash":"ccfad087228764ea7fe325aeeceeabe800430595","isMergeCommit":false,"messageTitle":"Update Fredbot.java with the ability mark tasks as done and undone","messageBody":"By calling the command mark \u003ctask number\u003e or unmark \u003ctask number\u003e, user can set tasks as done and undon\n","tags":["Level-3"],"fileTypesAndContributionMap":{"java":{"insertions":23,"deletions":0}}}]},{"date":"2023-09-02","commitResults":[{"hash":"0bebe843fd1b23cd7b1f4db14cf67bb9de39e50c","isMergeCommit":false,"messageTitle":"Format to follow coding standards","messageBody":"This coding standards are in accordance to the CS2113 java coding standards\n","tags":["A-CodingStandard"],"fileTypesAndContributionMap":{"java":{"insertions":27,"deletions":31}}},{"hash":"035955e9e1834373ae8a18c233efa7e58b09f16a","isMergeCommit":false,"messageTitle":"Add Todo Class","messageBody":"Todo class is used to track tasks without date or time attached to it\n","fileTypesAndContributionMap":{"java":{"insertions":10,"deletions":0}}},{"hash":"c7aa492b2b8c770fa7135a2472486ff2df988722","isMergeCommit":false,"messageTitle":"Abstract the printing of tasks to the task class","messageBody":"This is done by overriding the toString() function from the Object class\n","fileTypesAndContributionMap":{"java":{"insertions":12,"deletions":7}}}]},{"date":"2023-09-03","commitResults":[{"hash":"b94dd942d4ab8f09b8c6b5074753d06757da49ec","isMergeCommit":false,"messageTitle":"Add indexing of tasks number when printing","messageBody":"This is done for better User Interface\n","fileTypesAndContributionMap":{"java":{"insertions":2,"deletions":1}}},{"hash":"19f7a67a36adc705f2ebd5005d1f264ac4470fad","isMergeCommit":false,"messageTitle":"Add functionality to read todo task and print them properly","messageBody":"","fileTypesAndContributionMap":{"java":{"insertions":11,"deletions":2}}},{"hash":"f07e0c42334d654851434d823e976f78b47166f3","isMergeCommit":false,"messageTitle":"Format the printing of information after adding task","messageBody":"","fileTypesAndContributionMap":{"java":{"insertions":7,"deletions":2}}},{"hash":"7e30d2db82f23ca255409910e662f8c7738c894d","isMergeCommit":false,"messageTitle":"Add Deadline and Event class","messageBody":"Deadlines are tasks that need to be done before a specific date/time while Events are tasks that start at a specific date/time and ends at a specific date/time\n","fileTypesAndContributionMap":{"java":{"insertions":48,"deletions":0}}},{"hash":"f1c6b17a3804fb136ef6d6fb073f7e084bc0e2e4","isMergeCommit":false,"messageTitle":"Add the functionality to add deadline and event tasks","messageBody":"This is done using specialised add function for each type of tasks\n","tags":["Level-4"],"fileTypesAndContributionMap":{"java":{"insertions":28,"deletions":7}}}]},{"date":"2023-09-06","commitResults":[{"hash":"32c89b672f1bf19fa571c77ebdfe3bfa6d8371d7","isMergeCommit":false,"messageTitle":"Improve code quality","messageBody":"","tags":["A-CodeQuality"],"fileTypesAndContributionMap":{"java":{"insertions":8,"deletions":9}}}]},{"date":"2023-09-09","commitResults":[{"hash":"fa9bf87d7cf1898562857c169201a5732e9fddf7","isMergeCommit":false,"messageTitle":"Add Indentation separately","messageBody":"","fileTypesAndContributionMap":{"java":{"insertions":4,"deletions":4}}},{"hash":"c711b224e025855bc06678c08cd13be8f639bf0c","isMergeCommit":false,"messageTitle":"Refactor the code to include constants","messageBody":"","fileTypesAndContributionMap":{"java":{"insertions":39,"deletions":25}}},{"hash":"874c3277bb540b970090e2fe799d04665f9a4d64","isMergeCommit":false,"messageTitle":"Add exception handling for empty tasks description and weird commands","messageBody":"","fileTypesAndContributionMap":{"java":{"insertions":17,"deletions":8}}},{"hash":"909b5045f0665c40d14fc2925fb1f4092f6c6abc","isMergeCommit":false,"messageTitle":"Add various FredBot specific exception handling classes and try-catch block for error handling","messageBody":"","fileTypesAndContributionMap":{"java":{"insertions":45,"deletions":25}}},{"hash":"6ff6931a6c640ad2cc62426f2dbe9369393242ff","isMergeCommit":false,"messageTitle":"Add error handling for other cases where insufficient argument is provided","messageBody":"Use regex for splitting of task string argument\n","tags":["A-Exceptions"],"fileTypesAndContributionMap":{"java":{"insertions":10,"deletions":5}}},{"hash":"4b0fcbf30797a55df24c6beaec1a35f9409a1a12","isMergeCommit":true,"messageTitle":"Merge branch \u0027branch-Level-5\u0027","messageBody":"","tags":["Level-5"],"fileTypesAndContributionMap":{}},{"hash":"917028d771c17dfd9f9b3e5f77b157f6b9af15d3","isMergeCommit":false,"messageTitle":"Organize Fredbot classes into packages (task, error)","messageBody":"","fileTypesAndContributionMap":{"java":{"insertions":0,"deletions":0}}},{"hash":"876399e2f3f61baa70b196a3a1a6259466f096c7","isMergeCommit":false,"messageTitle":"Organize the different classes (error, tasks) into packages","messageBody":"","fileTypesAndContributionMap":{"java":{"insertions":27,"deletions":0}}},{"hash":"ca4f4e8ce4636a6bf07ea31d2431075f2529637d","isMergeCommit":true,"messageTitle":"Merge branch \u0027branch-A-Packages\u0027","messageBody":"","tags":["A-Packages"],"fileTypesAndContributionMap":{}}]},{"date":"2023-09-16","commitResults":[{"hash":"225e59685b5ed252d0fc5a6976b98355370fd1fe","isMergeCommit":false,"messageTitle":"Update Fredbot to use ArrayList\u003cTask\u003e instead of normal array","messageBody":"","tags":["A-Collections"],"fileTypesAndContributionMap":{"java":{"insertions":20,"deletions":16}}},{"hash":"7131c07901c2a10815f9d4013b8b0cd88bbc0f81","isMergeCommit":false,"messageTitle":"Add exception handling for marking index out of bounds","messageBody":"","fileTypesAndContributionMap":{"java":{"insertions":12,"deletions":5}}},{"hash":"3a1ff820c7a2e7ae553f37a1db7a9ea732cb6d60","isMergeCommit":false,"messageTitle":"Add delete task functionality","messageBody":"","tags":["Level-6"],"fileTypesAndContributionMap":{"java":{"insertions":24,"deletions":3}}}]},{"date":"2023-09-17","commitResults":[{"hash":"c6e6db4a1b89a7d46d33cc2ce422da3a23436cda","isMergeCommit":false,"messageTitle":"Import libraries for IO and add tasks.txt file","messageBody":"","fileTypesAndContributionMap":{"txt":{"insertions":1,"deletions":0},"java":{"insertions":3,"deletions":2}}},{"hash":"88ee0a5c1d33f6c21a90317f39222ce41629fd73","isMergeCommit":false,"messageTitle":"Add the ability to write to file after adding task or changing status","messageBody":"","fileTypesAndContributionMap":{"txt":{"insertions":3,"deletions":1},"java":{"insertions":27,"deletions":7}}},{"hash":"fc41d196001533fe7aa7571543c8e991c4719d6d","isMergeCommit":false,"messageTitle":"Add ability to load tasks from text file","messageBody":"","fileTypesAndContributionMap":{"txt":{"insertions":1,"deletions":1},"java":{"insertions":37,"deletions":2}}},{"hash":"a24609535f2e0d65a0c023580dc0a668ec523bb7","isMergeCommit":false,"messageTitle":"Add the ability to load task done status from txt file as well","messageBody":"","fileTypesAndContributionMap":{"txt":{"insertions":1,"deletions":1},"java":{"insertions":3,"deletions":1}}},{"hash":"5186a1e880576b63ef6f7cbfad4ca8bea14bed12","isMergeCommit":true,"messageTitle":"Merge branch \u0027branch-Level-7\u0027","messageBody":"# Conflicts:\n#\tsrc/main/java/FredBot.java\n","tags":["Level-7"],"fileTypesAndContributionMap":{}}]},{"date":"2023-09-18","commitResults":[{"hash":"831c0fbaaf428238b1e6b075dacdd67f12cc5d5e","isMergeCommit":false,"messageTitle":"Update the delete functionality to include IO operation to update tasks file","messageBody":"","fileTypesAndContributionMap":{"txt":{"insertions":0,"deletions":5},"java":{"insertions":4,"deletions":3}}}]},{"date":"2023-09-25","commitResults":[{"hash":"e379032af9563e03c429c8ac6f82034d389e6133","isMergeCommit":false,"messageTitle":"Add Ui, TaskList, Storage class","messageBody":"","fileTypesAndContributionMap":{"java":{"insertions":16,"deletions":0}}},{"hash":"42acd6111065f4178a4f19173dc59db463185ace","isMergeCommit":false,"messageTitle":"Edit Ui class to print welcome message","messageBody":"","fileTypesAndContributionMap":{"java":{"insertions":11,"deletions":1}}},{"hash":"47660e3a82427dde348a11b36275a3c29c0a176a","isMergeCommit":false,"messageTitle":"Create pareser class","messageBody":"","fileTypesAndContributionMap":{"java":{"insertions":4,"deletions":0}}},{"hash":"86322b8233d2daaa50755e3049d2da9154993414","isMergeCommit":false,"messageTitle":"Update storage class to load from file","messageBody":"","fileTypesAndContributionMap":{"java":{"insertions":53,"deletions":0}}},{"hash":"58d9a725914b7db733094026c3d0f2627cd4d9a8","isMergeCommit":false,"messageTitle":"Add functionality to parse tasks strings loaded from file and add it to tasklist","messageBody":"","fileTypesAndContributionMap":{"java":{"insertions":50,"deletions":1}}},{"hash":"7abd9d4d21501ff7fa4ee66653b2ada31b6f0a7c","isMergeCommit":false,"messageTitle":"Add the constructor in main for Fredbot","messageBody":"","fileTypesAndContributionMap":{"java":{"insertions":9,"deletions":0}}}]},{"date":"2023-09-26","commitResults":[{"hash":"2ff4dd835fe4875c93d70b4115b50af260788f3c","isMergeCommit":false,"messageTitle":"Add abstract Command class and child classes","messageBody":"","fileTypesAndContributionMap":{"java":{"insertions":122,"deletions":0}}},{"hash":"8250af51e95290a08157e78abe7f2e3aa60ef56e","isMergeCommit":false,"messageTitle":"Add parser method for single command","messageBody":"","fileTypesAndContributionMap":{"java":{"insertions":43,"deletions":0}}},{"hash":"5e9c99373d4360c39d7e5065517705d76647b286","isMergeCommit":false,"messageTitle":"Add methods to tasklist","messageBody":"","fileTypesAndContributionMap":{"txt":{"insertions":1,"deletions":0},"java":{"insertions":31,"deletions":0}}},{"hash":"34c388fac6cbf8733a699aa7c0044f718032346b","isMergeCommit":false,"messageTitle":"Update parser to check for formatting errors","messageBody":"","fileTypesAndContributionMap":{"java":{"insertions":54,"deletions":9}}},{"hash":"00fbd84e2270b07361e0150546ca3ca3afd512fe","isMergeCommit":false,"messageTitle":"Create UI class for printing to stdout and reading from stdin","messageBody":"","fileTypesAndContributionMap":{"java":{"insertions":55,"deletions":0}}},{"hash":"afad9f1fee4562b264e79cf435b5945c3758fafc","isMergeCommit":false,"messageTitle":"Update storage to update file on disk","messageBody":"","fileTypesAndContributionMap":{"java":{"insertions":14,"deletions":2}}},{"hash":"5f4280c78247f1c0ecfe5cc8b5da05698f1af1ef","isMergeCommit":false,"messageTitle":"Update command to make use of ui and storage methods for printing and storing of data","messageBody":"","fileTypesAndContributionMap":{"java":{"insertions":38,"deletions":17}}},{"hash":"c9a7cd46e9c3580e00bbaa419acaf26e915cb3aa","isMergeCommit":false,"messageTitle":"Update FredBot to make use of these classes","messageBody":"","fileTypesAndContributionMap":{"txt":{"insertions":2,"deletions":1},"java":{"insertions":85,"deletions":73}}},{"hash":"23d6819f216d1e6982b3e3449ee61ee3105385d6","isMergeCommit":false,"messageTitle":"Remove old code in main","messageBody":"","fileTypesAndContributionMap":{"txt":{"insertions":0,"deletions":1},"java":{"insertions":4,"deletions":197}}},{"hash":"94aa7b79e44502b235cc6a45f06dd3e5e4a51829","isMergeCommit":false,"messageTitle":"update to print exceptions messages through UI class","messageBody":"","fileTypesAndContributionMap":{"java":{"insertions":62,"deletions":45}}},{"hash":"ff01d5422c21db874ff71a219706471e3bf3fe49","isMergeCommit":false,"messageTitle":"Remove dead code","messageBody":"","fileTypesAndContributionMap":{"java":{"insertions":1,"deletions":13}}},{"hash":"b83b08f150e7fb1a9bcb59f4db2e9e4c9da9e637","isMergeCommit":false,"messageTitle":"Add handling for Number format exception","messageBody":"still need to handle for loading file with incorrect format\n","tags":["A-MoreOOP"],"fileTypesAndContributionMap":{"java":{"insertions":4,"deletions":1}}},{"hash":"59152326c4e72f4b9ecbf41b229d3aa2328d179f","isMergeCommit":false,"messageTitle":"Update parser to parse datetime","messageBody":"","fileTypesAndContributionMap":{"java":{"insertions":23,"deletions":4}}},{"hash":"266313521cf595c9f71e843abe50bffbba11d54a","isMergeCommit":false,"messageTitle":"Update Event and Deadline to string method formatting of date time","messageBody":"","fileTypesAndContributionMap":{"java":{"insertions":27,"deletions":13}}},{"hash":"e017f7bfadb7c28e2a6e11ead78e1b8ecc4e38dd","isMergeCommit":false,"messageTitle":"Add error exception handling for datetime parsing","messageBody":"","fileTypesAndContributionMap":{"txt":{"insertions":1,"deletions":1},"java":{"insertions":2,"deletions":2}}},{"hash":"a9c012bcdd5c77017111119def7069d60d0200c3","isMergeCommit":false,"messageTitle":"Create FindCommand class and add logic with sets","messageBody":"","fileTypesAndContributionMap":{"java":{"insertions":29,"deletions":0}}},{"hash":"991fae72c83fefcc122eb29578b57ce4213d6004","isMergeCommit":false,"messageTitle":"Update ui class to include a method that takes in a set of indexes with the string found","messageBody":"","fileTypesAndContributionMap":{"java":{"insertions":12,"deletions":0}}},{"hash":"56e37e756158a8b79901bf1f092cebe6e3c050eb","isMergeCommit":false,"messageTitle":"Update parser to include find command and implement UI printfound task method in findcommand class execute method","messageBody":"","fileTypesAndContributionMap":{"txt":{"insertions":2,"deletions":0},"java":{"insertions":10,"deletions":3}}},{"hash":"4f70f8cc574e7e1aa68f264d642866533ed95c81","isMergeCommit":false,"messageTitle":"Add header comments for non-trival methods in JavaDoc format","messageBody":"","fileTypesAndContributionMap":{"java":{"insertions":133,"deletions":3}}}]},{"date":"2023-09-27","commitResults":[{"hash":"42f0b3f8e4b7f341204e0c6b389f410640f60224","isMergeCommit":true,"messageTitle":"Merge pull request #1 from wwweert123/branch-Level-8","messageBody":"Branch level 8","tags":["Level-8"],"fileTypesAndContributionMap":{}},{"hash":"594ede89e1b060a30decaee4052736e451a0dd4e","isMergeCommit":true,"messageTitle":"Merge branch \u0027master\u0027 into branch-Level-9","messageBody":"# Conflicts:\n#\tdata/tasks.txt\n","fileTypesAndContributionMap":{}},{"hash":"8a290f47fd4f008011eb2007ff98fe960635be33","isMergeCommit":true,"messageTitle":"Merge pull request #2 from wwweert123/branch-Level-9","messageBody":"Branch level 9","tags":["Level-9"],"fileTypesAndContributionMap":{}},{"hash":"a2444fb71ca480ff3c1aba1d6de35fc48a3d8ed0","isMergeCommit":true,"messageTitle":"Merge branch \u0027master\u0027 into branch-A-JavaDoc","messageBody":"# Conflicts:\n#\tsrc/main/java/fredbot/Parser.java\n","fileTypesAndContributionMap":{}},{"hash":"47e96869b3226f3bc6762a82b1a5484aa036f743","isMergeCommit":true,"messageTitle":"Merge pull request #3 from wwweert123/branch-A-JavaDoc","messageBody":"Add header comments for non-trival methods in JavaDoc format","tags":["A-JavaDoc"],"fileTypesAndContributionMap":{}},{"hash":"14a6f7e91d5f1d53e83dfc8aa272678a1d189fe6","isMergeCommit":false,"messageTitle":"Update README.md","messageBody":"","fileTypesAndContributionMap":{"md":{"insertions":1,"deletions":0}}},{"hash":"17a74807d0c7595a0814f9d31f3f101707b35a35","isMergeCommit":false,"messageTitle":"Update README.md","messageBody":"","fileTypesAndContributionMap":{"md":{"insertions":2,"deletions":1}}},{"hash":"169e5a04e252eaa61e054c920c2c42f211981581","isMergeCommit":false,"messageTitle":"Update README.md","messageBody":"","fileTypesAndContributionMap":{"md":{"insertions":1,"deletions":0}}},{"hash":"747235e6f6c3aec14d9b88c1444a11276d7b0c45","isMergeCommit":false,"messageTitle":"Update README.md","messageBody":"","fileTypesAndContributionMap":{"md":{"insertions":0,"deletions":3}}},{"hash":"2f809b8c590be92f951083391836a415b43894bd","isMergeCommit":false,"messageTitle":"Update README to include features and usage, expected output not included yet","messageBody":"","fileTypesAndContributionMap":{"md":{"insertions":165,"deletions":9}}},{"hash":"11b1d32e54c06f8afae14a8a2a63079382c78416","isMergeCommit":true,"messageTitle":"Merge branch \u0027master\u0027 of https://github.com/wwweert123/ip","messageBody":"","fileTypesAndContributionMap":{}},{"hash":"fbac561c2af5576bb76ed318ba78ac688867ec9a","isMergeCommit":false,"messageTitle":"Fix bug involving datetime format when saving to file","messageBody":"","fileTypesAndContributionMap":{"txt":{"insertions":2,"deletions":1},"java":{"insertions":19,"deletions":2}}},{"hash":"7bdc2a78f5ab27292db8a747a169f39c2846b102","isMergeCommit":false,"messageTitle":"Update README to include expected output and fix printaddtask method in UI class","messageBody":"","tags":["A-UserGuide","A-Release"],"fileTypesAndContributionMap":{"txt":{"insertions":4,"deletions":0},"java":{"insertions":3,"deletions":2},"md":{"insertions":68,"deletions":14}}}]}]},"authorFileTypeContributionMap":{"wwweert123":{"java":891,"md":210,"fxml":0,"sh":0,"bat":0,"gradle":0,"txt":6}},"authorContributionVariance":{"wwweert123":33542.11},"authorDisplayNameMap":{"wwweert123":"CS2113-T18-2 PUA ..RICK"}}
