{"authorDailyContributionsMap":{"wwweert123":[{"date":"2023-08-19","commitResults":[{"hash":"4d37935b8d7ba48fba3af50aa6c11c1e71d2325f","isMergeCommit":false,"messageTitle":"Change placeholder name to Fredbot","messageBody":"","fileTypesAndContributionMap":{"java":{"insertions":1,"deletions":1}}},{"hash":"72ba2b98aad976ecebe3d8b1abb981b78563e409","isMergeCommit":false,"messageTitle":"Add Greeting Statement immediately after bot start up","messageBody":"","fileTypesAndContributionMap":{"java":{"insertions":5,"deletions":1}}},{"hash":"fb87d83517d353b39e5f11d88f0ffaa45d356951","isMergeCommit":false,"messageTitle":"Add farewell statement before Fredbot exits","messageBody":"","tags":["Level-0"],"fileTypesAndContributionMap":{"java":{"insertions":4,"deletions":0}}}]},{"date":"2023-08-26","commitResults":[{"hash":"6b66b4618a8fa5a370707eece07bda66d7af3704","isMergeCommit":false,"messageTitle":"Update Fredbot functionality and skeleton","messageBody":"echos commands entered by the user and exits when the user types the command \"bye\"\n","tags":["Level-1"],"fileTypesAndContributionMap":{"java":{"insertions":19,"deletions":6}}},{"hash":"bd4d106bd392692057fd05ec0cf997b91e5e00f6","isMergeCommit":false,"messageTitle":"Update Fredbot.java so user can add tasks and view them","messageBody":"Add the ability to store whatever text entered by the user and display them back to the user when requested\n\nprintmessage function can help to reduce less duplicate code\n","tags":["Level-2"],"fileTypesAndContributionMap":{"java":{"insertions":30,"deletions":13}}},{"hash":"95bd1c2fe04c6c9b720472df6e8cbed46eaf15d1","isMergeCommit":false,"messageTitle":"Add a Task class","messageBody":"While it is possible to represent a task list as a multi-dimensional array containing primitive values, the more natural approach is to use a Task class to represent tasks.\n\nThe task class contains taskdescription and done instance level members and numTask class level member\n","fileTypesAndContributionMap":{"java":{"insertions":35,"deletions":0}}},{"hash":"1a461a55efea85ea4605ffd7bd2bc27ee1a75587","isMergeCommit":false,"messageTitle":"Update Fredbot.java to use the Task Class","messageBody":"adding task will create a new Task object by using the the constructor to set the task description as the string in the argument\n","fileTypesAndContributionMap":{"java":{"insertions":9,"deletions":8}}},{"hash":"bea6f1c88f0e297d9c6100f178e0627c6aadf3b0","isMergeCommit":false,"messageTitle":"Update Fredbot.java to show status of task with list command","messageBody":"User can see whether the task is completed. If marked as completed \"X\" symbol can be seen\n","fileTypesAndContributionMap":{"java":{"insertions":7,"deletions":1}}},{"hash":"ccfad087228764ea7fe325aeeceeabe800430595","isMergeCommit":false,"messageTitle":"Update Fredbot.java with the ability mark tasks as done and undone","messageBody":"By calling the command mark \u003ctask number\u003e or unmark \u003ctask number\u003e, user can set tasks as done and undon\n","tags":["Level-3"],"fileTypesAndContributionMap":{"java":{"insertions":23,"deletions":0}}}]},{"date":"2023-09-02","commitResults":[{"hash":"0bebe843fd1b23cd7b1f4db14cf67bb9de39e50c","isMergeCommit":false,"messageTitle":"Format to follow coding standards","messageBody":"This coding standards are in accordance to the CS2113 java coding standards\n","tags":["A-CodingStandard"],"fileTypesAndContributionMap":{"java":{"insertions":27,"deletions":31}}},{"hash":"035955e9e1834373ae8a18c233efa7e58b09f16a","isMergeCommit":false,"messageTitle":"Add Todo Class","messageBody":"Todo class is used to track tasks without date or time attached to it\n","fileTypesAndContributionMap":{"java":{"insertions":10,"deletions":0}}},{"hash":"c7aa492b2b8c770fa7135a2472486ff2df988722","isMergeCommit":false,"messageTitle":"Abstract the printing of tasks to the task class","messageBody":"This is done by overriding the toString() function from the Object class\n","fileTypesAndContributionMap":{"java":{"insertions":12,"deletions":7}}}]},{"date":"2023-09-03","commitResults":[{"hash":"b94dd942d4ab8f09b8c6b5074753d06757da49ec","isMergeCommit":false,"messageTitle":"Add indexing of tasks number when printing","messageBody":"This is done for better User Interface\n","fileTypesAndContributionMap":{"java":{"insertions":2,"deletions":1}}},{"hash":"19f7a67a36adc705f2ebd5005d1f264ac4470fad","isMergeCommit":false,"messageTitle":"Add functionality to read todo task and print them properly","messageBody":"","fileTypesAndContributionMap":{"java":{"insertions":11,"deletions":2}}},{"hash":"f07e0c42334d654851434d823e976f78b47166f3","isMergeCommit":false,"messageTitle":"Format the printing of information after adding task","messageBody":"","fileTypesAndContributionMap":{"java":{"insertions":7,"deletions":2}}},{"hash":"7e30d2db82f23ca255409910e662f8c7738c894d","isMergeCommit":false,"messageTitle":"Add Deadline and Event class","messageBody":"Deadlines are tasks that need to be done before a specific date/time while Events are tasks that start at a specific date/time and ends at a specific date/time\n","fileTypesAndContributionMap":{"java":{"insertions":48,"deletions":0}}},{"hash":"f1c6b17a3804fb136ef6d6fb073f7e084bc0e2e4","isMergeCommit":false,"messageTitle":"Add the functionality to add deadline and event tasks","messageBody":"This is done using specialised add function for each type of tasks\n","tags":["Level-4"],"fileTypesAndContributionMap":{"java":{"insertions":28,"deletions":7}}}]},{"date":"2023-09-06","commitResults":[{"hash":"32c89b672f1bf19fa571c77ebdfe3bfa6d8371d7","isMergeCommit":false,"messageTitle":"Improve code quality","messageBody":"","tags":["A-CodeQuality"],"fileTypesAndContributionMap":{"java":{"insertions":8,"deletions":9}}}]},{"date":"2023-09-09","commitResults":[{"hash":"fa9bf87d7cf1898562857c169201a5732e9fddf7","isMergeCommit":false,"messageTitle":"Add Indentation separately","messageBody":"","fileTypesAndContributionMap":{"java":{"insertions":4,"deletions":4}}},{"hash":"c711b224e025855bc06678c08cd13be8f639bf0c","isMergeCommit":false,"messageTitle":"Refactor the code to include constants","messageBody":"","fileTypesAndContributionMap":{"java":{"insertions":39,"deletions":25}}},{"hash":"874c3277bb540b970090e2fe799d04665f9a4d64","isMergeCommit":false,"messageTitle":"Add exception handling for empty tasks description and weird commands","messageBody":"","fileTypesAndContributionMap":{"java":{"insertions":17,"deletions":8}}},{"hash":"909b5045f0665c40d14fc2925fb1f4092f6c6abc","isMergeCommit":false,"messageTitle":"Add various FredBot specific exception handling classes and try-catch block for error handling","messageBody":"","fileTypesAndContributionMap":{"java":{"insertions":45,"deletions":25}}},{"hash":"6ff6931a6c640ad2cc62426f2dbe9369393242ff","isMergeCommit":false,"messageTitle":"Add error handling for other cases where insufficient argument is provided","messageBody":"Use regex for splitting of task string argument\n","tags":["A-Exceptions"],"fileTypesAndContributionMap":{"java":{"insertions":10,"deletions":5}}},{"hash":"4b0fcbf30797a55df24c6beaec1a35f9409a1a12","isMergeCommit":true,"messageTitle":"Merge branch \u0027branch-Level-5\u0027","messageBody":"","tags":["Level-5"],"fileTypesAndContributionMap":{}},{"hash":"917028d771c17dfd9f9b3e5f77b157f6b9af15d3","isMergeCommit":false,"messageTitle":"Organize Fredbot classes into packages (task, error)","messageBody":"","fileTypesAndContributionMap":{"java":{"insertions":0,"deletions":0}}},{"hash":"876399e2f3f61baa70b196a3a1a6259466f096c7","isMergeCommit":false,"messageTitle":"Organize the different classes (error, tasks) into packages","messageBody":"","fileTypesAndContributionMap":{"java":{"insertions":27,"deletions":0}}},{"hash":"ca4f4e8ce4636a6bf07ea31d2431075f2529637d","isMergeCommit":true,"messageTitle":"Merge branch \u0027branch-A-Packages\u0027","messageBody":"","tags":["A-Packages"],"fileTypesAndContributionMap":{}}]}]},"authorFileTypeContributionMap":{"wwweert123":{"java":279,"md":0,"fxml":0,"sh":0,"bat":0,"gradle":0,"txt":0}},"authorContributionVariance":{"wwweert123":3100.8472},"authorDisplayNameMap":{"wwweert123":"CS2113-T18-2 PUA ..RICK"}}
