[{"path":"src/main/java/Deadline.java","fileType":"java","lines":[{"lineNumber":1,"author":{"gitId":"yingx9"},"content":"public class Deadline extends Task {","lastModifiedDate":"2023-09-02"},{"lineNumber":2,"author":{"gitId":"yingx9"},"content":"","lastModifiedDate":"2023-09-02"},{"lineNumber":3,"author":{"gitId":"yingx9"},"content":"    protected String by;","lastModifiedDate":"2023-09-02"},{"lineNumber":4,"author":{"gitId":"yingx9"},"content":"    public Deadline(String description, String by) {","lastModifiedDate":"2023-09-02"},{"lineNumber":5,"author":{"gitId":"yingx9"},"content":"        super(description);","lastModifiedDate":"2023-09-02"},{"lineNumber":6,"author":{"gitId":"yingx9"},"content":"        this.by \u003d by;","lastModifiedDate":"2023-09-02"},{"lineNumber":7,"author":{"gitId":"yingx9"},"content":"    }","lastModifiedDate":"2023-09-02"},{"lineNumber":8,"author":{"gitId":"yingx9"},"content":"","lastModifiedDate":"2023-09-02"},{"lineNumber":9,"author":{"gitId":"yingx9"},"content":"    @Override","lastModifiedDate":"2023-09-02"},{"lineNumber":10,"author":{"gitId":"yingx9"},"content":"    public String toString() {","lastModifiedDate":"2023-09-02"},{"lineNumber":11,"author":{"gitId":"yingx9"},"content":"        return \"[D]\" + super.toString() + \" (by: \" + by + \")\";","lastModifiedDate":"2023-09-02"},{"lineNumber":12,"author":{"gitId":"yingx9"},"content":"    }","lastModifiedDate":"2023-09-02"},{"lineNumber":13,"author":{"gitId":"yingx9"},"content":"","lastModifiedDate":"2023-09-02"},{"lineNumber":14,"author":{"gitId":"yingx9"},"content":"","lastModifiedDate":"2023-09-02"},{"lineNumber":15,"author":{"gitId":"yingx9"},"content":"}","lastModifiedDate":"2023-09-02"}],"authorContributionMap":{"yingx9":15}},{"path":"src/main/java/Event.java","fileType":"java","lines":[{"lineNumber":1,"author":{"gitId":"yingx9"},"content":"public class Event extends Task {","lastModifiedDate":"2023-09-02"},{"lineNumber":2,"author":{"gitId":"yingx9"},"content":"","lastModifiedDate":"2023-09-02"},{"lineNumber":3,"author":{"gitId":"yingx9"},"content":"    protected String from;","lastModifiedDate":"2023-09-02"},{"lineNumber":4,"author":{"gitId":"yingx9"},"content":"    protected String to;","lastModifiedDate":"2023-09-02"},{"lineNumber":5,"author":{"gitId":"yingx9"},"content":"","lastModifiedDate":"2023-09-02"},{"lineNumber":6,"author":{"gitId":"yingx9"},"content":"    public Event(String description,String from, String to) {","lastModifiedDate":"2023-09-02"},{"lineNumber":7,"author":{"gitId":"yingx9"},"content":"        super(description);","lastModifiedDate":"2023-09-02"},{"lineNumber":8,"author":{"gitId":"yingx9"},"content":"        this.from \u003d from;","lastModifiedDate":"2023-09-02"},{"lineNumber":9,"author":{"gitId":"yingx9"},"content":"        this.to \u003d to;","lastModifiedDate":"2023-09-02"},{"lineNumber":10,"author":{"gitId":"yingx9"},"content":"    }","lastModifiedDate":"2023-09-02"},{"lineNumber":11,"author":{"gitId":"yingx9"},"content":"","lastModifiedDate":"2023-09-02"},{"lineNumber":12,"author":{"gitId":"yingx9"},"content":"    @Override","lastModifiedDate":"2023-09-02"},{"lineNumber":13,"author":{"gitId":"yingx9"},"content":"    public String toString() {","lastModifiedDate":"2023-09-02"},{"lineNumber":14,"author":{"gitId":"yingx9"},"content":"        return \"[E]\" + super.toString() + \" (from: \" + from + \" to: \" + to + \")\";","lastModifiedDate":"2023-09-02"},{"lineNumber":15,"author":{"gitId":"yingx9"},"content":"    }","lastModifiedDate":"2023-09-02"},{"lineNumber":16,"author":{"gitId":"yingx9"},"content":"","lastModifiedDate":"2023-09-02"},{"lineNumber":17,"author":{"gitId":"yingx9"},"content":"}","lastModifiedDate":"2023-09-02"}],"authorContributionMap":{"yingx9":17}},{"path":"src/main/java/Magpie.java","fileType":"java","lines":[{"lineNumber":1,"author":{"gitId":"yingx9"},"content":"import java.util.Scanner;","lastModifiedDate":"2023-08-27"},{"lineNumber":2,"author":{"gitId":"yingx9"},"content":"","lastModifiedDate":"2023-08-27"},{"lineNumber":3,"author":{"gitId":"yingx9"},"content":"public class Magpie {","lastModifiedDate":"2023-09-05"},{"lineNumber":4,"author":{"gitId":"yingx9"},"content":"    private static Task[] tasks \u003d new Task[100];","lastModifiedDate":"2023-09-02"},{"lineNumber":5,"author":{"gitId":"yingx9"},"content":"    private static int taskCount \u003d 0;","lastModifiedDate":"2023-09-02"},{"lineNumber":6,"author":{"gitId":"yingx9"},"content":"    public static void printTasks(){","lastModifiedDate":"2023-09-02"},{"lineNumber":7,"author":{"gitId":"yingx9"},"content":"","lastModifiedDate":"2023-08-27"},{"lineNumber":8,"author":{"gitId":"yingx9"},"content":"        System.out.println(\"____________________________________________________________\");","lastModifiedDate":"2023-08-27"},{"lineNumber":9,"author":{"gitId":"yingx9"},"content":"        System.out.println(\"Here are the tasks in your list: \");","lastModifiedDate":"2023-09-05"},{"lineNumber":10,"author":{"gitId":"yingx9"},"content":"        for(int i \u003d0; i\u003c taskCount; i++) {","lastModifiedDate":"2023-09-02"},{"lineNumber":11,"author":{"gitId":"yingx9"},"content":"","lastModifiedDate":"2023-08-27"},{"lineNumber":12,"author":{"gitId":"yingx9"},"content":"            Task item \u003d tasks[i];","lastModifiedDate":"2023-09-02"},{"lineNumber":13,"author":{"gitId":"yingx9"},"content":"            System.out.println(i+1 + \". \" + item.toString());","lastModifiedDate":"2023-09-02"},{"lineNumber":14,"author":{"gitId":"yingx9"},"content":"        }","lastModifiedDate":"2023-09-02"},{"lineNumber":15,"author":{"gitId":"yingx9"},"content":"","lastModifiedDate":"2023-08-27"},{"lineNumber":16,"author":{"gitId":"yingx9"},"content":"        System.out.println(\"____________________________________________________________\\n\");","lastModifiedDate":"2023-09-02"},{"lineNumber":17,"author":{"gitId":"yingx9"},"content":"    }","lastModifiedDate":"2023-08-27"},{"lineNumber":18,"author":{"gitId":"yingx9"},"content":"","lastModifiedDate":"2023-08-27"},{"lineNumber":19,"author":{"gitId":"yingx9"},"content":"    public static void addTask(Task t){","lastModifiedDate":"2023-09-02"},{"lineNumber":20,"author":{"gitId":"yingx9"},"content":"","lastModifiedDate":"2023-09-02"},{"lineNumber":21,"author":{"gitId":"yingx9"},"content":"        tasks[taskCount] \u003d t;","lastModifiedDate":"2023-09-02"},{"lineNumber":22,"author":{"gitId":"yingx9"},"content":"        taskCount++;","lastModifiedDate":"2023-09-02"},{"lineNumber":23,"author":{"gitId":"yingx9"},"content":"","lastModifiedDate":"2023-09-02"},{"lineNumber":24,"author":{"gitId":"yingx9"},"content":"        System.out.println(\"____________________________________________________________\\n\");","lastModifiedDate":"2023-09-02"},{"lineNumber":25,"author":{"gitId":"yingx9"},"content":"        System.out.println(\"Got it. I\u0027ve added this task: \");","lastModifiedDate":"2023-09-02"},{"lineNumber":26,"author":{"gitId":"yingx9"},"content":"        System.out.println(\"  \" + t.toString());","lastModifiedDate":"2023-09-02"},{"lineNumber":27,"author":{"gitId":"yingx9"},"content":"        System.out.println(\"Now you have \" + taskCount + \" task(s) in the list.\");","lastModifiedDate":"2023-09-02"},{"lineNumber":28,"author":{"gitId":"yingx9"},"content":"        System.out.println(\"____________________________________________________________\\n\");","lastModifiedDate":"2023-08-27"},{"lineNumber":29,"author":{"gitId":"yingx9"},"content":"","lastModifiedDate":"2023-09-02"},{"lineNumber":30,"author":{"gitId":"yingx9"},"content":"    }","lastModifiedDate":"2023-08-27"},{"lineNumber":31,"author":{"gitId":"yingx9"},"content":"","lastModifiedDate":"2023-08-27"},{"lineNumber":32,"author":{"gitId":"yingx9"},"content":"    public static void markTask(int index, boolean isDone){","lastModifiedDate":"2023-09-05"},{"lineNumber":33,"author":{"gitId":"yingx9"},"content":"","lastModifiedDate":"2023-08-27"},{"lineNumber":34,"author":{"gitId":"yingx9"},"content":"        Task item \u003d tasks[index];","lastModifiedDate":"2023-09-05"},{"lineNumber":35,"author":{"gitId":"yingx9"},"content":"        item.setDone(isDone);","lastModifiedDate":"2023-09-05"},{"lineNumber":36,"author":{"gitId":"yingx9"},"content":"        System.out.println(\"____________________________________________________________\\n\");","lastModifiedDate":"2023-09-05"},{"lineNumber":37,"author":{"gitId":"yingx9"},"content":"        if (isDone \u003d\u003d true){","lastModifiedDate":"2023-09-05"},{"lineNumber":38,"author":{"gitId":"yingx9"},"content":"            System.out.print(\"Nice! I\u0027ve marked this task as done:\\n\");","lastModifiedDate":"2023-09-05"},{"lineNumber":39,"author":{"gitId":"yingx9"},"content":"        }","lastModifiedDate":"2023-09-05"},{"lineNumber":40,"author":{"gitId":"yingx9"},"content":"        else{","lastModifiedDate":"2023-09-05"},{"lineNumber":41,"author":{"gitId":"yingx9"},"content":"            System.out.print(\"OK, I\u0027ve marked this task as not done yet:\\n\");","lastModifiedDate":"2023-09-05"},{"lineNumber":42,"author":{"gitId":"yingx9"},"content":"","lastModifiedDate":"2023-08-27"},{"lineNumber":43,"author":{"gitId":"yingx9"},"content":"        }","lastModifiedDate":"2023-09-05"},{"lineNumber":44,"author":{"gitId":"yingx9"},"content":"        System.out.println(\"  \" + item.toString());","lastModifiedDate":"2023-09-05"},{"lineNumber":45,"author":{"gitId":"yingx9"},"content":"        System.out.println(\"____________________________________________________________\\n\");","lastModifiedDate":"2023-09-05"},{"lineNumber":46,"author":{"gitId":"yingx9"},"content":"    }","lastModifiedDate":"2023-09-05"},{"lineNumber":47,"author":{"gitId":"yingx9"},"content":"","lastModifiedDate":"2023-08-27"},{"lineNumber":48,"author":{"gitId":"yingx9"},"content":"","lastModifiedDate":"2023-08-27"},{"lineNumber":49,"author":{"gitId":"yingx9"},"content":"    public static void main(String[] args) {","lastModifiedDate":"2023-09-05"},{"lineNumber":50,"author":{"gitId":"yingx9"},"content":"","lastModifiedDate":"2023-08-27"},{"lineNumber":51,"author":{"gitId":"yingx9"},"content":"","lastModifiedDate":"2023-08-27"},{"lineNumber":52,"author":{"gitId":"yingx9"},"content":"        System.out.println(\"____________________________________________________________\");","lastModifiedDate":"2023-09-05"},{"lineNumber":53,"author":{"gitId":"yingx9"},"content":"        System.out.println(\" __  __          _____ _____ _____ ______ \");","lastModifiedDate":"2023-09-05"},{"lineNumber":54,"author":{"gitId":"yingx9"},"content":"        System.out.println(\"|  \\\\/  |   /\\\\   / ____|  __ \\\\_   _|  ____|\");","lastModifiedDate":"2023-09-05"},{"lineNumber":55,"author":{"gitId":"yingx9"},"content":"        System.out.println(\"| \\\\  / |  /  \\\\ | |  __| |__) || | | |__   \");","lastModifiedDate":"2023-09-05"},{"lineNumber":56,"author":{"gitId":"yingx9"},"content":"        System.out.println(\"| |\\\\/| | / /\\\\ \\\\| | |_ |  ___/ | | |  __|  \");","lastModifiedDate":"2023-09-05"},{"lineNumber":57,"author":{"gitId":"yingx9"},"content":"        System.out.println(\"| |  | |/ ____ \\\\ |__| | |    _| |_| |____ \");","lastModifiedDate":"2023-09-05"},{"lineNumber":58,"author":{"gitId":"yingx9"},"content":"        System.out.println(\"|_|  |_/_/    \\\\_\\\\_____|_|   |_____|______|\");","lastModifiedDate":"2023-09-05"},{"lineNumber":59,"author":{"gitId":"yingx9"},"content":"        System.out.println(\"\\nHello! I\u0027m Magpie :)\");","lastModifiedDate":"2023-09-05"},{"lineNumber":60,"author":{"gitId":"yingx9"},"content":"        System.out.println(\"What can I do for you?\\n\");","lastModifiedDate":"2023-09-05"},{"lineNumber":61,"author":{"gitId":"yingx9"},"content":"        System.out.println(\"____________________________________________________________\\n\");","lastModifiedDate":"2023-09-05"},{"lineNumber":62,"author":{"gitId":"yingx9"},"content":"","lastModifiedDate":"2023-09-05"},{"lineNumber":63,"author":{"gitId":"yingx9"},"content":"","lastModifiedDate":"2023-08-27"},{"lineNumber":64,"author":{"gitId":"yingx9"},"content":"        Scanner in \u003d new Scanner(System.in);","lastModifiedDate":"2023-09-05"},{"lineNumber":65,"author":{"gitId":"yingx9"},"content":"        String input \u003d \"\";","lastModifiedDate":"2023-09-05"},{"lineNumber":66,"author":{"gitId":"yingx9"},"content":"        input \u003d in.nextLine();","lastModifiedDate":"2023-09-05"},{"lineNumber":67,"author":{"gitId":"yingx9"},"content":"","lastModifiedDate":"2023-08-27"},{"lineNumber":68,"author":{"gitId":"yingx9"},"content":"        while(input.equals(\"bye\") \u003d\u003d false){","lastModifiedDate":"2023-09-05"},{"lineNumber":69,"author":{"gitId":"yingx9"},"content":"","lastModifiedDate":"2023-09-05"},{"lineNumber":70,"author":{"gitId":"yingx9"},"content":"            String[] splitInput \u003d input.split(\" \");","lastModifiedDate":"2023-09-05"},{"lineNumber":71,"author":{"gitId":"yingx9"},"content":"            String command \u003d splitInput[0];","lastModifiedDate":"2023-09-05"},{"lineNumber":72,"author":{"gitId":"yingx9"},"content":"            String arguments \u003d input.substring(command.length());","lastModifiedDate":"2023-09-05"},{"lineNumber":73,"author":{"gitId":"yingx9"},"content":"","lastModifiedDate":"2023-08-27"},{"lineNumber":74,"author":{"gitId":"yingx9"},"content":"","lastModifiedDate":"2023-09-02"},{"lineNumber":75,"author":{"gitId":"yingx9"},"content":"            switch(command){","lastModifiedDate":"2023-09-02"},{"lineNumber":76,"author":{"gitId":"yingx9"},"content":"","lastModifiedDate":"2023-09-02"},{"lineNumber":77,"author":{"gitId":"yingx9"},"content":"            case \"list\":","lastModifiedDate":"2023-09-02"},{"lineNumber":78,"author":{"gitId":"yingx9"},"content":"                printTasks();","lastModifiedDate":"2023-09-02"},{"lineNumber":79,"author":{"gitId":"yingx9"},"content":"                break;","lastModifiedDate":"2023-09-02"},{"lineNumber":80,"author":{"gitId":"yingx9"},"content":"","lastModifiedDate":"2023-09-02"},{"lineNumber":81,"author":{"gitId":"yingx9"},"content":"            case \"todo\":","lastModifiedDate":"2023-09-02"},{"lineNumber":82,"author":{"gitId":"yingx9"},"content":"                Task newTask \u003d new Todo(arguments);","lastModifiedDate":"2023-09-02"},{"lineNumber":83,"author":{"gitId":"yingx9"},"content":"                addTask(newTask);","lastModifiedDate":"2023-09-02"},{"lineNumber":84,"author":{"gitId":"yingx9"},"content":"                break;","lastModifiedDate":"2023-09-02"},{"lineNumber":85,"author":{"gitId":"yingx9"},"content":"","lastModifiedDate":"2023-09-02"},{"lineNumber":86,"author":{"gitId":"yingx9"},"content":"            case \"deadline\":","lastModifiedDate":"2023-09-02"},{"lineNumber":87,"author":{"gitId":"yingx9"},"content":"","lastModifiedDate":"2023-09-02"},{"lineNumber":88,"author":{"gitId":"yingx9"},"content":"                int byIndex \u003d arguments.indexOf(\"/by\");","lastModifiedDate":"2023-09-02"},{"lineNumber":89,"author":{"gitId":"yingx9"},"content":"","lastModifiedDate":"2023-09-02"},{"lineNumber":90,"author":{"gitId":"yingx9"},"content":"                String by \u003d arguments.substring(byIndex+3);","lastModifiedDate":"2023-09-02"},{"lineNumber":91,"author":{"gitId":"yingx9"},"content":"                String description \u003d arguments.substring(0,byIndex);","lastModifiedDate":"2023-09-02"},{"lineNumber":92,"author":{"gitId":"yingx9"},"content":"","lastModifiedDate":"2023-09-02"},{"lineNumber":93,"author":{"gitId":"yingx9"},"content":"                newTask \u003d new Deadline(description, by.trim());","lastModifiedDate":"2023-09-02"},{"lineNumber":94,"author":{"gitId":"yingx9"},"content":"                addTask(newTask);","lastModifiedDate":"2023-09-02"},{"lineNumber":95,"author":{"gitId":"yingx9"},"content":"                break;","lastModifiedDate":"2023-09-02"},{"lineNumber":96,"author":{"gitId":"yingx9"},"content":"            case \"event\":","lastModifiedDate":"2023-09-02"},{"lineNumber":97,"author":{"gitId":"yingx9"},"content":"","lastModifiedDate":"2023-09-02"},{"lineNumber":98,"author":{"gitId":"yingx9"},"content":"                int fromIndex \u003d arguments.indexOf(\"/from\");","lastModifiedDate":"2023-09-02"},{"lineNumber":99,"author":{"gitId":"yingx9"},"content":"                int toIndex \u003d arguments.indexOf(\"/to\");","lastModifiedDate":"2023-09-02"},{"lineNumber":100,"author":{"gitId":"yingx9"},"content":"","lastModifiedDate":"2023-09-02"},{"lineNumber":101,"author":{"gitId":"yingx9"},"content":"                String from \u003d arguments.substring(fromIndex+5, toIndex);","lastModifiedDate":"2023-09-02"},{"lineNumber":102,"author":{"gitId":"yingx9"},"content":"                String to \u003d arguments.substring(toIndex+3);","lastModifiedDate":"2023-09-02"},{"lineNumber":103,"author":{"gitId":"yingx9"},"content":"                String eventName \u003d arguments.substring(0,fromIndex);","lastModifiedDate":"2023-09-02"},{"lineNumber":104,"author":{"gitId":"yingx9"},"content":"","lastModifiedDate":"2023-09-02"},{"lineNumber":105,"author":{"gitId":"yingx9"},"content":"                newTask \u003d new Event(eventName,from.trim(),to.trim());","lastModifiedDate":"2023-09-02"},{"lineNumber":106,"author":{"gitId":"yingx9"},"content":"                addTask(newTask);","lastModifiedDate":"2023-09-02"},{"lineNumber":107,"author":{"gitId":"yingx9"},"content":"                break;","lastModifiedDate":"2023-09-02"},{"lineNumber":108,"author":{"gitId":"yingx9"},"content":"","lastModifiedDate":"2023-09-02"},{"lineNumber":109,"author":{"gitId":"yingx9"},"content":"            case \"mark\":","lastModifiedDate":"2023-09-02"},{"lineNumber":110,"author":{"gitId":"yingx9"},"content":"                int markIndex \u003d Integer.parseInt(splitInput[1]) - 1;","lastModifiedDate":"2023-09-05"},{"lineNumber":111,"author":{"gitId":"yingx9"},"content":"                markTask(markIndex,true);","lastModifiedDate":"2023-09-05"},{"lineNumber":112,"author":{"gitId":"yingx9"},"content":"                break;","lastModifiedDate":"2023-09-02"},{"lineNumber":113,"author":{"gitId":"yingx9"},"content":"            case \"unmark\":","lastModifiedDate":"2023-09-02"},{"lineNumber":114,"author":{"gitId":"yingx9"},"content":"                int unmarkIndex \u003d Integer.parseInt(splitInput[1]) - 1;","lastModifiedDate":"2023-09-05"},{"lineNumber":115,"author":{"gitId":"yingx9"},"content":"                markTask(unmarkIndex, false);","lastModifiedDate":"2023-09-05"},{"lineNumber":116,"author":{"gitId":"yingx9"},"content":"                break;","lastModifiedDate":"2023-09-02"},{"lineNumber":117,"author":{"gitId":"yingx9"},"content":"            default:","lastModifiedDate":"2023-09-05"},{"lineNumber":118,"author":{"gitId":"yingx9"},"content":"","lastModifiedDate":"2023-08-27"},{"lineNumber":119,"author":{"gitId":"yingx9"},"content":"            }","lastModifiedDate":"2023-08-27"},{"lineNumber":120,"author":{"gitId":"yingx9"},"content":"","lastModifiedDate":"2023-08-27"},{"lineNumber":121,"author":{"gitId":"yingx9"},"content":"            input \u003d in.nextLine();","lastModifiedDate":"2023-09-05"},{"lineNumber":122,"author":{"gitId":"yingx9"},"content":"","lastModifiedDate":"2023-08-27"},{"lineNumber":123,"author":{"gitId":"yingx9"},"content":"","lastModifiedDate":"2023-08-27"},{"lineNumber":124,"author":{"gitId":"yingx9"},"content":"        }","lastModifiedDate":"2023-08-27"},{"lineNumber":125,"author":{"gitId":"yingx9"},"content":"        System.out.println(\"____________________________________________________________\");","lastModifiedDate":"2023-08-23"},{"lineNumber":126,"author":{"gitId":"yingx9"},"content":"        System.out.println(\"Bye. Hope to see you again soon!\");","lastModifiedDate":"2023-09-05"},{"lineNumber":127,"author":{"gitId":"yingx9"},"content":"        System.out.println(\"____________________________________________________________\\n\");","lastModifiedDate":"2023-08-23"},{"lineNumber":128,"author":{"gitId":"yingx9"},"content":"","lastModifiedDate":"2023-08-23"},{"lineNumber":129,"author":{"gitId":"-"},"content":"    }","lastModifiedDate":"2019-07-29"},{"lineNumber":130,"author":{"gitId":"yingx9"},"content":"","lastModifiedDate":"2023-08-23"},{"lineNumber":131,"author":{"gitId":"-"},"content":"}","lastModifiedDate":"2019-07-29"}],"authorContributionMap":{"-":2,"yingx9":129}},{"path":"src/main/java/Task.java","fileType":"java","lines":[{"lineNumber":1,"author":{"gitId":"yingx9"},"content":"public class Task {","lastModifiedDate":"2023-08-27"},{"lineNumber":2,"author":{"gitId":"yingx9"},"content":"","lastModifiedDate":"2023-08-27"},{"lineNumber":3,"author":{"gitId":"yingx9"},"content":"    protected String description;","lastModifiedDate":"2023-08-27"},{"lineNumber":4,"author":{"gitId":"yingx9"},"content":"    protected boolean isDone;","lastModifiedDate":"2023-08-27"},{"lineNumber":5,"author":{"gitId":"yingx9"},"content":"","lastModifiedDate":"2023-08-27"},{"lineNumber":6,"author":{"gitId":"yingx9"},"content":"    public Task(String description) {","lastModifiedDate":"2023-09-02"},{"lineNumber":7,"author":{"gitId":"yingx9"},"content":"        this.description \u003d description;","lastModifiedDate":"2023-08-27"},{"lineNumber":8,"author":{"gitId":"yingx9"},"content":"        this.isDone \u003d false;","lastModifiedDate":"2023-09-02"},{"lineNumber":9,"author":{"gitId":"yingx9"},"content":"    }","lastModifiedDate":"2023-08-27"},{"lineNumber":10,"author":{"gitId":"yingx9"},"content":"","lastModifiedDate":"2023-08-27"},{"lineNumber":11,"author":{"gitId":"yingx9"},"content":"    public String getDescription() {","lastModifiedDate":"2023-08-27"},{"lineNumber":12,"author":{"gitId":"yingx9"},"content":"        return description;","lastModifiedDate":"2023-08-27"},{"lineNumber":13,"author":{"gitId":"yingx9"},"content":"    }","lastModifiedDate":"2023-08-27"},{"lineNumber":14,"author":{"gitId":"yingx9"},"content":"","lastModifiedDate":"2023-08-27"},{"lineNumber":15,"author":{"gitId":"yingx9"},"content":"    public void setDescription(String description) {","lastModifiedDate":"2023-08-27"},{"lineNumber":16,"author":{"gitId":"yingx9"},"content":"        this.description \u003d description;","lastModifiedDate":"2023-08-27"},{"lineNumber":17,"author":{"gitId":"yingx9"},"content":"    }","lastModifiedDate":"2023-08-27"},{"lineNumber":18,"author":{"gitId":"yingx9"},"content":"","lastModifiedDate":"2023-08-27"},{"lineNumber":19,"author":{"gitId":"yingx9"},"content":"    public String getStatusIcon() {","lastModifiedDate":"2023-08-27"},{"lineNumber":20,"author":{"gitId":"yingx9"},"content":"","lastModifiedDate":"2023-08-27"},{"lineNumber":21,"author":{"gitId":"yingx9"},"content":"        String done \u003d \" \";","lastModifiedDate":"2023-08-27"},{"lineNumber":22,"author":{"gitId":"yingx9"},"content":"","lastModifiedDate":"2023-08-27"},{"lineNumber":23,"author":{"gitId":"yingx9"},"content":"        if (isDone \u003d\u003d true) {","lastModifiedDate":"2023-08-27"},{"lineNumber":24,"author":{"gitId":"yingx9"},"content":"            done \u003d \"X\";","lastModifiedDate":"2023-08-27"},{"lineNumber":25,"author":{"gitId":"yingx9"},"content":"        }","lastModifiedDate":"2023-08-27"},{"lineNumber":26,"author":{"gitId":"yingx9"},"content":"        return done;","lastModifiedDate":"2023-08-27"},{"lineNumber":27,"author":{"gitId":"yingx9"},"content":"    }","lastModifiedDate":"2023-08-27"},{"lineNumber":28,"author":{"gitId":"yingx9"},"content":"","lastModifiedDate":"2023-08-27"},{"lineNumber":29,"author":{"gitId":"yingx9"},"content":"    public void setDone(boolean done) {","lastModifiedDate":"2023-08-27"},{"lineNumber":30,"author":{"gitId":"yingx9"},"content":"        isDone \u003d done;","lastModifiedDate":"2023-08-27"},{"lineNumber":31,"author":{"gitId":"yingx9"},"content":"    }","lastModifiedDate":"2023-08-27"},{"lineNumber":32,"author":{"gitId":"yingx9"},"content":"","lastModifiedDate":"2023-09-02"},{"lineNumber":33,"author":{"gitId":"yingx9"},"content":"    @Override","lastModifiedDate":"2023-09-02"},{"lineNumber":34,"author":{"gitId":"yingx9"},"content":"    public String toString(){","lastModifiedDate":"2023-09-02"},{"lineNumber":35,"author":{"gitId":"yingx9"},"content":"        return \"[\" + getStatusIcon() + \"] \" + description;","lastModifiedDate":"2023-09-02"},{"lineNumber":36,"author":{"gitId":"yingx9"},"content":"    }","lastModifiedDate":"2023-09-02"},{"lineNumber":37,"author":{"gitId":"yingx9"},"content":"","lastModifiedDate":"2023-09-02"},{"lineNumber":38,"author":{"gitId":"yingx9"},"content":"","lastModifiedDate":"2023-09-02"},{"lineNumber":39,"author":{"gitId":"yingx9"},"content":"","lastModifiedDate":"2023-09-02"},{"lineNumber":40,"author":{"gitId":"yingx9"},"content":"}","lastModifiedDate":"2023-08-27"}],"authorContributionMap":{"yingx9":40}},{"path":"src/main/java/Todo.java","fileType":"java","lines":[{"lineNumber":1,"author":{"gitId":"yingx9"},"content":"public class Todo extends Task {","lastModifiedDate":"2023-09-02"},{"lineNumber":2,"author":{"gitId":"yingx9"},"content":"","lastModifiedDate":"2023-09-02"},{"lineNumber":3,"author":{"gitId":"yingx9"},"content":"    public Todo(String description) {","lastModifiedDate":"2023-09-02"},{"lineNumber":4,"author":{"gitId":"yingx9"},"content":"        super(description);","lastModifiedDate":"2023-09-02"},{"lineNumber":5,"author":{"gitId":"yingx9"},"content":"    }","lastModifiedDate":"2023-09-02"},{"lineNumber":6,"author":{"gitId":"yingx9"},"content":"","lastModifiedDate":"2023-09-02"},{"lineNumber":7,"author":{"gitId":"yingx9"},"content":"    public String toString(){","lastModifiedDate":"2023-09-02"},{"lineNumber":8,"author":{"gitId":"yingx9"},"content":"","lastModifiedDate":"2023-09-02"},{"lineNumber":9,"author":{"gitId":"yingx9"},"content":"        return \"[T]\" + super.toString();","lastModifiedDate":"2023-09-02"},{"lineNumber":10,"author":{"gitId":"yingx9"},"content":"    }","lastModifiedDate":"2023-09-02"},{"lineNumber":11,"author":{"gitId":"yingx9"},"content":"","lastModifiedDate":"2023-09-02"},{"lineNumber":12,"author":{"gitId":"yingx9"},"content":"}","lastModifiedDate":"2023-09-02"}],"authorContributionMap":{"yingx9":12}},{"path":"text-ui-test/input.txt","fileType":"txt","lines":[{"lineNumber":1,"author":{"gitId":"yingx9"},"content":"todo borrow book","lastModifiedDate":"2023-09-05"},{"lineNumber":2,"author":{"gitId":"yingx9"},"content":"list","lastModifiedDate":"2023-09-05"},{"lineNumber":3,"author":{"gitId":"yingx9"},"content":"deadline return book /by Sunday","lastModifiedDate":"2023-09-05"},{"lineNumber":4,"author":{"gitId":"yingx9"},"content":"event project meeting /from Mon 2pm /to 4pm","lastModifiedDate":"2023-09-05"},{"lineNumber":5,"author":{"gitId":"yingx9"},"content":"mark 1","lastModifiedDate":"2023-09-05"},{"lineNumber":6,"author":{"gitId":"yingx9"},"content":"unmark 1","lastModifiedDate":"2023-09-05"},{"lineNumber":7,"author":{"gitId":"yingx9"},"content":"list","lastModifiedDate":"2023-09-05"},{"lineNumber":8,"author":{"gitId":"yingx9"},"content":"unmark 1","lastModifiedDate":"2023-09-05"},{"lineNumber":9,"author":{"gitId":"yingx9"},"content":"mark 2","lastModifiedDate":"2023-09-05"},{"lineNumber":10,"author":{"gitId":"yingx9"},"content":"unmark 2","lastModifiedDate":"2023-09-05"},{"lineNumber":11,"author":{"gitId":"yingx9"},"content":"mark 3","lastModifiedDate":"2023-09-05"},{"lineNumber":12,"author":{"gitId":"yingx9"},"content":"list","lastModifiedDate":"2023-09-05"},{"lineNumber":13,"author":{"gitId":"yingx9"},"content":"unmark 3","lastModifiedDate":"2023-09-05"},{"lineNumber":14,"author":{"gitId":"yingx9"},"content":"list","lastModifiedDate":"2023-09-05"}],"authorContributionMap":{"yingx9":14}},{"path":"text-ui-test/runtest.bat","fileType":"bat","lines":[{"lineNumber":1,"author":{"gitId":"-"},"content":"@ECHO OFF","lastModifiedDate":"2020-05-25"},{"lineNumber":2,"author":{"gitId":"-"},"content":"","lastModifiedDate":"2020-05-25"},{"lineNumber":3,"author":{"gitId":"-"},"content":"REM create bin directory if it doesn\u0027t exist","lastModifiedDate":"2020-05-25"},{"lineNumber":4,"author":{"gitId":"-"},"content":"if not exist ..\\bin mkdir ..\\bin","lastModifiedDate":"2020-05-25"},{"lineNumber":5,"author":{"gitId":"-"},"content":"","lastModifiedDate":"2020-05-25"},{"lineNumber":6,"author":{"gitId":"-"},"content":"REM delete output from previous run","lastModifiedDate":"2020-05-25"},{"lineNumber":7,"author":{"gitId":"-"},"content":"if exist ACTUAL.TXT del ACTUAL.TXT","lastModifiedDate":"2020-08-25"},{"lineNumber":8,"author":{"gitId":"-"},"content":"","lastModifiedDate":"2020-05-25"},{"lineNumber":9,"author":{"gitId":"-"},"content":"REM compile the code into the bin folder","lastModifiedDate":"2020-05-25"},{"lineNumber":10,"author":{"gitId":"-"},"content":"javac  -cp ..\\src\\main\\java -Xlint:none -d ..\\bin ..\\src\\main\\java\\*.java","lastModifiedDate":"2020-08-25"},{"lineNumber":11,"author":{"gitId":"-"},"content":"IF ERRORLEVEL 1 (","lastModifiedDate":"2020-05-25"},{"lineNumber":12,"author":{"gitId":"-"},"content":"    echo ********** BUILD FAILURE **********","lastModifiedDate":"2020-05-25"},{"lineNumber":13,"author":{"gitId":"-"},"content":"    exit /b 1","lastModifiedDate":"2020-05-25"},{"lineNumber":14,"author":{"gitId":"-"},"content":")","lastModifiedDate":"2020-05-25"},{"lineNumber":15,"author":{"gitId":"-"},"content":"REM no error here, errorlevel \u003d\u003d 0","lastModifiedDate":"2020-05-25"},{"lineNumber":16,"author":{"gitId":"-"},"content":"","lastModifiedDate":"2020-05-25"},{"lineNumber":17,"author":{"gitId":"-"},"content":"REM run the program, feed commands from input.txt file and redirect the output to the ACTUAL.TXT","lastModifiedDate":"2020-05-25"},{"lineNumber":18,"author":{"gitId":"yingx9"},"content":"java -classpath ..\\bin Magpie \u003c input.txt \u003e ACTUAL.TXT","lastModifiedDate":"2023-09-05"},{"lineNumber":19,"author":{"gitId":"-"},"content":"","lastModifiedDate":"2020-05-25"},{"lineNumber":20,"author":{"gitId":"-"},"content":"REM compare the output to the expected output","lastModifiedDate":"2020-05-25"},{"lineNumber":21,"author":{"gitId":"-"},"content":"FC ACTUAL.TXT EXPECTED.TXT","lastModifiedDate":"2020-05-25"}],"authorContributionMap":{"-":20,"yingx9":1}}]
