{"authorDailyContributionsMap":{"yingx9":[{"date":"2023-08-23","commitResults":[{"hash":"30fa845f49998554972490e6d47834fae0280d5a","isMergeCommit":false,"messageTitle":"Add Level-0: Rename, Greet, and Exit","messageBody":"","tags":["Level-0"],"fileTypesAndContributionMap":{"java":{"insertions":10,"deletions":6}}}]},{"date":"2023-08-27","commitResults":[{"hash":"8bc161abe29f3e61808e731985644dfe66efec76","isMergeCommit":false,"messageTitle":"Add Level-1: Echo","messageBody":"","tags":["Level-1"],"fileTypesAndContributionMap":{"java":{"insertions":34,"deletions":4}}},{"hash":"15dc1a919aa1aaf2344a66ea7c0cc7400097be31","isMergeCommit":false,"messageTitle":"Add Level-1: Echo","messageBody":"","fileTypesAndContributionMap":{"java":{"insertions":1,"deletions":2}}},{"hash":"a0c0bcdf1cc7bbf16a86cc35837c26ed9f4e7ed4","isMergeCommit":false,"messageTitle":"Add Level-2: Add, List","messageBody":"","tags":["Level-2"],"fileTypesAndContributionMap":{"java":{"insertions":28,"deletions":6}}},{"hash":"acb7a3d414e33e4ff3a1d7badae1d34f1b4e1880","isMergeCommit":false,"messageTitle":"Add Level-3: Mark as Done","messageBody":"","tags":["Level-3"],"fileTypesAndContributionMap":{"java":{"insertions":60,"deletions":3}}},{"hash":"0a2578d83063fa0dfc44724be5b8e38500f26452","isMergeCommit":false,"messageTitle":"Add A-CodingStandard: Follow the Coding Standard","messageBody":"","tags":["A-CodingStandard"],"fileTypesAndContributionMap":{"java":{"insertions":12,"deletions":17}}}]},{"date":"2023-09-02","commitResults":[{"hash":"8935f069bca1c8847f5ec1b75f9de8df00c64672","isMergeCommit":false,"messageTitle":"Add Level-4: ToDo, Event, Deadline and A-Inheritance","messageBody":"","tags":["Level-4","A-Inheritance"],"fileTypesAndContributionMap":{"java":{"insertions":141,"deletions":36}}}]},{"date":"2023-09-05","commitResults":[{"hash":"1ea76a02727bb756a742ce7f1d7ef9572fd4ee8b","isMergeCommit":false,"messageTitle":"Rename Duke.java and edit for A-CodeQuality: Improve Code Quality","messageBody":"Magpie.java: extract a method markTask\n\nMarking and unmarking share some common code behaviors\n\nHence, new method \"markTask\" was created to improve code quality\n\nruntest.bat,EXPECTED.TXT, input.txt were edited to implement\nAutomated Text UI testing\n","tags":["A-TextUiTesting","A-CodeQuality"],"fileTypesAndContributionMap":{"txt":{"insertions":14,"deletions":0},"java":{"insertions":42,"deletions":49},"bat":{"insertions":1,"deletions":1}}}]},{"date":"2023-09-09","commitResults":[{"hash":"939d2034e05adabb16af3271f70946e667e38c07","isMergeCommit":false,"messageTitle":"Add classes for input and task handling and edit for error handling","messageBody":"Created classes: inputHandler, inputValidator, and taskHandler\n\nThe switch case in Magpie.java was becoming long and inefficient\n\nExtracting it into classes, as well as breaking it up into methods\nimproves readability.\n\nError handling was implemented in inputValidator and taskHandler\n","fileTypesAndContributionMap":{"java":{"insertions":242,"deletions":105}}}]},{"date":"2023-09-10","commitResults":[{"hash":"890f7b052be18909fc4a63108d900d96f27af56e","isMergeCommit":true,"messageTitle":"Merge branch \u0027branch-Level-5\u0027","messageBody":"","tags":["Level-5"],"fileTypesAndContributionMap":{}},{"hash":"11f8e75d5e025a423a0e10dc6b30f95d26138551","isMergeCommit":false,"messageTitle":"Add MagpieException for A-Exceptions and edit inputValidator","messageBody":"Validating methods in inputValidator now throws MagpieException,\nwhich will be caught and handled to print specific error messages\n","tags":["A-Exceptions"],"fileTypesAndContributionMap":{"java":{"insertions":72,"deletions":56}}}]},{"date":"2023-09-16","commitResults":[{"hash":"917a896be1dd4edcd64ad3b05c6c15ec9ceb307a","isMergeCommit":false,"messageTitle":"Sorted classes into different packages for A-Packages","messageBody":"","fileTypesAndContributionMap":{"java":{"insertions":29,"deletions":0}}},{"hash":"013bcd021c9c69ead1a70d0e87af947920a6e188","isMergeCommit":true,"messageTitle":"Merge branch \u0027branch-A-Packages\u0027","messageBody":"","tags":["A-Packages"],"fileTypesAndContributionMap":{}},{"hash":"459287f48f0c8f51445cb12c773c0b23b92b250d","isMergeCommit":false,"messageTitle":"Add Level-6: Delete and edit array to use ArrayList Collections","messageBody":"Primitive data structures like a normal array are not as flexible\nas java Collection classes\n\nHence Task Array was modified to a ArrayList data structure\n\ndeleteTask method was also added to implement Level-6\n","fileTypesAndContributionMap":{"java":{"insertions":48,"deletions":19}}},{"hash":"90fff0ace9552465fa4620cf2383f803e7455c73","isMergeCommit":false,"messageTitle":"Add fileHandler for Level-7: Save and edit for code quality","messageBody":"Tasks should be saved to the hard disk when added, deleted or\nchanged\n\nHence, lets:\n-Create a fileHandler class to handle file-related methods\n-Create a data folder for data.txt\n-Check if data.txt exists and create one if it doesn\u0027t exist\n-Update file whenever task is modified by calling fileHandler\nmethods in taskHandler\n\nFeedback from peers was taken into account and various method names\nwere edited for code quality\n","fileTypesAndContributionMap":{"java":{"insertions":234,"deletions":71}}},{"hash":"eed3a4fcc5875b92624700e5921f5059b4a1c747","isMergeCommit":true,"messageTitle":"Merge branch \u0027branch-Level-6\u0027","messageBody":"","tags":["Level-6","A-Collections"],"fileTypesAndContributionMap":{}},{"hash":"c8d14851a11df9a3542b9d74e0c14b080fc428cd","isMergeCommit":true,"messageTitle":"Merge branch \u0027branch-Level-7\u0027","messageBody":"","tags":["Level-7"],"fileTypesAndContributionMap":{}},{"hash":"61e23ca82aa6d4e7c223c3db70666086b42da5d8","isMergeCommit":false,"messageTitle":"Update fileHandler to create directory path if it does not exist","messageBody":"Previously the path was absolute and would lead to errors\n\nHence fileHandler was edited to prevent errors were the path does\nnot exist\n\nMinor updates were made to method names to adhere to coding\nstandards\n","tags":["A-Jar"],"fileTypesAndContributionMap":{"java":{"insertions":29,"deletions":19}}}]},{"date":"2023-09-22","commitResults":[{"hash":"6e9a7453081fb248f740f0f19d07dddb58d6ef95","isMergeCommit":false,"messageTitle":"Refactor code to extract classes for A-MoreOOP","messageBody":"Rename inputHandler, fileHandler, and taskHandler to Parser,\nStorage, and TaskList respectively to reflect naming given in\nA-MoreOOP\n\nExtracted user interaction code into new Ui class\n","tags":["A-MoreOOP"],"fileTypesAndContributionMap":{"java":{"insertions":128,"deletions":91}}}]}]},"authorFileTypeContributionMap":{"yingx9":{"java":634,"md":0,"fxml":0,"sh":0,"bat":1,"gradle":0,"txt":14}},"authorContributionVariance":{"yingx9":10702.088},"authorDisplayNameMap":{"yingx9":"CS2113T-W11-1 LOKE.. XIA"}}
