{"authorDailyContributionsMap":{"James-Hong-Jey":[{"date":"2023-08-23","commitResults":[{"hash":"89f82bab77c2840b5a72629d4b3a419c80158c6c","isMergeCommit":false,"messageTitle":"Change to Frank","messageBody":"","tags":["Level-0"],"fileTypesAndContributionMap":{"java":{"insertions":26,"deletions":10}}}]},{"date":"2023-08-29","commitResults":[{"hash":"f96d04ccf1f0afdbb5a15f6aed148cb5afc0541e","isMergeCommit":false,"messageTitle":"Add Echo functionality","messageBody":"","tags":["Level-1"],"fileTypesAndContributionMap":{"java":{"insertions":13,"deletions":1}}},{"hash":"09e26d175011e1ee170dd01aac66a8aa788e8a2a","isMergeCommit":false,"messageTitle":"Add TodoList class, printTodos and addTodo methods","messageBody":"","fileTypesAndContributionMap":{"java":{"insertions":47,"deletions":20}}},{"hash":"65f2f7a0ced43bc63a4babf56135cbdc2282729e","isMergeCommit":false,"messageTitle":"Fix text block issue","messageBody":"","tags":["Level-2"],"fileTypesAndContributionMap":{"java":{"insertions":17,"deletions":17}}},{"hash":"8f5f36b5ba4d9d1a063fe231bc4f77a7eb4ba9d9","isMergeCommit":false,"messageTitle":"Add Todo class, mark \u0026 unmark functionality","messageBody":"","tags":["Level-3"],"fileTypesAndContributionMap":{"java":{"insertions":44,"deletions":8}}}]}]},"authorFileTypeContributionMap":{"James-Hong-Jey":{"java":101,"md":0,"fxml":0,"sh":0,"bat":0,"gradle":0,"txt":0}},"authorContributionVariance":{"James-Hong-Jey":2145.9094},"authorDisplayNameMap":{"James-Hong-Jey":"JAME.. JEY"}}
