{"authorDailyContributionsMap":{"spinoandraptos":[{"date":"2023-08-21","commitResults":[{"hash":"decb2cd760fe3160bb3e0e093a6cbf4a16cfa61c","isMergeCommit":false,"messageTitle":"First commit - week 2","messageBody":"","tags":["Level-0"],"fileTypesAndContributionMap":{"java":{"insertions":17,"deletions":6}}}]},{"date":"2023-08-27","commitResults":[{"hash":"ef2b6c6bd5b7fd871f9cb070da0852f79568867d","isMergeCommit":false,"messageTitle":"Week 3 Level 1","messageBody":"","tags":["Level-1"],"fileTypesAndContributionMap":{"java":{"insertions":32,"deletions":14}}},{"hash":"89aba5c9df3d2cad17e2d28a0b8c992e6374618c","isMergeCommit":false,"messageTitle":"Week 3 Level 2","messageBody":"","tags":["Level-2"],"fileTypesAndContributionMap":{"java":{"insertions":38,"deletions":3}}},{"hash":"555f4a9f566814e9c3b320e79a4ca1daca41e83b","isMergeCommit":false,"messageTitle":"Week 3 Level 3","messageBody":"","tags":["Level-3","A-CodingStandard"],"fileTypesAndContributionMap":{"java":{"insertions":93,"deletions":25}}}]},{"date":"2023-09-01","commitResults":[{"hash":"982bd46a15c81197b7dba80ae13fc6ad6e204f10","isMergeCommit":false,"messageTitle":"Week 4 - Level 4","messageBody":"","fileTypesAndContributionMap":{"java":{"insertions":6,"deletions":0}}},{"hash":"e8da50cdab48a60c1f744d9acc7cf780577bd2c3","isMergeCommit":false,"messageTitle":"Week 4 - Level 4","messageBody":"","fileTypesAndContributionMap":{"java":{"insertions":149,"deletions":24}}},{"hash":"c43bf418bb8e4f85ab8c0252f84b92226fb6cc00","isMergeCommit":false,"messageTitle":"Updated week 4 - level 4","messageBody":"","tags":["Level-4","A-CodeQuality"],"fileTypesAndContributionMap":{"java":{"insertions":4,"deletions":4}}}]},{"date":"2023-09-09","commitResults":[{"hash":"305038d563f17662cffdc43645689f35c64547ea","isMergeCommit":false,"messageTitle":"fixed index display issues","messageBody":"","fileTypesAndContributionMap":{"java":{"insertions":17,"deletions":17}}},{"hash":"fa69bae1548530aa87f0a29b6217c52b6aa381ca","isMergeCommit":false,"messageTitle":"Added error handling for tasklist methods","messageBody":"","fileTypesAndContributionMap":{"java":{"insertions":162,"deletions":29}}},{"hash":"20f094e6d04f875f2e28b42fd3c8915d3d5572e0","isMergeCommit":false,"messageTitle":"Added error handling for MessageDisplay methods","messageBody":"","fileTypesAndContributionMap":{"java":{"insertions":50,"deletions":44}}},{"hash":"051576f6002ba6e0f0a07e282e531b469bc06773","isMergeCommit":false,"messageTitle":"Revert \"Added error handling for MessageDisplay methods\"","messageBody":"This reverts commit 20f094e6d04f875f2e28b42fd3c8915d3d5572e0.\n","fileTypesAndContributionMap":{"java":{"insertions":44,"deletions":50}}},{"hash":"cb165b67051b67edb3604c12d4d6d5a5ec649afc","isMergeCommit":false,"messageTitle":"Revert \"Added error handling for tasklist methods\"","messageBody":"This reverts commit fa69bae1548530aa87f0a29b6217c52b6aa381ca.\n","fileTypesAndContributionMap":{"java":{"insertions":29,"deletions":162}}},{"hash":"52c5dba6e415792d5600545d66974059492dc26c","isMergeCommit":false,"messageTitle":"Added error handling forr TaskList methods","messageBody":"","fileTypesAndContributionMap":{"java":{"insertions":162,"deletions":28}}},{"hash":"ff5fec5f7f5110a2fe841cf316b3032aa979c4fe","isMergeCommit":false,"messageTitle":"Added error handling for MessageDisplay methods","messageBody":"","fileTypesAndContributionMap":{"java":{"insertions":51,"deletions":44}}},{"hash":"d3e10c399bcf877a3cdfd4eb2e7c00c2f47235bc","isMergeCommit":true,"messageTitle":"Merge branch \u0027master\u0027 into branch-Level-5","messageBody":"# Conflicts:\n#\tsrc/main/java/MessageDisplay.java\n#\tsrc/main/java/TaskList.java\n","fileTypesAndContributionMap":{}},{"hash":"92b490b3824a3618b60df24045e95fa8208002da","isMergeCommit":true,"messageTitle":"Merge branch \u0027master\u0027 into branch-Level-5","messageBody":"# Conflicts:\n#\tsrc/main/java/MessageDisplay.java\n#\tsrc/main/java/TaskList.java\n","fileTypesAndContributionMap":{}},{"hash":"ffaedc281a068bfbb40e51bdf05c4d75a873abdb","isMergeCommit":true,"messageTitle":"Merge branch \u0027branch-Level-5\u0027 of https://github.com/spinoandraptos/ip into branch-Level-5","messageBody":"","fileTypesAndContributionMap":{}},{"hash":"98b4b2b1ff63486b6eceff3bffcd11aa86c482ba","isMergeCommit":false,"messageTitle":"Added error handling for Tasklist methods","messageBody":"","fileTypesAndContributionMap":{"java":{"insertions":170,"deletions":36}}},{"hash":"e309a3c906fde6c20026945d209638a94308cb75","isMergeCommit":false,"messageTitle":"Added error handling for MessageDisplay methods","messageBody":"","fileTypesAndContributionMap":{"java":{"insertions":65,"deletions":44}}},{"hash":"7e2a087ca0acad79aeb2c7282c4713319f42a8b1","isMergeCommit":true,"messageTitle":"Merge branch \u0027branch-Level-5\u0027","messageBody":"","tags":["Level-5","A-Exceptions"],"fileTypesAndContributionMap":{}},{"hash":"f825442963266a6e62384d700cee4e141b4a9406","isMergeCommit":false,"messageTitle":"Added all classes to packages","messageBody":"","fileTypesAndContributionMap":{"java":{"insertions":17,"deletions":2}}},{"hash":"2b3f2478b60fd1e202547f6eafc9a649f72f0865","isMergeCommit":true,"messageTitle":"Merge branch \u0027branch-A-Packages\u0027","messageBody":"","tags":["A-Packages"],"fileTypesAndContributionMap":{}}]},{"date":"2023-09-16","commitResults":[{"hash":"e2184640e9a9eb01fadb50595a3f755e449aa986","isMergeCommit":false,"messageTitle":"Used Java ArrayList collection for tasklist","messageBody":"","tags":["A-Collections"],"fileTypesAndContributionMap":{"java":{"insertions":30,"deletions":32}}},{"hash":"5a348667f133191b913d32b61475db73a03e4157","isMergeCommit":false,"messageTitle":"Added delete feature","messageBody":"","fileTypesAndContributionMap":{"java":{"insertions":90,"deletions":24}}},{"hash":"f35bb099c59964072092484430bc3a59dfa7c7b1","isMergeCommit":false,"messageTitle":"Enabled saving to hard disk","messageBody":"","fileTypesAndContributionMap":{"txt":{"insertions":4,"deletions":0},"java":{"insertions":191,"deletions":60}}},{"hash":"be25002066fce2ae67bc66640b924d4a4402ec73","isMergeCommit":true,"messageTitle":"Merge branch \u0027branch-Level-6\u0027","messageBody":"","tags":["Level-6"],"fileTypesAndContributionMap":{}},{"hash":"7436962994e014e54c8c6de5472ead77d7cf25d0","isMergeCommit":true,"messageTitle":"Merge branch \u0027branch-Level-7\u0027","messageBody":"# Conflicts:\n#\tsrc/main/java/rene/tasklist/TaskList.java\n","tags":["Level-7"],"fileTypesAndContributionMap":{}},{"hash":"3d210363dd12abe8fc7716801fa92f1eb9c39eb9","isMergeCommit":false,"messageTitle":"Packaged as JAR file","messageBody":"","tags":["A-Jar"],"fileTypesAndContributionMap":{"txt":{"insertions":4,"deletions":0},"java":{"insertions":14,"deletions":12}}}]},{"date":"2023-09-26","commitResults":[{"hash":"adcd871af717bfff747b4bba177b52430d324b96","isMergeCommit":false,"messageTitle":"A-MoreOOP","messageBody":"","tags":["A-MoreOOP"],"fileTypesAndContributionMap":{"txt":{"insertions":4,"deletions":1},"java":{"insertions":474,"deletions":310}}},{"hash":"daab191aa3281fbba50ada703e086636d71ab961","isMergeCommit":false,"messageTitle":"DateTime","messageBody":"","fileTypesAndContributionMap":{"txt":{"insertions":5,"deletions":10},"java":{"insertions":98,"deletions":38}}},{"hash":"8b24aca228677edaf9f89538ae23804cc7e69efb","isMergeCommit":true,"messageTitle":"Merge pull request #1 from spinoandraptos/branch-Level-8","messageBody":"DateTime Addition PR","tags":["Level-8"],"fileTypesAndContributionMap":{}}]}]},"authorFileTypeContributionMap":{"spinoandraptos":{"java":863,"md":0,"fxml":0,"sh":0,"bat":0,"gradle":0,"txt":6}},"authorContributionVariance":{"spinoandraptos":60962.145},"authorDisplayNameMap":{"spinoandraptos":"CS2113-W12-1 MAN ..HENG"}}
