[{"path":"src/main/java/Deadline.java","fileType":"java","lines":[{"lineNumber":1,"author":{"gitId":"ken-ruster"},"content":"public class Deadline extends Task {","lastModifiedDate":"2023-09-05"},{"lineNumber":2,"author":{"gitId":"ken-ruster"},"content":"    protected String by;","lastModifiedDate":"2023-09-05"},{"lineNumber":3,"author":{"gitId":"ken-ruster"},"content":"    public Deadline(String name, String by){","lastModifiedDate":"2023-09-05"},{"lineNumber":4,"author":{"gitId":"ken-ruster"},"content":"        super(name);","lastModifiedDate":"2023-09-05"},{"lineNumber":5,"author":{"gitId":"ken-ruster"},"content":"        this.by \u003d by;","lastModifiedDate":"2023-09-05"},{"lineNumber":6,"author":{"gitId":"ken-ruster"},"content":"    }","lastModifiedDate":"2023-09-05"},{"lineNumber":7,"author":{"gitId":"ken-ruster"},"content":"","lastModifiedDate":"2023-09-06"},{"lineNumber":8,"author":{"gitId":"ken-ruster"},"content":"    @Override","lastModifiedDate":"2023-09-06"},{"lineNumber":9,"author":{"gitId":"ken-ruster"},"content":"    public String toString(){","lastModifiedDate":"2023-09-06"},{"lineNumber":10,"author":{"gitId":"ken-ruster"},"content":"        String out \u003d \"[D][\"","lastModifiedDate":"2023-09-06"},{"lineNumber":11,"author":{"gitId":"ken-ruster"},"content":"                + (done ? \"X\" : \" \")","lastModifiedDate":"2023-09-06"},{"lineNumber":12,"author":{"gitId":"ken-ruster"},"content":"                + \"] \" + super.name","lastModifiedDate":"2023-09-06"},{"lineNumber":13,"author":{"gitId":"ken-ruster"},"content":"                + \" (by: \" + by + \")\";","lastModifiedDate":"2023-09-06"},{"lineNumber":14,"author":{"gitId":"ken-ruster"},"content":"        return out;","lastModifiedDate":"2023-09-06"},{"lineNumber":15,"author":{"gitId":"ken-ruster"},"content":"    }","lastModifiedDate":"2023-09-06"},{"lineNumber":16,"author":{"gitId":"ken-ruster"},"content":"}","lastModifiedDate":"2023-09-05"}],"authorContributionMap":{"ken-ruster":16}},{"path":"src/main/java/Duke.java","fileType":"java","lines":[{"lineNumber":1,"author":{"gitId":"ken-ruster"},"content":"import java.util.Scanner;","lastModifiedDate":"2023-08-29"},{"lineNumber":2,"author":{"gitId":"ken-ruster"},"content":"","lastModifiedDate":"2023-08-29"},{"lineNumber":3,"author":{"gitId":"-"},"content":"public class Duke {","lastModifiedDate":"2019-07-29"},{"lineNumber":4,"author":{"gitId":"ken-ruster"},"content":"","lastModifiedDate":"2023-08-29"},{"lineNumber":5,"author":{"gitId":"ken-ruster"},"content":"    public static final String LINE_DIVIDER \u003d \"    _____________________________________\";","lastModifiedDate":"2023-09-07"},{"lineNumber":6,"author":{"gitId":"ken-ruster"},"content":"","lastModifiedDate":"2023-08-29"},{"lineNumber":7,"author":{"gitId":"ken-ruster"},"content":"    public static String RemoveCommandWord(String in) {","lastModifiedDate":"2023-09-07"},{"lineNumber":8,"author":{"gitId":"ken-ruster"},"content":"        int firstSpaceIndex \u003d in.indexOf(\" \") + 1;","lastModifiedDate":"2023-09-06"},{"lineNumber":9,"author":{"gitId":"ken-ruster"},"content":"","lastModifiedDate":"2023-09-06"},{"lineNumber":10,"author":{"gitId":"ken-ruster"},"content":"        return in.substring(firstSpaceIndex);","lastModifiedDate":"2023-09-06"},{"lineNumber":11,"author":{"gitId":"ken-ruster"},"content":"    }","lastModifiedDate":"2023-09-06"},{"lineNumber":12,"author":{"gitId":"ken-ruster"},"content":"","lastModifiedDate":"2023-09-06"},{"lineNumber":13,"author":{"gitId":"ken-ruster"},"content":"    public static void addItem(String in, Task[] itemList, int i) {","lastModifiedDate":"2023-08-29"},{"lineNumber":14,"author":{"gitId":"ken-ruster"},"content":"        itemList[i] \u003d new Task(in);","lastModifiedDate":"2023-08-29"},{"lineNumber":15,"author":{"gitId":"ken-ruster"},"content":"","lastModifiedDate":"2023-08-29"},{"lineNumber":16,"author":{"gitId":"ken-ruster"},"content":"        System.out.println(LINE_DIVIDER + \"\\n\"","lastModifiedDate":"2023-09-01"},{"lineNumber":17,"author":{"gitId":"ken-ruster"},"content":"        + \"added:\\n\" + itemList[i].toString()","lastModifiedDate":"2023-09-06"},{"lineNumber":18,"author":{"gitId":"ken-ruster"},"content":"        + \"\\n\" + LINE_DIVIDER);","lastModifiedDate":"2023-09-01"},{"lineNumber":19,"author":{"gitId":"ken-ruster"},"content":"    }","lastModifiedDate":"2023-08-29"},{"lineNumber":20,"author":{"gitId":"ken-ruster"},"content":"","lastModifiedDate":"2023-08-29"},{"lineNumber":21,"author":{"gitId":"ken-ruster"},"content":"    public static void addTodo(String in, Task[] itemList, int i) {","lastModifiedDate":"2023-09-05"},{"lineNumber":22,"author":{"gitId":"ken-ruster"},"content":"        itemList[i] \u003d new ToDo(RemoveCommandWord(in));","lastModifiedDate":"2023-09-07"},{"lineNumber":23,"author":{"gitId":"ken-ruster"},"content":"","lastModifiedDate":"2023-09-05"},{"lineNumber":24,"author":{"gitId":"ken-ruster"},"content":"        System.out.println(LINE_DIVIDER + \"\\n\"","lastModifiedDate":"2023-09-05"},{"lineNumber":25,"author":{"gitId":"ken-ruster"},"content":"                + \"Sure, I\u0027ve added this task:\\n\"","lastModifiedDate":"2023-09-06"},{"lineNumber":26,"author":{"gitId":"ken-ruster"},"content":"                + \"    \" + itemList[i].toString()","lastModifiedDate":"2023-09-06"},{"lineNumber":27,"author":{"gitId":"ken-ruster"},"content":"                + \"\\n\" + LINE_DIVIDER);","lastModifiedDate":"2023-09-05"},{"lineNumber":28,"author":{"gitId":"ken-ruster"},"content":"    }","lastModifiedDate":"2023-09-05"},{"lineNumber":29,"author":{"gitId":"ken-ruster"},"content":"","lastModifiedDate":"2023-09-05"},{"lineNumber":30,"author":{"gitId":"ken-ruster"},"content":"    public static void addEvent(String in, Task[] itemList, int i) {","lastModifiedDate":"2023-09-05"},{"lineNumber":31,"author":{"gitId":"ken-ruster"},"content":"        String[] vals \u003d in.split(\" /\");","lastModifiedDate":"2023-09-05"},{"lineNumber":32,"author":{"gitId":"ken-ruster"},"content":"        String name \u003d RemoveCommandWord(vals[0]);","lastModifiedDate":"2023-09-07"},{"lineNumber":33,"author":{"gitId":"ken-ruster"},"content":"        String from \u003d RemoveCommandWord(vals[1]);","lastModifiedDate":"2023-09-07"},{"lineNumber":34,"author":{"gitId":"ken-ruster"},"content":"        String to \u003d RemoveCommandWord(vals[2]);","lastModifiedDate":"2023-09-07"},{"lineNumber":35,"author":{"gitId":"ken-ruster"},"content":"","lastModifiedDate":"2023-09-05"},{"lineNumber":36,"author":{"gitId":"ken-ruster"},"content":"        itemList[i] \u003d new Event(name, from, to);","lastModifiedDate":"2023-09-05"},{"lineNumber":37,"author":{"gitId":"ken-ruster"},"content":"","lastModifiedDate":"2023-09-05"},{"lineNumber":38,"author":{"gitId":"ken-ruster"},"content":"        System.out.println(LINE_DIVIDER + \"\\n\"","lastModifiedDate":"2023-09-05"},{"lineNumber":39,"author":{"gitId":"ken-ruster"},"content":"                + \"Sure, I\u0027ve added this task:\\n\"","lastModifiedDate":"2023-09-06"},{"lineNumber":40,"author":{"gitId":"ken-ruster"},"content":"                + \"    \" + itemList[i].toString()","lastModifiedDate":"2023-09-06"},{"lineNumber":41,"author":{"gitId":"ken-ruster"},"content":"                + \"\\n\" + LINE_DIVIDER);","lastModifiedDate":"2023-09-05"},{"lineNumber":42,"author":{"gitId":"ken-ruster"},"content":"    }","lastModifiedDate":"2023-09-05"},{"lineNumber":43,"author":{"gitId":"ken-ruster"},"content":"","lastModifiedDate":"2023-09-05"},{"lineNumber":44,"author":{"gitId":"ken-ruster"},"content":"    public static void addDeadline(String in, Task[] itemList, int i) {","lastModifiedDate":"2023-09-05"},{"lineNumber":45,"author":{"gitId":"ken-ruster"},"content":"        String[] vals \u003d in.split(\" /\");","lastModifiedDate":"2023-09-05"},{"lineNumber":46,"author":{"gitId":"ken-ruster"},"content":"        String name \u003d RemoveCommandWord(vals[0]);","lastModifiedDate":"2023-09-07"},{"lineNumber":47,"author":{"gitId":"ken-ruster"},"content":"        String by \u003d RemoveCommandWord(vals[1]);","lastModifiedDate":"2023-09-07"},{"lineNumber":48,"author":{"gitId":"ken-ruster"},"content":"","lastModifiedDate":"2023-09-05"},{"lineNumber":49,"author":{"gitId":"ken-ruster"},"content":"        itemList[i] \u003d new Deadline(name, by);","lastModifiedDate":"2023-09-05"},{"lineNumber":50,"author":{"gitId":"ken-ruster"},"content":"","lastModifiedDate":"2023-09-05"},{"lineNumber":51,"author":{"gitId":"ken-ruster"},"content":"        System.out.println(LINE_DIVIDER + \"\\n\"","lastModifiedDate":"2023-09-05"},{"lineNumber":52,"author":{"gitId":"ken-ruster"},"content":"                + \"Sure, I\u0027ve added this task:\\n\"","lastModifiedDate":"2023-09-06"},{"lineNumber":53,"author":{"gitId":"ken-ruster"},"content":"                + \"    \" + itemList[i].toString()","lastModifiedDate":"2023-09-06"},{"lineNumber":54,"author":{"gitId":"ken-ruster"},"content":"                + \"\\n\" + LINE_DIVIDER);","lastModifiedDate":"2023-09-05"},{"lineNumber":55,"author":{"gitId":"ken-ruster"},"content":"    }","lastModifiedDate":"2023-09-05"},{"lineNumber":56,"author":{"gitId":"ken-ruster"},"content":"","lastModifiedDate":"2023-09-05"},{"lineNumber":57,"author":{"gitId":"ken-ruster"},"content":"    public static void markTask(Task[] itemList, int i) {","lastModifiedDate":"2023-08-29"},{"lineNumber":58,"author":{"gitId":"ken-ruster"},"content":"        itemList[i - 1].setDone(true);","lastModifiedDate":"2023-08-29"},{"lineNumber":59,"author":{"gitId":"ken-ruster"},"content":"","lastModifiedDate":"2023-08-29"},{"lineNumber":60,"author":{"gitId":"ken-ruster"},"content":"        System.out.println(LINE_DIVIDER + \"\\n\"","lastModifiedDate":"2023-09-01"},{"lineNumber":61,"author":{"gitId":"ken-ruster"},"content":"                + \"Nice, I\u0027ve marked this task as done:\\n\"","lastModifiedDate":"2023-08-29"},{"lineNumber":62,"author":{"gitId":"ken-ruster"},"content":"                + \"    \" + itemList[i - 1].toString() + \"\\n\"","lastModifiedDate":"2023-09-06"},{"lineNumber":63,"author":{"gitId":"ken-ruster"},"content":"                + LINE_DIVIDER);","lastModifiedDate":"2023-09-01"},{"lineNumber":64,"author":{"gitId":"ken-ruster"},"content":"    }","lastModifiedDate":"2023-08-29"},{"lineNumber":65,"author":{"gitId":"ken-ruster"},"content":"","lastModifiedDate":"2023-08-29"},{"lineNumber":66,"author":{"gitId":"ken-ruster"},"content":"    public static void unmarkTask(Task[] itemList, int i) {","lastModifiedDate":"2023-08-29"},{"lineNumber":67,"author":{"gitId":"ken-ruster"},"content":"        itemList[i - 1].setDone(false);","lastModifiedDate":"2023-08-29"},{"lineNumber":68,"author":{"gitId":"ken-ruster"},"content":"","lastModifiedDate":"2023-08-29"},{"lineNumber":69,"author":{"gitId":"ken-ruster"},"content":"        System.out.println(LINE_DIVIDER + \"\\n\"","lastModifiedDate":"2023-09-01"},{"lineNumber":70,"author":{"gitId":"ken-ruster"},"content":"                + \"Alright, I\u0027ve unmarked this task as done:\\n\"","lastModifiedDate":"2023-09-01"},{"lineNumber":71,"author":{"gitId":"ken-ruster"},"content":"                + \"    \" + itemList[i - 1].toString() + \"\\n\"","lastModifiedDate":"2023-09-06"},{"lineNumber":72,"author":{"gitId":"ken-ruster"},"content":"                + LINE_DIVIDER);","lastModifiedDate":"2023-09-01"},{"lineNumber":73,"author":{"gitId":"ken-ruster"},"content":"    }","lastModifiedDate":"2023-08-29"},{"lineNumber":74,"author":{"gitId":"ken-ruster"},"content":"","lastModifiedDate":"2023-08-29"},{"lineNumber":75,"author":{"gitId":"ken-ruster"},"content":"    public static void listItems(Task[] itemList, int i) {","lastModifiedDate":"2023-08-29"},{"lineNumber":76,"author":{"gitId":"ken-ruster"},"content":"        System.out.println(LINE_DIVIDER);","lastModifiedDate":"2023-09-01"},{"lineNumber":77,"author":{"gitId":"ken-ruster"},"content":"        for(int j \u003d 0; j \u003c i; j +\u003d 1) {","lastModifiedDate":"2023-08-29"},{"lineNumber":78,"author":{"gitId":"ken-ruster"},"content":"            System.out.println((j + 1)","lastModifiedDate":"2023-08-29"},{"lineNumber":79,"author":{"gitId":"ken-ruster"},"content":"                    + \". \" + itemList[j].toString());","lastModifiedDate":"2023-09-06"},{"lineNumber":80,"author":{"gitId":"ken-ruster"},"content":"        }","lastModifiedDate":"2023-08-29"},{"lineNumber":81,"author":{"gitId":"ken-ruster"},"content":"        System.out.println(LINE_DIVIDER);","lastModifiedDate":"2023-09-01"},{"lineNumber":82,"author":{"gitId":"ken-ruster"},"content":"    }","lastModifiedDate":"2023-08-29"},{"lineNumber":83,"author":{"gitId":"-"},"content":"    public static void main(String[] args) {","lastModifiedDate":"2019-07-29"},{"lineNumber":84,"author":{"gitId":"ken-ruster"},"content":"","lastModifiedDate":"2023-08-29"},{"lineNumber":85,"author":{"gitId":"ken-ruster"},"content":"        System.out.println(\"Hello! I\u0027m Axel!\\n\"","lastModifiedDate":"2023-08-22"},{"lineNumber":86,"author":{"gitId":"ken-ruster"},"content":"                + \"What can I do for you?\\n\"","lastModifiedDate":"2023-08-22"},{"lineNumber":87,"author":{"gitId":"ken-ruster"},"content":"                + LINE_DIVIDER);","lastModifiedDate":"2023-09-01"},{"lineNumber":88,"author":{"gitId":"ken-ruster"},"content":"","lastModifiedDate":"2023-08-29"},{"lineNumber":89,"author":{"gitId":"ken-ruster"},"content":"        Scanner in \u003d new Scanner(System.in);","lastModifiedDate":"2023-08-29"},{"lineNumber":90,"author":{"gitId":"ken-ruster"},"content":"        String buf \u003d in.nextLine();","lastModifiedDate":"2023-08-29"},{"lineNumber":91,"author":{"gitId":"ken-ruster"},"content":"        Task[] itemList \u003d new Task[100];","lastModifiedDate":"2023-08-29"},{"lineNumber":92,"author":{"gitId":"ken-ruster"},"content":"        int i \u003d 0; // current index in itemList","lastModifiedDate":"2023-08-29"},{"lineNumber":93,"author":{"gitId":"ken-ruster"},"content":"","lastModifiedDate":"2023-08-29"},{"lineNumber":94,"author":{"gitId":"ken-ruster"},"content":"        while(!buf.equalsIgnoreCase(\"bye\")){","lastModifiedDate":"2023-08-29"},{"lineNumber":95,"author":{"gitId":"ken-ruster"},"content":"            switch(buf.toLowerCase().split(\" \")[0]) {","lastModifiedDate":"2023-08-29"},{"lineNumber":96,"author":{"gitId":"ken-ruster"},"content":"","lastModifiedDate":"2023-08-29"},{"lineNumber":97,"author":{"gitId":"ken-ruster"},"content":"            case \"list\":","lastModifiedDate":"2023-08-29"},{"lineNumber":98,"author":{"gitId":"ken-ruster"},"content":"                listItems(itemList, i);","lastModifiedDate":"2023-08-29"},{"lineNumber":99,"author":{"gitId":"ken-ruster"},"content":"                break;","lastModifiedDate":"2023-08-29"},{"lineNumber":100,"author":{"gitId":"ken-ruster"},"content":"","lastModifiedDate":"2023-08-29"},{"lineNumber":101,"author":{"gitId":"ken-ruster"},"content":"            case \"mark\":","lastModifiedDate":"2023-08-29"},{"lineNumber":102,"author":{"gitId":"ken-ruster"},"content":"                markTask(itemList,","lastModifiedDate":"2023-08-29"},{"lineNumber":103,"author":{"gitId":"ken-ruster"},"content":"                        Integer.parseInt(buf.split(\" \")[1]));","lastModifiedDate":"2023-08-29"},{"lineNumber":104,"author":{"gitId":"ken-ruster"},"content":"                break;","lastModifiedDate":"2023-08-29"},{"lineNumber":105,"author":{"gitId":"ken-ruster"},"content":"","lastModifiedDate":"2023-08-29"},{"lineNumber":106,"author":{"gitId":"ken-ruster"},"content":"            case \"unmark\":","lastModifiedDate":"2023-08-29"},{"lineNumber":107,"author":{"gitId":"ken-ruster"},"content":"                unmarkTask(itemList,","lastModifiedDate":"2023-08-29"},{"lineNumber":108,"author":{"gitId":"ken-ruster"},"content":"                        Integer.parseInt(buf.split(\" \")[1]));","lastModifiedDate":"2023-08-29"},{"lineNumber":109,"author":{"gitId":"ken-ruster"},"content":"                break;","lastModifiedDate":"2023-08-29"},{"lineNumber":110,"author":{"gitId":"ken-ruster"},"content":"","lastModifiedDate":"2023-08-29"},{"lineNumber":111,"author":{"gitId":"ken-ruster"},"content":"            case \"todo\":","lastModifiedDate":"2023-09-05"},{"lineNumber":112,"author":{"gitId":"ken-ruster"},"content":"                addTodo(buf, itemList, i);","lastModifiedDate":"2023-09-05"},{"lineNumber":113,"author":{"gitId":"ken-ruster"},"content":"                i +\u003d 1;","lastModifiedDate":"2023-09-05"},{"lineNumber":114,"author":{"gitId":"ken-ruster"},"content":"                break;","lastModifiedDate":"2023-09-05"},{"lineNumber":115,"author":{"gitId":"ken-ruster"},"content":"","lastModifiedDate":"2023-09-05"},{"lineNumber":116,"author":{"gitId":"ken-ruster"},"content":"            case \"deadline\":","lastModifiedDate":"2023-09-05"},{"lineNumber":117,"author":{"gitId":"ken-ruster"},"content":"                addDeadline(buf, itemList, i);","lastModifiedDate":"2023-09-05"},{"lineNumber":118,"author":{"gitId":"ken-ruster"},"content":"                i +\u003d 1;","lastModifiedDate":"2023-09-05"},{"lineNumber":119,"author":{"gitId":"ken-ruster"},"content":"                break;","lastModifiedDate":"2023-09-05"},{"lineNumber":120,"author":{"gitId":"ken-ruster"},"content":"","lastModifiedDate":"2023-09-05"},{"lineNumber":121,"author":{"gitId":"ken-ruster"},"content":"            case \"event\":","lastModifiedDate":"2023-09-05"},{"lineNumber":122,"author":{"gitId":"ken-ruster"},"content":"                addEvent(buf, itemList, i);","lastModifiedDate":"2023-09-05"},{"lineNumber":123,"author":{"gitId":"ken-ruster"},"content":"                i +\u003d 1;","lastModifiedDate":"2023-09-05"},{"lineNumber":124,"author":{"gitId":"ken-ruster"},"content":"                break;","lastModifiedDate":"2023-09-05"},{"lineNumber":125,"author":{"gitId":"ken-ruster"},"content":"","lastModifiedDate":"2023-09-05"},{"lineNumber":126,"author":{"gitId":"ken-ruster"},"content":"            default:","lastModifiedDate":"2023-08-29"},{"lineNumber":127,"author":{"gitId":"ken-ruster"},"content":"                break;","lastModifiedDate":"2023-08-29"},{"lineNumber":128,"author":{"gitId":"ken-ruster"},"content":"            }","lastModifiedDate":"2023-08-29"},{"lineNumber":129,"author":{"gitId":"ken-ruster"},"content":"            buf \u003d in.nextLine();","lastModifiedDate":"2023-08-29"},{"lineNumber":130,"author":{"gitId":"ken-ruster"},"content":"        }","lastModifiedDate":"2023-08-29"},{"lineNumber":131,"author":{"gitId":"ken-ruster"},"content":"","lastModifiedDate":"2023-08-29"},{"lineNumber":132,"author":{"gitId":"ken-ruster"},"content":"        System.out.println(\"Bye. Hope to see you again soon!\\n\"","lastModifiedDate":"2023-08-29"},{"lineNumber":133,"author":{"gitId":"ken-ruster"},"content":"                + LINE_DIVIDER);","lastModifiedDate":"2023-09-01"},{"lineNumber":134,"author":{"gitId":"-"},"content":"    }","lastModifiedDate":"2019-07-29"},{"lineNumber":135,"author":{"gitId":"-"},"content":"}","lastModifiedDate":"2019-07-29"},{"lineNumber":136,"author":{"gitId":"ken-ruster"},"content":"","lastModifiedDate":"2023-08-29"}],"authorContributionMap":{"ken-ruster":132,"-":4}},{"path":"src/main/java/Event.java","fileType":"java","lines":[{"lineNumber":1,"author":{"gitId":"ken-ruster"},"content":"public class Event  extends Task {","lastModifiedDate":"2023-09-05"},{"lineNumber":2,"author":{"gitId":"ken-ruster"},"content":"    public String from;","lastModifiedDate":"2023-09-05"},{"lineNumber":3,"author":{"gitId":"ken-ruster"},"content":"    public String to;","lastModifiedDate":"2023-09-05"},{"lineNumber":4,"author":{"gitId":"ken-ruster"},"content":"","lastModifiedDate":"2023-09-05"},{"lineNumber":5,"author":{"gitId":"ken-ruster"},"content":"    public Event(String name, String from, String to){","lastModifiedDate":"2023-09-05"},{"lineNumber":6,"author":{"gitId":"ken-ruster"},"content":"        super(name);","lastModifiedDate":"2023-09-05"},{"lineNumber":7,"author":{"gitId":"ken-ruster"},"content":"        this.from \u003d from;","lastModifiedDate":"2023-09-05"},{"lineNumber":8,"author":{"gitId":"ken-ruster"},"content":"        this.to \u003d to;","lastModifiedDate":"2023-09-05"},{"lineNumber":9,"author":{"gitId":"ken-ruster"},"content":"    }","lastModifiedDate":"2023-09-05"},{"lineNumber":10,"author":{"gitId":"ken-ruster"},"content":"","lastModifiedDate":"2023-09-06"},{"lineNumber":11,"author":{"gitId":"ken-ruster"},"content":"    @Override","lastModifiedDate":"2023-09-06"},{"lineNumber":12,"author":{"gitId":"ken-ruster"},"content":"    public String toString(){","lastModifiedDate":"2023-09-06"},{"lineNumber":13,"author":{"gitId":"ken-ruster"},"content":"        String out \u003d \"[E][\"","lastModifiedDate":"2023-09-06"},{"lineNumber":14,"author":{"gitId":"ken-ruster"},"content":"                + (done ? \"X\" : \" \")","lastModifiedDate":"2023-09-06"},{"lineNumber":15,"author":{"gitId":"ken-ruster"},"content":"                + \"] \" + super.name","lastModifiedDate":"2023-09-06"},{"lineNumber":16,"author":{"gitId":"ken-ruster"},"content":"                + \" (from: \" + from","lastModifiedDate":"2023-09-06"},{"lineNumber":17,"author":{"gitId":"ken-ruster"},"content":"                + \" to: \" + to + \")\";","lastModifiedDate":"2023-09-06"},{"lineNumber":18,"author":{"gitId":"ken-ruster"},"content":"        return out;","lastModifiedDate":"2023-09-06"},{"lineNumber":19,"author":{"gitId":"ken-ruster"},"content":"    }","lastModifiedDate":"2023-09-06"},{"lineNumber":20,"author":{"gitId":"ken-ruster"},"content":"}","lastModifiedDate":"2023-09-05"}],"authorContributionMap":{"ken-ruster":20}},{"path":"src/main/java/Task.java","fileType":"java","lines":[{"lineNumber":1,"author":{"gitId":"ken-ruster"},"content":"public class Task {","lastModifiedDate":"2023-08-29"},{"lineNumber":2,"author":{"gitId":"ken-ruster"},"content":"    protected String name;","lastModifiedDate":"2023-09-06"},{"lineNumber":3,"author":{"gitId":"ken-ruster"},"content":"    protected boolean done;","lastModifiedDate":"2023-09-06"},{"lineNumber":4,"author":{"gitId":"ken-ruster"},"content":"","lastModifiedDate":"2023-08-29"},{"lineNumber":5,"author":{"gitId":"ken-ruster"},"content":"    public Task(String name){","lastModifiedDate":"2023-08-29"},{"lineNumber":6,"author":{"gitId":"ken-ruster"},"content":"        this.name \u003d name;","lastModifiedDate":"2023-08-29"},{"lineNumber":7,"author":{"gitId":"ken-ruster"},"content":"        this.done \u003d false;","lastModifiedDate":"2023-08-29"},{"lineNumber":8,"author":{"gitId":"ken-ruster"},"content":"    }","lastModifiedDate":"2023-08-29"},{"lineNumber":9,"author":{"gitId":"ken-ruster"},"content":"    public void setDone(boolean done) {","lastModifiedDate":"2023-08-29"},{"lineNumber":10,"author":{"gitId":"ken-ruster"},"content":"        this.done \u003d done;","lastModifiedDate":"2023-08-29"},{"lineNumber":11,"author":{"gitId":"ken-ruster"},"content":"    }","lastModifiedDate":"2023-08-29"},{"lineNumber":12,"author":{"gitId":"ken-ruster"},"content":"","lastModifiedDate":"2023-08-29"},{"lineNumber":13,"author":{"gitId":"ken-ruster"},"content":"    public boolean getDone(){","lastModifiedDate":"2023-08-29"},{"lineNumber":14,"author":{"gitId":"ken-ruster"},"content":"        return done;","lastModifiedDate":"2023-08-29"},{"lineNumber":15,"author":{"gitId":"ken-ruster"},"content":"    }","lastModifiedDate":"2023-08-29"},{"lineNumber":16,"author":{"gitId":"ken-ruster"},"content":"","lastModifiedDate":"2023-08-29"},{"lineNumber":17,"author":{"gitId":"ken-ruster"},"content":"    @Override","lastModifiedDate":"2023-09-06"},{"lineNumber":18,"author":{"gitId":"ken-ruster"},"content":"    public String toString(){","lastModifiedDate":"2023-09-06"},{"lineNumber":19,"author":{"gitId":"ken-ruster"},"content":"        String out \u003d \"[\"","lastModifiedDate":"2023-09-06"},{"lineNumber":20,"author":{"gitId":"ken-ruster"},"content":"                + (done ? \"X\" : \" \")","lastModifiedDate":"2023-09-06"},{"lineNumber":21,"author":{"gitId":"ken-ruster"},"content":"                + \"] \" + this.name;","lastModifiedDate":"2023-09-06"},{"lineNumber":22,"author":{"gitId":"ken-ruster"},"content":"        return out;","lastModifiedDate":"2023-09-06"},{"lineNumber":23,"author":{"gitId":"ken-ruster"},"content":"    }","lastModifiedDate":"2023-08-29"},{"lineNumber":24,"author":{"gitId":"ken-ruster"},"content":"","lastModifiedDate":"2023-09-06"},{"lineNumber":25,"author":{"gitId":"ken-ruster"},"content":"","lastModifiedDate":"2023-09-06"},{"lineNumber":26,"author":{"gitId":"ken-ruster"},"content":"}","lastModifiedDate":"2023-08-29"}],"authorContributionMap":{"ken-ruster":26}},{"path":"src/main/java/ToDo.java","fileType":"java","lines":[{"lineNumber":1,"author":{"gitId":"ken-ruster"},"content":"public class ToDo extends Task {","lastModifiedDate":"2023-09-05"},{"lineNumber":2,"author":{"gitId":"ken-ruster"},"content":"","lastModifiedDate":"2023-09-05"},{"lineNumber":3,"author":{"gitId":"ken-ruster"},"content":"    public ToDo(String name){","lastModifiedDate":"2023-09-05"},{"lineNumber":4,"author":{"gitId":"ken-ruster"},"content":"        super(name);","lastModifiedDate":"2023-09-05"},{"lineNumber":5,"author":{"gitId":"ken-ruster"},"content":"    }","lastModifiedDate":"2023-09-05"},{"lineNumber":6,"author":{"gitId":"ken-ruster"},"content":"","lastModifiedDate":"2023-09-06"},{"lineNumber":7,"author":{"gitId":"ken-ruster"},"content":"    @Override","lastModifiedDate":"2023-09-06"},{"lineNumber":8,"author":{"gitId":"ken-ruster"},"content":"    public String toString(){","lastModifiedDate":"2023-09-06"},{"lineNumber":9,"author":{"gitId":"ken-ruster"},"content":"        String out \u003d \"[T][\"","lastModifiedDate":"2023-09-06"},{"lineNumber":10,"author":{"gitId":"ken-ruster"},"content":"                + (done ? \"X\" : \" \")","lastModifiedDate":"2023-09-06"},{"lineNumber":11,"author":{"gitId":"ken-ruster"},"content":"                + \"] \" + super.name;","lastModifiedDate":"2023-09-06"},{"lineNumber":12,"author":{"gitId":"ken-ruster"},"content":"        return out;","lastModifiedDate":"2023-09-06"},{"lineNumber":13,"author":{"gitId":"ken-ruster"},"content":"    }","lastModifiedDate":"2023-09-06"},{"lineNumber":14,"author":{"gitId":"ken-ruster"},"content":"}","lastModifiedDate":"2023-09-05"}],"authorContributionMap":{"ken-ruster":14}}]
