{"authorDailyContributionsMap":{"ken-ruster":[{"date":"2023-08-29","commitResults":[{"hash":"65598b89b91f676004fcb9273e23d5a4e49383da","isMergeCommit":false,"messageTitle":"Add greet and exit functions","messageBody":"First step of customisation to differentiate the chatbot from others.\n\nGive chatbot a basic personality, and rename it to Axel.\n","tags":["Level-0"],"fileTypesAndContributionMap":{"java":{"insertions":5,"deletions":1}}},{"hash":"06d4909f97164201e34bf94b36928993647f22e0","isMergeCommit":false,"messageTitle":"Add echo function","messageBody":"","tags":["Level-1"],"fileTypesAndContributionMap":{"java":{"insertions":21,"deletions":2}}},{"hash":"2403834f4c381844537a5ed87194e1d42c679e6b","isMergeCommit":false,"messageTitle":"Replace echo function with add item and list","messageBody":"","tags":["Level-2"],"fileTypesAndContributionMap":{"java":{"insertions":32,"deletions":3}}},{"hash":"e56d71196b0f07bb6a80af8db203aed90f44606b","isMergeCommit":false,"messageTitle":"Add tasks done/not done indication","messageBody":"","fileTypesAndContributionMap":{"java":{"insertions":28,"deletions":5}}},{"hash":"f38a361de742fe0083a03f58300860a49f06fa09","isMergeCommit":false,"messageTitle":"Add task mark/unmark function","messageBody":"","tags":["Level-3"],"fileTypesAndContributionMap":{"java":{"insertions":32,"deletions":2}}}]},{"date":"2023-08-30","commitResults":[{"hash":"3ffe07cce18454d1d4066505151252880d59395e","isMergeCommit":false,"messageTitle":"Add task mark/unmark function","messageBody":"","fileTypesAndContributionMap":{"java":{"insertions":32,"deletions":4}}},{"hash":"260221357452f0e1c0dacc069bce09a3122c19ee","isMergeCommit":true,"messageTitle":"Merge remote-tracking branch \u0027origin/master\u0027","messageBody":"# Conflicts:\n#\tsrc/main/java/Duke.java\n","fileTypesAndContributionMap":{}}]},{"date":"2023-09-01","commitResults":[{"hash":"608dde6b601338f69dde5e7f6df95bdbf1546464","isMergeCommit":false,"messageTitle":"Tweak code to comply with a coding standard\\n Remove bloat code and standardise variable names","messageBody":"","tags":["A-CodingStandard"],"fileTypesAndContributionMap":{"java":{"insertions":13,"deletions":19}}}]},{"date":"2023-09-05","commitResults":[{"hash":"7915deb5c3f3dcb8f336910af53a557ae4407ee1","isMergeCommit":false,"messageTitle":"Add ToDo, Deadline and Event subclasses of Task","messageBody":"","fileTypesAndContributionMap":{"java":{"insertions":22,"deletions":0}}},{"hash":"9c5a912b6abf9d248b8bff27d8dc737733a95caf","isMergeCommit":false,"messageTitle":"Add functions to add Task subclasses to itemList","messageBody":"Fix incorrect behaviour of ToDo and Event classes\n","fileTypesAndContributionMap":{"java":{"insertions":55,"deletions":6}}}]},{"date":"2023-09-06","commitResults":[{"hash":"a08ea9ab6e4cf4e6090de190f2d876ed93c46d96","isMergeCommit":false,"messageTitle":"Change list to reflect additional information","messageBody":"Subclasses Event and Deadline contain additional time information. All tasks will also indicate their type when listed.\n","fileTypesAndContributionMap":{"java":{"insertions":59,"deletions":18}}}]},{"date":"2023-09-07","commitResults":[{"hash":"ecf9542940b86e7a84e71f2930b78884e2614267","isMergeCommit":false,"messageTitle":"Change handling of case without command word","messageBody":"","tags":["Level-4"],"fileTypesAndContributionMap":{"java":{"insertions":0,"deletions":2}}},{"hash":"12e246f81ef9c3cf79229cc9ed37d7de61697fdd","isMergeCommit":false,"messageTitle":"Adjust code to adhere to coding standards","messageBody":"","tags":["A-CodeQuality"],"fileTypesAndContributionMap":{"java":{"insertions":39,"deletions":44}}}]},{"date":"2023-09-13","commitResults":[{"hash":"acce8b40c0fd5379dd67b08579729b8d9c3605ca","isMergeCommit":false,"messageTitle":"Add error handling for missing info","messageBody":"","fileTypesAndContributionMap":{"java":{"insertions":29,"deletions":19}}}]},{"date":"2023-09-14","commitResults":[{"hash":"0770e3a5d71fd7efb68850ab893ce926ea8b9f38","isMergeCommit":false,"messageTitle":"Add handling for missing name and time values","messageBody":"","tags":["Level-5"],"fileTypesAndContributionMap":{"java":{"insertions":37,"deletions":9}}},{"hash":"ac05726424e37d71a20df6b473c132244f602b8b","isMergeCommit":false,"messageTitle":"Refactor Task into a separate package","messageBody":"","tags":["A-Packages"],"fileTypesAndContributionMap":{"java":{"insertions":88,"deletions":76}}}]},{"date":"2023-09-19","commitResults":[{"hash":"4029bc57f72b6afe80d9c773fd0035a8a8d29dd0","isMergeCommit":false,"messageTitle":"Add delete function","messageBody":"","tags":["Level-6"],"fileTypesAndContributionMap":{"java":{"insertions":48,"deletions":18}}}]},{"date":"2023-09-21","commitResults":[{"hash":"dd60c2ea1c95dde7a6377319bb4282718b96bd9f","isMergeCommit":false,"messageTitle":"Add save and load functions","messageBody":"","fileTypesAndContributionMap":{"java":{"insertions":112,"deletions":5}}},{"hash":"610e52551003a915c02fa2ee71191eecf2bfd1f4","isMergeCommit":false,"messageTitle":"Refactor file functions to a separate class","messageBody":"","fileTypesAndContributionMap":{"java":{"insertions":77,"deletions":65}}}]},{"date":"2023-09-22","commitResults":[{"hash":"7bb7a8a8bcda6052d5738fb12e7e0b6a48a9146a","isMergeCommit":false,"messageTitle":"Resolve bugs with save and load","messageBody":"","tags":["Level-7"],"fileTypesAndContributionMap":{"txt":{"insertions":1,"deletions":0},"java":{"insertions":38,"deletions":31}}},{"hash":"cc201a569563dd9a3a9d705b50a81ac5710c8d11","isMergeCommit":true,"messageTitle":"Merge Level-7 branch","messageBody":"","fileTypesAndContributionMap":{}}]}]},"authorFileTypeContributionMap":{"ken-ruster":{"java":412,"md":0,"fxml":0,"sh":0,"bat":0,"gradle":0,"txt":1}},"authorContributionVariance":{"ken-ruster":3578.8044},"authorDisplayNameMap":{"ken-ruster":"CS2113-T18-1 OH K.. WEI"}}
