{"authorDailyContributionsMap":{"aaronxujiachen":[{"date":"2023-08-22","commitResults":[{"hash":"ed3efe1f97da730965a4659f0349a7ec949328d4","isMergeCommit":false,"messageTitle":"Add Dude Level 0","messageBody":"","fileTypesAndContributionMap":{"java":{"insertions":29,"deletions":6}}}]},{"date":"2023-09-02","commitResults":[{"hash":"c6302e9f2b7f829ec4087163c40fa9bc975a4697","isMergeCommit":false,"messageTitle":"Add Dude Level 1","messageBody":"","fileTypesAndContributionMap":{"java":{"insertions":20,"deletions":2}}},{"hash":"8d766a72234cc0433edf0b8c2e988bc032a87233","isMergeCommit":false,"messageTitle":"Add Dude Level 2","messageBody":"","fileTypesAndContributionMap":{"java":{"insertions":18,"deletions":7}}},{"hash":"6eb2ef3d248a1a501210024db37495fadced0b1a","isMergeCommit":false,"messageTitle":"Add Dude Level 3","messageBody":"","fileTypesAndContributionMap":{"java":{"insertions":57,"deletions":20}}},{"hash":"2cf44fb75b40bba16500f056170ecf035765b9f4","isMergeCommit":false,"messageTitle":"Tweak the code to comply with coding standard","messageBody":"","fileTypesAndContributionMap":{"java":{"insertions":24,"deletions":10}}}]},{"date":"2023-09-09","commitResults":[{"hash":"79f86edf38b389e7f011e846bde67546620ff58f","isMergeCommit":false,"messageTitle":"Add Dude Level 4","messageBody":"","fileTypesAndContributionMap":{"java":{"insertions":77,"deletions":17}}},{"hash":"c3104141f50ca68bf6791f2738e2bc7adbd68230","isMergeCommit":false,"messageTitle":"Improve Code Quality","messageBody":"","fileTypesAndContributionMap":{"java":{"insertions":71,"deletions":47}}}]}]},"authorFileTypeContributionMap":{"aaronxujiachen":{"java":193,"md":0,"fxml":0,"sh":0,"bat":0,"gradle":0,"txt":0}},"authorContributionVariance":{"aaronxujiachen":2782.6726},"authorDisplayNameMap":{"aaronxujiachen":"CS2113-T18-4 XU J..CHEN"}}
