{"authorDailyContributionsMap":{"Haoyuli2002":[{"date":"2023-08-30","commitResults":[{"hash":"f94493548b938227428dd2bb7934a9b309e9399e","isMergeCommit":false,"messageTitle":"First Increment","messageBody":"","tags":["Level-0"],"fileTypesAndContributionMap":{"java":{"insertions":10,"deletions":10},"md":{"insertions":2,"deletions":2}}},{"hash":"5242405685a84cd6934527ce5639c8f645f28002","isMergeCommit":false,"messageTitle":"Second Increment(Echo)","messageBody":"","tags":["Level-1"],"fileTypesAndContributionMap":{"java":{"insertions":11,"deletions":0}}},{"hash":"15894161eebf5c3c7795920551de35c9051050ae","isMergeCommit":false,"messageTitle":"Third Increment(Add, List)","messageBody":"","tags":["Level-2"],"fileTypesAndContributionMap":{"java":{"insertions":15,"deletions":3}}},{"hash":"5c9d8eda52af08f381533f8c996623791eab0cb6","isMergeCommit":false,"messageTitle":"Fourth Increment(Mark as Done)","messageBody":"","tags":["Mark-as-Done","Level-3"],"fileTypesAndContributionMap":{"java":{"insertions":55,"deletions":5}}}]},{"date":"2023-09-02","commitResults":[{"hash":"fb37559b59c2f01b37c8ee2e49822db8c821e1c3","isMergeCommit":false,"messageTitle":"Fifth Increment(A-CodingStandard)","messageBody":"","tags":["Level-4","A-CodingStandard"],"fileTypesAndContributionMap":{"java":{"insertions":2,"deletions":2}}}]},{"date":"2023-09-09","commitResults":[{"hash":"94e79e4c51d7f59054d3014e15ab4106c24a4819","isMergeCommit":false,"messageTitle":"Sixth Increment(A-CodeQuality)","messageBody":"","tags":["A-CodeQuality"],"fileTypesAndContributionMap":{"java":{"insertions":158,"deletions":32}}},{"hash":"a91b116d95e80ce4fc76f5c15d214c20d7d32491","isMergeCommit":false,"messageTitle":"Seventh Increment(A-TextUiTesting)","messageBody":"","tags":["A-TextUiTesting"],"fileTypesAndContributionMap":{"txt":{"insertions":12,"deletions":0},"java":{"insertions":3,"deletions":3},"md":{"insertions":2,"deletions":2}}}]},{"date":"2023-09-10","commitResults":[{"hash":"18e875142a24f33cc746ad22605729197cfab710","isMergeCommit":false,"messageTitle":"Eighth Increment(A-Exceptions)","messageBody":"","tags":["A-Exceptions"],"fileTypesAndContributionMap":{"java":{"insertions":102,"deletions":20}}},{"hash":"22b5141f896fb1b7f4ea2a6ad435fb75e3cda9f5","isMergeCommit":false,"messageTitle":"9th Increment(A-Exceptions)","messageBody":"","tags":["Level-5"],"fileTypesAndContributionMap":{"java":{"insertions":3,"deletions":2}}},{"hash":"eecca1e79b673105e4c7da00aa7b144fb1f2819a","isMergeCommit":false,"messageTitle":"10th Increment(A-Packages)","messageBody":"","tags":["A-Packages"],"fileTypesAndContributionMap":{"java":{"insertions":27,"deletions":0}}}]},{"date":"2023-09-16","commitResults":[{"hash":"8e7c9581e13545223af9b0c017d7a22712d867b8","isMergeCommit":false,"messageTitle":"11th Increment(branch-A-Packages)","messageBody":"","tags":["branch-A-Packages"],"fileTypesAndContributionMap":{"java":{"insertions":16,"deletions":16}}}]},{"date":"2023-09-20","commitResults":[{"hash":"129abe2ad3515fe65191dfb806cea48a42415f8c","isMergeCommit":false,"messageTitle":"11th Increment(branch-A-Packages)","messageBody":"","fileTypesAndContributionMap":{"java":{"insertions":125,"deletions":26}}},{"hash":"e5f99b890cbb9cfb5c7184a018744f7ad020d16c","isMergeCommit":false,"messageTitle":"Revert \"11th Increment(branch-A-Packages)\"","messageBody":"This reverts commit 129abe2ad3515fe65191dfb806cea48a42415f8c.\n","fileTypesAndContributionMap":{"java":{"insertions":26,"deletions":125}}},{"hash":"f608fbde73c9e3ca38586962d7d73a930fd59339","isMergeCommit":false,"messageTitle":"Revert \"Revert \"11th Increment(branch-A-Packages)\"\"","messageBody":"This reverts commit e5f99b890cbb9cfb5c7184a018744f7ad020d16c.\n","fileTypesAndContributionMap":{"java":{"insertions":125,"deletions":26}}},{"hash":"a439047a7dde3b5e40c50e082652f88a11f5b719","isMergeCommit":false,"messageTitle":"12th Increment(Level 6)","messageBody":"","tags":["branch-Level-6","Level-6","A-Collections"],"fileTypesAndContributionMap":{"java":{"insertions":5,"deletions":0}}}]},{"date":"2023-09-21","commitResults":[{"hash":"89722deec813bf23a87e74d1223a5dd1220479ac","isMergeCommit":false,"messageTitle":"Text","messageBody":"","tags":["branch-Level-7","Level-7"],"fileTypesAndContributionMap":{"java":{"insertions":86,"deletions":21}}},{"hash":"11ab36e46289764a7e43d2d23c4c8f9c2829734d","isMergeCommit":true,"messageTitle":"13th Increment(Level 7)","messageBody":"","fileTypesAndContributionMap":{}},{"hash":"4c1e8338ff6d6020dc3f739fa4b28a0c7dc1870d","isMergeCommit":false,"messageTitle":"14th Increment(Level 7)","messageBody":"","tags":["A-Jar"],"fileTypesAndContributionMap":{"java":{"insertions":25,"deletions":9}}}]},{"date":"2023-09-30","commitResults":[{"hash":"f6bbdf4425727719fc1c639e449c4bffdea651a5","isMergeCommit":false,"messageTitle":"15th Increment (A-MoreOOP)","messageBody":"","tags":["A-MoreOOP"],"fileTypesAndContributionMap":{"java":{"insertions":325,"deletions":166}}},{"hash":"74fe6046b98c12726404ae69b2015861a54253c2","isMergeCommit":false,"messageTitle":"15th Increment (A-MoreOOP)","messageBody":"","tags":["Level-9"],"fileTypesAndContributionMap":{"java":{"insertions":45,"deletions":2}}}]},{"date":"2023-10-01","commitResults":[{"hash":"5e29ed7c751618abaf5fea0266f1320a1a201776","isMergeCommit":false,"messageTitle":"17th Increment (Level-9)","messageBody":"","fileTypesAndContributionMap":{"java":{"insertions":2,"deletions":0}}},{"hash":"62e7d540aa0f2eee2d2d085e5413e2dac89822b7","isMergeCommit":false,"messageTitle":"18th Increment (A-JavaDoc)","messageBody":"","tags":["A-JavaDoc"],"fileTypesAndContributionMap":{"java":{"insertions":143,"deletions":17}}},{"hash":"9910f85527e3bd04287916015150415003f4a2b7","isMergeCommit":true,"messageTitle":"Merge pull request #1 from Haoyuli2002/branch-Level-9","messageBody":"17th Increment (Level-9)","fileTypesAndContributionMap":{}},{"hash":"9ea5c441579ecdb43ab7315d8a44519a083b902c","isMergeCommit":true,"messageTitle":"Merge pull request #2 from Haoyuli2002/branch-A-JavaDoc","messageBody":"18th Increment (A-JavaDoc)","fileTypesAndContributionMap":{}}]},{"date":"2023-10-04","commitResults":[{"hash":"1109ff18cd153895da46853e4bd0eea4ee012096","isMergeCommit":false,"messageTitle":"Update README.md","messageBody":"","fileTypesAndContributionMap":{"md":{"insertions":6,"deletions":8}}},{"hash":"00b097fc2889dbfb58a4991726263e712737f2f9","isMergeCommit":false,"messageTitle":"Update README.md","messageBody":"","fileTypesAndContributionMap":{"md":{"insertions":26,"deletions":0}}},{"hash":"c1e7139dcbfb75a71497a2efb00e2406b51149af","isMergeCommit":false,"messageTitle":"Update README.md","messageBody":"","fileTypesAndContributionMap":{"md":{"insertions":63,"deletions":1}}},{"hash":"509b7dd18fb7c518f9c94d42be9f9d0233d203e4","isMergeCommit":false,"messageTitle":"Update README.md","messageBody":"","fileTypesAndContributionMap":{"md":{"insertions":1,"deletions":0}}}]},{"date":"2023-10-05","commitResults":[{"hash":"454e79b16cae630387524b01aee164615f6db1fa","isMergeCommit":false,"messageTitle":"Update README.md","messageBody":"","fileTypesAndContributionMap":{"md":{"insertions":22,"deletions":4}}},{"hash":"7deade31d93d1f95ff002376e72461d1241e5d7a","isMergeCommit":true,"messageTitle":"Merge pull request #3 from Haoyuli2002/Haoyuli2002-UG-1","messageBody":"Update README.md","tags":["A-UserGuide"],"fileTypesAndContributionMap":{}},{"hash":"a06f22509debbff25a05d0f080ba669e756ccb62","isMergeCommit":false,"messageTitle":"Update README.md","messageBody":"","fileTypesAndContributionMap":{"md":{"insertions":7,"deletions":7}}}]},{"date":"2023-10-06","commitResults":[{"hash":"966b10f517e46eeb34dd73930c53df259e1dff92","isMergeCommit":false,"messageTitle":"Update README.md","messageBody":"","fileTypesAndContributionMap":{"md":{"insertions":6,"deletions":3}}}]},{"date":"2023-10-21","commitResults":[{"hash":"25890b459c34b21d67e770552d996ac1ef0d460f","isMergeCommit":false,"messageTitle":"Update UserGuide","messageBody":"Handle the issues mentioned by the peer evaluation","fileTypesAndContributionMap":{"md":{"insertions":60,"deletions":45}}},{"hash":"fd7dba72429e5f08c182152e8df6b15e1bb442f8","isMergeCommit":false,"messageTitle":"Update based on the peer evaluation","messageBody":"","fileTypesAndContributionMap":{"java":{"insertions":55,"deletions":9}}},{"hash":"5c7735be9ccb404c268eb241865428906ce2b879","isMergeCommit":false,"messageTitle":"Update README.md","messageBody":"","fileTypesAndContributionMap":{"md":{"insertions":1,"deletions":1}}},{"hash":"78d04e191e31c4bd7e5b8c1242d805b4d6507731","isMergeCommit":true,"messageTitle":"Merge remote-tracking branch \u0027origin/master\u0027","messageBody":"","fileTypesAndContributionMap":{}},{"hash":"f23f6f833a12633e006769bf2d11469e72126583","isMergeCommit":true,"messageTitle":"Merge remote-tracking branch \u0027origin/master\u0027","messageBody":"","tags":["modified"],"fileTypesAndContributionMap":{}},{"hash":"177d0d820361737b20fc391b5bef1b18c35cb493","isMergeCommit":false,"messageTitle":"Update README.md","messageBody":"","tags":["finalVersion"],"fileTypesAndContributionMap":{"md":{"insertions":134,"deletions":16}}}]}]},"authorFileTypeContributionMap":{"Haoyuli2002":{"java":815,"md":262,"fxml":0,"sh":0,"bat":0,"gradle":0,"txt":12}},"authorContributionVariance":{"Haoyuli2002":10199.092},"authorDisplayNameMap":{"Haoyuli2002":"CS2113-F11-2 LI H..AOYU"}}
