{"authorDailyContributionsMap":{"Haoyuli2002":[{"date":"2023-08-30","commitResults":[{"hash":"f94493548b938227428dd2bb7934a9b309e9399e","isMergeCommit":false,"messageTitle":"First Increment","messageBody":"","tags":["Level-0"],"fileTypesAndContributionMap":{"java":{"insertions":10,"deletions":10},"md":{"insertions":2,"deletions":2}}},{"hash":"5242405685a84cd6934527ce5639c8f645f28002","isMergeCommit":false,"messageTitle":"Second Increment(Echo)","messageBody":"","tags":["Level-1"],"fileTypesAndContributionMap":{"java":{"insertions":11,"deletions":0}}},{"hash":"15894161eebf5c3c7795920551de35c9051050ae","isMergeCommit":false,"messageTitle":"Third Increment(Add, List)","messageBody":"","tags":["Level-2"],"fileTypesAndContributionMap":{"java":{"insertions":15,"deletions":3}}},{"hash":"5c9d8eda52af08f381533f8c996623791eab0cb6","isMergeCommit":false,"messageTitle":"Fourth Increment(Mark as Done)","messageBody":"","tags":["Mark-as-Done","Level-3"],"fileTypesAndContributionMap":{"java":{"insertions":55,"deletions":5}}}]},{"date":"2023-09-02","commitResults":[{"hash":"fb37559b59c2f01b37c8ee2e49822db8c821e1c3","isMergeCommit":false,"messageTitle":"Fifth Increment(A-CodingStandard)","messageBody":"","tags":["Level-4","A-CodingStandard"],"fileTypesAndContributionMap":{"java":{"insertions":2,"deletions":2}}}]},{"date":"2023-09-09","commitResults":[{"hash":"94e79e4c51d7f59054d3014e15ab4106c24a4819","isMergeCommit":false,"messageTitle":"Sixth Increment(A-CodeQuality)","messageBody":"","tags":["A-CodeQuality"],"fileTypesAndContributionMap":{"java":{"insertions":158,"deletions":32}}},{"hash":"a91b116d95e80ce4fc76f5c15d214c20d7d32491","isMergeCommit":false,"messageTitle":"Seventh Increment(A-TextUiTesting)","messageBody":"","tags":["A-TextUiTesting"],"fileTypesAndContributionMap":{"txt":{"insertions":12,"deletions":0},"java":{"insertions":3,"deletions":3},"md":{"insertions":2,"deletions":2}}}]},{"date":"2023-09-10","commitResults":[{"hash":"18e875142a24f33cc746ad22605729197cfab710","isMergeCommit":false,"messageTitle":"Eighth Increment(A-Exceptions)","messageBody":"","tags":["A-Exceptions"],"fileTypesAndContributionMap":{"java":{"insertions":102,"deletions":20}}},{"hash":"22b5141f896fb1b7f4ea2a6ad435fb75e3cda9f5","isMergeCommit":false,"messageTitle":"9th Increment(A-Exceptions)","messageBody":"","tags":["Level-5"],"fileTypesAndContributionMap":{"java":{"insertions":3,"deletions":2}}},{"hash":"eecca1e79b673105e4c7da00aa7b144fb1f2819a","isMergeCommit":false,"messageTitle":"10th Increment(A-Packages)","messageBody":"","tags":["A-Packages"],"fileTypesAndContributionMap":{"java":{"insertions":27,"deletions":0}}}]},{"date":"2023-09-16","commitResults":[{"hash":"8e7c9581e13545223af9b0c017d7a22712d867b8","isMergeCommit":false,"messageTitle":"11th Increment(branch-A-Packages)","messageBody":"","tags":["branch-A-Packages"],"fileTypesAndContributionMap":{"java":{"insertions":16,"deletions":16}}}]},{"date":"2023-09-20","commitResults":[{"hash":"129abe2ad3515fe65191dfb806cea48a42415f8c","isMergeCommit":false,"messageTitle":"11th Increment(branch-A-Packages)","messageBody":"","fileTypesAndContributionMap":{"java":{"insertions":125,"deletions":26}}},{"hash":"e5f99b890cbb9cfb5c7184a018744f7ad020d16c","isMergeCommit":false,"messageTitle":"Revert \"11th Increment(branch-A-Packages)\"","messageBody":"This reverts commit 129abe2ad3515fe65191dfb806cea48a42415f8c.\n","fileTypesAndContributionMap":{"java":{"insertions":26,"deletions":125}}},{"hash":"f608fbde73c9e3ca38586962d7d73a930fd59339","isMergeCommit":false,"messageTitle":"Revert \"Revert \"11th Increment(branch-A-Packages)\"\"","messageBody":"This reverts commit e5f99b890cbb9cfb5c7184a018744f7ad020d16c.\n","fileTypesAndContributionMap":{"java":{"insertions":125,"deletions":26}}},{"hash":"a439047a7dde3b5e40c50e082652f88a11f5b719","isMergeCommit":false,"messageTitle":"12th Increment(Level 6)","messageBody":"","tags":["Level-6","A-Collections"],"fileTypesAndContributionMap":{"java":{"insertions":5,"deletions":0}}}]},{"date":"2023-09-21","commitResults":[{"hash":"89722deec813bf23a87e74d1223a5dd1220479ac","isMergeCommit":false,"messageTitle":"Text","messageBody":"","tags":["Level-7"],"fileTypesAndContributionMap":{"java":{"insertions":86,"deletions":21}}},{"hash":"11ab36e46289764a7e43d2d23c4c8f9c2829734d","isMergeCommit":true,"messageTitle":"13th Increment(Level 7)","messageBody":"","fileTypesAndContributionMap":{}},{"hash":"4c1e8338ff6d6020dc3f739fa4b28a0c7dc1870d","isMergeCommit":false,"messageTitle":"14th Increment(Level 7)","messageBody":"","tags":["A-Jar"],"fileTypesAndContributionMap":{"java":{"insertions":25,"deletions":9}}}]}]},"authorFileTypeContributionMap":{"Haoyuli2002":{"java":439,"md":0,"fxml":0,"sh":0,"bat":0,"gradle":0,"txt":12}},"authorContributionVariance":{"Haoyuli2002":7904.484},"authorDisplayNameMap":{"Haoyuli2002":"CS2113-F11-2 LI H..AOYU"}}
