{"authorDailyContributionsMap":{"CerIsaiah":[{"date":"2023-08-31","commitResults":[{"hash":"8d479f19e779fcdaf84b969d0065afaf502174d2","isMergeCommit":false,"messageTitle":"Add introduction statements","messageBody":"","tags":["Level-0"],"fileTypesAndContributionMap":{"java":{"insertions":5,"deletions":6}}}]},{"date":"2023-09-01","commitResults":[{"hash":"9f133c118c3dcce27919f18eccfccf11ad335f83","isMergeCommit":false,"messageTitle":"Add echo","messageBody":"","tags":["Level-1"],"fileTypesAndContributionMap":{"java":{"insertions":17,"deletions":0}}}]},{"date":"2023-09-06","commitResults":[{"hash":"d45c1d9a9824139d7fe3f40c53941f636e66c578","isMergeCommit":false,"messageTitle":"Add the list function","messageBody":"","tags":["Level-2"],"fileTypesAndContributionMap":{"java":{"insertions":24,"deletions":8}}},{"hash":"4f0d7d8a31afb3de847431811927a44929170822","isMergeCommit":false,"messageTitle":"Add task object and marking task ability","messageBody":"","tags":["Level-3"],"fileTypesAndContributionMap":{"java":{"insertions":58,"deletions":8}}}]},{"date":"2023-09-07","commitResults":[{"hash":"23ca33578264ca90ffec2137d87980983af91a10","isMergeCommit":false,"messageTitle":"Add Deadline, event and todo capabilities to mark tasks.","messageBody":"","tags":["Level-4"],"fileTypesAndContributionMap":{"java":{"insertions":98,"deletions":8}}}]},{"date":"2023-09-14","commitResults":[{"hash":"4718536b3371364c9fc76ffdb682ff8da79616a7","isMergeCommit":false,"messageTitle":"Added error handling","messageBody":"","tags":["v0.1"],"fileTypesAndContributionMap":{"java":{"insertions":12,"deletions":4}}}]},{"date":"2023-10-11","commitResults":[{"hash":"7772ed5cacb2b0ac05d2c932542fe8cef5e1c019","isMergeCommit":false,"messageTitle":"Fix jar file issues","messageBody":"","fileTypesAndContributionMap":{"txt":{"insertions":11,"deletions":0},"java":{"insertions":388,"deletions":100}}},{"hash":"aad378baee98f1e65d64a89bb4435310612964a5","isMergeCommit":false,"messageTitle":"Add moreOOP","messageBody":"","tags":["A-MoreOOP"],"fileTypesAndContributionMap":{"txt":{"insertions":0,"deletions":3},"java":{"insertions":419,"deletions":177}}}]},{"date":"2023-10-12","commitResults":[{"hash":"92b1dcfc942ca78cc40ea39a33737def46ec5cba","isMergeCommit":false,"messageTitle":"Add ability to search entries with find command","messageBody":"","tags":["Level-9"],"fileTypesAndContributionMap":{"txt":{"insertions":4,"deletions":0},"java":{"insertions":19,"deletions":1}}},{"hash":"3e90ffed3bc3406ee3d82e05acd4f871bb0e4d91","isMergeCommit":false,"messageTitle":"Add Javadoc comments to method.","messageBody":"","tags":["v0.2","A-JavaDoc"],"fileTypesAndContributionMap":{"txt":{"insertions":0,"deletions":4},"java":{"insertions":116,"deletions":67}}},{"hash":"412181f4efd526b99ea78e8ea448e189146a1f2c","isMergeCommit":false,"messageTitle":"Update readme","messageBody":"","tags":["A-UserGuide"],"fileTypesAndContributionMap":{"md":{"insertions":58,"deletions":16}}}]},{"date":"2023-10-23","commitResults":[{"hash":"f4eb8e38e55fc7b08f7e9f6849e0f396a4d71c62","isMergeCommit":false,"messageTitle":"fix exceptions in commands such as no input. Clarify no commands specified","messageBody":"","tags":["v0.3"],"fileTypesAndContributionMap":{"txt":{"insertions":0,"deletions":8},"java":{"insertions":81,"deletions":166}}},{"hash":"f7403d7aaa9fa0ae11d7da9760963203475384b8","isMergeCommit":false,"messageTitle":"Update README.md","messageBody":"","fileTypesAndContributionMap":{"md":{"insertions":71,"deletions":24}}}]}]},"authorFileTypeContributionMap":{"CerIsaiah":{"java":699,"md":129,"fxml":0,"sh":0,"bat":0,"gradle":0,"txt":0}},"authorContributionVariance":{"CerIsaiah":20481.535},"authorDisplayNameMap":{"CerIsaiah":"CS2113-T17-4 CERV..DEAN"}}
