[{"path":"src/main/java/Deadline.java","fileType":"java","lines":[{"lineNumber":1,"author":{"gitId":"NaychiMin"},"content":"public class Deadline extends Task {","lastModifiedDate":"2023-09-07"},{"lineNumber":2,"author":{"gitId":"NaychiMin"},"content":"","lastModifiedDate":"2023-09-07"},{"lineNumber":3,"author":{"gitId":"NaychiMin"},"content":"    protected String by;","lastModifiedDate":"2023-09-07"},{"lineNumber":4,"author":{"gitId":"NaychiMin"},"content":"","lastModifiedDate":"2023-09-07"},{"lineNumber":5,"author":{"gitId":"NaychiMin"},"content":"    public Deadline(String description, String by) {","lastModifiedDate":"2023-09-07"},{"lineNumber":6,"author":{"gitId":"NaychiMin"},"content":"        super(description);","lastModifiedDate":"2023-09-07"},{"lineNumber":7,"author":{"gitId":"NaychiMin"},"content":"        this.by \u003d by;","lastModifiedDate":"2023-09-07"},{"lineNumber":8,"author":{"gitId":"NaychiMin"},"content":"        taskType \u003d \"D\";","lastModifiedDate":"2023-09-07"},{"lineNumber":9,"author":{"gitId":"NaychiMin"},"content":"    }","lastModifiedDate":"2023-09-07"},{"lineNumber":10,"author":{"gitId":"NaychiMin"},"content":"","lastModifiedDate":"2023-09-07"},{"lineNumber":11,"author":{"gitId":"NaychiMin"},"content":"    @Override","lastModifiedDate":"2023-09-07"},{"lineNumber":12,"author":{"gitId":"NaychiMin"},"content":"    public String toString() {","lastModifiedDate":"2023-09-07"},{"lineNumber":13,"author":{"gitId":"NaychiMin"},"content":"        return \"[\" + taskType + \"]\" + \"[\" + getStatusIcon() + \"] \" + description + \" (by: \" + by + \")\";","lastModifiedDate":"2023-09-07"},{"lineNumber":14,"author":{"gitId":"NaychiMin"},"content":"    }","lastModifiedDate":"2023-09-07"},{"lineNumber":15,"author":{"gitId":"NaychiMin"},"content":"","lastModifiedDate":"2023-09-07"},{"lineNumber":16,"author":{"gitId":"NaychiMin"},"content":"}","lastModifiedDate":"2023-09-07"}],"authorContributionMap":{"NaychiMin":16}},{"path":"src/main/java/Event.java","fileType":"java","lines":[{"lineNumber":1,"author":{"gitId":"NaychiMin"},"content":"public class Event extends Task{","lastModifiedDate":"2023-09-07"},{"lineNumber":2,"author":{"gitId":"NaychiMin"},"content":"","lastModifiedDate":"2023-09-07"},{"lineNumber":3,"author":{"gitId":"NaychiMin"},"content":"    protected String from;","lastModifiedDate":"2023-09-07"},{"lineNumber":4,"author":{"gitId":"NaychiMin"},"content":"    protected String to;","lastModifiedDate":"2023-09-07"},{"lineNumber":5,"author":{"gitId":"NaychiMin"},"content":"","lastModifiedDate":"2023-09-07"},{"lineNumber":6,"author":{"gitId":"NaychiMin"},"content":"    public Event(String description, String from, String to) {","lastModifiedDate":"2023-09-07"},{"lineNumber":7,"author":{"gitId":"NaychiMin"},"content":"        super(description);","lastModifiedDate":"2023-09-07"},{"lineNumber":8,"author":{"gitId":"NaychiMin"},"content":"        this.from \u003d from;","lastModifiedDate":"2023-09-07"},{"lineNumber":9,"author":{"gitId":"NaychiMin"},"content":"        this.to \u003d to;","lastModifiedDate":"2023-09-07"},{"lineNumber":10,"author":{"gitId":"NaychiMin"},"content":"        taskType \u003d \"E\";","lastModifiedDate":"2023-09-07"},{"lineNumber":11,"author":{"gitId":"NaychiMin"},"content":"    }","lastModifiedDate":"2023-09-07"},{"lineNumber":12,"author":{"gitId":"NaychiMin"},"content":"","lastModifiedDate":"2023-09-07"},{"lineNumber":13,"author":{"gitId":"NaychiMin"},"content":"    @Override","lastModifiedDate":"2023-09-07"},{"lineNumber":14,"author":{"gitId":"NaychiMin"},"content":"    public String toString() {","lastModifiedDate":"2023-09-07"},{"lineNumber":15,"author":{"gitId":"NaychiMin"},"content":"        return \"[\" + taskType + \"]\" + \"[\" + getStatusIcon() + \"] \" + description + \" (from: \" + from + \" to: \" + to + \")\";","lastModifiedDate":"2023-09-07"},{"lineNumber":16,"author":{"gitId":"NaychiMin"},"content":"    }","lastModifiedDate":"2023-09-07"},{"lineNumber":17,"author":{"gitId":"NaychiMin"},"content":"}","lastModifiedDate":"2023-09-07"}],"authorContributionMap":{"NaychiMin":17}},{"path":"src/main/java/Task.java","fileType":"java","lines":[{"lineNumber":1,"author":{"gitId":"NaychiMin"},"content":"public class Task {","lastModifiedDate":"2023-09-01"},{"lineNumber":2,"author":{"gitId":"NaychiMin"},"content":"    protected String description;","lastModifiedDate":"2023-09-01"},{"lineNumber":3,"author":{"gitId":"NaychiMin"},"content":"    protected String taskType;","lastModifiedDate":"2023-09-07"},{"lineNumber":4,"author":{"gitId":"NaychiMin"},"content":"    protected boolean isDone;","lastModifiedDate":"2023-09-01"},{"lineNumber":5,"author":{"gitId":"NaychiMin"},"content":"","lastModifiedDate":"2023-09-01"},{"lineNumber":6,"author":{"gitId":"NaychiMin"},"content":"    // Default constructor so that the class can be used as a superclass","lastModifiedDate":"2023-09-07"},{"lineNumber":7,"author":{"gitId":"NaychiMin"},"content":"    public Task(){","lastModifiedDate":"2023-09-07"},{"lineNumber":8,"author":{"gitId":"NaychiMin"},"content":"    }","lastModifiedDate":"2023-09-07"},{"lineNumber":9,"author":{"gitId":"NaychiMin"},"content":"","lastModifiedDate":"2023-09-07"},{"lineNumber":10,"author":{"gitId":"NaychiMin"},"content":"    public Task(String description){","lastModifiedDate":"2023-09-01"},{"lineNumber":11,"author":{"gitId":"NaychiMin"},"content":"        this.description \u003d description;","lastModifiedDate":"2023-09-01"},{"lineNumber":12,"author":{"gitId":"NaychiMin"},"content":"        this.isDone \u003d false;","lastModifiedDate":"2023-09-01"},{"lineNumber":13,"author":{"gitId":"NaychiMin"},"content":"    }","lastModifiedDate":"2023-09-01"},{"lineNumber":14,"author":{"gitId":"NaychiMin"},"content":"","lastModifiedDate":"2023-09-01"},{"lineNumber":15,"author":{"gitId":"NaychiMin"},"content":"    public String getStatusIcon() {","lastModifiedDate":"2023-09-01"},{"lineNumber":16,"author":{"gitId":"NaychiMin"},"content":"        return (isDone? \"X\" : \" \");","lastModifiedDate":"2023-09-01"},{"lineNumber":17,"author":{"gitId":"NaychiMin"},"content":"    }","lastModifiedDate":"2023-09-01"},{"lineNumber":18,"author":{"gitId":"NaychiMin"},"content":"","lastModifiedDate":"2023-09-01"},{"lineNumber":19,"author":{"gitId":"NaychiMin"},"content":"    public String getTaskType() {","lastModifiedDate":"2023-09-07"},{"lineNumber":20,"author":{"gitId":"NaychiMin"},"content":"        return (taskType);","lastModifiedDate":"2023-09-07"},{"lineNumber":21,"author":{"gitId":"NaychiMin"},"content":"    }","lastModifiedDate":"2023-09-07"},{"lineNumber":22,"author":{"gitId":"NaychiMin"},"content":"","lastModifiedDate":"2023-09-07"},{"lineNumber":23,"author":{"gitId":"NaychiMin"},"content":"    public void setAsDone(){","lastModifiedDate":"2023-09-13"},{"lineNumber":24,"author":{"gitId":"NaychiMin"},"content":"        this.isDone \u003d true;","lastModifiedDate":"2023-09-01"},{"lineNumber":25,"author":{"gitId":"NaychiMin"},"content":"    }","lastModifiedDate":"2023-09-01"},{"lineNumber":26,"author":{"gitId":"NaychiMin"},"content":"","lastModifiedDate":"2023-09-01"},{"lineNumber":27,"author":{"gitId":"NaychiMin"},"content":"    public void setAsNotDone(){","lastModifiedDate":"2023-09-13"},{"lineNumber":28,"author":{"gitId":"NaychiMin"},"content":"        this.isDone \u003d false;","lastModifiedDate":"2023-09-01"},{"lineNumber":29,"author":{"gitId":"NaychiMin"},"content":"    }","lastModifiedDate":"2023-09-01"},{"lineNumber":30,"author":{"gitId":"NaychiMin"},"content":"","lastModifiedDate":"2023-09-13"},{"lineNumber":31,"author":{"gitId":"NaychiMin"},"content":"    public String getDescription() {return (description);}","lastModifiedDate":"2023-09-13"},{"lineNumber":32,"author":{"gitId":"NaychiMin"},"content":"","lastModifiedDate":"2023-09-13"},{"lineNumber":33,"author":{"gitId":"NaychiMin"},"content":"}","lastModifiedDate":"2023-09-01"}],"authorContributionMap":{"NaychiMin":33}},{"path":"src/main/java/TaskItems.java","fileType":"java","lines":[{"lineNumber":1,"author":{"gitId":"NaychiMin"},"content":"import java.util.Scanner;","lastModifiedDate":"2023-09-13"},{"lineNumber":2,"author":{"gitId":"NaychiMin"},"content":"","lastModifiedDate":"2023-09-13"},{"lineNumber":3,"author":{"gitId":"NaychiMin"},"content":"public class TaskItems {","lastModifiedDate":"2023-09-13"},{"lineNumber":4,"author":{"gitId":"NaychiMin"},"content":"    static String outputFormat \u003d \"    ____________________________________________________________\\n\" +","lastModifiedDate":"2023-09-13"},{"lineNumber":5,"author":{"gitId":"NaychiMin"},"content":"            \"    %s\\n    ____________________________________________________________\";","lastModifiedDate":"2023-09-13"},{"lineNumber":6,"author":{"gitId":"NaychiMin"},"content":"","lastModifiedDate":"2023-09-13"},{"lineNumber":7,"author":{"gitId":"NaychiMin"},"content":"    public static final String MARK_TASK_COMMAND \u003d \"mark \";","lastModifiedDate":"2023-09-13"},{"lineNumber":8,"author":{"gitId":"NaychiMin"},"content":"    public static final String UNMARK_TASK_COMMAND \u003d \"unmark \";","lastModifiedDate":"2023-09-13"},{"lineNumber":9,"author":{"gitId":"NaychiMin"},"content":"    public static final String LIST_TASK_COMMAND \u003d \"list\";","lastModifiedDate":"2023-09-13"},{"lineNumber":10,"author":{"gitId":"NaychiMin"},"content":"    public static final String EXIT_BOT_COMMAND \u003d \"bye\";","lastModifiedDate":"2023-09-13"},{"lineNumber":11,"author":{"gitId":"NaychiMin"},"content":"    public static final String TODO_TASK_COMMAND \u003d \"todo \";","lastModifiedDate":"2023-09-13"},{"lineNumber":12,"author":{"gitId":"NaychiMin"},"content":"    public static final String DEADLINE_TASK_COMMAND \u003d \"deadline \";","lastModifiedDate":"2023-09-13"},{"lineNumber":13,"author":{"gitId":"NaychiMin"},"content":"    public static final String DEADLINE_DATE_COMMAND \u003d \"/by \";","lastModifiedDate":"2023-09-13"},{"lineNumber":14,"author":{"gitId":"NaychiMin"},"content":"    public static final String EVENT_TASK_COMMAND \u003d \"event \";","lastModifiedDate":"2023-09-13"},{"lineNumber":15,"author":{"gitId":"NaychiMin"},"content":"    public static final String EVENT_TASK_START \u003d \"/from \";","lastModifiedDate":"2023-09-13"},{"lineNumber":16,"author":{"gitId":"NaychiMin"},"content":"    public static final String EVENT_TASK_END \u003d \"/to \";","lastModifiedDate":"2023-09-13"},{"lineNumber":17,"author":{"gitId":"NaychiMin"},"content":"","lastModifiedDate":"2023-09-13"},{"lineNumber":18,"author":{"gitId":"NaychiMin"},"content":"    //to echo after a new task is added","lastModifiedDate":"2023-09-13"},{"lineNumber":19,"author":{"gitId":"NaychiMin"},"content":"    public static void echo(Task task){","lastModifiedDate":"2023-09-13"},{"lineNumber":20,"author":{"gitId":"NaychiMin"},"content":"        System.out.printf((outputFormat) + \"%n\", \"New task added: \" + task.getDescription() + \"\\n\" +","lastModifiedDate":"2023-09-13"},{"lineNumber":21,"author":{"gitId":"NaychiMin"},"content":"                \"    Type \u0027list\u0027 to view all your tasks :D\");","lastModifiedDate":"2023-09-13"},{"lineNumber":22,"author":{"gitId":"NaychiMin"},"content":"    }","lastModifiedDate":"2023-09-13"},{"lineNumber":23,"author":{"gitId":"NaychiMin"},"content":"    //to echo after a task\u0027s status is changed","lastModifiedDate":"2023-09-13"},{"lineNumber":24,"author":{"gitId":"NaychiMin"},"content":"    public static void echo(Task task, boolean isDone){","lastModifiedDate":"2023-09-13"},{"lineNumber":25,"author":{"gitId":"NaychiMin"},"content":"        String output \u003d isDone ? \"Congrats! :D \" + \"Task marked as done: \" + task.getDescription() + \" [\" + task.getStatusIcon() + \"]\"","lastModifiedDate":"2023-09-13"},{"lineNumber":26,"author":{"gitId":"NaychiMin"},"content":"                : \"Oopsies!\" + \"Task unmarked: \" + task.getDescription() + \" [\" + task.getStatusIcon() + \"]\";","lastModifiedDate":"2023-09-13"},{"lineNumber":27,"author":{"gitId":"NaychiMin"},"content":"        System.out.printf(outputFormat + \"%n\", output);","lastModifiedDate":"2023-09-13"},{"lineNumber":28,"author":{"gitId":"NaychiMin"},"content":"    }","lastModifiedDate":"2023-09-13"},{"lineNumber":29,"author":{"gitId":"NaychiMin"},"content":"","lastModifiedDate":"2023-09-13"},{"lineNumber":30,"author":{"gitId":"NaychiMin"},"content":"    //to echo when LIST command is being used","lastModifiedDate":"2023-09-13"},{"lineNumber":31,"author":{"gitId":"NaychiMin"},"content":"    public static void echo(Task[] items){","lastModifiedDate":"2023-09-13"},{"lineNumber":32,"author":{"gitId":"NaychiMin"},"content":"        System.out.println(\"    ____________________________________________________________\");","lastModifiedDate":"2023-09-13"},{"lineNumber":33,"author":{"gitId":"NaychiMin"},"content":"        int index\u003d0;","lastModifiedDate":"2023-09-13"},{"lineNumber":34,"author":{"gitId":"NaychiMin"},"content":"        for(Task item : items){","lastModifiedDate":"2023-09-13"},{"lineNumber":35,"author":{"gitId":"NaychiMin"},"content":"            if((item !\u003d null)) {","lastModifiedDate":"2023-09-13"},{"lineNumber":36,"author":{"gitId":"NaychiMin"},"content":"                System.out.print(\"    \"+ ++index + \". \");","lastModifiedDate":"2023-09-13"},{"lineNumber":37,"author":{"gitId":"NaychiMin"},"content":"                System.out.println(item.toString());","lastModifiedDate":"2023-09-13"},{"lineNumber":38,"author":{"gitId":"NaychiMin"},"content":"            }","lastModifiedDate":"2023-09-13"},{"lineNumber":39,"author":{"gitId":"NaychiMin"},"content":"        }","lastModifiedDate":"2023-09-13"},{"lineNumber":40,"author":{"gitId":"NaychiMin"},"content":"        System.out.println(\"    ____________________________________________________________\");","lastModifiedDate":"2023-09-13"},{"lineNumber":41,"author":{"gitId":"NaychiMin"},"content":"    }","lastModifiedDate":"2023-09-13"},{"lineNumber":42,"author":{"gitId":"NaychiMin"},"content":"","lastModifiedDate":"2023-09-13"},{"lineNumber":43,"author":{"gitId":"NaychiMin"},"content":"    //The function \u0027addItems\u0027 is used to accept user\u0027s input and add it to their To Do list","lastModifiedDate":"2023-09-13"},{"lineNumber":44,"author":{"gitId":"NaychiMin"},"content":"    public static void addItems() {","lastModifiedDate":"2023-09-13"},{"lineNumber":45,"author":{"gitId":"NaychiMin"},"content":"        Scanner in \u003d new Scanner(System.in);","lastModifiedDate":"2023-09-13"},{"lineNumber":46,"author":{"gitId":"NaychiMin"},"content":"        String input \u003d \"\";","lastModifiedDate":"2023-09-13"},{"lineNumber":47,"author":{"gitId":"NaychiMin"},"content":"","lastModifiedDate":"2023-09-13"},{"lineNumber":48,"author":{"gitId":"NaychiMin"},"content":"        Task[] items \u003d new Task[100];","lastModifiedDate":"2023-09-13"},{"lineNumber":49,"author":{"gitId":"NaychiMin"},"content":"        int index \u003d 0;","lastModifiedDate":"2023-09-13"},{"lineNumber":50,"author":{"gitId":"NaychiMin"},"content":"        Task task \u003d null;","lastModifiedDate":"2023-09-13"},{"lineNumber":51,"author":{"gitId":"NaychiMin"},"content":"","lastModifiedDate":"2023-09-13"},{"lineNumber":52,"author":{"gitId":"NaychiMin"},"content":"        while(!(input \u003d in.nextLine()).equals(EXIT_BOT_COMMAND)){","lastModifiedDate":"2023-09-13"},{"lineNumber":53,"author":{"gitId":"NaychiMin"},"content":"            if(input.startsWith(MARK_TASK_COMMAND)) {","lastModifiedDate":"2023-09-13"},{"lineNumber":54,"author":{"gitId":"NaychiMin"},"content":"                task \u003d items[Integer.parseInt(input.substring(MARK_TASK_COMMAND.length())) - 1];","lastModifiedDate":"2023-09-13"},{"lineNumber":55,"author":{"gitId":"NaychiMin"},"content":"                task.setAsDone();","lastModifiedDate":"2023-09-13"},{"lineNumber":56,"author":{"gitId":"NaychiMin"},"content":"                echo(task, task.isDone);","lastModifiedDate":"2023-09-13"},{"lineNumber":57,"author":{"gitId":"NaychiMin"},"content":"            } else if(input.startsWith(UNMARK_TASK_COMMAND)) {","lastModifiedDate":"2023-09-13"},{"lineNumber":58,"author":{"gitId":"NaychiMin"},"content":"                task \u003d items[Integer.parseInt(input.substring(UNMARK_TASK_COMMAND.length())) - 1];","lastModifiedDate":"2023-09-13"},{"lineNumber":59,"author":{"gitId":"NaychiMin"},"content":"                task.setAsNotDone();","lastModifiedDate":"2023-09-13"},{"lineNumber":60,"author":{"gitId":"NaychiMin"},"content":"                echo(task, task.isDone);","lastModifiedDate":"2023-09-13"},{"lineNumber":61,"author":{"gitId":"NaychiMin"},"content":"            } else if(input.equals(LIST_TASK_COMMAND)){","lastModifiedDate":"2023-09-13"},{"lineNumber":62,"author":{"gitId":"NaychiMin"},"content":"                echo(items);","lastModifiedDate":"2023-09-13"},{"lineNumber":63,"author":{"gitId":"NaychiMin"},"content":"            }","lastModifiedDate":"2023-09-13"},{"lineNumber":64,"author":{"gitId":"NaychiMin"},"content":"            else {","lastModifiedDate":"2023-09-13"},{"lineNumber":65,"author":{"gitId":"NaychiMin"},"content":"                task \u003d addTaskByType(input);","lastModifiedDate":"2023-09-13"},{"lineNumber":66,"author":{"gitId":"NaychiMin"},"content":"                items[index++] \u003d task;","lastModifiedDate":"2023-09-13"},{"lineNumber":67,"author":{"gitId":"NaychiMin"},"content":"                echo(task);","lastModifiedDate":"2023-09-13"},{"lineNumber":68,"author":{"gitId":"NaychiMin"},"content":"            }","lastModifiedDate":"2023-09-13"},{"lineNumber":69,"author":{"gitId":"NaychiMin"},"content":"        }","lastModifiedDate":"2023-09-13"},{"lineNumber":70,"author":{"gitId":"NaychiMin"},"content":"        System.out.printf((outputFormat) + \"%n\", \"Goodbye \u003c3 have a great day ahead!\");","lastModifiedDate":"2023-09-13"},{"lineNumber":71,"author":{"gitId":"NaychiMin"},"content":"    }","lastModifiedDate":"2023-09-13"},{"lineNumber":72,"author":{"gitId":"NaychiMin"},"content":"","lastModifiedDate":"2023-09-13"},{"lineNumber":73,"author":{"gitId":"NaychiMin"},"content":"    // The function \u0027addTaskByType\u0027 is used to add an item into the task list by their task type","lastModifiedDate":"2023-09-13"},{"lineNumber":74,"author":{"gitId":"NaychiMin"},"content":"    public static Task addTaskByType(String input){","lastModifiedDate":"2023-09-13"},{"lineNumber":75,"author":{"gitId":"NaychiMin"},"content":"        Task task \u003d null;","lastModifiedDate":"2023-09-13"},{"lineNumber":76,"author":{"gitId":"NaychiMin"},"content":"        if(input.startsWith(TODO_TASK_COMMAND)) {","lastModifiedDate":"2023-09-13"},{"lineNumber":77,"author":{"gitId":"NaychiMin"},"content":"            task \u003d new ToDos(input.substring(TODO_TASK_COMMAND.length()));","lastModifiedDate":"2023-09-13"},{"lineNumber":78,"author":{"gitId":"NaychiMin"},"content":"        } else if(input.startsWith(DEADLINE_TASK_COMMAND)){","lastModifiedDate":"2023-09-13"},{"lineNumber":79,"author":{"gitId":"NaychiMin"},"content":"            int byIndex \u003d input.indexOf(DEADLINE_DATE_COMMAND);","lastModifiedDate":"2023-09-13"},{"lineNumber":80,"author":{"gitId":"NaychiMin"},"content":"            String description \u003d input.substring(DEADLINE_TASK_COMMAND.length(), byIndex).trim();","lastModifiedDate":"2023-09-13"},{"lineNumber":81,"author":{"gitId":"NaychiMin"},"content":"            String by \u003d input.substring(byIndex + DEADLINE_DATE_COMMAND.length()).trim();","lastModifiedDate":"2023-09-13"},{"lineNumber":82,"author":{"gitId":"NaychiMin"},"content":"            task \u003d new Deadline(description, by);","lastModifiedDate":"2023-09-13"},{"lineNumber":83,"author":{"gitId":"NaychiMin"},"content":"        } else if (input.startsWith(EVENT_TASK_COMMAND)) {","lastModifiedDate":"2023-09-13"},{"lineNumber":84,"author":{"gitId":"NaychiMin"},"content":"            int fromIndex \u003d input.indexOf(EVENT_TASK_START);","lastModifiedDate":"2023-09-13"},{"lineNumber":85,"author":{"gitId":"NaychiMin"},"content":"            int toIndex \u003d input.indexOf(EVENT_TASK_END);","lastModifiedDate":"2023-09-13"},{"lineNumber":86,"author":{"gitId":"NaychiMin"},"content":"            String description \u003d input.substring(EVENT_TASK_COMMAND.length(), fromIndex).trim();","lastModifiedDate":"2023-09-13"},{"lineNumber":87,"author":{"gitId":"NaychiMin"},"content":"            String from \u003d input.substring(fromIndex + EVENT_TASK_START.length(), toIndex).trim();","lastModifiedDate":"2023-09-13"},{"lineNumber":88,"author":{"gitId":"NaychiMin"},"content":"            String to \u003d input.substring(toIndex + EVENT_TASK_END.length()).trim();","lastModifiedDate":"2023-09-13"},{"lineNumber":89,"author":{"gitId":"NaychiMin"},"content":"            task \u003d new Event(description, from, to);","lastModifiedDate":"2023-09-13"},{"lineNumber":90,"author":{"gitId":"NaychiMin"},"content":"        } else{","lastModifiedDate":"2023-09-13"},{"lineNumber":91,"author":{"gitId":"NaychiMin"},"content":"            //throw exception","lastModifiedDate":"2023-09-13"},{"lineNumber":92,"author":{"gitId":"NaychiMin"},"content":"            System.out.println(\"oh nos wrong command\");","lastModifiedDate":"2023-09-13"},{"lineNumber":93,"author":{"gitId":"NaychiMin"},"content":"        }","lastModifiedDate":"2023-09-13"},{"lineNumber":94,"author":{"gitId":"NaychiMin"},"content":"        return task;","lastModifiedDate":"2023-09-13"},{"lineNumber":95,"author":{"gitId":"NaychiMin"},"content":"    }","lastModifiedDate":"2023-09-13"},{"lineNumber":96,"author":{"gitId":"NaychiMin"},"content":"","lastModifiedDate":"2023-09-13"},{"lineNumber":97,"author":{"gitId":"NaychiMin"},"content":"}","lastModifiedDate":"2023-09-13"}],"authorContributionMap":{"NaychiMin":97}},{"path":"src/main/java/ToDos.java","fileType":"java","lines":[{"lineNumber":1,"author":{"gitId":"NaychiMin"},"content":"public class ToDos extends Task{","lastModifiedDate":"2023-09-07"},{"lineNumber":2,"author":{"gitId":"NaychiMin"},"content":"","lastModifiedDate":"2023-09-07"},{"lineNumber":3,"author":{"gitId":"NaychiMin"},"content":"","lastModifiedDate":"2023-09-07"},{"lineNumber":4,"author":{"gitId":"NaychiMin"},"content":"    public ToDos(String description) {","lastModifiedDate":"2023-09-07"},{"lineNumber":5,"author":{"gitId":"NaychiMin"},"content":"        super(description);","lastModifiedDate":"2023-09-07"},{"lineNumber":6,"author":{"gitId":"NaychiMin"},"content":"        taskType \u003d \"T\";","lastModifiedDate":"2023-09-07"},{"lineNumber":7,"author":{"gitId":"NaychiMin"},"content":"    }","lastModifiedDate":"2023-09-07"},{"lineNumber":8,"author":{"gitId":"NaychiMin"},"content":"","lastModifiedDate":"2023-09-07"},{"lineNumber":9,"author":{"gitId":"NaychiMin"},"content":"    @Override","lastModifiedDate":"2023-09-07"},{"lineNumber":10,"author":{"gitId":"NaychiMin"},"content":"    public String toString() {","lastModifiedDate":"2023-09-07"},{"lineNumber":11,"author":{"gitId":"NaychiMin"},"content":"        return \"[\" + taskType + \"]\" + \"[\" + getStatusIcon() + \"] \" + description;","lastModifiedDate":"2023-09-07"},{"lineNumber":12,"author":{"gitId":"NaychiMin"},"content":"    }","lastModifiedDate":"2023-09-07"},{"lineNumber":13,"author":{"gitId":"NaychiMin"},"content":"}","lastModifiedDate":"2023-09-07"},{"lineNumber":14,"author":{"gitId":"NaychiMin"},"content":"","lastModifiedDate":"2023-09-07"}],"authorContributionMap":{"NaychiMin":14}},{"path":"src/main/java/Zran.java","fileType":"java","lines":[{"lineNumber":1,"author":{"gitId":"NaychiMin"},"content":"import java.util.Scanner;","lastModifiedDate":"2023-09-01"},{"lineNumber":2,"author":{"gitId":"NaychiMin"},"content":"","lastModifiedDate":"2023-09-01"},{"lineNumber":3,"author":{"gitId":"NaychiMin"},"content":"public class Zran {","lastModifiedDate":"2023-08-31"},{"lineNumber":4,"author":{"gitId":"NaychiMin"},"content":"    static String outputFormat \u003d \"    ____________________________________________________________\\n\" +","lastModifiedDate":"2023-09-01"},{"lineNumber":5,"author":{"gitId":"NaychiMin"},"content":"            \"    %s\\n    ____________________________________________________________\";","lastModifiedDate":"2023-09-01"},{"lineNumber":6,"author":{"gitId":"NaychiMin"},"content":"","lastModifiedDate":"2023-09-01"},{"lineNumber":7,"author":{"gitId":"NaychiMin"},"content":"    public static void main(String[] args) {","lastModifiedDate":"2023-08-31"},{"lineNumber":8,"author":{"gitId":"NaychiMin"},"content":"        System.out.printf((outputFormat) + \"%n\",","lastModifiedDate":"2023-09-01"},{"lineNumber":9,"author":{"gitId":"NaychiMin"},"content":"                \"hello! I\u0027m Zran, your personal assistant:)! \\n\" +","lastModifiedDate":"2023-09-01"},{"lineNumber":10,"author":{"gitId":"NaychiMin"},"content":"                \"    Type in your to dos for the day and press enter! \\n \" +","lastModifiedDate":"2023-09-01"},{"lineNumber":11,"author":{"gitId":"NaychiMin"},"content":"                \"   Type \u0027list\u0027 to view your ,to do list. \\n \" +","lastModifiedDate":"2023-09-13"},{"lineNumber":12,"author":{"gitId":"NaychiMin"},"content":"                \"   Type \u0027bye\u0027 to end my service. \\n\" +","lastModifiedDate":"2023-09-01"},{"lineNumber":13,"author":{"gitId":"NaychiMin"},"content":"                \"    Type \u0027mark\u0027 followed by item number to mark item as done. \\n\" +","lastModifiedDate":"2023-09-01"},{"lineNumber":14,"author":{"gitId":"NaychiMin"},"content":"                \"    Type \u0027unmark\u0027 followed by item number to unmark the item.\" );","lastModifiedDate":"2023-09-01"},{"lineNumber":15,"author":{"gitId":"NaychiMin"},"content":"        TaskItems.addItems();","lastModifiedDate":"2023-09-13"},{"lineNumber":16,"author":{"gitId":"NaychiMin"},"content":"    }","lastModifiedDate":"2023-09-07"},{"lineNumber":17,"author":{"gitId":"NaychiMin"},"content":"","lastModifiedDate":"2023-09-07"},{"lineNumber":18,"author":{"gitId":"NaychiMin"},"content":"}","lastModifiedDate":"2023-08-31"}],"authorContributionMap":{"NaychiMin":18}}]
