{"authorDailyContributionsMap":{"NaychiMin":[{"date":"2023-08-31","commitResults":[{"hash":"28dad9f9ca1580881e21e45b4dda6c6bbb1c8ca2","isMergeCommit":false,"messageTitle":"Rename file from \u0027Duke.java\u0027 to \u0027Zran.java\u0027","messageBody":"","tags":["Level-0"],"fileTypesAndContributionMap":{"java":{"insertions":10,"deletions":10}}}]},{"date":"2023-09-01","commitResults":[{"hash":"b7031b081fd8178e0cb9a0771467ba8dcfb3533e","isMergeCommit":false,"messageTitle":"Add a new function \u0027echo\u0027","messageBody":"The function echos inputs entered by the user and exits when the user inputs \u0027bye\u0027.\n","tags":["Level-1"],"fileTypesAndContributionMap":{"java":{"insertions":20,"deletions":6}}},{"hash":"2fa2fd0946d98f7bcf403c2dbd1ba9e6a49699e9","isMergeCommit":false,"messageTitle":"Add new function \u0027addItems\u0027","messageBody":"This function accepts user\u0027s input and adds it to a To Do list.\n","tags":["Level-2"],"fileTypesAndContributionMap":{"java":{"insertions":36,"deletions":11}}},{"hash":"49083ed48ece7fc4ee2099820878495fdb5d3988","isMergeCommit":false,"messageTitle":"Add a new class named Task and modify existing functions to enable users to mark and unmark their tasks.","messageBody":"The class is used to manage each item the user inputs.\n","tags":["Level-3"],"fileTypesAndContributionMap":{"java":{"insertions":43,"deletions":10}}},{"hash":"d9e98bb6a017f7dc489263d34aa35f9e3f7b856f","isMergeCommit":false,"messageTitle":"Add functions \u0027markAsDone()\u0027 and \u0027unmarkTask()\u0027 in Task.java","messageBody":"","fileTypesAndContributionMap":{"java":{"insertions":10,"deletions":2}}}]},{"date":"2023-09-07","commitResults":[{"hash":"d619fdd950402b4342dd2d37ca344755c3271fe3","isMergeCommit":false,"messageTitle":"Add \u0027ToDo\u0027 class, \u0027Event\u0027 class and \u0027Deadline\u0027 class","messageBody":"","tags":["Level-4"],"fileTypesAndContributionMap":{"java":{"insertions":85,"deletions":3}}}]},{"date":"2023-09-13","commitResults":[{"hash":"1b8b9ec8a1041fe327481dc9103c0e4fdde7be88","isMergeCommit":false,"messageTitle":"Add a new class \u0027TaskItems\u0027.","messageBody":"\u0027TaskItems\u0027 manages the lists of tasks including adding in of tasks and setting of task status.\nReplace magic numbers with constants.\n","tags":["A-CodeQuality"],"fileTypesAndContributionMap":{"java":{"insertions":104,"deletions":81}}}]}]},"authorFileTypeContributionMap":{"NaychiMin":{"java":195,"md":0,"fxml":0,"sh":0,"bat":0,"gradle":0,"txt":0}},"authorContributionVariance":{"NaychiMin":2019.7393},"authorDisplayNameMap":{"NaychiMin":"CS2113-T17-2 SAUN.. MIN"}}
