[{"path":"src/main/java/Task.java","fileType":"java","lines":[{"lineNumber":1,"author":{"gitId":"StevenGX12"},"content":"public class Task {","lastModifiedDate":"2023-08-28"},{"lineNumber":2,"author":{"gitId":"StevenGX12"},"content":"    private String taskName;","lastModifiedDate":"2023-08-28"},{"lineNumber":3,"author":{"gitId":"StevenGX12"},"content":"    private boolean isDone;","lastModifiedDate":"2023-08-28"},{"lineNumber":4,"author":{"gitId":"StevenGX12"},"content":"","lastModifiedDate":"2023-08-28"},{"lineNumber":5,"author":{"gitId":"StevenGX12"},"content":"    public Task(String taskName) {","lastModifiedDate":"2023-08-28"},{"lineNumber":6,"author":{"gitId":"StevenGX12"},"content":"        this.taskName \u003d taskName;","lastModifiedDate":"2023-08-28"},{"lineNumber":7,"author":{"gitId":"StevenGX12"},"content":"        this.isDone \u003d false;","lastModifiedDate":"2023-08-28"},{"lineNumber":8,"author":{"gitId":"StevenGX12"},"content":"    }","lastModifiedDate":"2023-08-28"},{"lineNumber":9,"author":{"gitId":"StevenGX12"},"content":"","lastModifiedDate":"2023-08-28"},{"lineNumber":10,"author":{"gitId":"StevenGX12"},"content":"    public String getTaskName() {","lastModifiedDate":"2023-08-28"},{"lineNumber":11,"author":{"gitId":"StevenGX12"},"content":"        return taskName;","lastModifiedDate":"2023-08-28"},{"lineNumber":12,"author":{"gitId":"StevenGX12"},"content":"    }","lastModifiedDate":"2023-08-28"},{"lineNumber":13,"author":{"gitId":"StevenGX12"},"content":"","lastModifiedDate":"2023-08-28"},{"lineNumber":14,"author":{"gitId":"StevenGX12"},"content":"    public boolean getIsDone() {","lastModifiedDate":"2023-08-28"},{"lineNumber":15,"author":{"gitId":"StevenGX12"},"content":"        return isDone;","lastModifiedDate":"2023-08-28"},{"lineNumber":16,"author":{"gitId":"StevenGX12"},"content":"    }","lastModifiedDate":"2023-08-28"},{"lineNumber":17,"author":{"gitId":"StevenGX12"},"content":"","lastModifiedDate":"2023-08-28"},{"lineNumber":18,"author":{"gitId":"StevenGX12"},"content":"    public void markAsDone() {","lastModifiedDate":"2023-08-28"},{"lineNumber":19,"author":{"gitId":"StevenGX12"},"content":"        isDone \u003d true;","lastModifiedDate":"2023-08-28"},{"lineNumber":20,"author":{"gitId":"StevenGX12"},"content":"    }","lastModifiedDate":"2023-08-28"},{"lineNumber":21,"author":{"gitId":"StevenGX12"},"content":"","lastModifiedDate":"2023-08-28"},{"lineNumber":22,"author":{"gitId":"StevenGX12"},"content":"    public void unmarkAsDone() {","lastModifiedDate":"2023-08-28"},{"lineNumber":23,"author":{"gitId":"StevenGX12"},"content":"        isDone \u003d false;","lastModifiedDate":"2023-08-28"},{"lineNumber":24,"author":{"gitId":"StevenGX12"},"content":"    }","lastModifiedDate":"2023-08-28"},{"lineNumber":25,"author":{"gitId":"StevenGX12"},"content":"","lastModifiedDate":"2023-08-28"},{"lineNumber":26,"author":{"gitId":"StevenGX12"},"content":"    public String toString() {","lastModifiedDate":"2023-08-28"},{"lineNumber":27,"author":{"gitId":"StevenGX12"},"content":"        String statusIcon \u003d isDone ? \"X\" : \" \";","lastModifiedDate":"2023-08-28"},{"lineNumber":28,"author":{"gitId":"StevenGX12"},"content":"        return \"[\" + statusIcon + \"] \" + taskName;","lastModifiedDate":"2023-08-28"},{"lineNumber":29,"author":{"gitId":"StevenGX12"},"content":"    }","lastModifiedDate":"2023-08-28"},{"lineNumber":30,"author":{"gitId":"StevenGX12"},"content":"    ","lastModifiedDate":"2023-08-28"},{"lineNumber":31,"author":{"gitId":"StevenGX12"},"content":"}","lastModifiedDate":"2023-08-28"}],"authorContributionMap":{"StevenGX12":31}},{"path":"src/main/java/TaskList.java","fileType":"java","lines":[{"lineNumber":1,"author":{"gitId":"StevenGX12"},"content":"public class TaskList {","lastModifiedDate":"2023-08-28"},{"lineNumber":2,"author":{"gitId":"StevenGX12"},"content":"    private Task[] taskList;","lastModifiedDate":"2023-08-28"},{"lineNumber":3,"author":{"gitId":"StevenGX12"},"content":"    private int taskCount;","lastModifiedDate":"2023-08-28"},{"lineNumber":4,"author":{"gitId":"StevenGX12"},"content":"","lastModifiedDate":"2023-08-28"},{"lineNumber":5,"author":{"gitId":"StevenGX12"},"content":"    public TaskList() {","lastModifiedDate":"2023-08-28"},{"lineNumber":6,"author":{"gitId":"StevenGX12"},"content":"        this.taskList \u003d new Task[100];","lastModifiedDate":"2023-08-28"},{"lineNumber":7,"author":{"gitId":"StevenGX12"},"content":"        this.taskCount \u003d 0;","lastModifiedDate":"2023-08-28"},{"lineNumber":8,"author":{"gitId":"StevenGX12"},"content":"    }","lastModifiedDate":"2023-08-28"},{"lineNumber":9,"author":{"gitId":"StevenGX12"},"content":"","lastModifiedDate":"2023-08-28"},{"lineNumber":10,"author":{"gitId":"StevenGX12"},"content":"    public void addTask(String taskName) {","lastModifiedDate":"2023-08-28"},{"lineNumber":11,"author":{"gitId":"StevenGX12"},"content":"        Task newTask \u003d new Task(taskName);","lastModifiedDate":"2023-08-28"},{"lineNumber":12,"author":{"gitId":"StevenGX12"},"content":"        taskList[taskCount] \u003d newTask;","lastModifiedDate":"2023-08-28"},{"lineNumber":13,"author":{"gitId":"StevenGX12"},"content":"        taskCount++;","lastModifiedDate":"2023-08-28"},{"lineNumber":14,"author":{"gitId":"StevenGX12"},"content":"    }","lastModifiedDate":"2023-08-28"},{"lineNumber":15,"author":{"gitId":"StevenGX12"},"content":"","lastModifiedDate":"2023-08-28"},{"lineNumber":16,"author":{"gitId":"StevenGX12"},"content":"    public String[] getTasks() {","lastModifiedDate":"2023-08-28"},{"lineNumber":17,"author":{"gitId":"StevenGX12"},"content":"        String[] tasks \u003d new String[taskCount];","lastModifiedDate":"2023-08-28"},{"lineNumber":18,"author":{"gitId":"StevenGX12"},"content":"        for (int i \u003d 0; i \u003c taskCount; i++) {","lastModifiedDate":"2023-08-28"},{"lineNumber":19,"author":{"gitId":"StevenGX12"},"content":"            tasks[i] \u003d taskList[i].toString();","lastModifiedDate":"2023-08-28"},{"lineNumber":20,"author":{"gitId":"StevenGX12"},"content":"        }","lastModifiedDate":"2023-08-28"},{"lineNumber":21,"author":{"gitId":"StevenGX12"},"content":"        return tasks;","lastModifiedDate":"2023-08-28"},{"lineNumber":22,"author":{"gitId":"StevenGX12"},"content":"    }","lastModifiedDate":"2023-08-28"},{"lineNumber":23,"author":{"gitId":"StevenGX12"},"content":"","lastModifiedDate":"2023-08-28"},{"lineNumber":24,"author":{"gitId":"StevenGX12"},"content":"    public void markTaskAsDone(int taskNumber) {","lastModifiedDate":"2023-08-28"},{"lineNumber":25,"author":{"gitId":"StevenGX12"},"content":"        taskList[taskNumber - 1].markAsDone();","lastModifiedDate":"2023-08-28"},{"lineNumber":26,"author":{"gitId":"StevenGX12"},"content":"    }   ","lastModifiedDate":"2023-08-28"},{"lineNumber":27,"author":{"gitId":"StevenGX12"},"content":"","lastModifiedDate":"2023-08-28"},{"lineNumber":28,"author":{"gitId":"StevenGX12"},"content":"    public void unmarkTaskAsDone(int taskNumber) {","lastModifiedDate":"2023-08-28"},{"lineNumber":29,"author":{"gitId":"StevenGX12"},"content":"        taskList[taskNumber - 1].unmarkAsDone();","lastModifiedDate":"2023-08-28"},{"lineNumber":30,"author":{"gitId":"StevenGX12"},"content":"    }","lastModifiedDate":"2023-08-28"},{"lineNumber":31,"author":{"gitId":"StevenGX12"},"content":"","lastModifiedDate":"2023-08-28"},{"lineNumber":32,"author":{"gitId":"StevenGX12"},"content":"    public void deleteTask(int taskNumber) {","lastModifiedDate":"2023-08-28"},{"lineNumber":33,"author":{"gitId":"StevenGX12"},"content":"        taskList[taskNumber - 1] \u003d null;","lastModifiedDate":"2023-08-28"},{"lineNumber":34,"author":{"gitId":"StevenGX12"},"content":"        for (int i \u003d taskNumber - 1; i \u003c taskCount - 1; i++) {","lastModifiedDate":"2023-08-28"},{"lineNumber":35,"author":{"gitId":"StevenGX12"},"content":"            taskList[i] \u003d taskList[i + 1];","lastModifiedDate":"2023-08-28"},{"lineNumber":36,"author":{"gitId":"StevenGX12"},"content":"        }","lastModifiedDate":"2023-08-28"},{"lineNumber":37,"author":{"gitId":"StevenGX12"},"content":"        taskCount--;","lastModifiedDate":"2023-08-28"},{"lineNumber":38,"author":{"gitId":"StevenGX12"},"content":"    }","lastModifiedDate":"2023-08-28"},{"lineNumber":39,"author":{"gitId":"StevenGX12"},"content":"","lastModifiedDate":"2023-08-28"},{"lineNumber":40,"author":{"gitId":"StevenGX12"},"content":"    public String[] findTasks(String keyword) {","lastModifiedDate":"2023-08-28"},{"lineNumber":41,"author":{"gitId":"StevenGX12"},"content":"        String[] tasks \u003d new String[taskCount];","lastModifiedDate":"2023-08-28"},{"lineNumber":42,"author":{"gitId":"StevenGX12"},"content":"        int taskIndex \u003d 0;","lastModifiedDate":"2023-08-28"},{"lineNumber":43,"author":{"gitId":"StevenGX12"},"content":"        for (int i \u003d 0; i \u003c taskCount; i++) {","lastModifiedDate":"2023-08-28"},{"lineNumber":44,"author":{"gitId":"StevenGX12"},"content":"            if (taskList[i].getTaskName().contains(keyword)) {","lastModifiedDate":"2023-08-28"},{"lineNumber":45,"author":{"gitId":"StevenGX12"},"content":"                tasks[taskIndex] \u003d taskList[i].toString();","lastModifiedDate":"2023-08-28"},{"lineNumber":46,"author":{"gitId":"StevenGX12"},"content":"                taskIndex++;","lastModifiedDate":"2023-08-28"},{"lineNumber":47,"author":{"gitId":"StevenGX12"},"content":"            }","lastModifiedDate":"2023-08-28"},{"lineNumber":48,"author":{"gitId":"StevenGX12"},"content":"        }","lastModifiedDate":"2023-08-28"},{"lineNumber":49,"author":{"gitId":"StevenGX12"},"content":"        return tasks;","lastModifiedDate":"2023-08-28"},{"lineNumber":50,"author":{"gitId":"StevenGX12"},"content":"    }","lastModifiedDate":"2023-08-28"},{"lineNumber":51,"author":{"gitId":"StevenGX12"},"content":"","lastModifiedDate":"2023-08-28"},{"lineNumber":52,"author":{"gitId":"StevenGX12"},"content":"}","lastModifiedDate":"2023-08-28"}],"authorContributionMap":{"StevenGX12":52}},{"path":"src/main/java/UserInput.java","fileType":"java","lines":[{"lineNumber":1,"author":{"gitId":"StevenGX12"},"content":"import java.util.Scanner;","lastModifiedDate":"2023-08-27"},{"lineNumber":2,"author":{"gitId":"StevenGX12"},"content":"public class UserInput {","lastModifiedDate":"2023-08-27"},{"lineNumber":3,"author":{"gitId":"StevenGX12"},"content":"    public static String[] getUserInput() {","lastModifiedDate":"2023-08-28"},{"lineNumber":4,"author":{"gitId":"StevenGX12"},"content":"        Scanner sc \u003d new Scanner(System.in);","lastModifiedDate":"2023-08-27"},{"lineNumber":5,"author":{"gitId":"StevenGX12"},"content":"        String userInput \u003d sc.nextLine();","lastModifiedDate":"2023-08-27"},{"lineNumber":6,"author":{"gitId":"StevenGX12"},"content":"        return userInput.split(\" \");","lastModifiedDate":"2023-08-28"},{"lineNumber":7,"author":{"gitId":"StevenGX12"},"content":"    }","lastModifiedDate":"2023-08-27"},{"lineNumber":8,"author":{"gitId":"StevenGX12"},"content":"}","lastModifiedDate":"2023-08-27"}],"authorContributionMap":{"StevenGX12":8}},{"path":"src/main/java/commandResponse.java","fileType":"java","lines":[{"lineNumber":1,"author":{"gitId":"StevenGX12"},"content":"","lastModifiedDate":"2023-08-27"},{"lineNumber":2,"author":{"gitId":"StevenGX12"},"content":"public class commandResponse {","lastModifiedDate":"2023-08-27"},{"lineNumber":3,"author":{"gitId":"StevenGX12"},"content":"    public static void respond(String[] userInput) {","lastModifiedDate":"2023-08-28"},{"lineNumber":4,"author":{"gitId":"StevenGX12"},"content":"        String line \u003d \"____________________________________________________________\\n\";","lastModifiedDate":"2023-08-27"},{"lineNumber":5,"author":{"gitId":"StevenGX12"},"content":"        switch (userInput[0]) {","lastModifiedDate":"2023-08-28"},{"lineNumber":6,"author":{"gitId":"StevenGX12"},"content":"        case \"bye\":","lastModifiedDate":"2023-08-28"},{"lineNumber":7,"author":{"gitId":"StevenGX12"},"content":"            System.out.println(line + \"\\nBye. Hope to see you again soon!\\n\" + line);","lastModifiedDate":"2023-08-28"},{"lineNumber":8,"author":{"gitId":"StevenGX12"},"content":"            notChatGPT.isRunning \u003d false;","lastModifiedDate":"2023-08-27"},{"lineNumber":9,"author":{"gitId":"StevenGX12"},"content":"            break;","lastModifiedDate":"2023-08-28"},{"lineNumber":10,"author":{"gitId":"StevenGX12"},"content":"        case \"list\":","lastModifiedDate":"2023-08-28"},{"lineNumber":11,"author":{"gitId":"StevenGX12"},"content":"            System.out.println(line + \"Here are the tasks in your list:\\n\");","lastModifiedDate":"2023-08-28"},{"lineNumber":12,"author":{"gitId":"StevenGX12"},"content":"            String[] tasks \u003d notChatGPT.taskList.getTasks();","lastModifiedDate":"2023-08-28"},{"lineNumber":13,"author":{"gitId":"StevenGX12"},"content":"            for (int i \u003d 0; i \u003c tasks.length; i++) {","lastModifiedDate":"2023-08-28"},{"lineNumber":14,"author":{"gitId":"StevenGX12"},"content":"                if (tasks[i] !\u003d null) {","lastModifiedDate":"2023-08-28"},{"lineNumber":15,"author":{"gitId":"StevenGX12"},"content":"                    System.out.println((i + 1) + \". \" + tasks[i]);","lastModifiedDate":"2023-08-28"},{"lineNumber":16,"author":{"gitId":"StevenGX12"},"content":"                }","lastModifiedDate":"2023-08-27"},{"lineNumber":17,"author":{"gitId":"StevenGX12"},"content":"            }","lastModifiedDate":"2023-08-27"},{"lineNumber":18,"author":{"gitId":"StevenGX12"},"content":"            System.out.println(line);","lastModifiedDate":"2023-08-28"},{"lineNumber":19,"author":{"gitId":"StevenGX12"},"content":"            break;","lastModifiedDate":"2023-08-28"},{"lineNumber":20,"author":{"gitId":"StevenGX12"},"content":"        case \"mark\":","lastModifiedDate":"2023-08-28"},{"lineNumber":21,"author":{"gitId":"StevenGX12"},"content":"            notChatGPT.taskList.markTaskAsDone(Integer.parseInt(userInput[1]));","lastModifiedDate":"2023-08-28"},{"lineNumber":22,"author":{"gitId":"StevenGX12"},"content":"            System.out.println(line + \"\\nNice! I\u0027ve marked this task as done:\\n\");","lastModifiedDate":"2023-08-28"},{"lineNumber":23,"author":{"gitId":"StevenGX12"},"content":"            System.out.println(notChatGPT.taskList.getTasks()[Integer.parseInt(userInput[1]) - 1] + \"\\n\" + line);","lastModifiedDate":"2023-08-28"},{"lineNumber":24,"author":{"gitId":"StevenGX12"},"content":"            break;","lastModifiedDate":"2023-08-28"},{"lineNumber":25,"author":{"gitId":"StevenGX12"},"content":"        case \"unmark\":","lastModifiedDate":"2023-08-28"},{"lineNumber":26,"author":{"gitId":"StevenGX12"},"content":"            notChatGPT.taskList.unmarkTaskAsDone(Integer.parseInt(userInput[1]));","lastModifiedDate":"2023-08-28"},{"lineNumber":27,"author":{"gitId":"StevenGX12"},"content":"            System.out.println(line + \"\\nAight! I\u0027ve marked this task as not done yet.\\n\");","lastModifiedDate":"2023-08-28"},{"lineNumber":28,"author":{"gitId":"StevenGX12"},"content":"            System.out.println(notChatGPT.taskList.getTasks()[Integer.parseInt(userInput[1]) - 1] + \"\\n\" + line);","lastModifiedDate":"2023-08-28"},{"lineNumber":29,"author":{"gitId":"StevenGX12"},"content":"            break;    ","lastModifiedDate":"2023-08-28"},{"lineNumber":30,"author":{"gitId":"StevenGX12"},"content":"        default:","lastModifiedDate":"2023-08-28"},{"lineNumber":31,"author":{"gitId":"StevenGX12"},"content":"            String taskName \u003d String.join(\" \", userInput);","lastModifiedDate":"2023-08-28"},{"lineNumber":32,"author":{"gitId":"StevenGX12"},"content":"            System.out.println(line + \"\\n\" + \"added: \" + taskName + \"\\n\" + line);","lastModifiedDate":"2023-08-28"},{"lineNumber":33,"author":{"gitId":"StevenGX12"},"content":"            notChatGPT.taskList.addTask(taskName);","lastModifiedDate":"2023-08-28"},{"lineNumber":34,"author":{"gitId":"StevenGX12"},"content":"            break;","lastModifiedDate":"2023-08-28"},{"lineNumber":35,"author":{"gitId":"StevenGX12"},"content":"        }","lastModifiedDate":"2023-08-28"},{"lineNumber":36,"author":{"gitId":"StevenGX12"},"content":"","lastModifiedDate":"2023-08-28"},{"lineNumber":37,"author":{"gitId":"StevenGX12"},"content":"    }","lastModifiedDate":"2023-08-28"},{"lineNumber":38,"author":{"gitId":"StevenGX12"},"content":"}","lastModifiedDate":"2023-08-27"}],"authorContributionMap":{"StevenGX12":38}},{"path":"src/main/java/introMessage.java","fileType":"java","lines":[{"lineNumber":1,"author":{"gitId":"StevenGX12"},"content":"public class introMessage {","lastModifiedDate":"2023-08-23"},{"lineNumber":2,"author":{"gitId":"StevenGX12"},"content":"    public static void displayIntroMessage() {","lastModifiedDate":"2023-08-23"},{"lineNumber":3,"author":{"gitId":"StevenGX12"},"content":"        String line \u003d \"____________________________________________________________\\n\";","lastModifiedDate":"2023-08-23"},{"lineNumber":4,"author":{"gitId":"StevenGX12"},"content":"        System.out.println(line ","lastModifiedDate":"2023-08-23"},{"lineNumber":5,"author":{"gitId":"StevenGX12"},"content":"        + \"\\n\" ","lastModifiedDate":"2023-08-27"},{"lineNumber":6,"author":{"gitId":"StevenGX12"},"content":"        + \"Hello! I\u0027m notChatGPT :)\\n\" ","lastModifiedDate":"2023-08-23"},{"lineNumber":7,"author":{"gitId":"StevenGX12"},"content":"        + \"What can I do for you?\\n\"","lastModifiedDate":"2023-08-23"},{"lineNumber":8,"author":{"gitId":"StevenGX12"},"content":"        + line);","lastModifiedDate":"2023-08-27"},{"lineNumber":9,"author":{"gitId":"StevenGX12"},"content":"    }","lastModifiedDate":"2023-08-23"},{"lineNumber":10,"author":{"gitId":"StevenGX12"},"content":"}","lastModifiedDate":"2023-08-23"}],"authorContributionMap":{"StevenGX12":10}},{"path":"src/main/java/notChatGPT.java","fileType":"java","lines":[{"lineNumber":1,"author":{"gitId":"StevenGX12"},"content":"public class notChatGPT {","lastModifiedDate":"2023-08-23"},{"lineNumber":2,"author":{"gitId":"StevenGX12"},"content":"    public static boolean isRunning;","lastModifiedDate":"2023-08-27"},{"lineNumber":3,"author":{"gitId":"StevenGX12"},"content":"    public static TaskList taskList \u003d new TaskList();","lastModifiedDate":"2023-08-28"},{"lineNumber":4,"author":{"gitId":"StevenGX12"},"content":"","lastModifiedDate":"2023-08-27"},{"lineNumber":5,"author":{"gitId":"StevenGX12"},"content":"    public static void main(String[] args) {","lastModifiedDate":"2023-08-23"},{"lineNumber":6,"author":{"gitId":"StevenGX12"},"content":"        isRunning \u003d true;","lastModifiedDate":"2023-08-27"},{"lineNumber":7,"author":{"gitId":"StevenGX12"},"content":"        introMessage.displayIntroMessage();","lastModifiedDate":"2023-08-23"},{"lineNumber":8,"author":{"gitId":"StevenGX12"},"content":"        while (isRunning) {","lastModifiedDate":"2023-08-27"},{"lineNumber":9,"author":{"gitId":"StevenGX12"},"content":"            String[] userInput \u003d UserInput.getUserInput();","lastModifiedDate":"2023-08-28"},{"lineNumber":10,"author":{"gitId":"StevenGX12"},"content":"            commandResponse.respond(userInput);","lastModifiedDate":"2023-08-27"},{"lineNumber":11,"author":{"gitId":"StevenGX12"},"content":"        }","lastModifiedDate":"2023-08-27"},{"lineNumber":12,"author":{"gitId":"StevenGX12"},"content":"    }","lastModifiedDate":"2023-08-23"},{"lineNumber":13,"author":{"gitId":"StevenGX12"},"content":"}","lastModifiedDate":"2023-08-23"}],"authorContributionMap":{"StevenGX12":13}}]
