[{"path":"src/main/java/notGPT/NotChatGPT.java","fileType":"java","lines":[{"lineNumber":1,"author":{"gitId":"StevenGX12"},"content":"package notGPT;","lastModifiedDate":"2023-09-15"},{"lineNumber":2,"author":{"gitId":"StevenGX12"},"content":"","lastModifiedDate":"2023-09-15"},{"lineNumber":3,"author":{"gitId":"StevenGX12"},"content":"import notGPT.task.TaskList;","lastModifiedDate":"2023-09-15"},{"lineNumber":4,"author":{"gitId":"StevenGX12"},"content":"import notGPT.commands.IntroMessage;","lastModifiedDate":"2023-09-15"},{"lineNumber":5,"author":{"gitId":"StevenGX12"},"content":"import notGPT.commands.CommandResponse;  ","lastModifiedDate":"2023-09-15"},{"lineNumber":6,"author":{"gitId":"StevenGX12"},"content":"import notGPT.commands.UserInput;","lastModifiedDate":"2023-09-15"},{"lineNumber":7,"author":{"gitId":"StevenGX12"},"content":"","lastModifiedDate":"2023-09-15"},{"lineNumber":8,"author":{"gitId":"StevenGX12"},"content":"public class NotChatGPT {","lastModifiedDate":"2023-09-10"},{"lineNumber":9,"author":{"gitId":"StevenGX12"},"content":"    public static boolean isRunning;","lastModifiedDate":"2023-08-27"},{"lineNumber":10,"author":{"gitId":"StevenGX12"},"content":"    public static TaskList taskList \u003d new TaskList();","lastModifiedDate":"2023-08-28"},{"lineNumber":11,"author":{"gitId":"StevenGX12"},"content":"","lastModifiedDate":"2023-08-27"},{"lineNumber":12,"author":{"gitId":"StevenGX12"},"content":"    public static void main(String[] args) {","lastModifiedDate":"2023-08-23"},{"lineNumber":13,"author":{"gitId":"StevenGX12"},"content":"        isRunning \u003d true;","lastModifiedDate":"2023-08-27"},{"lineNumber":14,"author":{"gitId":"StevenGX12"},"content":"        IntroMessage.displayIntroMessage();","lastModifiedDate":"2023-09-10"},{"lineNumber":15,"author":{"gitId":"StevenGX12"},"content":"        while (isRunning) {","lastModifiedDate":"2023-08-27"},{"lineNumber":16,"author":{"gitId":"StevenGX12"},"content":"            String[] userInput \u003d UserInput.getUserInput();","lastModifiedDate":"2023-08-28"},{"lineNumber":17,"author":{"gitId":"StevenGX12"},"content":"            CommandResponse.respond(userInput);","lastModifiedDate":"2023-09-10"},{"lineNumber":18,"author":{"gitId":"StevenGX12"},"content":"        }","lastModifiedDate":"2023-08-27"},{"lineNumber":19,"author":{"gitId":"StevenGX12"},"content":"    }","lastModifiedDate":"2023-08-23"},{"lineNumber":20,"author":{"gitId":"StevenGX12"},"content":"}","lastModifiedDate":"2023-08-23"}],"authorContributionMap":{"StevenGX12":20}},{"path":"src/main/java/notGPT/commands/CommandResponse.java","fileType":"java","lines":[{"lineNumber":1,"author":{"gitId":"StevenGX12"},"content":"package notGPT.commands;","lastModifiedDate":"2023-09-15"},{"lineNumber":2,"author":{"gitId":"StevenGX12"},"content":"","lastModifiedDate":"2023-09-15"},{"lineNumber":3,"author":{"gitId":"StevenGX12"},"content":"import java.util.Arrays;","lastModifiedDate":"2023-09-10"},{"lineNumber":4,"author":{"gitId":"StevenGX12"},"content":"import notGPT.NotChatGPT;","lastModifiedDate":"2023-09-15"},{"lineNumber":5,"author":{"gitId":"StevenGX12"},"content":"import notGPT.exception.NotChatGPTExceptions;","lastModifiedDate":"2023-09-15"},{"lineNumber":6,"author":{"gitId":"StevenGX12"},"content":"","lastModifiedDate":"2023-08-27"},{"lineNumber":7,"author":{"gitId":"StevenGX12"},"content":"public class CommandResponse {","lastModifiedDate":"2023-09-10"},{"lineNumber":8,"author":{"gitId":"StevenGX12"},"content":"    private static final String line \u003d \"____________________________________________________________\\n\";","lastModifiedDate":"2023-09-10"},{"lineNumber":9,"author":{"gitId":"StevenGX12"},"content":"","lastModifiedDate":"2023-09-10"},{"lineNumber":10,"author":{"gitId":"StevenGX12"},"content":"    public static void handleBye() {","lastModifiedDate":"2023-09-10"},{"lineNumber":11,"author":{"gitId":"StevenGX12"},"content":"        System.out.println(line + \"\\nBye Broski! Thank you for choosing notChatGPT :)\\n\" + line);","lastModifiedDate":"2023-09-10"},{"lineNumber":12,"author":{"gitId":"StevenGX12"},"content":"        NotChatGPT.isRunning \u003d false;","lastModifiedDate":"2023-09-10"},{"lineNumber":13,"author":{"gitId":"StevenGX12"},"content":"    }","lastModifiedDate":"2023-09-10"},{"lineNumber":14,"author":{"gitId":"StevenGX12"},"content":"","lastModifiedDate":"2023-09-10"},{"lineNumber":15,"author":{"gitId":"StevenGX12"},"content":"    public static void handleList() {","lastModifiedDate":"2023-09-10"},{"lineNumber":16,"author":{"gitId":"StevenGX12"},"content":"        System.out.println(line + \"\\nHere are the tasks in your list:\\n\");","lastModifiedDate":"2023-09-10"},{"lineNumber":17,"author":{"gitId":"StevenGX12"},"content":"        String[] tasks \u003d NotChatGPT.taskList.getTasks();","lastModifiedDate":"2023-09-10"},{"lineNumber":18,"author":{"gitId":"StevenGX12"},"content":"        for (int i \u003d 0; i \u003c tasks.length; i++) {","lastModifiedDate":"2023-08-28"},{"lineNumber":19,"author":{"gitId":"StevenGX12"},"content":"            if (tasks[i] !\u003d null) {","lastModifiedDate":"2023-08-28"},{"lineNumber":20,"author":{"gitId":"StevenGX12"},"content":"                System.out.println((i + 1) + \". \" + tasks[i]);","lastModifiedDate":"2023-08-28"},{"lineNumber":21,"author":{"gitId":"StevenGX12"},"content":"            }","lastModifiedDate":"2023-08-27"},{"lineNumber":22,"author":{"gitId":"StevenGX12"},"content":"        }","lastModifiedDate":"2023-08-27"},{"lineNumber":23,"author":{"gitId":"StevenGX12"},"content":"        System.out.println(line);","lastModifiedDate":"2023-08-28"},{"lineNumber":24,"author":{"gitId":"StevenGX12"},"content":"    }","lastModifiedDate":"2023-09-10"},{"lineNumber":25,"author":{"gitId":"StevenGX12"},"content":"","lastModifiedDate":"2023-09-10"},{"lineNumber":26,"author":{"gitId":"StevenGX12"},"content":"    public static void handleMark(String[] userInput) {","lastModifiedDate":"2023-09-10"},{"lineNumber":27,"author":{"gitId":"StevenGX12"},"content":"        try {","lastModifiedDate":"2023-09-10"},{"lineNumber":28,"author":{"gitId":"StevenGX12"},"content":"            if (userInput.length \u003c 2) {","lastModifiedDate":"2023-09-10"},{"lineNumber":29,"author":{"gitId":"StevenGX12"},"content":"                throw new NotChatGPTExceptions(\"Please specify the task number to mark!!\");","lastModifiedDate":"2023-09-10"},{"lineNumber":30,"author":{"gitId":"StevenGX12"},"content":"            }","lastModifiedDate":"2023-09-10"},{"lineNumber":31,"author":{"gitId":"StevenGX12"},"content":"            int taskNumber \u003d Integer.parseInt(userInput[1]);","lastModifiedDate":"2023-09-10"},{"lineNumber":32,"author":{"gitId":"StevenGX12"},"content":"            if (taskNumber \u003c 1 || taskNumber \u003e NotChatGPT.taskList.getTaskCount()) {","lastModifiedDate":"2023-09-10"},{"lineNumber":33,"author":{"gitId":"StevenGX12"},"content":"                throw new NotChatGPTExceptions(\"Task number is out of range!!\");","lastModifiedDate":"2023-09-10"},{"lineNumber":34,"author":{"gitId":"StevenGX12"},"content":"            }","lastModifiedDate":"2023-09-10"},{"lineNumber":35,"author":{"gitId":"StevenGX12"},"content":"            if (NotChatGPT.taskList.getTaskByNumber(taskNumber).getIsDone()) {","lastModifiedDate":"2023-09-10"},{"lineNumber":36,"author":{"gitId":"StevenGX12"},"content":"                throw new NotChatGPTExceptions(\"Task is already marked as done!!\");","lastModifiedDate":"2023-09-10"},{"lineNumber":37,"author":{"gitId":"StevenGX12"},"content":"            }","lastModifiedDate":"2023-09-10"},{"lineNumber":38,"author":{"gitId":"StevenGX12"},"content":"            NotChatGPT.taskList.markTaskAsDone(taskNumber);","lastModifiedDate":"2023-09-10"},{"lineNumber":39,"author":{"gitId":"StevenGX12"},"content":"            System.out.println(line + \"\\nNice! I\u0027ve marked this task as done:\");","lastModifiedDate":"2023-09-10"},{"lineNumber":40,"author":{"gitId":"StevenGX12"},"content":"            System.out.println(NotChatGPT.taskList.getTasks()[taskNumber - 1] + \"\\n\" + line);","lastModifiedDate":"2023-09-10"},{"lineNumber":41,"author":{"gitId":"StevenGX12"},"content":"        } catch (NumberFormatException e) {","lastModifiedDate":"2023-09-10"},{"lineNumber":42,"author":{"gitId":"StevenGX12"},"content":"            System.out.println(line + \"\\nError: Invalid task number. Please enter a valid number.\\n\" + line);","lastModifiedDate":"2023-09-10"},{"lineNumber":43,"author":{"gitId":"StevenGX12"},"content":"        } catch (NotChatGPTExceptions e) {","lastModifiedDate":"2023-09-10"},{"lineNumber":44,"author":{"gitId":"StevenGX12"},"content":"            System.out.println(line + \"\\nError: \" + e.getMessage() + \"\\n\" + line);","lastModifiedDate":"2023-09-10"},{"lineNumber":45,"author":{"gitId":"StevenGX12"},"content":"        }","lastModifiedDate":"2023-09-10"},{"lineNumber":46,"author":{"gitId":"StevenGX12"},"content":"    }","lastModifiedDate":"2023-09-10"},{"lineNumber":47,"author":{"gitId":"StevenGX12"},"content":"","lastModifiedDate":"2023-09-10"},{"lineNumber":48,"author":{"gitId":"StevenGX12"},"content":"    public static void handleUnmark(String[] userInput) {","lastModifiedDate":"2023-09-10"},{"lineNumber":49,"author":{"gitId":"StevenGX12"},"content":"        try {","lastModifiedDate":"2023-09-10"},{"lineNumber":50,"author":{"gitId":"StevenGX12"},"content":"            if (userInput.length \u003c 2) {","lastModifiedDate":"2023-09-10"},{"lineNumber":51,"author":{"gitId":"StevenGX12"},"content":"                throw new NotChatGPTExceptions(\"Please specify the task number to unmark!!\");","lastModifiedDate":"2023-09-10"},{"lineNumber":52,"author":{"gitId":"StevenGX12"},"content":"            }","lastModifiedDate":"2023-09-10"},{"lineNumber":53,"author":{"gitId":"StevenGX12"},"content":"            int taskNumber \u003d Integer.parseInt(userInput[1]);","lastModifiedDate":"2023-09-10"},{"lineNumber":54,"author":{"gitId":"StevenGX12"},"content":"            if (taskNumber \u003c 1 || taskNumber \u003e NotChatGPT.taskList.getTaskCount()) {","lastModifiedDate":"2023-09-10"},{"lineNumber":55,"author":{"gitId":"StevenGX12"},"content":"                throw new NotChatGPTExceptions(\"Task number is out of range!!\");","lastModifiedDate":"2023-09-10"},{"lineNumber":56,"author":{"gitId":"StevenGX12"},"content":"            }","lastModifiedDate":"2023-09-10"},{"lineNumber":57,"author":{"gitId":"StevenGX12"},"content":"            if (!NotChatGPT.taskList.getTaskByNumber(taskNumber).getIsDone()) {","lastModifiedDate":"2023-09-10"},{"lineNumber":58,"author":{"gitId":"StevenGX12"},"content":"                throw new NotChatGPTExceptions(\"Task is already marked as not done!!\");","lastModifiedDate":"2023-09-10"},{"lineNumber":59,"author":{"gitId":"StevenGX12"},"content":"            }","lastModifiedDate":"2023-09-10"},{"lineNumber":60,"author":{"gitId":"StevenGX12"},"content":"            NotChatGPT.taskList.unmarkTaskAsDone(taskNumber);","lastModifiedDate":"2023-09-10"},{"lineNumber":61,"author":{"gitId":"StevenGX12"},"content":"            System.out.println(line + \"\\nAight! I\u0027ve marked this task as not done yet.\");","lastModifiedDate":"2023-09-10"},{"lineNumber":62,"author":{"gitId":"StevenGX12"},"content":"            System.out.println(NotChatGPT.taskList.getTasks()[taskNumber - 1] + \"\\n\" + line);","lastModifiedDate":"2023-09-10"},{"lineNumber":63,"author":{"gitId":"StevenGX12"},"content":"        } catch (NumberFormatException e) {","lastModifiedDate":"2023-09-10"},{"lineNumber":64,"author":{"gitId":"StevenGX12"},"content":"            System.out.println(line + \"\\nError: Invalid task number. Please enter a valid number.\\n\" + line);","lastModifiedDate":"2023-09-10"},{"lineNumber":65,"author":{"gitId":"StevenGX12"},"content":"        } catch (NotChatGPTExceptions e) {","lastModifiedDate":"2023-09-10"},{"lineNumber":66,"author":{"gitId":"StevenGX12"},"content":"            System.out.println(line + \"\\nError: \" + e.getMessage() + \"\\n\" + line);","lastModifiedDate":"2023-09-10"},{"lineNumber":67,"author":{"gitId":"StevenGX12"},"content":"        }","lastModifiedDate":"2023-09-10"},{"lineNumber":68,"author":{"gitId":"StevenGX12"},"content":"    }","lastModifiedDate":"2023-09-10"},{"lineNumber":69,"author":{"gitId":"StevenGX12"},"content":"","lastModifiedDate":"2023-09-10"},{"lineNumber":70,"author":{"gitId":"StevenGX12"},"content":"    public static void handleTodo(String[] userInput) {","lastModifiedDate":"2023-09-10"},{"lineNumber":71,"author":{"gitId":"StevenGX12"},"content":"        try {","lastModifiedDate":"2023-09-10"},{"lineNumber":72,"author":{"gitId":"StevenGX12"},"content":"            if (userInput.length \u003c 2) {","lastModifiedDate":"2023-09-10"},{"lineNumber":73,"author":{"gitId":"StevenGX12"},"content":"                throw new NotChatGPTExceptions(\"Please specify the task description!! (cannot be empty lah)\");","lastModifiedDate":"2023-09-10"},{"lineNumber":74,"author":{"gitId":"StevenGX12"},"content":"            }","lastModifiedDate":"2023-09-10"},{"lineNumber":75,"author":{"gitId":"StevenGX12"},"content":"            NotChatGPT.taskList.addTodo(String.join(\" \", Arrays.copyOfRange(userInput, 1, userInput.length)));","lastModifiedDate":"2023-09-10"},{"lineNumber":76,"author":{"gitId":"StevenGX12"},"content":"            System.out.println(line + \"\\nGot it. I\u0027ve added this task:\");","lastModifiedDate":"2023-09-10"},{"lineNumber":77,"author":{"gitId":"StevenGX12"},"content":"            System.out.println(NotChatGPT.taskList.getTasks()[NotChatGPT.taskList.getTaskCount() - 1] + \"\\n\" + line);","lastModifiedDate":"2023-09-10"},{"lineNumber":78,"author":{"gitId":"StevenGX12"},"content":"        } catch (NotChatGPTExceptions e) {","lastModifiedDate":"2023-09-10"},{"lineNumber":79,"author":{"gitId":"StevenGX12"},"content":"            System.out.println(line + \"\\nError: \" + e.getMessage() + \"\\n\" + line);","lastModifiedDate":"2023-09-10"},{"lineNumber":80,"author":{"gitId":"StevenGX12"},"content":"        }","lastModifiedDate":"2023-09-10"},{"lineNumber":81,"author":{"gitId":"StevenGX12"},"content":"    }","lastModifiedDate":"2023-09-10"},{"lineNumber":82,"author":{"gitId":"StevenGX12"},"content":"","lastModifiedDate":"2023-09-10"},{"lineNumber":83,"author":{"gitId":"StevenGX12"},"content":"    public static void handleDeadline(String[] userInput) {","lastModifiedDate":"2023-09-10"},{"lineNumber":84,"author":{"gitId":"StevenGX12"},"content":"        try {","lastModifiedDate":"2023-09-10"},{"lineNumber":85,"author":{"gitId":"StevenGX12"},"content":"            int deadlineIndex \u003d -1;","lastModifiedDate":"2023-09-10"},{"lineNumber":86,"author":{"gitId":"StevenGX12"},"content":"            for (int i \u003d 1; i \u003c userInput.length; i++) {","lastModifiedDate":"2023-09-10"},{"lineNumber":87,"author":{"gitId":"StevenGX12"},"content":"                if (userInput[i].equals(\"/by\")) {","lastModifiedDate":"2023-09-10"},{"lineNumber":88,"author":{"gitId":"StevenGX12"},"content":"                    deadlineIndex \u003d i;","lastModifiedDate":"2023-09-10"},{"lineNumber":89,"author":{"gitId":"StevenGX12"},"content":"                    break;","lastModifiedDate":"2023-09-10"},{"lineNumber":90,"author":{"gitId":"StevenGX12"},"content":"                }","lastModifiedDate":"2023-09-10"},{"lineNumber":91,"author":{"gitId":"StevenGX12"},"content":"            }","lastModifiedDate":"2023-09-10"},{"lineNumber":92,"author":{"gitId":"StevenGX12"},"content":"            if (userInput.length \u003c 2 || deadlineIndex \u003d\u003d 1) {","lastModifiedDate":"2023-09-10"},{"lineNumber":93,"author":{"gitId":"StevenGX12"},"content":"                throw new NotChatGPTExceptions(\"Please specify the deadline description!! (cannot be empty lah)\");","lastModifiedDate":"2023-09-10"},{"lineNumber":94,"author":{"gitId":"StevenGX12"},"content":"            }","lastModifiedDate":"2023-09-10"},{"lineNumber":95,"author":{"gitId":"StevenGX12"},"content":"            if (deadlineIndex \u003c 0) {","lastModifiedDate":"2023-09-10"},{"lineNumber":96,"author":{"gitId":"StevenGX12"},"content":"                throw new NotChatGPTExceptions(\"Invalid deadline format. Use \u0027/by\u0027 to specify the deadline.\");","lastModifiedDate":"2023-09-10"},{"lineNumber":97,"author":{"gitId":"StevenGX12"},"content":"            }","lastModifiedDate":"2023-09-10"},{"lineNumber":98,"author":{"gitId":"StevenGX12"},"content":"            if (deadlineIndex \u003d\u003d userInput.length - 1) {","lastModifiedDate":"2023-09-10"},{"lineNumber":99,"author":{"gitId":"StevenGX12"},"content":"                throw new NotChatGPTExceptions(\"Please specify the deadline timing!!\");","lastModifiedDate":"2023-09-10"},{"lineNumber":100,"author":{"gitId":"StevenGX12"},"content":"            }","lastModifiedDate":"2023-09-10"},{"lineNumber":101,"author":{"gitId":"StevenGX12"},"content":"            String deadlineName \u003d String.join(\" \", Arrays.copyOfRange(userInput, 1, deadlineIndex));","lastModifiedDate":"2023-09-10"},{"lineNumber":102,"author":{"gitId":"StevenGX12"},"content":"            String deadlineTime \u003d String.join(\" \", Arrays.copyOfRange(userInput, deadlineIndex + 1, userInput.length));","lastModifiedDate":"2023-09-10"},{"lineNumber":103,"author":{"gitId":"StevenGX12"},"content":"            NotChatGPT.taskList.addDeadline(deadlineName, deadlineTime);","lastModifiedDate":"2023-09-10"},{"lineNumber":104,"author":{"gitId":"StevenGX12"},"content":"            System.out.println(line + \"\\nGot it. I\u0027ve added this task:\");","lastModifiedDate":"2023-09-10"},{"lineNumber":105,"author":{"gitId":"StevenGX12"},"content":"            System.out.println(NotChatGPT.taskList.getTasks()[NotChatGPT.taskList.getTaskCount() - 1] + \"\\n\" + line);","lastModifiedDate":"2023-09-10"},{"lineNumber":106,"author":{"gitId":"StevenGX12"},"content":"        } catch (NotChatGPTExceptions e) {","lastModifiedDate":"2023-09-10"},{"lineNumber":107,"author":{"gitId":"StevenGX12"},"content":"            System.out.println(line + \"\\nError: \" + e.getMessage() + \"\\n\" + line);","lastModifiedDate":"2023-09-10"},{"lineNumber":108,"author":{"gitId":"StevenGX12"},"content":"        }","lastModifiedDate":"2023-09-10"},{"lineNumber":109,"author":{"gitId":"StevenGX12"},"content":"    }","lastModifiedDate":"2023-09-10"},{"lineNumber":110,"author":{"gitId":"StevenGX12"},"content":"","lastModifiedDate":"2023-09-10"},{"lineNumber":111,"author":{"gitId":"StevenGX12"},"content":"    public static void handleEvent(String[] userInput) {","lastModifiedDate":"2023-09-10"},{"lineNumber":112,"author":{"gitId":"StevenGX12"},"content":"        try {","lastModifiedDate":"2023-09-10"},{"lineNumber":113,"author":{"gitId":"StevenGX12"},"content":"            int eventStartTimeIndex \u003d -1;","lastModifiedDate":"2023-09-10"},{"lineNumber":114,"author":{"gitId":"StevenGX12"},"content":"            int eventEndTimeIndex \u003d -1;","lastModifiedDate":"2023-09-10"},{"lineNumber":115,"author":{"gitId":"StevenGX12"},"content":"            for (int i \u003d 1; i \u003c userInput.length; i++) {","lastModifiedDate":"2023-09-10"},{"lineNumber":116,"author":{"gitId":"StevenGX12"},"content":"                if (userInput[i].equals(\"/from\")) {","lastModifiedDate":"2023-09-10"},{"lineNumber":117,"author":{"gitId":"StevenGX12"},"content":"                    eventStartTimeIndex \u003d i;","lastModifiedDate":"2023-09-10"},{"lineNumber":118,"author":{"gitId":"StevenGX12"},"content":"                } else if (userInput[i].equals(\"/to\")) {","lastModifiedDate":"2023-09-10"},{"lineNumber":119,"author":{"gitId":"StevenGX12"},"content":"                    eventEndTimeIndex \u003d i;","lastModifiedDate":"2023-09-10"},{"lineNumber":120,"author":{"gitId":"StevenGX12"},"content":"                }","lastModifiedDate":"2023-09-10"},{"lineNumber":121,"author":{"gitId":"StevenGX12"},"content":"            }","lastModifiedDate":"2023-09-10"},{"lineNumber":122,"author":{"gitId":"StevenGX12"},"content":"            if (userInput.length \u003c 2 || eventStartTimeIndex \u003d\u003d 1 || eventEndTimeIndex \u003d\u003d 1) {","lastModifiedDate":"2023-09-10"},{"lineNumber":123,"author":{"gitId":"StevenGX12"},"content":"                throw new NotChatGPTExceptions(\"Please specify the event description!! (cannot be empty lah)\");","lastModifiedDate":"2023-09-10"},{"lineNumber":124,"author":{"gitId":"StevenGX12"},"content":"            }","lastModifiedDate":"2023-09-10"},{"lineNumber":125,"author":{"gitId":"StevenGX12"},"content":"            if (eventStartTimeIndex \u003c 0 || eventEndTimeIndex \u003c 0 || eventEndTimeIndex \u003d\u003d userInput.length - 1) {","lastModifiedDate":"2023-09-10"},{"lineNumber":126,"author":{"gitId":"StevenGX12"},"content":"                throw new NotChatGPTExceptions(\"Invalid event format. Use \u0027/from\u0027 and \u0027/to\u0027 to specify event timings.\");","lastModifiedDate":"2023-09-10"},{"lineNumber":127,"author":{"gitId":"StevenGX12"},"content":"            }","lastModifiedDate":"2023-09-10"},{"lineNumber":128,"author":{"gitId":"StevenGX12"},"content":"            if (eventStartTimeIndex \u003d\u003d userInput.length - 1 || eventStartTimeIndex \u003d\u003d eventEndTimeIndex - 1) {","lastModifiedDate":"2023-09-10"},{"lineNumber":129,"author":{"gitId":"StevenGX12"},"content":"                throw new NotChatGPTExceptions(\"Please specify the event start time!!\");","lastModifiedDate":"2023-09-10"},{"lineNumber":130,"author":{"gitId":"StevenGX12"},"content":"            }","lastModifiedDate":"2023-09-10"},{"lineNumber":131,"author":{"gitId":"StevenGX12"},"content":"            if (eventEndTimeIndex \u003d\u003d userInput.length - 1) {","lastModifiedDate":"2023-09-10"},{"lineNumber":132,"author":{"gitId":"StevenGX12"},"content":"                throw new NotChatGPTExceptions(\"Please specify the event end time!!\");","lastModifiedDate":"2023-09-10"},{"lineNumber":133,"author":{"gitId":"StevenGX12"},"content":"            }","lastModifiedDate":"2023-09-10"},{"lineNumber":134,"author":{"gitId":"StevenGX12"},"content":"            String eventName \u003d String.join(\" \", Arrays.copyOfRange(userInput, 1, eventStartTimeIndex));","lastModifiedDate":"2023-09-10"},{"lineNumber":135,"author":{"gitId":"StevenGX12"},"content":"            String eventStartTime \u003d String.join(\" \", Arrays.copyOfRange(userInput, eventStartTimeIndex + 1, eventEndTimeIndex));","lastModifiedDate":"2023-09-10"},{"lineNumber":136,"author":{"gitId":"StevenGX12"},"content":"            String eventEndTime \u003d String.join(\" \", Arrays.copyOfRange(userInput, eventEndTimeIndex + 1, userInput.length));","lastModifiedDate":"2023-09-10"},{"lineNumber":137,"author":{"gitId":"StevenGX12"},"content":"            NotChatGPT.taskList.addEvent(eventName, eventStartTime, eventEndTime);","lastModifiedDate":"2023-09-10"},{"lineNumber":138,"author":{"gitId":"StevenGX12"},"content":"            System.out.println(line + \"\\nGot it. I\u0027ve added this task:\");","lastModifiedDate":"2023-09-10"},{"lineNumber":139,"author":{"gitId":"StevenGX12"},"content":"            System.out.println(NotChatGPT.taskList.getTasks()[NotChatGPT.taskList.getTaskCount() - 1] + \"\\n\"+ line);","lastModifiedDate":"2023-09-10"},{"lineNumber":140,"author":{"gitId":"StevenGX12"},"content":"        } catch (NotChatGPTExceptions e) {","lastModifiedDate":"2023-09-10"},{"lineNumber":141,"author":{"gitId":"StevenGX12"},"content":"            System.out.println(line + \"\\nError: \" + e.getMessage() + \"\\n\" + line);","lastModifiedDate":"2023-09-10"},{"lineNumber":142,"author":{"gitId":"StevenGX12"},"content":"        }","lastModifiedDate":"2023-09-10"},{"lineNumber":143,"author":{"gitId":"StevenGX12"},"content":"    }","lastModifiedDate":"2023-09-10"},{"lineNumber":144,"author":{"gitId":"StevenGX12"},"content":"","lastModifiedDate":"2023-09-10"},{"lineNumber":145,"author":{"gitId":"StevenGX12"},"content":"    public static void respond(String[] userInput) {","lastModifiedDate":"2023-09-10"},{"lineNumber":146,"author":{"gitId":"StevenGX12"},"content":"        switch (userInput[0]) {","lastModifiedDate":"2023-09-10"},{"lineNumber":147,"author":{"gitId":"StevenGX12"},"content":"            case \"bye\":","lastModifiedDate":"2023-09-10"},{"lineNumber":148,"author":{"gitId":"StevenGX12"},"content":"                handleBye();","lastModifiedDate":"2023-09-10"},{"lineNumber":149,"author":{"gitId":"StevenGX12"},"content":"                break;","lastModifiedDate":"2023-09-10"},{"lineNumber":150,"author":{"gitId":"StevenGX12"},"content":"            case \"list\":","lastModifiedDate":"2023-09-10"},{"lineNumber":151,"author":{"gitId":"StevenGX12"},"content":"                handleList();","lastModifiedDate":"2023-09-10"},{"lineNumber":152,"author":{"gitId":"StevenGX12"},"content":"                break;","lastModifiedDate":"2023-09-10"},{"lineNumber":153,"author":{"gitId":"StevenGX12"},"content":"            case \"mark\":","lastModifiedDate":"2023-09-10"},{"lineNumber":154,"author":{"gitId":"StevenGX12"},"content":"                handleMark(userInput);","lastModifiedDate":"2023-09-10"},{"lineNumber":155,"author":{"gitId":"StevenGX12"},"content":"                break;","lastModifiedDate":"2023-09-10"},{"lineNumber":156,"author":{"gitId":"StevenGX12"},"content":"            case \"unmark\":","lastModifiedDate":"2023-09-10"},{"lineNumber":157,"author":{"gitId":"StevenGX12"},"content":"                handleUnmark(userInput);","lastModifiedDate":"2023-09-10"},{"lineNumber":158,"author":{"gitId":"StevenGX12"},"content":"                break;","lastModifiedDate":"2023-09-10"},{"lineNumber":159,"author":{"gitId":"StevenGX12"},"content":"            case \"todo\":","lastModifiedDate":"2023-09-10"},{"lineNumber":160,"author":{"gitId":"StevenGX12"},"content":"                handleTodo(userInput);","lastModifiedDate":"2023-09-10"},{"lineNumber":161,"author":{"gitId":"StevenGX12"},"content":"                break;","lastModifiedDate":"2023-09-10"},{"lineNumber":162,"author":{"gitId":"StevenGX12"},"content":"            case \"deadline\":","lastModifiedDate":"2023-09-10"},{"lineNumber":163,"author":{"gitId":"StevenGX12"},"content":"                handleDeadline(userInput);","lastModifiedDate":"2023-09-10"},{"lineNumber":164,"author":{"gitId":"StevenGX12"},"content":"                break;","lastModifiedDate":"2023-09-10"},{"lineNumber":165,"author":{"gitId":"StevenGX12"},"content":"            case \"event\":","lastModifiedDate":"2023-09-10"},{"lineNumber":166,"author":{"gitId":"StevenGX12"},"content":"                handleEvent(userInput);","lastModifiedDate":"2023-09-10"},{"lineNumber":167,"author":{"gitId":"StevenGX12"},"content":"                break;","lastModifiedDate":"2023-08-28"},{"lineNumber":168,"author":{"gitId":"StevenGX12"},"content":"            default:","lastModifiedDate":"2023-08-28"},{"lineNumber":169,"author":{"gitId":"StevenGX12"},"content":"                System.out.println(line + \"\\nI\u0027m sorry, but I don\u0027t know what that means :-(\\n\" + line);","lastModifiedDate":"2023-09-10"},{"lineNumber":170,"author":{"gitId":"StevenGX12"},"content":"                break;","lastModifiedDate":"2023-08-28"},{"lineNumber":171,"author":{"gitId":"StevenGX12"},"content":"        }","lastModifiedDate":"2023-08-28"},{"lineNumber":172,"author":{"gitId":"StevenGX12"},"content":"    }","lastModifiedDate":"2023-08-28"},{"lineNumber":173,"author":{"gitId":"StevenGX12"},"content":"}","lastModifiedDate":"2023-08-27"},{"lineNumber":174,"author":{"gitId":"StevenGX12"},"content":"","lastModifiedDate":"2023-09-10"},{"lineNumber":175,"author":{"gitId":"StevenGX12"},"content":"","lastModifiedDate":"2023-09-15"},{"lineNumber":176,"author":{"gitId":"StevenGX12"},"content":"","lastModifiedDate":"2023-09-10"}],"authorContributionMap":{"StevenGX12":176}},{"path":"src/main/java/notGPT/commands/IntroMessage.java","fileType":"java","lines":[{"lineNumber":1,"author":{"gitId":"StevenGX12"},"content":"package notGPT.commands;","lastModifiedDate":"2023-09-15"},{"lineNumber":2,"author":{"gitId":"StevenGX12"},"content":"","lastModifiedDate":"2023-09-15"},{"lineNumber":3,"author":{"gitId":"StevenGX12"},"content":"public class IntroMessage {","lastModifiedDate":"2023-09-10"},{"lineNumber":4,"author":{"gitId":"StevenGX12"},"content":"    public static void displayIntroMessage() {","lastModifiedDate":"2023-08-23"},{"lineNumber":5,"author":{"gitId":"StevenGX12"},"content":"        String line \u003d \"____________________________________________________________\\n\";","lastModifiedDate":"2023-08-23"},{"lineNumber":6,"author":{"gitId":"StevenGX12"},"content":"        System.out.println(line ","lastModifiedDate":"2023-08-23"},{"lineNumber":7,"author":{"gitId":"StevenGX12"},"content":"        + \"\\n\" ","lastModifiedDate":"2023-08-27"},{"lineNumber":8,"author":{"gitId":"StevenGX12"},"content":"        + \"Hello! I\u0027m notChatGPT :)\\n\" ","lastModifiedDate":"2023-08-23"},{"lineNumber":9,"author":{"gitId":"StevenGX12"},"content":"        + \"What can I do for you?\\n\"","lastModifiedDate":"2023-08-23"},{"lineNumber":10,"author":{"gitId":"StevenGX12"},"content":"        + line);","lastModifiedDate":"2023-08-27"},{"lineNumber":11,"author":{"gitId":"StevenGX12"},"content":"    }","lastModifiedDate":"2023-08-23"},{"lineNumber":12,"author":{"gitId":"StevenGX12"},"content":"}","lastModifiedDate":"2023-08-23"}],"authorContributionMap":{"StevenGX12":12}},{"path":"src/main/java/notGPT/commands/UserInput.java","fileType":"java","lines":[{"lineNumber":1,"author":{"gitId":"StevenGX12"},"content":"package notGPT.commands;    ","lastModifiedDate":"2023-09-15"},{"lineNumber":2,"author":{"gitId":"StevenGX12"},"content":"","lastModifiedDate":"2023-09-15"},{"lineNumber":3,"author":{"gitId":"StevenGX12"},"content":"import java.util.Scanner;","lastModifiedDate":"2023-08-27"},{"lineNumber":4,"author":{"gitId":"StevenGX12"},"content":"","lastModifiedDate":"2023-09-15"},{"lineNumber":5,"author":{"gitId":"StevenGX12"},"content":"public class UserInput {","lastModifiedDate":"2023-08-27"},{"lineNumber":6,"author":{"gitId":"StevenGX12"},"content":"    public static String[] getUserInput() {","lastModifiedDate":"2023-08-28"},{"lineNumber":7,"author":{"gitId":"StevenGX12"},"content":"        Scanner sc \u003d new Scanner(System.in);","lastModifiedDate":"2023-08-27"},{"lineNumber":8,"author":{"gitId":"StevenGX12"},"content":"        String userInput \u003d sc.nextLine();","lastModifiedDate":"2023-08-27"},{"lineNumber":9,"author":{"gitId":"StevenGX12"},"content":"        return userInput.split(\" \");","lastModifiedDate":"2023-08-28"},{"lineNumber":10,"author":{"gitId":"StevenGX12"},"content":"    }","lastModifiedDate":"2023-08-27"},{"lineNumber":11,"author":{"gitId":"StevenGX12"},"content":"}","lastModifiedDate":"2023-08-27"}],"authorContributionMap":{"StevenGX12":11}},{"path":"src/main/java/notGPT/exception/NotChatGPTExceptions.java","fileType":"java","lines":[{"lineNumber":1,"author":{"gitId":"StevenGX12"},"content":"package notGPT.exception;","lastModifiedDate":"2023-09-15"},{"lineNumber":2,"author":{"gitId":"StevenGX12"},"content":"","lastModifiedDate":"2023-09-15"},{"lineNumber":3,"author":{"gitId":"StevenGX12"},"content":"public class NotChatGPTExceptions extends Exception {","lastModifiedDate":"2023-09-15"},{"lineNumber":4,"author":{"gitId":"StevenGX12"},"content":"    public NotChatGPTExceptions(String message) {","lastModifiedDate":"2023-09-15"},{"lineNumber":5,"author":{"gitId":"StevenGX12"},"content":"        super(message);","lastModifiedDate":"2023-09-15"},{"lineNumber":6,"author":{"gitId":"StevenGX12"},"content":"    }","lastModifiedDate":"2023-09-15"},{"lineNumber":7,"author":{"gitId":"StevenGX12"},"content":"}","lastModifiedDate":"2023-09-15"}],"authorContributionMap":{"StevenGX12":7}},{"path":"src/main/java/notGPT/task/Deadlines.java","fileType":"java","lines":[{"lineNumber":1,"author":{"gitId":"StevenGX12"},"content":"package notGPT.task;","lastModifiedDate":"2023-09-15"},{"lineNumber":2,"author":{"gitId":"StevenGX12"},"content":"","lastModifiedDate":"2023-09-15"},{"lineNumber":3,"author":{"gitId":"StevenGX12"},"content":"public class Deadlines extends Task {","lastModifiedDate":"2023-09-10"},{"lineNumber":4,"author":{"gitId":"StevenGX12"},"content":"    private String deadline;","lastModifiedDate":"2023-09-10"},{"lineNumber":5,"author":{"gitId":"StevenGX12"},"content":"","lastModifiedDate":"2023-09-10"},{"lineNumber":6,"author":{"gitId":"StevenGX12"},"content":"    public Deadlines(String taskName, String deadline) {","lastModifiedDate":"2023-09-10"},{"lineNumber":7,"author":{"gitId":"StevenGX12"},"content":"        super(taskName);","lastModifiedDate":"2023-09-10"},{"lineNumber":8,"author":{"gitId":"StevenGX12"},"content":"        this.deadline \u003d deadline;","lastModifiedDate":"2023-09-10"},{"lineNumber":9,"author":{"gitId":"StevenGX12"},"content":"    }","lastModifiedDate":"2023-09-10"},{"lineNumber":10,"author":{"gitId":"StevenGX12"},"content":"","lastModifiedDate":"2023-09-10"},{"lineNumber":11,"author":{"gitId":"StevenGX12"},"content":"    @Override","lastModifiedDate":"2023-09-10"},{"lineNumber":12,"author":{"gitId":"StevenGX12"},"content":"    public String toString() {","lastModifiedDate":"2023-09-10"},{"lineNumber":13,"author":{"gitId":"StevenGX12"},"content":"        return \"[D]\" + super.toString() + \" (by: \" + deadline + \")\";","lastModifiedDate":"2023-09-10"},{"lineNumber":14,"author":{"gitId":"StevenGX12"},"content":"    }","lastModifiedDate":"2023-09-10"},{"lineNumber":15,"author":{"gitId":"StevenGX12"},"content":"    ","lastModifiedDate":"2023-09-10"},{"lineNumber":16,"author":{"gitId":"StevenGX12"},"content":"}","lastModifiedDate":"2023-09-10"}],"authorContributionMap":{"StevenGX12":16}},{"path":"src/main/java/notGPT/task/Event.java","fileType":"java","lines":[{"lineNumber":1,"author":{"gitId":"StevenGX12"},"content":"package notGPT.task;","lastModifiedDate":"2023-09-15"},{"lineNumber":2,"author":{"gitId":"StevenGX12"},"content":"","lastModifiedDate":"2023-09-15"},{"lineNumber":3,"author":{"gitId":"StevenGX12"},"content":"public class Event extends Task{","lastModifiedDate":"2023-09-10"},{"lineNumber":4,"author":{"gitId":"StevenGX12"},"content":"    private String startTime;","lastModifiedDate":"2023-09-10"},{"lineNumber":5,"author":{"gitId":"StevenGX12"},"content":"    private String endTime;","lastModifiedDate":"2023-09-10"},{"lineNumber":6,"author":{"gitId":"StevenGX12"},"content":"","lastModifiedDate":"2023-09-10"},{"lineNumber":7,"author":{"gitId":"StevenGX12"},"content":"    public Event(String taskName, String startTime, String endTime) {","lastModifiedDate":"2023-09-10"},{"lineNumber":8,"author":{"gitId":"StevenGX12"},"content":"        super(taskName);","lastModifiedDate":"2023-09-10"},{"lineNumber":9,"author":{"gitId":"StevenGX12"},"content":"        this.startTime \u003d startTime;","lastModifiedDate":"2023-09-10"},{"lineNumber":10,"author":{"gitId":"StevenGX12"},"content":"        this.endTime \u003d endTime;","lastModifiedDate":"2023-09-10"},{"lineNumber":11,"author":{"gitId":"StevenGX12"},"content":"    }","lastModifiedDate":"2023-09-10"},{"lineNumber":12,"author":{"gitId":"StevenGX12"},"content":"","lastModifiedDate":"2023-09-10"},{"lineNumber":13,"author":{"gitId":"StevenGX12"},"content":"    @Override","lastModifiedDate":"2023-09-10"},{"lineNumber":14,"author":{"gitId":"StevenGX12"},"content":"    public String toString() {","lastModifiedDate":"2023-09-10"},{"lineNumber":15,"author":{"gitId":"StevenGX12"},"content":"        return \"[E]\" + super.toString() + \" (from: \" + startTime + \" to \" + endTime + \")\";","lastModifiedDate":"2023-09-10"},{"lineNumber":16,"author":{"gitId":"StevenGX12"},"content":"    }","lastModifiedDate":"2023-09-10"},{"lineNumber":17,"author":{"gitId":"StevenGX12"},"content":"    ","lastModifiedDate":"2023-09-10"},{"lineNumber":18,"author":{"gitId":"StevenGX12"},"content":"}","lastModifiedDate":"2023-09-10"}],"authorContributionMap":{"StevenGX12":18}},{"path":"src/main/java/notGPT/task/Task.java","fileType":"java","lines":[{"lineNumber":1,"author":{"gitId":"StevenGX12"},"content":"package notGPT.task;","lastModifiedDate":"2023-09-15"},{"lineNumber":2,"author":{"gitId":"StevenGX12"},"content":"","lastModifiedDate":"2023-09-15"},{"lineNumber":3,"author":{"gitId":"StevenGX12"},"content":"public class Task {","lastModifiedDate":"2023-08-28"},{"lineNumber":4,"author":{"gitId":"StevenGX12"},"content":"    private String taskName;","lastModifiedDate":"2023-08-28"},{"lineNumber":5,"author":{"gitId":"StevenGX12"},"content":"    private boolean isDone;","lastModifiedDate":"2023-08-28"},{"lineNumber":6,"author":{"gitId":"StevenGX12"},"content":"","lastModifiedDate":"2023-08-28"},{"lineNumber":7,"author":{"gitId":"StevenGX12"},"content":"    public Task(String taskName) {","lastModifiedDate":"2023-08-28"},{"lineNumber":8,"author":{"gitId":"StevenGX12"},"content":"        this.taskName \u003d taskName;","lastModifiedDate":"2023-08-28"},{"lineNumber":9,"author":{"gitId":"StevenGX12"},"content":"        this.isDone \u003d false;","lastModifiedDate":"2023-08-28"},{"lineNumber":10,"author":{"gitId":"StevenGX12"},"content":"    }","lastModifiedDate":"2023-08-28"},{"lineNumber":11,"author":{"gitId":"StevenGX12"},"content":"","lastModifiedDate":"2023-08-28"},{"lineNumber":12,"author":{"gitId":"StevenGX12"},"content":"    public String getTaskName() {","lastModifiedDate":"2023-08-28"},{"lineNumber":13,"author":{"gitId":"StevenGX12"},"content":"        return taskName;","lastModifiedDate":"2023-08-28"},{"lineNumber":14,"author":{"gitId":"StevenGX12"},"content":"    }","lastModifiedDate":"2023-08-28"},{"lineNumber":15,"author":{"gitId":"StevenGX12"},"content":"","lastModifiedDate":"2023-08-28"},{"lineNumber":16,"author":{"gitId":"StevenGX12"},"content":"    public boolean getIsDone() {","lastModifiedDate":"2023-08-28"},{"lineNumber":17,"author":{"gitId":"StevenGX12"},"content":"        return isDone;","lastModifiedDate":"2023-08-28"},{"lineNumber":18,"author":{"gitId":"StevenGX12"},"content":"    }","lastModifiedDate":"2023-08-28"},{"lineNumber":19,"author":{"gitId":"StevenGX12"},"content":"","lastModifiedDate":"2023-08-28"},{"lineNumber":20,"author":{"gitId":"StevenGX12"},"content":"    public void markAsDone() {","lastModifiedDate":"2023-08-28"},{"lineNumber":21,"author":{"gitId":"StevenGX12"},"content":"        isDone \u003d true;","lastModifiedDate":"2023-08-28"},{"lineNumber":22,"author":{"gitId":"StevenGX12"},"content":"    }","lastModifiedDate":"2023-08-28"},{"lineNumber":23,"author":{"gitId":"StevenGX12"},"content":"","lastModifiedDate":"2023-08-28"},{"lineNumber":24,"author":{"gitId":"StevenGX12"},"content":"    public void unmarkAsDone() {","lastModifiedDate":"2023-08-28"},{"lineNumber":25,"author":{"gitId":"StevenGX12"},"content":"        isDone \u003d false;","lastModifiedDate":"2023-08-28"},{"lineNumber":26,"author":{"gitId":"StevenGX12"},"content":"    }","lastModifiedDate":"2023-08-28"},{"lineNumber":27,"author":{"gitId":"StevenGX12"},"content":"","lastModifiedDate":"2023-08-28"},{"lineNumber":28,"author":{"gitId":"StevenGX12"},"content":"    public String toString() {","lastModifiedDate":"2023-08-28"},{"lineNumber":29,"author":{"gitId":"StevenGX12"},"content":"        String statusIcon \u003d isDone ? \"X\" : \" \";","lastModifiedDate":"2023-08-28"},{"lineNumber":30,"author":{"gitId":"StevenGX12"},"content":"        return \"[\" + statusIcon + \"] \" + taskName;","lastModifiedDate":"2023-08-28"},{"lineNumber":31,"author":{"gitId":"StevenGX12"},"content":"    }","lastModifiedDate":"2023-08-28"},{"lineNumber":32,"author":{"gitId":"StevenGX12"},"content":"    ","lastModifiedDate":"2023-08-28"},{"lineNumber":33,"author":{"gitId":"StevenGX12"},"content":"}","lastModifiedDate":"2023-08-28"}],"authorContributionMap":{"StevenGX12":33}},{"path":"src/main/java/notGPT/task/TaskList.java","fileType":"java","lines":[{"lineNumber":1,"author":{"gitId":"StevenGX12"},"content":"package notGPT.task;","lastModifiedDate":"2023-09-15"},{"lineNumber":2,"author":{"gitId":"StevenGX12"},"content":"","lastModifiedDate":"2023-09-15"},{"lineNumber":3,"author":{"gitId":"StevenGX12"},"content":"public class TaskList {","lastModifiedDate":"2023-08-28"},{"lineNumber":4,"author":{"gitId":"StevenGX12"},"content":"    private Task[] taskList;","lastModifiedDate":"2023-08-28"},{"lineNumber":5,"author":{"gitId":"StevenGX12"},"content":"    private int taskCount;","lastModifiedDate":"2023-08-28"},{"lineNumber":6,"author":{"gitId":"StevenGX12"},"content":"","lastModifiedDate":"2023-08-28"},{"lineNumber":7,"author":{"gitId":"StevenGX12"},"content":"    public TaskList() {","lastModifiedDate":"2023-08-28"},{"lineNumber":8,"author":{"gitId":"StevenGX12"},"content":"        this.taskList \u003d new Task[100];","lastModifiedDate":"2023-08-28"},{"lineNumber":9,"author":{"gitId":"StevenGX12"},"content":"        this.taskCount \u003d 0;","lastModifiedDate":"2023-08-28"},{"lineNumber":10,"author":{"gitId":"StevenGX12"},"content":"    }","lastModifiedDate":"2023-08-28"},{"lineNumber":11,"author":{"gitId":"StevenGX12"},"content":"","lastModifiedDate":"2023-08-28"},{"lineNumber":12,"author":{"gitId":"StevenGX12"},"content":"    public void addTodo(String taskName) {","lastModifiedDate":"2023-09-10"},{"lineNumber":13,"author":{"gitId":"StevenGX12"},"content":"        Task newTask \u003d new ToDo(taskName);","lastModifiedDate":"2023-09-10"},{"lineNumber":14,"author":{"gitId":"StevenGX12"},"content":"        taskList[taskCount] \u003d newTask;","lastModifiedDate":"2023-09-10"},{"lineNumber":15,"author":{"gitId":"StevenGX12"},"content":"        taskCount++;","lastModifiedDate":"2023-09-10"},{"lineNumber":16,"author":{"gitId":"StevenGX12"},"content":"    }","lastModifiedDate":"2023-09-10"},{"lineNumber":17,"author":{"gitId":"StevenGX12"},"content":"","lastModifiedDate":"2023-09-10"},{"lineNumber":18,"author":{"gitId":"StevenGX12"},"content":"    public void addDeadline(String taskName, String deadline) {","lastModifiedDate":"2023-09-10"},{"lineNumber":19,"author":{"gitId":"StevenGX12"},"content":"        Task newTask \u003d new Deadlines(taskName, deadline);","lastModifiedDate":"2023-09-10"},{"lineNumber":20,"author":{"gitId":"StevenGX12"},"content":"        taskList[taskCount] \u003d newTask;","lastModifiedDate":"2023-09-10"},{"lineNumber":21,"author":{"gitId":"StevenGX12"},"content":"        taskCount++;","lastModifiedDate":"2023-09-10"},{"lineNumber":22,"author":{"gitId":"StevenGX12"},"content":"    }","lastModifiedDate":"2023-09-10"},{"lineNumber":23,"author":{"gitId":"StevenGX12"},"content":"","lastModifiedDate":"2023-09-10"},{"lineNumber":24,"author":{"gitId":"StevenGX12"},"content":"    public void addEvent(String taskName, String startTime, String endTime) {","lastModifiedDate":"2023-09-10"},{"lineNumber":25,"author":{"gitId":"StevenGX12"},"content":"        Task newTask \u003d new Event(taskName, startTime, endTime);","lastModifiedDate":"2023-09-10"},{"lineNumber":26,"author":{"gitId":"StevenGX12"},"content":"        taskList[taskCount] \u003d newTask;","lastModifiedDate":"2023-08-28"},{"lineNumber":27,"author":{"gitId":"StevenGX12"},"content":"        taskCount++;","lastModifiedDate":"2023-08-28"},{"lineNumber":28,"author":{"gitId":"StevenGX12"},"content":"    }","lastModifiedDate":"2023-08-28"},{"lineNumber":29,"author":{"gitId":"StevenGX12"},"content":"","lastModifiedDate":"2023-08-28"},{"lineNumber":30,"author":{"gitId":"StevenGX12"},"content":"    public String[] getTasks() {","lastModifiedDate":"2023-08-28"},{"lineNumber":31,"author":{"gitId":"StevenGX12"},"content":"        String[] tasks \u003d new String[taskCount];","lastModifiedDate":"2023-08-28"},{"lineNumber":32,"author":{"gitId":"StevenGX12"},"content":"        for (int i \u003d 0; i \u003c taskCount; i++) {","lastModifiedDate":"2023-08-28"},{"lineNumber":33,"author":{"gitId":"StevenGX12"},"content":"            tasks[i] \u003d taskList[i].toString();","lastModifiedDate":"2023-08-28"},{"lineNumber":34,"author":{"gitId":"StevenGX12"},"content":"        }","lastModifiedDate":"2023-08-28"},{"lineNumber":35,"author":{"gitId":"StevenGX12"},"content":"        return tasks;","lastModifiedDate":"2023-08-28"},{"lineNumber":36,"author":{"gitId":"StevenGX12"},"content":"    }","lastModifiedDate":"2023-08-28"},{"lineNumber":37,"author":{"gitId":"StevenGX12"},"content":"","lastModifiedDate":"2023-08-28"},{"lineNumber":38,"author":{"gitId":"StevenGX12"},"content":"    public void markTaskAsDone(int taskNumber) {","lastModifiedDate":"2023-08-28"},{"lineNumber":39,"author":{"gitId":"StevenGX12"},"content":"        taskList[taskNumber - 1].markAsDone();","lastModifiedDate":"2023-08-28"},{"lineNumber":40,"author":{"gitId":"StevenGX12"},"content":"    }   ","lastModifiedDate":"2023-08-28"},{"lineNumber":41,"author":{"gitId":"StevenGX12"},"content":"","lastModifiedDate":"2023-08-28"},{"lineNumber":42,"author":{"gitId":"StevenGX12"},"content":"    public void unmarkTaskAsDone(int taskNumber) {","lastModifiedDate":"2023-08-28"},{"lineNumber":43,"author":{"gitId":"StevenGX12"},"content":"        taskList[taskNumber - 1].unmarkAsDone();","lastModifiedDate":"2023-08-28"},{"lineNumber":44,"author":{"gitId":"StevenGX12"},"content":"    }","lastModifiedDate":"2023-08-28"},{"lineNumber":45,"author":{"gitId":"StevenGX12"},"content":"","lastModifiedDate":"2023-08-28"},{"lineNumber":46,"author":{"gitId":"StevenGX12"},"content":"    public void deleteTask(int taskNumber) {","lastModifiedDate":"2023-08-28"},{"lineNumber":47,"author":{"gitId":"StevenGX12"},"content":"        taskList[taskNumber - 1] \u003d null;","lastModifiedDate":"2023-08-28"},{"lineNumber":48,"author":{"gitId":"StevenGX12"},"content":"        for (int i \u003d taskNumber - 1; i \u003c taskCount - 1; i++) {","lastModifiedDate":"2023-08-28"},{"lineNumber":49,"author":{"gitId":"StevenGX12"},"content":"            taskList[i] \u003d taskList[i + 1];","lastModifiedDate":"2023-08-28"},{"lineNumber":50,"author":{"gitId":"StevenGX12"},"content":"        }","lastModifiedDate":"2023-08-28"},{"lineNumber":51,"author":{"gitId":"StevenGX12"},"content":"        taskCount--;","lastModifiedDate":"2023-08-28"},{"lineNumber":52,"author":{"gitId":"StevenGX12"},"content":"    }","lastModifiedDate":"2023-08-28"},{"lineNumber":53,"author":{"gitId":"StevenGX12"},"content":"","lastModifiedDate":"2023-08-28"},{"lineNumber":54,"author":{"gitId":"StevenGX12"},"content":"    public String[] findTasks(String keyword) {","lastModifiedDate":"2023-08-28"},{"lineNumber":55,"author":{"gitId":"StevenGX12"},"content":"        String[] tasks \u003d new String[taskCount];","lastModifiedDate":"2023-08-28"},{"lineNumber":56,"author":{"gitId":"StevenGX12"},"content":"        int taskIndex \u003d 0;","lastModifiedDate":"2023-08-28"},{"lineNumber":57,"author":{"gitId":"StevenGX12"},"content":"        for (int i \u003d 0; i \u003c taskCount; i++) {","lastModifiedDate":"2023-08-28"},{"lineNumber":58,"author":{"gitId":"StevenGX12"},"content":"            if (taskList[i].getTaskName().contains(keyword)) {","lastModifiedDate":"2023-08-28"},{"lineNumber":59,"author":{"gitId":"StevenGX12"},"content":"                tasks[taskIndex] \u003d taskList[i].toString();","lastModifiedDate":"2023-08-28"},{"lineNumber":60,"author":{"gitId":"StevenGX12"},"content":"                taskIndex++;","lastModifiedDate":"2023-08-28"},{"lineNumber":61,"author":{"gitId":"StevenGX12"},"content":"            }","lastModifiedDate":"2023-08-28"},{"lineNumber":62,"author":{"gitId":"StevenGX12"},"content":"        }","lastModifiedDate":"2023-08-28"},{"lineNumber":63,"author":{"gitId":"StevenGX12"},"content":"        return tasks;","lastModifiedDate":"2023-08-28"},{"lineNumber":64,"author":{"gitId":"StevenGX12"},"content":"    }","lastModifiedDate":"2023-08-28"},{"lineNumber":65,"author":{"gitId":"StevenGX12"},"content":"    ","lastModifiedDate":"2023-08-28"},{"lineNumber":66,"author":{"gitId":"StevenGX12"},"content":"    public int getTaskCount() {","lastModifiedDate":"2023-09-10"},{"lineNumber":67,"author":{"gitId":"StevenGX12"},"content":"        return taskCount;","lastModifiedDate":"2023-09-10"},{"lineNumber":68,"author":{"gitId":"StevenGX12"},"content":"    }","lastModifiedDate":"2023-09-10"},{"lineNumber":69,"author":{"gitId":"StevenGX12"},"content":"","lastModifiedDate":"2023-09-10"},{"lineNumber":70,"author":{"gitId":"StevenGX12"},"content":"    public Task getTaskByNumber(int taskNumber) {","lastModifiedDate":"2023-09-10"},{"lineNumber":71,"author":{"gitId":"StevenGX12"},"content":"        return taskList[taskNumber - 1];","lastModifiedDate":"2023-09-10"},{"lineNumber":72,"author":{"gitId":"StevenGX12"},"content":"    }","lastModifiedDate":"2023-09-10"},{"lineNumber":73,"author":{"gitId":"StevenGX12"},"content":"}","lastModifiedDate":"2023-08-28"}],"authorContributionMap":{"StevenGX12":73}},{"path":"src/main/java/notGPT/task/ToDo.java","fileType":"java","lines":[{"lineNumber":1,"author":{"gitId":"StevenGX12"},"content":"package notGPT.task;","lastModifiedDate":"2023-09-15"},{"lineNumber":2,"author":{"gitId":"StevenGX12"},"content":"","lastModifiedDate":"2023-09-15"},{"lineNumber":3,"author":{"gitId":"StevenGX12"},"content":"public class ToDo extends Task {","lastModifiedDate":"2023-09-10"},{"lineNumber":4,"author":{"gitId":"StevenGX12"},"content":"    public ToDo (String taskName) {","lastModifiedDate":"2023-09-10"},{"lineNumber":5,"author":{"gitId":"StevenGX12"},"content":"        super(taskName);","lastModifiedDate":"2023-09-10"},{"lineNumber":6,"author":{"gitId":"StevenGX12"},"content":"    }","lastModifiedDate":"2023-09-10"},{"lineNumber":7,"author":{"gitId":"StevenGX12"},"content":"","lastModifiedDate":"2023-09-10"},{"lineNumber":8,"author":{"gitId":"StevenGX12"},"content":"    @Override","lastModifiedDate":"2023-09-10"},{"lineNumber":9,"author":{"gitId":"StevenGX12"},"content":"    public String toString() {","lastModifiedDate":"2023-09-10"},{"lineNumber":10,"author":{"gitId":"StevenGX12"},"content":"        return \"[T]\" + super.toString();","lastModifiedDate":"2023-09-10"},{"lineNumber":11,"author":{"gitId":"StevenGX12"},"content":"    }","lastModifiedDate":"2023-09-10"},{"lineNumber":12,"author":{"gitId":"StevenGX12"},"content":"    ","lastModifiedDate":"2023-09-10"},{"lineNumber":13,"author":{"gitId":"StevenGX12"},"content":"}","lastModifiedDate":"2023-09-10"}],"authorContributionMap":{"StevenGX12":13}},{"path":"text-ui-test/input.txt","fileType":"txt","lines":[{"lineNumber":1,"author":{"gitId":"StevenGX12"},"content":"hello","lastModifiedDate":"2023-09-10"},{"lineNumber":2,"author":{"gitId":"StevenGX12"},"content":"todo task1","lastModifiedDate":"2023-09-10"},{"lineNumber":3,"author":{"gitId":"StevenGX12"},"content":"deadline task2 test /by time1 ","lastModifiedDate":"2023-09-10"},{"lineNumber":4,"author":{"gitId":"StevenGX12"},"content":"event task3 test /from time2 test /to time3 test","lastModifiedDate":"2023-09-10"},{"lineNumber":5,"author":{"gitId":"StevenGX12"},"content":"list","lastModifiedDate":"2023-09-10"},{"lineNumber":6,"author":{"gitId":"StevenGX12"},"content":"mark 1","lastModifiedDate":"2023-09-10"},{"lineNumber":7,"author":{"gitId":"StevenGX12"},"content":"mark 2","lastModifiedDate":"2023-09-10"},{"lineNumber":8,"author":{"gitId":"StevenGX12"},"content":"unmark 1","lastModifiedDate":"2023-09-10"},{"lineNumber":9,"author":{"gitId":"StevenGX12"},"content":"list","lastModifiedDate":"2023-09-10"},{"lineNumber":10,"author":{"gitId":"StevenGX12"},"content":"bye","lastModifiedDate":"2023-09-10"}],"authorContributionMap":{"StevenGX12":10}},{"path":"text-ui-test/runtest.bat","fileType":"bat","lines":[{"lineNumber":1,"author":{"gitId":"-"},"content":"@ECHO OFF","lastModifiedDate":"2020-05-25"},{"lineNumber":2,"author":{"gitId":"-"},"content":"","lastModifiedDate":"2020-05-25"},{"lineNumber":3,"author":{"gitId":"-"},"content":"REM create bin directory if it doesn\u0027t exist","lastModifiedDate":"2020-05-25"},{"lineNumber":4,"author":{"gitId":"-"},"content":"if not exist ..\\bin mkdir ..\\bin","lastModifiedDate":"2020-05-25"},{"lineNumber":5,"author":{"gitId":"-"},"content":"","lastModifiedDate":"2020-05-25"},{"lineNumber":6,"author":{"gitId":"-"},"content":"REM delete output from previous run","lastModifiedDate":"2020-05-25"},{"lineNumber":7,"author":{"gitId":"-"},"content":"if exist ACTUAL.TXT del ACTUAL.TXT","lastModifiedDate":"2020-08-25"},{"lineNumber":8,"author":{"gitId":"-"},"content":"","lastModifiedDate":"2020-05-25"},{"lineNumber":9,"author":{"gitId":"-"},"content":"REM compile the code into the bin folder","lastModifiedDate":"2020-05-25"},{"lineNumber":10,"author":{"gitId":"-"},"content":"javac  -cp ..\\src\\main\\java -Xlint:none -d ..\\bin ..\\src\\main\\java\\*.java","lastModifiedDate":"2020-08-25"},{"lineNumber":11,"author":{"gitId":"-"},"content":"IF ERRORLEVEL 1 (","lastModifiedDate":"2020-05-25"},{"lineNumber":12,"author":{"gitId":"-"},"content":"    echo ********** BUILD FAILURE **********","lastModifiedDate":"2020-05-25"},{"lineNumber":13,"author":{"gitId":"-"},"content":"    exit /b 1","lastModifiedDate":"2020-05-25"},{"lineNumber":14,"author":{"gitId":"-"},"content":")","lastModifiedDate":"2020-05-25"},{"lineNumber":15,"author":{"gitId":"-"},"content":"REM no error here, errorlevel \u003d\u003d 0","lastModifiedDate":"2020-05-25"},{"lineNumber":16,"author":{"gitId":"-"},"content":"","lastModifiedDate":"2020-05-25"},{"lineNumber":17,"author":{"gitId":"-"},"content":"REM run the program, feed commands from input.txt file and redirect the output to the ACTUAL.TXT","lastModifiedDate":"2020-05-25"},{"lineNumber":18,"author":{"gitId":"StevenGX12"},"content":"java -classpath ..\\src\\main\\java NotChatGPT \u003c input.txt \u003e ACTUAL.TXT","lastModifiedDate":"2023-09-10"},{"lineNumber":19,"author":{"gitId":"-"},"content":"","lastModifiedDate":"2020-05-25"},{"lineNumber":20,"author":{"gitId":"-"},"content":"REM compare the output to the expected output","lastModifiedDate":"2020-05-25"},{"lineNumber":21,"author":{"gitId":"-"},"content":"FC ACTUAL.TXT EXPECTED.TXT","lastModifiedDate":"2020-05-25"}],"authorContributionMap":{"StevenGX12":1,"-":20}}]
