{"authorDailyContributionsMap":{"StevenGX12":[{"date":"2023-08-23","commitResults":[{"hash":"d45747e832a71e41a36dbb273d443ae430499a69","isMergeCommit":false,"messageTitle":"no message","messageBody":"","tags":["Level-0"],"fileTypesAndContributionMap":{"java":{"insertions":14,"deletions":10}}}]},{"date":"2023-08-27","commitResults":[{"hash":"1f358f5bb9487c33e38ce3a67d30559a6a00d63b","isMergeCommit":false,"messageTitle":"no message","messageBody":"","tags":["Level-1"],"fileTypesAndContributionMap":{"java":{"insertions":29,"deletions":1}}}]},{"date":"2023-08-28","commitResults":[{"hash":"49ad389fafa46602633584021d09d42abefe18c0","isMergeCommit":false,"messageTitle":"no message","messageBody":"","tags":["Level-2"],"fileTypesAndContributionMap":{"java":{"insertions":44,"deletions":4}}},{"hash":"69eb05c862015d0efab6150f9b71018fc29c5543","isMergeCommit":false,"messageTitle":"no message","messageBody":"","tags":["Level-3","A-CodingStandard"],"fileTypesAndContributionMap":{"java":{"insertions":85,"deletions":15}}}]},{"date":"2023-09-10","commitResults":[{"hash":"01e5eb60e9e0c40d68d4f2f0416c9db59e6102cc","isMergeCommit":false,"messageTitle":"Level-4","messageBody":"","tags":["Level-4","A-CodeQuality"],"fileTypesAndContributionMap":{"txt":{"insertions":10,"deletions":0},"java":{"insertions":122,"deletions":19},"bat":{"insertions":1,"deletions":1}}},{"hash":"a5ac1966995c0806339b02016f115b200d7b7ad8","isMergeCommit":false,"messageTitle":"Level-5","messageBody":"","fileTypesAndContributionMap":{"java":{"insertions":158,"deletions":63}}},{"hash":"54a59eb55fbe96633a4c6556a8e579d1267d22b9","isMergeCommit":true,"messageTitle":"Merge branch \u0027branch-Level-5\u0027","messageBody":"* branch-Level-5:\n  Level-5\n","tags":["Level-5","A-Exceptions"],"fileTypesAndContributionMap":{}},{"hash":"f87c5edefcd7f59bf94bd6b06e303bbfc5e497b5","isMergeCommit":false,"messageTitle":"Level-5 updated","messageBody":"","fileTypesAndContributionMap":{"java":{"insertions":0,"deletions":0}}}]},{"date":"2023-09-15","commitResults":[{"hash":"129c4e3fdf2cb95f8c8f0ee1f90e5c381d027303","isMergeCommit":false,"messageTitle":"A-Packages","messageBody":"","fileTypesAndContributionMap":{"java":{"insertions":34,"deletions":5}}},{"hash":"05e4207be8ce27470b56a2cba2c3b3c97cab98b6","isMergeCommit":true,"messageTitle":"Merge branch \u0027branch-A-Packages\u0027","messageBody":"* branch-A-Packages:\n  A-Packages\n","tags":["A-Packages"],"fileTypesAndContributionMap":{}}]},{"date":"2023-09-16","commitResults":[{"hash":"4870ac1e103a8ecd4b42f9bed800ae6f42176801","isMergeCommit":false,"messageTitle":"Level-6","messageBody":"","fileTypesAndContributionMap":{"java":{"insertions":23,"deletions":0}}}]},{"date":"2023-09-17","commitResults":[{"hash":"10ff9d3045ee2e82ab5911c1e0c043eabad6914f","isMergeCommit":false,"messageTitle":"Level-7","messageBody":"","fileTypesAndContributionMap":{"java":{"insertions":110,"deletions":2}}},{"hash":"489a64fc9272a4730d5d32518bb7255cf82d6795","isMergeCommit":true,"messageTitle":"Merge branch \u0027branch-Level-6\u0027","messageBody":"* branch-Level-6:\n  Level-6\n","tags":["Level-6"],"fileTypesAndContributionMap":{}},{"hash":"aafd65bc25281b05963ca9b775721fcb16aedde7","isMergeCommit":true,"messageTitle":"Merge branch \u0027branch-Level-7\u0027","messageBody":"* branch-Level-7:\n  Level-7\n","tags":["v0.1","Level-7","A-Jar"],"fileTypesAndContributionMap":{}}]}]},"authorFileTypeContributionMap":{"StevenGX12":{"java":510,"md":0,"fxml":0,"sh":0,"bat":1,"gradle":0,"txt":10}},"authorContributionVariance":{"StevenGX12":5151.769},"authorDisplayNameMap":{"StevenGX12":"CS2113-W12-1 GUAN..XIAO"}}
