{"authorDailyContributionsMap":{"StevenGX12":[{"date":"2023-08-23","commitResults":[{"hash":"d45747e832a71e41a36dbb273d443ae430499a69","isMergeCommit":false,"messageTitle":"no message","messageBody":"","tags":["Level-0"],"fileTypesAndContributionMap":{"java":{"insertions":14,"deletions":10}}}]},{"date":"2023-08-27","commitResults":[{"hash":"1f358f5bb9487c33e38ce3a67d30559a6a00d63b","isMergeCommit":false,"messageTitle":"no message","messageBody":"","tags":["Level-1"],"fileTypesAndContributionMap":{"java":{"insertions":29,"deletions":1}}}]},{"date":"2023-08-28","commitResults":[{"hash":"49ad389fafa46602633584021d09d42abefe18c0","isMergeCommit":false,"messageTitle":"no message","messageBody":"","tags":["Level-2"],"fileTypesAndContributionMap":{"java":{"insertions":44,"deletions":4}}},{"hash":"69eb05c862015d0efab6150f9b71018fc29c5543","isMergeCommit":false,"messageTitle":"no message","messageBody":"","tags":["Level-3"],"fileTypesAndContributionMap":{"java":{"insertions":85,"deletions":15}}}]},{"date":"2023-09-10","commitResults":[{"hash":"01e5eb60e9e0c40d68d4f2f0416c9db59e6102cc","isMergeCommit":false,"messageTitle":"Level-4","messageBody":"","tags":["Level-4"],"fileTypesAndContributionMap":{"txt":{"insertions":10,"deletions":0},"java":{"insertions":122,"deletions":19},"bat":{"insertions":1,"deletions":1}}},{"hash":"a5ac1966995c0806339b02016f115b200d7b7ad8","isMergeCommit":false,"messageTitle":"Level-5","messageBody":"","fileTypesAndContributionMap":{"java":{"insertions":158,"deletions":63}}},{"hash":"54a59eb55fbe96633a4c6556a8e579d1267d22b9","isMergeCommit":true,"messageTitle":"Merge branch \u0027branch-Level-5\u0027","messageBody":"* branch-Level-5:\n  Level-5\n","tags":["Level-5"],"fileTypesAndContributionMap":{}},{"hash":"f87c5edefcd7f59bf94bd6b06e303bbfc5e497b5","isMergeCommit":false,"messageTitle":"Level-5 updated","messageBody":"","fileTypesAndContributionMap":{"java":{"insertions":0,"deletions":0}}}]}]},"authorFileTypeContributionMap":{"StevenGX12":{"java":350,"md":0,"fxml":0,"sh":0,"bat":1,"gradle":0,"txt":10}},"authorContributionVariance":{"StevenGX12":6226.3335},"authorDisplayNameMap":{"StevenGX12":"GUAN..XIAO"}}
