[{"path":"src/main/java/Deadline.java","fileType":"java","lines":[{"lineNumber":1,"author":{"gitId":"ICubE-"},"content":"import java.util.Arrays;","lastModifiedDate":"2023-09-05"},{"lineNumber":2,"author":{"gitId":"ICubE-"},"content":"","lastModifiedDate":"2023-09-05"},{"lineNumber":3,"author":{"gitId":"ICubE-"},"content":"public class Deadline extends Task {","lastModifiedDate":"2023-09-05"},{"lineNumber":4,"author":{"gitId":"ICubE-"},"content":"    private String by;","lastModifiedDate":"2023-09-05"},{"lineNumber":5,"author":{"gitId":"ICubE-"},"content":"","lastModifiedDate":"2023-09-05"},{"lineNumber":6,"author":{"gitId":"ICubE-"},"content":"    public static Deadline parseDeadline(String arg) {","lastModifiedDate":"2023-09-05"},{"lineNumber":7,"author":{"gitId":"ICubE-"},"content":"        String[] args \u003d arg.split(\" /by \");","lastModifiedDate":"2023-09-05"},{"lineNumber":8,"author":{"gitId":"ICubE-"},"content":"        String name \u003d args[0];","lastModifiedDate":"2023-09-05"},{"lineNumber":9,"author":{"gitId":"ICubE-"},"content":"        String by \u003d args[1];","lastModifiedDate":"2023-09-05"},{"lineNumber":10,"author":{"gitId":"ICubE-"},"content":"","lastModifiedDate":"2023-09-05"},{"lineNumber":11,"author":{"gitId":"ICubE-"},"content":"        return new Deadline(name, by);","lastModifiedDate":"2023-09-05"},{"lineNumber":12,"author":{"gitId":"ICubE-"},"content":"    }","lastModifiedDate":"2023-09-05"},{"lineNumber":13,"author":{"gitId":"ICubE-"},"content":"","lastModifiedDate":"2023-09-05"},{"lineNumber":14,"author":{"gitId":"ICubE-"},"content":"    public Deadline(String name, String by) {","lastModifiedDate":"2023-09-05"},{"lineNumber":15,"author":{"gitId":"ICubE-"},"content":"        super(name);","lastModifiedDate":"2023-09-05"},{"lineNumber":16,"author":{"gitId":"ICubE-"},"content":"        this.by \u003d by;","lastModifiedDate":"2023-09-05"},{"lineNumber":17,"author":{"gitId":"ICubE-"},"content":"    }","lastModifiedDate":"2023-09-05"},{"lineNumber":18,"author":{"gitId":"ICubE-"},"content":"","lastModifiedDate":"2023-09-05"},{"lineNumber":19,"author":{"gitId":"ICubE-"},"content":"    public String getBy() {","lastModifiedDate":"2023-09-05"},{"lineNumber":20,"author":{"gitId":"ICubE-"},"content":"        return by;","lastModifiedDate":"2023-09-05"},{"lineNumber":21,"author":{"gitId":"ICubE-"},"content":"    }","lastModifiedDate":"2023-09-05"},{"lineNumber":22,"author":{"gitId":"ICubE-"},"content":"","lastModifiedDate":"2023-09-05"},{"lineNumber":23,"author":{"gitId":"ICubE-"},"content":"    public void setBy(String by) {","lastModifiedDate":"2023-09-05"},{"lineNumber":24,"author":{"gitId":"ICubE-"},"content":"        this.by \u003d by;","lastModifiedDate":"2023-09-05"},{"lineNumber":25,"author":{"gitId":"ICubE-"},"content":"    }","lastModifiedDate":"2023-09-05"},{"lineNumber":26,"author":{"gitId":"ICubE-"},"content":"","lastModifiedDate":"2023-09-05"},{"lineNumber":27,"author":{"gitId":"ICubE-"},"content":"    @Override","lastModifiedDate":"2023-09-05"},{"lineNumber":28,"author":{"gitId":"ICubE-"},"content":"    public String toString() {","lastModifiedDate":"2023-09-05"},{"lineNumber":29,"author":{"gitId":"ICubE-"},"content":"        return String.format(\"[D]%s (by: %s)\",","lastModifiedDate":"2023-09-05"},{"lineNumber":30,"author":{"gitId":"ICubE-"},"content":"                super.toString(), getBy());","lastModifiedDate":"2023-09-05"},{"lineNumber":31,"author":{"gitId":"ICubE-"},"content":"    }","lastModifiedDate":"2023-09-05"},{"lineNumber":32,"author":{"gitId":"ICubE-"},"content":"}","lastModifiedDate":"2023-09-05"}],"authorContributionMap":{"ICubE-":32}},{"path":"src/main/java/Event.java","fileType":"java","lines":[{"lineNumber":1,"author":{"gitId":"ICubE-"},"content":"public class Event extends Task {","lastModifiedDate":"2023-09-05"},{"lineNumber":2,"author":{"gitId":"ICubE-"},"content":"    private String from;","lastModifiedDate":"2023-09-05"},{"lineNumber":3,"author":{"gitId":"ICubE-"},"content":"    private String to;","lastModifiedDate":"2023-09-05"},{"lineNumber":4,"author":{"gitId":"ICubE-"},"content":"","lastModifiedDate":"2023-09-05"},{"lineNumber":5,"author":{"gitId":"ICubE-"},"content":"    public static Event parseEvent(String arg) {","lastModifiedDate":"2023-09-05"},{"lineNumber":6,"author":{"gitId":"ICubE-"},"content":"        String[] args \u003d arg.split(\" /from | /to \");","lastModifiedDate":"2023-09-05"},{"lineNumber":7,"author":{"gitId":"ICubE-"},"content":"        String name \u003d args[0];","lastModifiedDate":"2023-09-05"},{"lineNumber":8,"author":{"gitId":"ICubE-"},"content":"        String from \u003d args[1];","lastModifiedDate":"2023-09-05"},{"lineNumber":9,"author":{"gitId":"ICubE-"},"content":"        String to \u003d args[2];","lastModifiedDate":"2023-09-05"},{"lineNumber":10,"author":{"gitId":"ICubE-"},"content":"","lastModifiedDate":"2023-09-05"},{"lineNumber":11,"author":{"gitId":"ICubE-"},"content":"        return new Event(name, from, to);","lastModifiedDate":"2023-09-05"},{"lineNumber":12,"author":{"gitId":"ICubE-"},"content":"    }","lastModifiedDate":"2023-09-05"},{"lineNumber":13,"author":{"gitId":"ICubE-"},"content":"","lastModifiedDate":"2023-09-05"},{"lineNumber":14,"author":{"gitId":"ICubE-"},"content":"    public Event(String name, String from, String to) {","lastModifiedDate":"2023-09-05"},{"lineNumber":15,"author":{"gitId":"ICubE-"},"content":"        super(name);","lastModifiedDate":"2023-09-05"},{"lineNumber":16,"author":{"gitId":"ICubE-"},"content":"        this.from \u003d from;","lastModifiedDate":"2023-09-05"},{"lineNumber":17,"author":{"gitId":"ICubE-"},"content":"        this.to \u003d to;","lastModifiedDate":"2023-09-05"},{"lineNumber":18,"author":{"gitId":"ICubE-"},"content":"    }","lastModifiedDate":"2023-09-05"},{"lineNumber":19,"author":{"gitId":"ICubE-"},"content":"","lastModifiedDate":"2023-09-05"},{"lineNumber":20,"author":{"gitId":"ICubE-"},"content":"    public String getFrom() {","lastModifiedDate":"2023-09-05"},{"lineNumber":21,"author":{"gitId":"ICubE-"},"content":"        return from;","lastModifiedDate":"2023-09-05"},{"lineNumber":22,"author":{"gitId":"ICubE-"},"content":"    }","lastModifiedDate":"2023-09-05"},{"lineNumber":23,"author":{"gitId":"ICubE-"},"content":"","lastModifiedDate":"2023-09-05"},{"lineNumber":24,"author":{"gitId":"ICubE-"},"content":"    public void setFrom(String from) {","lastModifiedDate":"2023-09-05"},{"lineNumber":25,"author":{"gitId":"ICubE-"},"content":"        this.from \u003d from;","lastModifiedDate":"2023-09-05"},{"lineNumber":26,"author":{"gitId":"ICubE-"},"content":"    }","lastModifiedDate":"2023-09-05"},{"lineNumber":27,"author":{"gitId":"ICubE-"},"content":"","lastModifiedDate":"2023-09-05"},{"lineNumber":28,"author":{"gitId":"ICubE-"},"content":"    public String getTo() {","lastModifiedDate":"2023-09-05"},{"lineNumber":29,"author":{"gitId":"ICubE-"},"content":"        return to;","lastModifiedDate":"2023-09-05"},{"lineNumber":30,"author":{"gitId":"ICubE-"},"content":"    }","lastModifiedDate":"2023-09-05"},{"lineNumber":31,"author":{"gitId":"ICubE-"},"content":"","lastModifiedDate":"2023-09-05"},{"lineNumber":32,"author":{"gitId":"ICubE-"},"content":"    public void setTo(String to) {","lastModifiedDate":"2023-09-05"},{"lineNumber":33,"author":{"gitId":"ICubE-"},"content":"        this.to \u003d to;","lastModifiedDate":"2023-09-05"},{"lineNumber":34,"author":{"gitId":"ICubE-"},"content":"    }","lastModifiedDate":"2023-09-05"},{"lineNumber":35,"author":{"gitId":"ICubE-"},"content":"","lastModifiedDate":"2023-09-05"},{"lineNumber":36,"author":{"gitId":"ICubE-"},"content":"    @Override","lastModifiedDate":"2023-09-05"},{"lineNumber":37,"author":{"gitId":"ICubE-"},"content":"    public String toString() {","lastModifiedDate":"2023-09-05"},{"lineNumber":38,"author":{"gitId":"ICubE-"},"content":"        return String.format(\"[E]%s (from: %s to: %s)\",","lastModifiedDate":"2023-09-05"},{"lineNumber":39,"author":{"gitId":"ICubE-"},"content":"                super.toString(), getFrom(), getTo());","lastModifiedDate":"2023-09-05"},{"lineNumber":40,"author":{"gitId":"ICubE-"},"content":"    }","lastModifiedDate":"2023-09-05"},{"lineNumber":41,"author":{"gitId":"ICubE-"},"content":"}","lastModifiedDate":"2023-09-05"}],"authorContributionMap":{"ICubE-":41}},{"path":"src/main/java/Nuke.java","fileType":"java","lines":[{"lineNumber":1,"author":{"gitId":"ICubE-"},"content":"import java.util.ArrayList;","lastModifiedDate":"2023-08-26"},{"lineNumber":2,"author":{"gitId":"ICubE-"},"content":"import java.util.Scanner;","lastModifiedDate":"2023-08-26"},{"lineNumber":3,"author":{"gitId":"ICubE-"},"content":"","lastModifiedDate":"2023-08-26"},{"lineNumber":4,"author":{"gitId":"ICubE-"},"content":"public class Nuke {","lastModifiedDate":"2023-08-26"},{"lineNumber":5,"author":{"gitId":"ICubE-"},"content":"    public static String LOGO \u003d","lastModifiedDate":"2023-08-26"},{"lineNumber":6,"author":{"gitId":"ICubE-"},"content":"            \"     _.-^^---....,,--      \\n\" +","lastModifiedDate":"2023-09-05"},{"lineNumber":7,"author":{"gitId":"ICubE-"},"content":"            \" _--                  --_  \\n\" +","lastModifiedDate":"2023-09-05"},{"lineNumber":8,"author":{"gitId":"ICubE-"},"content":"            \"\u003c                        \u003e)\\n\" +","lastModifiedDate":"2023-09-05"},{"lineNumber":9,"author":{"gitId":"ICubE-"},"content":"            \"|                         |\\n\" +","lastModifiedDate":"2023-09-05"},{"lineNumber":10,"author":{"gitId":"ICubE-"},"content":"            \" \\\\._                   _./ \\n\" +","lastModifiedDate":"2023-09-05"},{"lineNumber":11,"author":{"gitId":"ICubE-"},"content":"            \"    ```--. . , ; .--\u0027\u0027\u0027    \\n\" +","lastModifiedDate":"2023-09-05"},{"lineNumber":12,"author":{"gitId":"ICubE-"},"content":"            \"          | |   |          \\n\" +","lastModifiedDate":"2023-09-05"},{"lineNumber":13,"author":{"gitId":"ICubE-"},"content":"            \"       .-\u003d||  | |\u003d-.       \\n\" +","lastModifiedDate":"2023-09-05"},{"lineNumber":14,"author":{"gitId":"ICubE-"},"content":"            \"       `-\u003d#$%\u0026%$#\u003d-\u0027       \\n\" +","lastModifiedDate":"2023-09-05"},{"lineNumber":15,"author":{"gitId":"ICubE-"},"content":"            \"          | ;  :|          \\n\" +","lastModifiedDate":"2023-09-05"},{"lineNumber":16,"author":{"gitId":"ICubE-"},"content":"            \" _____.,-#%\u0026$@%#\u0026#~,._____ \\n\";","lastModifiedDate":"2023-09-05"},{"lineNumber":17,"author":{"gitId":"ICubE-"},"content":"    private static boolean running \u003d true;","lastModifiedDate":"2023-08-26"},{"lineNumber":18,"author":{"gitId":"ICubE-"},"content":"","lastModifiedDate":"2023-08-26"},{"lineNumber":19,"author":{"gitId":"ICubE-"},"content":"    private static final ArrayList\u003cTask\u003e tasks \u003d new ArrayList\u003c\u003e();","lastModifiedDate":"2023-08-26"},{"lineNumber":20,"author":{"gitId":"ICubE-"},"content":"","lastModifiedDate":"2023-08-26"},{"lineNumber":21,"author":{"gitId":"ICubE-"},"content":"    public static void main(String[] args) {","lastModifiedDate":"2023-08-26"},{"lineNumber":22,"author":{"gitId":"ICubE-"},"content":"        Scanner in \u003d new Scanner(System.in);","lastModifiedDate":"2023-08-26"},{"lineNumber":23,"author":{"gitId":"ICubE-"},"content":"","lastModifiedDate":"2023-08-26"},{"lineNumber":24,"author":{"gitId":"ICubE-"},"content":"        // Welcome message","lastModifiedDate":"2023-08-26"},{"lineNumber":25,"author":{"gitId":"ICubE-"},"content":"        System.out.println(LOGO);","lastModifiedDate":"2023-08-26"},{"lineNumber":26,"author":{"gitId":"ICubE-"},"content":"        System.out.println();","lastModifiedDate":"2023-08-26"},{"lineNumber":27,"author":{"gitId":"ICubE-"},"content":"        System.out.println(\"[@] Hello! I\u0027m Nuke.\");","lastModifiedDate":"2023-09-05"},{"lineNumber":28,"author":{"gitId":"ICubE-"},"content":"        System.out.println(\"[@] What can I do for you?\");","lastModifiedDate":"2023-09-05"},{"lineNumber":29,"author":{"gitId":"ICubE-"},"content":"","lastModifiedDate":"2023-08-26"},{"lineNumber":30,"author":{"gitId":"ICubE-"},"content":"        // Loop for user input","lastModifiedDate":"2023-08-26"},{"lineNumber":31,"author":{"gitId":"ICubE-"},"content":"        while(running) {","lastModifiedDate":"2023-08-26"},{"lineNumber":32,"author":{"gitId":"ICubE-"},"content":"            String input \u003d in.nextLine();","lastModifiedDate":"2023-08-26"},{"lineNumber":33,"author":{"gitId":"ICubE-"},"content":"            runCommand(input);","lastModifiedDate":"2023-08-26"},{"lineNumber":34,"author":{"gitId":"ICubE-"},"content":"        }","lastModifiedDate":"2023-08-26"},{"lineNumber":35,"author":{"gitId":"ICubE-"},"content":"    }","lastModifiedDate":"2023-08-26"},{"lineNumber":36,"author":{"gitId":"ICubE-"},"content":"","lastModifiedDate":"2023-08-26"},{"lineNumber":37,"author":{"gitId":"ICubE-"},"content":"    private static void runCommand(String line) {","lastModifiedDate":"2023-08-26"},{"lineNumber":38,"author":{"gitId":"ICubE-"},"content":"        String[] words \u003d line.split(\" \");","lastModifiedDate":"2023-08-26"},{"lineNumber":39,"author":{"gitId":"ICubE-"},"content":"        String type \u003d words[0];","lastModifiedDate":"2023-08-26"},{"lineNumber":40,"author":{"gitId":"ICubE-"},"content":"        String arg \u003d line.substring(type.length()).strip();","lastModifiedDate":"2023-09-05"},{"lineNumber":41,"author":{"gitId":"ICubE-"},"content":"","lastModifiedDate":"2023-08-26"},{"lineNumber":42,"author":{"gitId":"ICubE-"},"content":"        int idx;","lastModifiedDate":"2023-08-26"},{"lineNumber":43,"author":{"gitId":"ICubE-"},"content":"        switch(type) {","lastModifiedDate":"2023-08-26"},{"lineNumber":44,"author":{"gitId":"ICubE-"},"content":"        case \"bye\":","lastModifiedDate":"2023-08-26"},{"lineNumber":45,"author":{"gitId":"ICubE-"},"content":"            System.out.println(\"[@] Bye. Hope to see you again soon!\");","lastModifiedDate":"2023-09-05"},{"lineNumber":46,"author":{"gitId":"ICubE-"},"content":"            running \u003d false;","lastModifiedDate":"2023-08-26"},{"lineNumber":47,"author":{"gitId":"ICubE-"},"content":"            break;","lastModifiedDate":"2023-08-26"},{"lineNumber":48,"author":{"gitId":"ICubE-"},"content":"        case \"list\":","lastModifiedDate":"2023-08-26"},{"lineNumber":49,"author":{"gitId":"ICubE-"},"content":"            listTask();","lastModifiedDate":"2023-08-26"},{"lineNumber":50,"author":{"gitId":"ICubE-"},"content":"            break;","lastModifiedDate":"2023-08-26"},{"lineNumber":51,"author":{"gitId":"ICubE-"},"content":"        case \"mark\":","lastModifiedDate":"2023-08-26"},{"lineNumber":52,"author":{"gitId":"ICubE-"},"content":"            idx \u003d Integer.parseInt(words[1]) - 1;","lastModifiedDate":"2023-08-26"},{"lineNumber":53,"author":{"gitId":"ICubE-"},"content":"            markTask(idx);","lastModifiedDate":"2023-08-26"},{"lineNumber":54,"author":{"gitId":"ICubE-"},"content":"            break;","lastModifiedDate":"2023-08-26"},{"lineNumber":55,"author":{"gitId":"ICubE-"},"content":"        case \"unmark\":","lastModifiedDate":"2023-08-26"},{"lineNumber":56,"author":{"gitId":"ICubE-"},"content":"            idx \u003d Integer.parseInt(words[1]) - 1;","lastModifiedDate":"2023-08-26"},{"lineNumber":57,"author":{"gitId":"ICubE-"},"content":"            unmarkTask(idx);","lastModifiedDate":"2023-08-26"},{"lineNumber":58,"author":{"gitId":"ICubE-"},"content":"            break;","lastModifiedDate":"2023-08-26"},{"lineNumber":59,"author":{"gitId":"ICubE-"},"content":"        case \"todo\":","lastModifiedDate":"2023-09-05"},{"lineNumber":60,"author":{"gitId":"ICubE-"},"content":"            addTask(Todo.parseTodo(arg));","lastModifiedDate":"2023-09-05"},{"lineNumber":61,"author":{"gitId":"ICubE-"},"content":"            break;","lastModifiedDate":"2023-09-05"},{"lineNumber":62,"author":{"gitId":"ICubE-"},"content":"        case \"deadline\":","lastModifiedDate":"2023-09-05"},{"lineNumber":63,"author":{"gitId":"ICubE-"},"content":"            addTask(Deadline.parseDeadline(arg));","lastModifiedDate":"2023-09-05"},{"lineNumber":64,"author":{"gitId":"ICubE-"},"content":"            break;","lastModifiedDate":"2023-09-05"},{"lineNumber":65,"author":{"gitId":"ICubE-"},"content":"        case \"event\":","lastModifiedDate":"2023-09-05"},{"lineNumber":66,"author":{"gitId":"ICubE-"},"content":"            addTask(Event.parseEvent(arg));","lastModifiedDate":"2023-09-05"},{"lineNumber":67,"author":{"gitId":"ICubE-"},"content":"            break;","lastModifiedDate":"2023-09-05"},{"lineNumber":68,"author":{"gitId":"ICubE-"},"content":"        default:","lastModifiedDate":"2023-08-26"},{"lineNumber":69,"author":{"gitId":"ICubE-"},"content":"            addTask(new Task(line));","lastModifiedDate":"2023-09-05"},{"lineNumber":70,"author":{"gitId":"ICubE-"},"content":"        }","lastModifiedDate":"2023-08-26"},{"lineNumber":71,"author":{"gitId":"ICubE-"},"content":"    }","lastModifiedDate":"2023-08-26"},{"lineNumber":72,"author":{"gitId":"ICubE-"},"content":"","lastModifiedDate":"2023-08-26"},{"lineNumber":73,"author":{"gitId":"ICubE-"},"content":"    private static void addTask(Task task) {","lastModifiedDate":"2023-09-05"},{"lineNumber":74,"author":{"gitId":"ICubE-"},"content":"        tasks.add(task);","lastModifiedDate":"2023-09-05"},{"lineNumber":75,"author":{"gitId":"ICubE-"},"content":"        System.out.println(\"[@] Got it. I\u0027ve added this task:\");","lastModifiedDate":"2023-09-05"},{"lineNumber":76,"author":{"gitId":"ICubE-"},"content":"        System.out.println(\"  \" + task);","lastModifiedDate":"2023-09-05"},{"lineNumber":77,"author":{"gitId":"ICubE-"},"content":"        System.out.printf(\"[@] Now you have %d tasks in the list.\\n\", tasks.size());","lastModifiedDate":"2023-09-05"},{"lineNumber":78,"author":{"gitId":"ICubE-"},"content":"    }","lastModifiedDate":"2023-08-26"},{"lineNumber":79,"author":{"gitId":"ICubE-"},"content":"","lastModifiedDate":"2023-08-26"},{"lineNumber":80,"author":{"gitId":"ICubE-"},"content":"    private static void listTask() {","lastModifiedDate":"2023-08-26"},{"lineNumber":81,"author":{"gitId":"ICubE-"},"content":"        System.out.println(\"[@] Here are the tasks in you list:\");","lastModifiedDate":"2023-09-05"},{"lineNumber":82,"author":{"gitId":"ICubE-"},"content":"        for(int i \u003d 0; i \u003c tasks.size(); i++) {","lastModifiedDate":"2023-08-26"},{"lineNumber":83,"author":{"gitId":"ICubE-"},"content":"            Task task \u003d tasks.get(i);","lastModifiedDate":"2023-08-26"},{"lineNumber":84,"author":{"gitId":"ICubE-"},"content":"            System.out.printf(\"%d.%s\\n\", i + 1, task.toString());","lastModifiedDate":"2023-09-05"},{"lineNumber":85,"author":{"gitId":"ICubE-"},"content":"        }","lastModifiedDate":"2023-08-26"},{"lineNumber":86,"author":{"gitId":"ICubE-"},"content":"    }","lastModifiedDate":"2023-08-26"},{"lineNumber":87,"author":{"gitId":"ICubE-"},"content":"","lastModifiedDate":"2023-08-26"},{"lineNumber":88,"author":{"gitId":"ICubE-"},"content":"    private static void markTask(int idx) {","lastModifiedDate":"2023-08-26"},{"lineNumber":89,"author":{"gitId":"ICubE-"},"content":"        Task task \u003d tasks.get(idx);","lastModifiedDate":"2023-09-05"},{"lineNumber":90,"author":{"gitId":"ICubE-"},"content":"        task.setDone(true);","lastModifiedDate":"2023-09-05"},{"lineNumber":91,"author":{"gitId":"ICubE-"},"content":"        System.out.println(\"[@] Nice! I\u0027ve marked this task as done:\");","lastModifiedDate":"2023-09-05"},{"lineNumber":92,"author":{"gitId":"ICubE-"},"content":"        System.out.println(\"  \" + task);","lastModifiedDate":"2023-09-05"},{"lineNumber":93,"author":{"gitId":"ICubE-"},"content":"    }","lastModifiedDate":"2023-08-26"},{"lineNumber":94,"author":{"gitId":"ICubE-"},"content":"","lastModifiedDate":"2023-08-26"},{"lineNumber":95,"author":{"gitId":"ICubE-"},"content":"    private static void unmarkTask(int idx) {","lastModifiedDate":"2023-08-26"},{"lineNumber":96,"author":{"gitId":"ICubE-"},"content":"        Task task \u003d tasks.get(idx);","lastModifiedDate":"2023-09-05"},{"lineNumber":97,"author":{"gitId":"ICubE-"},"content":"        task.setDone(false);","lastModifiedDate":"2023-09-05"},{"lineNumber":98,"author":{"gitId":"ICubE-"},"content":"        System.out.println(\"[@] OK, I\u0027ve marked this task as not done yet:\");","lastModifiedDate":"2023-09-05"},{"lineNumber":99,"author":{"gitId":"ICubE-"},"content":"        System.out.println(\"  \" + task);","lastModifiedDate":"2023-09-05"},{"lineNumber":100,"author":{"gitId":"ICubE-"},"content":"    }","lastModifiedDate":"2023-08-26"},{"lineNumber":101,"author":{"gitId":"ICubE-"},"content":"}","lastModifiedDate":"2023-08-26"}],"authorContributionMap":{"ICubE-":101}},{"path":"src/main/java/Task.java","fileType":"java","lines":[{"lineNumber":1,"author":{"gitId":"ICubE-"},"content":"public class Task {","lastModifiedDate":"2023-08-26"},{"lineNumber":2,"author":{"gitId":"ICubE-"},"content":"    private String name;","lastModifiedDate":"2023-08-26"},{"lineNumber":3,"author":{"gitId":"ICubE-"},"content":"    private boolean done;","lastModifiedDate":"2023-08-26"},{"lineNumber":4,"author":{"gitId":"ICubE-"},"content":"","lastModifiedDate":"2023-08-26"},{"lineNumber":5,"author":{"gitId":"ICubE-"},"content":"    public Task(String name) {","lastModifiedDate":"2023-08-26"},{"lineNumber":6,"author":{"gitId":"ICubE-"},"content":"        setName(name);","lastModifiedDate":"2023-08-26"},{"lineNumber":7,"author":{"gitId":"ICubE-"},"content":"        setDone(false);","lastModifiedDate":"2023-08-26"},{"lineNumber":8,"author":{"gitId":"ICubE-"},"content":"    }","lastModifiedDate":"2023-08-26"},{"lineNumber":9,"author":{"gitId":"ICubE-"},"content":"","lastModifiedDate":"2023-08-26"},{"lineNumber":10,"author":{"gitId":"ICubE-"},"content":"    public String getName() {","lastModifiedDate":"2023-08-26"},{"lineNumber":11,"author":{"gitId":"ICubE-"},"content":"        return name;","lastModifiedDate":"2023-08-26"},{"lineNumber":12,"author":{"gitId":"ICubE-"},"content":"    }","lastModifiedDate":"2023-08-26"},{"lineNumber":13,"author":{"gitId":"ICubE-"},"content":"","lastModifiedDate":"2023-08-26"},{"lineNumber":14,"author":{"gitId":"ICubE-"},"content":"    public void setName(String name) {","lastModifiedDate":"2023-08-26"},{"lineNumber":15,"author":{"gitId":"ICubE-"},"content":"        this.name \u003d name;","lastModifiedDate":"2023-08-26"},{"lineNumber":16,"author":{"gitId":"ICubE-"},"content":"    }","lastModifiedDate":"2023-08-26"},{"lineNumber":17,"author":{"gitId":"ICubE-"},"content":"","lastModifiedDate":"2023-08-26"},{"lineNumber":18,"author":{"gitId":"ICubE-"},"content":"    public boolean isDone() {","lastModifiedDate":"2023-08-26"},{"lineNumber":19,"author":{"gitId":"ICubE-"},"content":"        return done;","lastModifiedDate":"2023-08-26"},{"lineNumber":20,"author":{"gitId":"ICubE-"},"content":"    }","lastModifiedDate":"2023-08-26"},{"lineNumber":21,"author":{"gitId":"ICubE-"},"content":"","lastModifiedDate":"2023-08-26"},{"lineNumber":22,"author":{"gitId":"ICubE-"},"content":"    public void setDone(boolean done) {","lastModifiedDate":"2023-08-26"},{"lineNumber":23,"author":{"gitId":"ICubE-"},"content":"        this.done \u003d done;","lastModifiedDate":"2023-08-26"},{"lineNumber":24,"author":{"gitId":"ICubE-"},"content":"    }","lastModifiedDate":"2023-08-26"},{"lineNumber":25,"author":{"gitId":"ICubE-"},"content":"","lastModifiedDate":"2023-09-05"},{"lineNumber":26,"author":{"gitId":"ICubE-"},"content":"    @Override","lastModifiedDate":"2023-09-05"},{"lineNumber":27,"author":{"gitId":"ICubE-"},"content":"    public String toString() {","lastModifiedDate":"2023-09-05"},{"lineNumber":28,"author":{"gitId":"ICubE-"},"content":"        String mark \u003d isDone()? \"X\" : \" \";","lastModifiedDate":"2023-09-05"},{"lineNumber":29,"author":{"gitId":"ICubE-"},"content":"        return String.format(\"[%s] %s\", mark, getName());","lastModifiedDate":"2023-09-05"},{"lineNumber":30,"author":{"gitId":"ICubE-"},"content":"    }","lastModifiedDate":"2023-09-05"},{"lineNumber":31,"author":{"gitId":"ICubE-"},"content":"}","lastModifiedDate":"2023-08-26"}],"authorContributionMap":{"ICubE-":31}},{"path":"src/main/java/Todo.java","fileType":"java","lines":[{"lineNumber":1,"author":{"gitId":"ICubE-"},"content":"public class Todo extends Task {","lastModifiedDate":"2023-09-05"},{"lineNumber":2,"author":{"gitId":"ICubE-"},"content":"    public static Todo parseTodo(String arg) {","lastModifiedDate":"2023-09-05"},{"lineNumber":3,"author":{"gitId":"ICubE-"},"content":"        return new Todo(arg);","lastModifiedDate":"2023-09-05"},{"lineNumber":4,"author":{"gitId":"ICubE-"},"content":"    }","lastModifiedDate":"2023-09-05"},{"lineNumber":5,"author":{"gitId":"ICubE-"},"content":"","lastModifiedDate":"2023-09-05"},{"lineNumber":6,"author":{"gitId":"ICubE-"},"content":"    public Todo(String name) {","lastModifiedDate":"2023-09-05"},{"lineNumber":7,"author":{"gitId":"ICubE-"},"content":"        super(name);","lastModifiedDate":"2023-09-05"},{"lineNumber":8,"author":{"gitId":"ICubE-"},"content":"    }","lastModifiedDate":"2023-09-05"},{"lineNumber":9,"author":{"gitId":"ICubE-"},"content":"","lastModifiedDate":"2023-09-05"},{"lineNumber":10,"author":{"gitId":"ICubE-"},"content":"    @Override","lastModifiedDate":"2023-09-05"},{"lineNumber":11,"author":{"gitId":"ICubE-"},"content":"    public String toString() {","lastModifiedDate":"2023-09-05"},{"lineNumber":12,"author":{"gitId":"ICubE-"},"content":"        return \"[T]\" + super.toString();","lastModifiedDate":"2023-09-05"},{"lineNumber":13,"author":{"gitId":"ICubE-"},"content":"    }","lastModifiedDate":"2023-09-05"},{"lineNumber":14,"author":{"gitId":"ICubE-"},"content":"}","lastModifiedDate":"2023-09-05"}],"authorContributionMap":{"ICubE-":14}},{"path":"text-ui-test/input.txt","fileType":"txt","lines":[{"lineNumber":1,"author":{"gitId":"ICubE-"},"content":"todo read book","lastModifiedDate":"2023-09-05"},{"lineNumber":2,"author":{"gitId":"ICubE-"},"content":"deadline return book /by June 6th","lastModifiedDate":"2023-09-05"},{"lineNumber":3,"author":{"gitId":"ICubE-"},"content":"event project meeting /from Aug 6th 2pm /to 4pm","lastModifiedDate":"2023-09-05"},{"lineNumber":4,"author":{"gitId":"ICubE-"},"content":"todo join sports club","lastModifiedDate":"2023-09-05"},{"lineNumber":5,"author":{"gitId":"ICubE-"},"content":"mark 1","lastModifiedDate":"2023-09-05"},{"lineNumber":6,"author":{"gitId":"ICubE-"},"content":"mark 4","lastModifiedDate":"2023-09-05"},{"lineNumber":7,"author":{"gitId":"ICubE-"},"content":"todo borrow book","lastModifiedDate":"2023-09-05"},{"lineNumber":8,"author":{"gitId":"ICubE-"},"content":"list","lastModifiedDate":"2023-09-05"},{"lineNumber":9,"author":{"gitId":"ICubE-"},"content":"deadline return book /by Sunday","lastModifiedDate":"2023-09-05"},{"lineNumber":10,"author":{"gitId":"ICubE-"},"content":"event project meeting /from Mon 2pm /to 4pm","lastModifiedDate":"2023-09-05"},{"lineNumber":11,"author":{"gitId":"ICubE-"},"content":"deadline do homework /by no idea :-p","lastModifiedDate":"2023-09-05"},{"lineNumber":12,"author":{"gitId":"ICubE-"},"content":"bye","lastModifiedDate":"2023-09-05"}],"authorContributionMap":{"ICubE-":12}},{"path":"text-ui-test/runtest.bat","fileType":"bat","lines":[{"lineNumber":1,"author":{"gitId":"-"},"content":"@ECHO OFF","lastModifiedDate":"2020-05-25"},{"lineNumber":2,"author":{"gitId":"-"},"content":"","lastModifiedDate":"2020-05-25"},{"lineNumber":3,"author":{"gitId":"-"},"content":"REM create bin directory if it doesn\u0027t exist","lastModifiedDate":"2020-05-25"},{"lineNumber":4,"author":{"gitId":"-"},"content":"if not exist ..\\bin mkdir ..\\bin","lastModifiedDate":"2020-05-25"},{"lineNumber":5,"author":{"gitId":"-"},"content":"","lastModifiedDate":"2020-05-25"},{"lineNumber":6,"author":{"gitId":"-"},"content":"REM delete output from previous run","lastModifiedDate":"2020-05-25"},{"lineNumber":7,"author":{"gitId":"-"},"content":"if exist ACTUAL.TXT del ACTUAL.TXT","lastModifiedDate":"2020-08-25"},{"lineNumber":8,"author":{"gitId":"-"},"content":"","lastModifiedDate":"2020-05-25"},{"lineNumber":9,"author":{"gitId":"-"},"content":"REM compile the code into the bin folder","lastModifiedDate":"2020-05-25"},{"lineNumber":10,"author":{"gitId":"-"},"content":"javac  -cp ..\\src\\main\\java -Xlint:none -d ..\\bin ..\\src\\main\\java\\*.java","lastModifiedDate":"2020-08-25"},{"lineNumber":11,"author":{"gitId":"-"},"content":"IF ERRORLEVEL 1 (","lastModifiedDate":"2020-05-25"},{"lineNumber":12,"author":{"gitId":"-"},"content":"    echo ********** BUILD FAILURE **********","lastModifiedDate":"2020-05-25"},{"lineNumber":13,"author":{"gitId":"-"},"content":"    exit /b 1","lastModifiedDate":"2020-05-25"},{"lineNumber":14,"author":{"gitId":"-"},"content":")","lastModifiedDate":"2020-05-25"},{"lineNumber":15,"author":{"gitId":"-"},"content":"REM no error here, errorlevel \u003d\u003d 0","lastModifiedDate":"2020-05-25"},{"lineNumber":16,"author":{"gitId":"-"},"content":"","lastModifiedDate":"2020-05-25"},{"lineNumber":17,"author":{"gitId":"-"},"content":"REM run the program, feed commands from input.txt file and redirect the output to the ACTUAL.TXT","lastModifiedDate":"2020-05-25"},{"lineNumber":18,"author":{"gitId":"ICubE-"},"content":"java -classpath ..\\bin Nuke \u003c input.txt \u003e ACTUAL.TXT","lastModifiedDate":"2023-08-26"},{"lineNumber":19,"author":{"gitId":"-"},"content":"","lastModifiedDate":"2020-05-25"},{"lineNumber":20,"author":{"gitId":"-"},"content":"REM compare the output to the expected output","lastModifiedDate":"2020-05-25"},{"lineNumber":21,"author":{"gitId":"-"},"content":"FC ACTUAL.TXT EXPECTED.TXT","lastModifiedDate":"2020-05-25"}],"authorContributionMap":{"ICubE-":1,"-":20}}]
