[{"path":"src/main/java/Deadline.java","fileType":"java","lines":[{"lineNumber":1,"author":{"gitId":"marklin2234"},"content":"public class Deadline extends Task {","lastModifiedDate":"2023-09-06"},{"lineNumber":2,"author":{"gitId":"marklin2234"},"content":"","lastModifiedDate":"2023-09-06"},{"lineNumber":3,"author":{"gitId":"marklin2234"},"content":"    private String by;","lastModifiedDate":"2023-09-06"},{"lineNumber":4,"author":{"gitId":"marklin2234"},"content":"","lastModifiedDate":"2023-09-06"},{"lineNumber":5,"author":{"gitId":"marklin2234"},"content":"    public Deadline(String name, String by) {","lastModifiedDate":"2023-09-06"},{"lineNumber":6,"author":{"gitId":"marklin2234"},"content":"        super(name);","lastModifiedDate":"2023-09-06"},{"lineNumber":7,"author":{"gitId":"marklin2234"},"content":"        this.by \u003d by;","lastModifiedDate":"2023-09-06"},{"lineNumber":8,"author":{"gitId":"marklin2234"},"content":"    }","lastModifiedDate":"2023-09-06"},{"lineNumber":9,"author":{"gitId":"marklin2234"},"content":"","lastModifiedDate":"2023-09-06"},{"lineNumber":10,"author":{"gitId":"marklin2234"},"content":"    @Override","lastModifiedDate":"2023-09-06"},{"lineNumber":11,"author":{"gitId":"marklin2234"},"content":"    public String addMessage() {","lastModifiedDate":"2023-09-06"},{"lineNumber":12,"author":{"gitId":"marklin2234"},"content":"        return \"Got it. I\u0027ve added this task:\\n\" +","lastModifiedDate":"2023-09-06"},{"lineNumber":13,"author":{"gitId":"marklin2234"},"content":"                \"[D][ ] borrow book (by: \" + by + \")\\n\" +","lastModifiedDate":"2023-09-06"},{"lineNumber":14,"author":{"gitId":"marklin2234"},"content":"                \"Now you have \" + numberOfTasks + \" tasks in the list.\";","lastModifiedDate":"2023-09-06"},{"lineNumber":15,"author":{"gitId":"marklin2234"},"content":"    }","lastModifiedDate":"2023-09-06"},{"lineNumber":16,"author":{"gitId":"marklin2234"},"content":"","lastModifiedDate":"2023-09-06"},{"lineNumber":17,"author":{"gitId":"marklin2234"},"content":"    @Override","lastModifiedDate":"2023-09-06"},{"lineNumber":18,"author":{"gitId":"marklin2234"},"content":"    public String listText() {","lastModifiedDate":"2023-09-06"},{"lineNumber":19,"author":{"gitId":"marklin2234"},"content":"        return \"[D] \" + super.listText() + \" (by: \" + by + \")\";","lastModifiedDate":"2023-09-06"},{"lineNumber":20,"author":{"gitId":"marklin2234"},"content":"    }","lastModifiedDate":"2023-09-06"},{"lineNumber":21,"author":{"gitId":"marklin2234"},"content":"}","lastModifiedDate":"2023-09-06"}],"authorContributionMap":{"marklin2234":21}},{"path":"src/main/java/Duke.java","fileType":"java","lines":[{"lineNumber":1,"author":{"gitId":"marklin2234"},"content":"import java.util.ArrayList;","lastModifiedDate":"2023-08-30"},{"lineNumber":2,"author":{"gitId":"marklin2234"},"content":"import java.util.Scanner;","lastModifiedDate":"2023-08-30"},{"lineNumber":3,"author":{"gitId":"marklin2234"},"content":"","lastModifiedDate":"2023-08-30"},{"lineNumber":4,"author":{"gitId":"-"},"content":"public class Duke {","lastModifiedDate":"2019-07-29"},{"lineNumber":5,"author":{"gitId":"marklin2234"},"content":"","lastModifiedDate":"2023-08-30"},{"lineNumber":6,"author":{"gitId":"marklin2234"},"content":"    private ArrayList\u003cTask\u003e list \u003d new ArrayList\u003c\u003e();","lastModifiedDate":"2023-08-30"},{"lineNumber":7,"author":{"gitId":"marklin2234"},"content":"","lastModifiedDate":"2023-08-30"},{"lineNumber":8,"author":{"gitId":"marklin2234"},"content":"    public Duke() {","lastModifiedDate":"2023-08-30"},{"lineNumber":9,"author":{"gitId":"marklin2234"},"content":"        respond(\"Hello! I\u0027m Mark\\nWhat can I do for you?\");","lastModifiedDate":"2023-08-30"},{"lineNumber":10,"author":{"gitId":"marklin2234"},"content":"    }","lastModifiedDate":"2023-08-30"},{"lineNumber":11,"author":{"gitId":"marklin2234"},"content":"","lastModifiedDate":"2023-08-30"},{"lineNumber":12,"author":{"gitId":"marklin2234"},"content":"    public void addToList(Task task) {","lastModifiedDate":"2023-08-30"},{"lineNumber":13,"author":{"gitId":"marklin2234"},"content":"        list.add(task);","lastModifiedDate":"2023-08-30"},{"lineNumber":14,"author":{"gitId":"marklin2234"},"content":"        respond(\"added: \" + task.addMessage());","lastModifiedDate":"2023-09-06"},{"lineNumber":15,"author":{"gitId":"marklin2234"},"content":"    }","lastModifiedDate":"2023-08-30"},{"lineNumber":16,"author":{"gitId":"marklin2234"},"content":"","lastModifiedDate":"2023-09-06"},{"lineNumber":17,"author":{"gitId":"marklin2234"},"content":"    public void printList() {","lastModifiedDate":"2023-08-30"},{"lineNumber":18,"author":{"gitId":"marklin2234"},"content":"        Task[] listAsArray \u003d list.toArray(new Task[0]);","lastModifiedDate":"2023-08-30"},{"lineNumber":19,"author":{"gitId":"marklin2234"},"content":"        String out \u003d \"\";","lastModifiedDate":"2023-08-30"},{"lineNumber":20,"author":{"gitId":"marklin2234"},"content":"        for (int i \u003d 0; i \u003c listAsArray.length; i++) {","lastModifiedDate":"2023-08-30"},{"lineNumber":21,"author":{"gitId":"marklin2234"},"content":"            out +\u003d (i \u003d\u003d 0 ? \"\" : \"\\n\") + (i + 1) + \". \" + listAsArray[i].listText();","lastModifiedDate":"2023-09-06"},{"lineNumber":22,"author":{"gitId":"marklin2234"},"content":"        }","lastModifiedDate":"2023-08-30"},{"lineNumber":23,"author":{"gitId":"marklin2234"},"content":"        respond(out);","lastModifiedDate":"2023-08-30"},{"lineNumber":24,"author":{"gitId":"marklin2234"},"content":"    }","lastModifiedDate":"2023-08-30"},{"lineNumber":25,"author":{"gitId":"marklin2234"},"content":"","lastModifiedDate":"2023-09-06"},{"lineNumber":26,"author":{"gitId":"marklin2234"},"content":"    public void updateTask(int index, boolean status) {","lastModifiedDate":"2023-09-06"},{"lineNumber":27,"author":{"gitId":"marklin2234"},"content":"        Task task \u003d list.get(index - 1);","lastModifiedDate":"2023-09-06"},{"lineNumber":28,"author":{"gitId":"marklin2234"},"content":"        task.setIsComplete(status);","lastModifiedDate":"2023-09-06"},{"lineNumber":29,"author":{"gitId":"marklin2234"},"content":"        if (status) {","lastModifiedDate":"2023-09-06"},{"lineNumber":30,"author":{"gitId":"marklin2234"},"content":"            respond(\"Nice! I\u0027ve marked this task as done:\\n\" +","lastModifiedDate":"2023-09-06"},{"lineNumber":31,"author":{"gitId":"marklin2234"},"content":"                    task.listText());","lastModifiedDate":"2023-09-06"},{"lineNumber":32,"author":{"gitId":"marklin2234"},"content":"        } else {","lastModifiedDate":"2023-09-06"},{"lineNumber":33,"author":{"gitId":"marklin2234"},"content":"            respond(\"OK, I\u0027ve marked this task as not done yet:\\n\" +","lastModifiedDate":"2023-09-06"},{"lineNumber":34,"author":{"gitId":"marklin2234"},"content":"                    task.listText());","lastModifiedDate":"2023-09-06"},{"lineNumber":35,"author":{"gitId":"marklin2234"},"content":"        }","lastModifiedDate":"2023-09-06"},{"lineNumber":36,"author":{"gitId":"marklin2234"},"content":"    }","lastModifiedDate":"2023-08-30"},{"lineNumber":37,"author":{"gitId":"marklin2234"},"content":"","lastModifiedDate":"2023-09-06"},{"lineNumber":38,"author":{"gitId":"marklin2234"},"content":"    public void respond(String message) {","lastModifiedDate":"2023-09-06"},{"lineNumber":39,"author":{"gitId":"marklin2234"},"content":"        System.out.println(\"____________________________________________________________\\n\" +","lastModifiedDate":"2023-08-30"},{"lineNumber":40,"author":{"gitId":"marklin2234"},"content":"                message + \"\\n\" +","lastModifiedDate":"2023-09-06"},{"lineNumber":41,"author":{"gitId":"marklin2234"},"content":"                \"____________________________________________________________\");","lastModifiedDate":"2023-08-30"},{"lineNumber":42,"author":{"gitId":"marklin2234"},"content":"    }","lastModifiedDate":"2023-08-30"},{"lineNumber":43,"author":{"gitId":"marklin2234"},"content":"","lastModifiedDate":"2023-09-06"},{"lineNumber":44,"author":{"gitId":"marklin2234"},"content":"    public static String getTask(String command, String message) {","lastModifiedDate":"2023-09-06"},{"lineNumber":45,"author":{"gitId":"marklin2234"},"content":"        return message.substring(command.length() + 1,","lastModifiedDate":"2023-09-06"},{"lineNumber":46,"author":{"gitId":"marklin2234"},"content":"                (message.contains(\"/\") ? message.indexOf(\"/\") : message.length())).trim();","lastModifiedDate":"2023-09-06"},{"lineNumber":47,"author":{"gitId":"marklin2234"},"content":"    }","lastModifiedDate":"2023-09-06"},{"lineNumber":48,"author":{"gitId":"marklin2234"},"content":"","lastModifiedDate":"2023-09-06"},{"lineNumber":49,"author":{"gitId":"marklin2234"},"content":"    public static String getTime(String message, String command) {","lastModifiedDate":"2023-09-06"},{"lineNumber":50,"author":{"gitId":"marklin2234"},"content":"        return message.substring(message.indexOf(command) + command.length() + 1,","lastModifiedDate":"2023-09-06"},{"lineNumber":51,"author":{"gitId":"marklin2234"},"content":"                (command.equals(\"/from\") ? message.indexOf(\"/to\") : message.length())).trim();","lastModifiedDate":"2023-09-06"},{"lineNumber":52,"author":{"gitId":"marklin2234"},"content":"    }","lastModifiedDate":"2023-09-06"},{"lineNumber":53,"author":{"gitId":"marklin2234"},"content":"","lastModifiedDate":"2023-09-06"},{"lineNumber":54,"author":{"gitId":"-"},"content":"    public static void main(String[] args) {","lastModifiedDate":"2019-07-29"},{"lineNumber":55,"author":{"gitId":"marklin2234"},"content":"        Duke bot \u003d new Duke();","lastModifiedDate":"2023-08-30"},{"lineNumber":56,"author":{"gitId":"marklin2234"},"content":"        Scanner sc \u003d new Scanner(System.in);","lastModifiedDate":"2023-08-30"},{"lineNumber":57,"author":{"gitId":"marklin2234"},"content":"        String in \u003d sc.nextLine();","lastModifiedDate":"2023-08-30"},{"lineNumber":58,"author":{"gitId":"marklin2234"},"content":"        ","lastModifiedDate":"2023-08-30"},{"lineNumber":59,"author":{"gitId":"marklin2234"},"content":"        while(!in.equals(\"bye\")) {","lastModifiedDate":"2023-08-30"},{"lineNumber":60,"author":{"gitId":"marklin2234"},"content":"            if (in.equals(\"list\")) {","lastModifiedDate":"2023-08-30"},{"lineNumber":61,"author":{"gitId":"marklin2234"},"content":"                bot.printList();","lastModifiedDate":"2023-08-30"},{"lineNumber":62,"author":{"gitId":"marklin2234"},"content":"            } else if (in.startsWith(\"mark\")) {","lastModifiedDate":"2023-08-30"},{"lineNumber":63,"author":{"gitId":"marklin2234"},"content":"                String taskName \u003d getTask(\"mark\", in);","lastModifiedDate":"2023-09-06"},{"lineNumber":64,"author":{"gitId":"marklin2234"},"content":"                bot.updateTask(Integer.parseInt(taskName), true);","lastModifiedDate":"2023-09-06"},{"lineNumber":65,"author":{"gitId":"marklin2234"},"content":"            } else if (in.startsWith(\"unmark\")) {","lastModifiedDate":"2023-08-30"},{"lineNumber":66,"author":{"gitId":"marklin2234"},"content":"                String taskName \u003d getTask(\"unmark\", in);","lastModifiedDate":"2023-09-06"},{"lineNumber":67,"author":{"gitId":"marklin2234"},"content":"                bot.updateTask(Integer.parseInt(taskName), false);","lastModifiedDate":"2023-09-06"},{"lineNumber":68,"author":{"gitId":"marklin2234"},"content":"            } else if (in.startsWith(\"todo\")) {","lastModifiedDate":"2023-09-06"},{"lineNumber":69,"author":{"gitId":"marklin2234"},"content":"                String taskName \u003d getTask(\"todo\", in);","lastModifiedDate":"2023-09-06"},{"lineNumber":70,"author":{"gitId":"marklin2234"},"content":"                bot.addToList(new Todo(taskName));","lastModifiedDate":"2023-09-06"},{"lineNumber":71,"author":{"gitId":"marklin2234"},"content":"            } else if (in.startsWith(\"deadline\")) {","lastModifiedDate":"2023-09-06"},{"lineNumber":72,"author":{"gitId":"marklin2234"},"content":"                String taskName \u003d getTask(\"deadline\", in);","lastModifiedDate":"2023-09-06"},{"lineNumber":73,"author":{"gitId":"marklin2234"},"content":"                String by \u003d getTime(in, \"/by\");","lastModifiedDate":"2023-09-06"},{"lineNumber":74,"author":{"gitId":"marklin2234"},"content":"                bot.addToList(new Deadline(taskName, by));","lastModifiedDate":"2023-09-06"},{"lineNumber":75,"author":{"gitId":"marklin2234"},"content":"            } else if (in.startsWith(\"event\")) {","lastModifiedDate":"2023-09-06"},{"lineNumber":76,"author":{"gitId":"marklin2234"},"content":"                String taskName \u003d getTask(\"event\", in);","lastModifiedDate":"2023-09-06"},{"lineNumber":77,"author":{"gitId":"marklin2234"},"content":"                String from \u003d getTime(in, \"/from\");","lastModifiedDate":"2023-09-06"},{"lineNumber":78,"author":{"gitId":"marklin2234"},"content":"                String to \u003d getTime(in.substring(in.indexOf(\"/\") + 1), \"/to\");","lastModifiedDate":"2023-09-06"},{"lineNumber":79,"author":{"gitId":"marklin2234"},"content":"                bot.addToList(new Event(taskName, from, to));","lastModifiedDate":"2023-09-06"},{"lineNumber":80,"author":{"gitId":"marklin2234"},"content":"            } else {","lastModifiedDate":"2023-08-30"},{"lineNumber":81,"author":{"gitId":"marklin2234"},"content":"                bot.addToList(new Task(in));","lastModifiedDate":"2023-08-30"},{"lineNumber":82,"author":{"gitId":"marklin2234"},"content":"            }","lastModifiedDate":"2023-08-30"},{"lineNumber":83,"author":{"gitId":"marklin2234"},"content":"            in \u003d sc.nextLine();","lastModifiedDate":"2023-08-30"},{"lineNumber":84,"author":{"gitId":"marklin2234"},"content":"        }","lastModifiedDate":"2023-08-30"},{"lineNumber":85,"author":{"gitId":"marklin2234"},"content":"        bot.respond(\"Bye. Hope to see you again soon!\");","lastModifiedDate":"2023-08-30"},{"lineNumber":86,"author":{"gitId":"-"},"content":"    }","lastModifiedDate":"2019-07-29"},{"lineNumber":87,"author":{"gitId":"-"},"content":"}","lastModifiedDate":"2019-07-29"}],"authorContributionMap":{"marklin2234":83,"-":4}},{"path":"src/main/java/Event.java","fileType":"java","lines":[{"lineNumber":1,"author":{"gitId":"marklin2234"},"content":"public class Event extends Task {","lastModifiedDate":"2023-09-06"},{"lineNumber":2,"author":{"gitId":"marklin2234"},"content":"","lastModifiedDate":"2023-09-06"},{"lineNumber":3,"author":{"gitId":"marklin2234"},"content":"    private String from;","lastModifiedDate":"2023-09-06"},{"lineNumber":4,"author":{"gitId":"marklin2234"},"content":"    private String to;","lastModifiedDate":"2023-09-06"},{"lineNumber":5,"author":{"gitId":"marklin2234"},"content":"","lastModifiedDate":"2023-09-06"},{"lineNumber":6,"author":{"gitId":"marklin2234"},"content":"    public Event(String name, String from, String to) {","lastModifiedDate":"2023-09-06"},{"lineNumber":7,"author":{"gitId":"marklin2234"},"content":"        super(name);","lastModifiedDate":"2023-09-06"},{"lineNumber":8,"author":{"gitId":"marklin2234"},"content":"        this.from \u003d from;","lastModifiedDate":"2023-09-06"},{"lineNumber":9,"author":{"gitId":"marklin2234"},"content":"        this.to \u003d to;","lastModifiedDate":"2023-09-06"},{"lineNumber":10,"author":{"gitId":"marklin2234"},"content":"    }","lastModifiedDate":"2023-09-06"},{"lineNumber":11,"author":{"gitId":"marklin2234"},"content":"","lastModifiedDate":"2023-09-06"},{"lineNumber":12,"author":{"gitId":"marklin2234"},"content":"    @Override","lastModifiedDate":"2023-09-06"},{"lineNumber":13,"author":{"gitId":"marklin2234"},"content":"    public String addMessage() {","lastModifiedDate":"2023-09-06"},{"lineNumber":14,"author":{"gitId":"marklin2234"},"content":"        return \"Got it. I\u0027ve added this task:\\n\" +","lastModifiedDate":"2023-09-06"},{"lineNumber":15,"author":{"gitId":"marklin2234"},"content":"                \"[E][ ] borrow book (from: \" + from + \" to: \" + to + \")\\n\" +","lastModifiedDate":"2023-09-06"},{"lineNumber":16,"author":{"gitId":"marklin2234"},"content":"                \"Now you have \" + numberOfTasks + \" tasks in the list.\";","lastModifiedDate":"2023-09-06"},{"lineNumber":17,"author":{"gitId":"marklin2234"},"content":"    }","lastModifiedDate":"2023-09-06"},{"lineNumber":18,"author":{"gitId":"marklin2234"},"content":"","lastModifiedDate":"2023-09-06"},{"lineNumber":19,"author":{"gitId":"marklin2234"},"content":"    @Override","lastModifiedDate":"2023-09-06"},{"lineNumber":20,"author":{"gitId":"marklin2234"},"content":"    public String listText() {","lastModifiedDate":"2023-09-06"},{"lineNumber":21,"author":{"gitId":"marklin2234"},"content":"        return \"[E] \" + super.listText() + \" (from: \" + from + \" to: \" + to + \")\";","lastModifiedDate":"2023-09-06"},{"lineNumber":22,"author":{"gitId":"marklin2234"},"content":"    }","lastModifiedDate":"2023-09-06"},{"lineNumber":23,"author":{"gitId":"marklin2234"},"content":"}","lastModifiedDate":"2023-09-06"}],"authorContributionMap":{"marklin2234":23}},{"path":"src/main/java/Task.java","fileType":"java","lines":[{"lineNumber":1,"author":{"gitId":"marklin2234"},"content":"public class Task {","lastModifiedDate":"2023-08-30"},{"lineNumber":2,"author":{"gitId":"marklin2234"},"content":"","lastModifiedDate":"2023-09-06"},{"lineNumber":3,"author":{"gitId":"marklin2234"},"content":"    private boolean isComplete;","lastModifiedDate":"2023-08-30"},{"lineNumber":4,"author":{"gitId":"marklin2234"},"content":"    private String name;","lastModifiedDate":"2023-08-30"},{"lineNumber":5,"author":{"gitId":"marklin2234"},"content":"","lastModifiedDate":"2023-08-30"},{"lineNumber":6,"author":{"gitId":"marklin2234"},"content":"    static int numberOfTasks \u003d 0;","lastModifiedDate":"2023-09-06"},{"lineNumber":7,"author":{"gitId":"marklin2234"},"content":"","lastModifiedDate":"2023-09-06"},{"lineNumber":8,"author":{"gitId":"marklin2234"},"content":"    public Task(String name) {","lastModifiedDate":"2023-08-30"},{"lineNumber":9,"author":{"gitId":"marklin2234"},"content":"        this.name \u003d name;","lastModifiedDate":"2023-08-30"},{"lineNumber":10,"author":{"gitId":"marklin2234"},"content":"        this.isComplete \u003d false;","lastModifiedDate":"2023-08-30"},{"lineNumber":11,"author":{"gitId":"marklin2234"},"content":"        numberOfTasks++;","lastModifiedDate":"2023-09-06"},{"lineNumber":12,"author":{"gitId":"marklin2234"},"content":"    }","lastModifiedDate":"2023-08-30"},{"lineNumber":13,"author":{"gitId":"marklin2234"},"content":"","lastModifiedDate":"2023-08-30"},{"lineNumber":14,"author":{"gitId":"marklin2234"},"content":"    public String getName() {","lastModifiedDate":"2023-08-30"},{"lineNumber":15,"author":{"gitId":"marklin2234"},"content":"        return name;","lastModifiedDate":"2023-08-30"},{"lineNumber":16,"author":{"gitId":"marklin2234"},"content":"    }","lastModifiedDate":"2023-08-30"},{"lineNumber":17,"author":{"gitId":"marklin2234"},"content":"","lastModifiedDate":"2023-08-30"},{"lineNumber":18,"author":{"gitId":"marklin2234"},"content":"    public boolean getIsComplete() {","lastModifiedDate":"2023-08-30"},{"lineNumber":19,"author":{"gitId":"marklin2234"},"content":"        return isComplete;","lastModifiedDate":"2023-08-30"},{"lineNumber":20,"author":{"gitId":"marklin2234"},"content":"    }","lastModifiedDate":"2023-08-30"},{"lineNumber":21,"author":{"gitId":"marklin2234"},"content":"","lastModifiedDate":"2023-08-30"},{"lineNumber":22,"author":{"gitId":"marklin2234"},"content":"    public void setName(String name) {","lastModifiedDate":"2023-08-30"},{"lineNumber":23,"author":{"gitId":"marklin2234"},"content":"        this.name \u003d name;","lastModifiedDate":"2023-08-30"},{"lineNumber":24,"author":{"gitId":"marklin2234"},"content":"    }","lastModifiedDate":"2023-08-30"},{"lineNumber":25,"author":{"gitId":"marklin2234"},"content":"","lastModifiedDate":"2023-08-30"},{"lineNumber":26,"author":{"gitId":"marklin2234"},"content":"    public void setIsComplete(boolean complete) {","lastModifiedDate":"2023-09-06"},{"lineNumber":27,"author":{"gitId":"marklin2234"},"content":"        isComplete \u003d complete;","lastModifiedDate":"2023-08-30"},{"lineNumber":28,"author":{"gitId":"marklin2234"},"content":"    }","lastModifiedDate":"2023-08-30"},{"lineNumber":29,"author":{"gitId":"marklin2234"},"content":"","lastModifiedDate":"2023-09-06"},{"lineNumber":30,"author":{"gitId":"marklin2234"},"content":"    public String addMessage() {","lastModifiedDate":"2023-09-06"},{"lineNumber":31,"author":{"gitId":"marklin2234"},"content":"        return name;","lastModifiedDate":"2023-09-06"},{"lineNumber":32,"author":{"gitId":"marklin2234"},"content":"    }","lastModifiedDate":"2023-09-06"},{"lineNumber":33,"author":{"gitId":"marklin2234"},"content":"    public String listText() {","lastModifiedDate":"2023-09-06"},{"lineNumber":34,"author":{"gitId":"marklin2234"},"content":"        return \"[\" + (getIsComplete() ? \"X\" : \" \") + \"] \" + getName();","lastModifiedDate":"2023-09-06"},{"lineNumber":35,"author":{"gitId":"marklin2234"},"content":"    }","lastModifiedDate":"2023-09-06"},{"lineNumber":36,"author":{"gitId":"marklin2234"},"content":"}","lastModifiedDate":"2023-08-30"}],"authorContributionMap":{"marklin2234":36}},{"path":"src/main/java/Todo.java","fileType":"java","lines":[{"lineNumber":1,"author":{"gitId":"marklin2234"},"content":"public class Todo extends Task {","lastModifiedDate":"2023-09-06"},{"lineNumber":2,"author":{"gitId":"marklin2234"},"content":"","lastModifiedDate":"2023-09-06"},{"lineNumber":3,"author":{"gitId":"marklin2234"},"content":"    public Todo(String name) {","lastModifiedDate":"2023-09-06"},{"lineNumber":4,"author":{"gitId":"marklin2234"},"content":"        super(name);","lastModifiedDate":"2023-09-06"},{"lineNumber":5,"author":{"gitId":"marklin2234"},"content":"    }","lastModifiedDate":"2023-09-06"},{"lineNumber":6,"author":{"gitId":"marklin2234"},"content":"","lastModifiedDate":"2023-09-06"},{"lineNumber":7,"author":{"gitId":"marklin2234"},"content":"    @Override","lastModifiedDate":"2023-09-06"},{"lineNumber":8,"author":{"gitId":"marklin2234"},"content":"    public String addMessage() {","lastModifiedDate":"2023-09-06"},{"lineNumber":9,"author":{"gitId":"marklin2234"},"content":"        return \"Got it. I\u0027ve added this task:\\n\" +","lastModifiedDate":"2023-09-06"},{"lineNumber":10,"author":{"gitId":"marklin2234"},"content":"                \"[T][ ] borrow book\\n\" +","lastModifiedDate":"2023-09-06"},{"lineNumber":11,"author":{"gitId":"marklin2234"},"content":"                \"Now you have \" + numberOfTasks + \" tasks in the list.\";","lastModifiedDate":"2023-09-06"},{"lineNumber":12,"author":{"gitId":"marklin2234"},"content":"    }","lastModifiedDate":"2023-09-06"},{"lineNumber":13,"author":{"gitId":"marklin2234"},"content":"","lastModifiedDate":"2023-09-06"},{"lineNumber":14,"author":{"gitId":"marklin2234"},"content":"    @Override","lastModifiedDate":"2023-09-06"},{"lineNumber":15,"author":{"gitId":"marklin2234"},"content":"    public String listText() {","lastModifiedDate":"2023-09-06"},{"lineNumber":16,"author":{"gitId":"marklin2234"},"content":"        return \"[T] \" + super.listText();","lastModifiedDate":"2023-09-06"},{"lineNumber":17,"author":{"gitId":"marklin2234"},"content":"    }","lastModifiedDate":"2023-09-06"},{"lineNumber":18,"author":{"gitId":"marklin2234"},"content":"}","lastModifiedDate":"2023-09-06"}],"authorContributionMap":{"marklin2234":18}},{"path":"text-ui-test/input.txt","fileType":"txt","lines":[{"lineNumber":1,"author":{"gitId":"marklin2234"},"content":"todo Mark: Answer CS 2113 tutorial questions","lastModifiedDate":"2023-09-06"},{"lineNumber":2,"author":{"gitId":"marklin2234"},"content":"deadline weekly CS2113 quiz /by Monday 9pm","lastModifiedDate":"2023-09-06"},{"lineNumber":3,"author":{"gitId":"marklin2234"},"content":"list","lastModifiedDate":"2023-09-06"},{"lineNumber":4,"author":{"gitId":"marklin2234"},"content":"event CS 2113 lecture /from Friday 4 /to 6pm","lastModifiedDate":"2023-09-06"},{"lineNumber":5,"author":{"gitId":"marklin2234"},"content":"mark 1","lastModifiedDate":"2023-09-06"},{"lineNumber":6,"author":{"gitId":"marklin2234"},"content":"list","lastModifiedDate":"2023-09-06"},{"lineNumber":7,"author":{"gitId":"marklin2234"},"content":"bye","lastModifiedDate":"2023-09-06"}],"authorContributionMap":{"marklin2234":7}}]
