[{"path":"src/main/java/Duke.java","fileType":"java","lines":[{"lineNumber":1,"author":{"gitId":"marklin2234"},"content":"import java.util.ArrayList;","lastModifiedDate":"2023-08-30"},{"lineNumber":2,"author":{"gitId":"marklin2234"},"content":"import java.util.Scanner;","lastModifiedDate":"2023-08-30"},{"lineNumber":3,"author":{"gitId":"marklin2234"},"content":"","lastModifiedDate":"2023-08-30"},{"lineNumber":4,"author":{"gitId":"-"},"content":"public class Duke {","lastModifiedDate":"2019-07-29"},{"lineNumber":5,"author":{"gitId":"marklin2234"},"content":"","lastModifiedDate":"2023-08-30"},{"lineNumber":6,"author":{"gitId":"marklin2234"},"content":"    private ArrayList\u003cTask\u003e list \u003d new ArrayList\u003c\u003e();","lastModifiedDate":"2023-08-30"},{"lineNumber":7,"author":{"gitId":"marklin2234"},"content":"","lastModifiedDate":"2023-08-30"},{"lineNumber":8,"author":{"gitId":"marklin2234"},"content":"    public Duke() {","lastModifiedDate":"2023-08-30"},{"lineNumber":9,"author":{"gitId":"marklin2234"},"content":"        respond(\"Hello! I\u0027m Mark\\nWhat can I do for you?\");","lastModifiedDate":"2023-08-30"},{"lineNumber":10,"author":{"gitId":"marklin2234"},"content":"    }","lastModifiedDate":"2023-08-30"},{"lineNumber":11,"author":{"gitId":"marklin2234"},"content":"","lastModifiedDate":"2023-08-30"},{"lineNumber":12,"author":{"gitId":"marklin2234"},"content":"    public void addToList(Task task) {","lastModifiedDate":"2023-08-30"},{"lineNumber":13,"author":{"gitId":"marklin2234"},"content":"        list.add(task);","lastModifiedDate":"2023-08-30"},{"lineNumber":14,"author":{"gitId":"marklin2234"},"content":"    }","lastModifiedDate":"2023-08-30"},{"lineNumber":15,"author":{"gitId":"marklin2234"},"content":"    public void printList() {","lastModifiedDate":"2023-08-30"},{"lineNumber":16,"author":{"gitId":"marklin2234"},"content":"        Task[] listAsArray \u003d list.toArray(new Task[0]);","lastModifiedDate":"2023-08-30"},{"lineNumber":17,"author":{"gitId":"marklin2234"},"content":"        String out \u003d \"\";","lastModifiedDate":"2023-08-30"},{"lineNumber":18,"author":{"gitId":"marklin2234"},"content":"        for (int i \u003d 0; i \u003c listAsArray.length; i++) {","lastModifiedDate":"2023-08-30"},{"lineNumber":19,"author":{"gitId":"marklin2234"},"content":"            out +\u003d (i \u003d\u003d 0 ? \"\" : \"\\n\") +","lastModifiedDate":"2023-08-30"},{"lineNumber":20,"author":{"gitId":"marklin2234"},"content":"                    (i + 1) +","lastModifiedDate":"2023-08-30"},{"lineNumber":21,"author":{"gitId":"marklin2234"},"content":"                    \". [\" +","lastModifiedDate":"2023-08-30"},{"lineNumber":22,"author":{"gitId":"marklin2234"},"content":"                    (listAsArray[i].getIsComplete() ? \"X\" : \" \") +","lastModifiedDate":"2023-08-30"},{"lineNumber":23,"author":{"gitId":"marklin2234"},"content":"                    \"] \" +","lastModifiedDate":"2023-08-30"},{"lineNumber":24,"author":{"gitId":"marklin2234"},"content":"                    listAsArray[i].getName();","lastModifiedDate":"2023-08-30"},{"lineNumber":25,"author":{"gitId":"marklin2234"},"content":"        }","lastModifiedDate":"2023-08-30"},{"lineNumber":26,"author":{"gitId":"marklin2234"},"content":"        respond(out);","lastModifiedDate":"2023-08-30"},{"lineNumber":27,"author":{"gitId":"marklin2234"},"content":"    }","lastModifiedDate":"2023-08-30"},{"lineNumber":28,"author":{"gitId":"marklin2234"},"content":"    public void updateTask(String name, boolean status) {","lastModifiedDate":"2023-08-30"},{"lineNumber":29,"author":{"gitId":"marklin2234"},"content":"        for (Task task : list) {","lastModifiedDate":"2023-08-30"},{"lineNumber":30,"author":{"gitId":"marklin2234"},"content":"            if (task.getName().equals(name)) {","lastModifiedDate":"2023-08-30"},{"lineNumber":31,"author":{"gitId":"marklin2234"},"content":"                task.setComplete(status);","lastModifiedDate":"2023-08-30"},{"lineNumber":32,"author":{"gitId":"marklin2234"},"content":"            }","lastModifiedDate":"2023-08-30"},{"lineNumber":33,"author":{"gitId":"marklin2234"},"content":"        }","lastModifiedDate":"2023-08-30"},{"lineNumber":34,"author":{"gitId":"marklin2234"},"content":"    }","lastModifiedDate":"2023-08-30"},{"lineNumber":35,"author":{"gitId":"marklin2234"},"content":"    public void respond(String s) {","lastModifiedDate":"2023-08-30"},{"lineNumber":36,"author":{"gitId":"marklin2234"},"content":"        System.out.println(\"____________________________________________________________\\n\" +","lastModifiedDate":"2023-08-30"},{"lineNumber":37,"author":{"gitId":"marklin2234"},"content":"                s + \"\\n\" +","lastModifiedDate":"2023-08-30"},{"lineNumber":38,"author":{"gitId":"marklin2234"},"content":"                \"____________________________________________________________\");","lastModifiedDate":"2023-08-30"},{"lineNumber":39,"author":{"gitId":"marklin2234"},"content":"    }","lastModifiedDate":"2023-08-30"},{"lineNumber":40,"author":{"gitId":"-"},"content":"    public static void main(String[] args) {","lastModifiedDate":"2019-07-29"},{"lineNumber":41,"author":{"gitId":"marklin2234"},"content":"        Duke bot \u003d new Duke();","lastModifiedDate":"2023-08-30"},{"lineNumber":42,"author":{"gitId":"marklin2234"},"content":"        Scanner sc \u003d new Scanner(System.in);","lastModifiedDate":"2023-08-30"},{"lineNumber":43,"author":{"gitId":"marklin2234"},"content":"        String in \u003d sc.nextLine();","lastModifiedDate":"2023-08-30"},{"lineNumber":44,"author":{"gitId":"marklin2234"},"content":"        ","lastModifiedDate":"2023-08-30"},{"lineNumber":45,"author":{"gitId":"marklin2234"},"content":"        while(!in.equals(\"bye\")) {","lastModifiedDate":"2023-08-30"},{"lineNumber":46,"author":{"gitId":"marklin2234"},"content":"            if (in.equals(\"list\")) {","lastModifiedDate":"2023-08-30"},{"lineNumber":47,"author":{"gitId":"marklin2234"},"content":"                bot.printList();","lastModifiedDate":"2023-08-30"},{"lineNumber":48,"author":{"gitId":"marklin2234"},"content":"            } else if (in.startsWith(\"mark\")) {","lastModifiedDate":"2023-08-30"},{"lineNumber":49,"author":{"gitId":"marklin2234"},"content":"                String taskName \u003d in.substring(\"mark\".length() + 1);","lastModifiedDate":"2023-08-30"},{"lineNumber":50,"author":{"gitId":"marklin2234"},"content":"                bot.updateTask(taskName, true);","lastModifiedDate":"2023-08-30"},{"lineNumber":51,"author":{"gitId":"marklin2234"},"content":"                bot.respond(\"Nice! I\u0027ve marked this task as done:\\n\" +","lastModifiedDate":"2023-08-30"},{"lineNumber":52,"author":{"gitId":"marklin2234"},"content":"                        \"[X] \" + taskName);","lastModifiedDate":"2023-08-30"},{"lineNumber":53,"author":{"gitId":"marklin2234"},"content":"            } else if (in.startsWith(\"unmark\")) {","lastModifiedDate":"2023-08-30"},{"lineNumber":54,"author":{"gitId":"marklin2234"},"content":"                String taskName \u003d in.substring(\"unmark\".length() + 1);","lastModifiedDate":"2023-08-30"},{"lineNumber":55,"author":{"gitId":"marklin2234"},"content":"                bot.updateTask(taskName, false);","lastModifiedDate":"2023-08-30"},{"lineNumber":56,"author":{"gitId":"marklin2234"},"content":"                bot.respond(\"OK, I\u0027ve marked this task as not done yet:\\n\" +","lastModifiedDate":"2023-08-30"},{"lineNumber":57,"author":{"gitId":"marklin2234"},"content":"                        \"[ ] \" + taskName);","lastModifiedDate":"2023-08-30"},{"lineNumber":58,"author":{"gitId":"marklin2234"},"content":"            } else {","lastModifiedDate":"2023-08-30"},{"lineNumber":59,"author":{"gitId":"marklin2234"},"content":"                bot.addToList(new Task(in));","lastModifiedDate":"2023-08-30"},{"lineNumber":60,"author":{"gitId":"marklin2234"},"content":"                bot.respond(\"added: \" + in);","lastModifiedDate":"2023-08-30"},{"lineNumber":61,"author":{"gitId":"marklin2234"},"content":"            }","lastModifiedDate":"2023-08-30"},{"lineNumber":62,"author":{"gitId":"marklin2234"},"content":"            in \u003d sc.nextLine();","lastModifiedDate":"2023-08-30"},{"lineNumber":63,"author":{"gitId":"marklin2234"},"content":"        }","lastModifiedDate":"2023-08-30"},{"lineNumber":64,"author":{"gitId":"marklin2234"},"content":"        bot.respond(\"Bye. Hope to see you again soon!\");","lastModifiedDate":"2023-08-30"},{"lineNumber":65,"author":{"gitId":"-"},"content":"    }","lastModifiedDate":"2019-07-29"},{"lineNumber":66,"author":{"gitId":"-"},"content":"}","lastModifiedDate":"2019-07-29"}],"authorContributionMap":{"marklin2234":62,"-":4}},{"path":"src/main/java/Task.java","fileType":"java","lines":[{"lineNumber":1,"author":{"gitId":"marklin2234"},"content":"public class Task {","lastModifiedDate":"2023-08-30"},{"lineNumber":2,"author":{"gitId":"marklin2234"},"content":"    private boolean isComplete;","lastModifiedDate":"2023-08-30"},{"lineNumber":3,"author":{"gitId":"marklin2234"},"content":"    private String name;","lastModifiedDate":"2023-08-30"},{"lineNumber":4,"author":{"gitId":"marklin2234"},"content":"","lastModifiedDate":"2023-08-30"},{"lineNumber":5,"author":{"gitId":"marklin2234"},"content":"    public Task(String name) {","lastModifiedDate":"2023-08-30"},{"lineNumber":6,"author":{"gitId":"marklin2234"},"content":"        this.name \u003d name;","lastModifiedDate":"2023-08-30"},{"lineNumber":7,"author":{"gitId":"marklin2234"},"content":"        this.isComplete \u003d false;","lastModifiedDate":"2023-08-30"},{"lineNumber":8,"author":{"gitId":"marklin2234"},"content":"    }","lastModifiedDate":"2023-08-30"},{"lineNumber":9,"author":{"gitId":"marklin2234"},"content":"","lastModifiedDate":"2023-08-30"},{"lineNumber":10,"author":{"gitId":"marklin2234"},"content":"    public String getName() {","lastModifiedDate":"2023-08-30"},{"lineNumber":11,"author":{"gitId":"marklin2234"},"content":"        return name;","lastModifiedDate":"2023-08-30"},{"lineNumber":12,"author":{"gitId":"marklin2234"},"content":"    }","lastModifiedDate":"2023-08-30"},{"lineNumber":13,"author":{"gitId":"marklin2234"},"content":"","lastModifiedDate":"2023-08-30"},{"lineNumber":14,"author":{"gitId":"marklin2234"},"content":"    public boolean getIsComplete() {","lastModifiedDate":"2023-08-30"},{"lineNumber":15,"author":{"gitId":"marklin2234"},"content":"        return isComplete;","lastModifiedDate":"2023-08-30"},{"lineNumber":16,"author":{"gitId":"marklin2234"},"content":"    }","lastModifiedDate":"2023-08-30"},{"lineNumber":17,"author":{"gitId":"marklin2234"},"content":"","lastModifiedDate":"2023-08-30"},{"lineNumber":18,"author":{"gitId":"marklin2234"},"content":"    public void setName(String name) {","lastModifiedDate":"2023-08-30"},{"lineNumber":19,"author":{"gitId":"marklin2234"},"content":"        this.name \u003d name;","lastModifiedDate":"2023-08-30"},{"lineNumber":20,"author":{"gitId":"marklin2234"},"content":"    }","lastModifiedDate":"2023-08-30"},{"lineNumber":21,"author":{"gitId":"marklin2234"},"content":"","lastModifiedDate":"2023-08-30"},{"lineNumber":22,"author":{"gitId":"marklin2234"},"content":"    public void setComplete(boolean complete) {","lastModifiedDate":"2023-08-30"},{"lineNumber":23,"author":{"gitId":"marklin2234"},"content":"        isComplete \u003d complete;","lastModifiedDate":"2023-08-30"},{"lineNumber":24,"author":{"gitId":"marklin2234"},"content":"    }","lastModifiedDate":"2023-08-30"},{"lineNumber":25,"author":{"gitId":"marklin2234"},"content":"}","lastModifiedDate":"2023-08-30"}],"authorContributionMap":{"marklin2234":25}}]
