{"authorDailyContributionsMap":{"marklin2234":[{"date":"2023-08-30","commitResults":[{"hash":"57c922c7a2a6206540bd7e2f55abe14913302fa9","isMergeCommit":false,"messageTitle":"Level-0","messageBody":"","fileTypesAndContributionMap":{"java":{"insertions":13,"deletions":6}}},{"hash":"a7217358363442081656fc956544fd5740ff7de2","isMergeCommit":false,"messageTitle":"Level-1","messageBody":"","fileTypesAndContributionMap":{"java":{"insertions":16,"deletions":7}}},{"hash":"781e3e51dadd321a4e0753213e35820dc15c5074","isMergeCommit":false,"messageTitle":"Level-2","messageBody":"","fileTypesAndContributionMap":{"java":{"insertions":72,"deletions":4}}},{"hash":"831a10bc65e8fa1e04586ae619f6b292876735a6","isMergeCommit":false,"messageTitle":"Level-3+4","messageBody":"","fileTypesAndContributionMap":{"java":{"insertions":6,"deletions":9}}}]},{"date":"2023-09-06","commitResults":[{"hash":"98d954bb071e8a8121313144faefe37fd38b97e5","isMergeCommit":false,"messageTitle":"Level 4","messageBody":"","fileTypesAndContributionMap":{"java":{"insertions":107,"deletions":16}}},{"hash":"bdcb026f48310bab89a3e2b2b39deb3818ee03d1","isMergeCommit":false,"messageTitle":"A-TextUiTesting","messageBody":"","fileTypesAndContributionMap":{"java":{"insertions":17,"deletions":11}}},{"hash":"05c5b4eee9ff68a9fc32cc6274b89c26fa1a1ec4","isMergeCommit":false,"messageTitle":"A-TextUiTesting","messageBody":"","fileTypesAndContributionMap":{"java":{"insertions":9,"deletions":9}}}]}]},"authorFileTypeContributionMap":{"marklin2234":{"java":184,"md":0,"fxml":0,"sh":0,"bat":0,"gradle":0,"txt":0}},"authorContributionVariance":{"marklin2234":2084.4897},"authorDisplayNameMap":{"marklin2234":"LIN ..ZHAO"}}
