{"authorDailyContributionsMap":{"martinschnder":[{"date":"2023-08-31","commitResults":[{"hash":"8f6197b9bfa19d2542f055c2fee0a1c71e1fdcfc","isMergeCommit":false,"messageTitle":"implement greetings","messageBody":"","tags":["Level-0"],"fileTypesAndContributionMap":{"java":{"insertions":3,"deletions":1}}},{"hash":"9c18493b65178f4b9d475e015a9d758db15c9baf","isMergeCommit":false,"messageTitle":"implement echo user input feature","messageBody":"","tags":["Level-1"],"fileTypesAndContributionMap":{"java":{"insertions":11,"deletions":5}}},{"hash":"83b525c0001c7dfa7830a54a720daabda2f38b04","isMergeCommit":false,"messageTitle":"Implement store user input feature","messageBody":"","tags":["Level-2"],"fileTypesAndContributionMap":{"java":{"insertions":21,"deletions":4}}},{"hash":"9ec70dd050727e8feb28c53b1287c5b219686dc2","isMergeCommit":false,"messageTitle":"Add Task class and implement the mark/unmark feature","messageBody":"","tags":["Level-3"],"fileTypesAndContributionMap":{"java":{"insertions":56,"deletions":10}}}]},{"date":"2023-09-05","commitResults":[{"hash":"61fef9f49b9a36d8b5a6396054ac3b0aa7cbe400","isMergeCommit":false,"messageTitle":"apply coding standards","messageBody":"","tags":["A-CodingStandard"],"fileTypesAndContributionMap":{"java":{"insertions":1,"deletions":1}}}]},{"date":"2023-09-06","commitResults":[{"hash":"79c922cfd0fff73ae80489f00239e3c0b237d2a9","isMergeCommit":false,"messageTitle":"Implement the todo, deadline and event classes","messageBody":"","tags":["Level-4"],"fileTypesAndContributionMap":{"java":{"insertions":176,"deletions":30}}},{"hash":"56eedd40276953963715412e2015374c5c031da8","isMergeCommit":false,"messageTitle":"Implement automated tests","messageBody":"","tags":["A-TextUiTesting"],"fileTypesAndContributionMap":{"txt":{"insertions":5,"deletions":0},"java":{"insertions":14,"deletions":1}}},{"hash":"ed0b71bea81290efd1dac482eeee898a7e520414","isMergeCommit":false,"messageTitle":"Refactor code and apply coding style","messageBody":"","tags":["A-CodeQuality"],"fileTypesAndContributionMap":{"java":{"insertions":66,"deletions":61}}}]},{"date":"2023-09-08","commitResults":[{"hash":"ac691bfbdea578a67721726a8c54f96f43fd2cb4","isMergeCommit":false,"messageTitle":"Post review refactor","messageBody":"","fileTypesAndContributionMap":{"java":{"insertions":16,"deletions":25}}},{"hash":"43722c1ccdad9f38f85857a2b00f136ffa14cf47","isMergeCommit":false,"messageTitle":"Implement error handling","messageBody":"","fileTypesAndContributionMap":{"java":{"insertions":96,"deletions":80}}},{"hash":"cfacdc442fb1e809d47c2bfc88ddddc409f1d2eb","isMergeCommit":true,"messageTitle":"Merge branch \u0027branch-Level-5\u0027","messageBody":"","tags":["Level-5","A-Exceptions"],"fileTypesAndContributionMap":{}},{"hash":"305d05e633e775248d25f66c05150240b420399d","isMergeCommit":false,"messageTitle":"Refactor main function","messageBody":"","fileTypesAndContributionMap":{"java":{"insertions":35,"deletions":22}}}]},{"date":"2023-09-09","commitResults":[{"hash":"0f0ca4592949e6f1c30d8414299923a2d369813e","isMergeCommit":false,"messageTitle":"Refactor code into packages and new classes","messageBody":"","fileTypesAndContributionMap":{"java":{"insertions":234,"deletions":148}}},{"hash":"e0f20188df9851c23f8874fcdf69652e391afd68","isMergeCommit":false,"messageTitle":"Update tests","messageBody":"","fileTypesAndContributionMap":{"sh":{"insertions":9,"deletions":9}}},{"hash":"60f6df0c042e170a2bf08c0a67c0336a733f37aa","isMergeCommit":true,"messageTitle":"Merge branch \u0027branch-A-Packages\u0027","messageBody":"","tags":["A-Packages"],"fileTypesAndContributionMap":{}}]}]},"authorFileTypeContributionMap":{"martinschnder":{"java":351,"md":0,"fxml":0,"sh":8,"bat":0,"gradle":0,"txt":5}},"authorContributionVariance":{"martinschnder":13717.638},"authorDisplayNameMap":{"martinschnder":"SCHN..ILLE"}}
