[{"path":"src/main/java/Check.java","fileType":"java","lines":[{"lineNumber":1,"author":{"gitId":"DaDevChia"},"content":"public class Check {","lastModifiedDate":"2023-09-03"},{"lineNumber":2,"author":{"gitId":"DaDevChia"},"content":"     //Function to check if an input has mark as the first word","lastModifiedDate":"2023-09-03"},{"lineNumber":3,"author":{"gitId":"DaDevChia"},"content":"     public static boolean isMark(String input){","lastModifiedDate":"2023-09-03"},{"lineNumber":4,"author":{"gitId":"DaDevChia"},"content":"        if(input.length()\u003e\u003d4){","lastModifiedDate":"2023-09-03"},{"lineNumber":5,"author":{"gitId":"DaDevChia"},"content":"            if(\"mark\".equalsIgnoreCase(input.substring(0,4))){","lastModifiedDate":"2023-09-03"},{"lineNumber":6,"author":{"gitId":"DaDevChia"},"content":"                return true;","lastModifiedDate":"2023-09-03"},{"lineNumber":7,"author":{"gitId":"DaDevChia"},"content":"            }","lastModifiedDate":"2023-09-03"},{"lineNumber":8,"author":{"gitId":"DaDevChia"},"content":"        }","lastModifiedDate":"2023-09-03"},{"lineNumber":9,"author":{"gitId":"DaDevChia"},"content":"        return false;","lastModifiedDate":"2023-09-03"},{"lineNumber":10,"author":{"gitId":"DaDevChia"},"content":"    }","lastModifiedDate":"2023-09-03"},{"lineNumber":11,"author":{"gitId":"DaDevChia"},"content":"    ","lastModifiedDate":"2023-09-03"},{"lineNumber":12,"author":{"gitId":"DaDevChia"},"content":"    //Function to check if an input has delete as the first word","lastModifiedDate":"2023-09-19"},{"lineNumber":13,"author":{"gitId":"DaDevChia"},"content":"    public static boolean isDelete(String input){","lastModifiedDate":"2023-09-19"},{"lineNumber":14,"author":{"gitId":"DaDevChia"},"content":"        if(input.length()\u003e\u003d6){","lastModifiedDate":"2023-09-19"},{"lineNumber":15,"author":{"gitId":"DaDevChia"},"content":"            if(\"delete\".equalsIgnoreCase(input.substring(0,6))){","lastModifiedDate":"2023-09-19"},{"lineNumber":16,"author":{"gitId":"DaDevChia"},"content":"                return true;","lastModifiedDate":"2023-09-19"},{"lineNumber":17,"author":{"gitId":"DaDevChia"},"content":"            }","lastModifiedDate":"2023-09-19"},{"lineNumber":18,"author":{"gitId":"DaDevChia"},"content":"        }","lastModifiedDate":"2023-09-19"},{"lineNumber":19,"author":{"gitId":"DaDevChia"},"content":"        return false;","lastModifiedDate":"2023-09-19"},{"lineNumber":20,"author":{"gitId":"DaDevChia"},"content":"    }","lastModifiedDate":"2023-09-19"},{"lineNumber":21,"author":{"gitId":"DaDevChia"},"content":"","lastModifiedDate":"2023-09-19"},{"lineNumber":22,"author":{"gitId":"DaDevChia"},"content":"    //Function to check if an input has unmark as the first word","lastModifiedDate":"2023-09-03"},{"lineNumber":23,"author":{"gitId":"DaDevChia"},"content":"    public static boolean isUnmark(String input){","lastModifiedDate":"2023-09-03"},{"lineNumber":24,"author":{"gitId":"DaDevChia"},"content":"        if(input.length()\u003e\u003d6){","lastModifiedDate":"2023-09-03"},{"lineNumber":25,"author":{"gitId":"DaDevChia"},"content":"            if(\"unmark\".equalsIgnoreCase(input.substring(0,6))){","lastModifiedDate":"2023-09-03"},{"lineNumber":26,"author":{"gitId":"DaDevChia"},"content":"                return true;","lastModifiedDate":"2023-09-03"},{"lineNumber":27,"author":{"gitId":"DaDevChia"},"content":"            }","lastModifiedDate":"2023-09-03"},{"lineNumber":28,"author":{"gitId":"DaDevChia"},"content":"        }","lastModifiedDate":"2023-09-03"},{"lineNumber":29,"author":{"gitId":"DaDevChia"},"content":"        return false;","lastModifiedDate":"2023-09-03"},{"lineNumber":30,"author":{"gitId":"DaDevChia"},"content":"    }","lastModifiedDate":"2023-09-03"},{"lineNumber":31,"author":{"gitId":"DaDevChia"},"content":"","lastModifiedDate":"2023-09-03"},{"lineNumber":32,"author":{"gitId":"DaDevChia"},"content":"    //Function to check if an input has deadline as the first word","lastModifiedDate":"2023-09-03"},{"lineNumber":33,"author":{"gitId":"DaDevChia"},"content":"    public static boolean isDeadline(String input){","lastModifiedDate":"2023-09-03"},{"lineNumber":34,"author":{"gitId":"DaDevChia"},"content":"        if(input.length()\u003e\u003d8){","lastModifiedDate":"2023-09-03"},{"lineNumber":35,"author":{"gitId":"DaDevChia"},"content":"            if(\"deadline\".equalsIgnoreCase(input.substring(0,8))){","lastModifiedDate":"2023-09-03"},{"lineNumber":36,"author":{"gitId":"DaDevChia"},"content":"                return true;","lastModifiedDate":"2023-09-03"},{"lineNumber":37,"author":{"gitId":"DaDevChia"},"content":"            }","lastModifiedDate":"2023-09-03"},{"lineNumber":38,"author":{"gitId":"DaDevChia"},"content":"        }","lastModifiedDate":"2023-09-03"},{"lineNumber":39,"author":{"gitId":"DaDevChia"},"content":"        return false;","lastModifiedDate":"2023-09-03"},{"lineNumber":40,"author":{"gitId":"DaDevChia"},"content":"    }","lastModifiedDate":"2023-09-03"},{"lineNumber":41,"author":{"gitId":"DaDevChia"},"content":"","lastModifiedDate":"2023-09-03"},{"lineNumber":42,"author":{"gitId":"DaDevChia"},"content":"    //Function to check if an input has event as the first word","lastModifiedDate":"2023-09-03"},{"lineNumber":43,"author":{"gitId":"DaDevChia"},"content":"    public static boolean isEvent(String input){","lastModifiedDate":"2023-09-03"},{"lineNumber":44,"author":{"gitId":"DaDevChia"},"content":"        if(input.length()\u003e\u003d5){","lastModifiedDate":"2023-09-03"},{"lineNumber":45,"author":{"gitId":"DaDevChia"},"content":"            if(\"event\".equalsIgnoreCase(input.substring(0,5))){","lastModifiedDate":"2023-09-03"},{"lineNumber":46,"author":{"gitId":"DaDevChia"},"content":"                return true;","lastModifiedDate":"2023-09-03"},{"lineNumber":47,"author":{"gitId":"DaDevChia"},"content":"            }","lastModifiedDate":"2023-09-03"},{"lineNumber":48,"author":{"gitId":"DaDevChia"},"content":"        }","lastModifiedDate":"2023-09-03"},{"lineNumber":49,"author":{"gitId":"DaDevChia"},"content":"        return false;","lastModifiedDate":"2023-09-03"},{"lineNumber":50,"author":{"gitId":"DaDevChia"},"content":"    }","lastModifiedDate":"2023-09-03"},{"lineNumber":51,"author":{"gitId":"DaDevChia"},"content":"","lastModifiedDate":"2023-09-03"},{"lineNumber":52,"author":{"gitId":"DaDevChia"},"content":"    //Function to check if an input has todo as the first word","lastModifiedDate":"2023-09-03"},{"lineNumber":53,"author":{"gitId":"DaDevChia"},"content":"    public static boolean isTodo(String input){","lastModifiedDate":"2023-09-03"},{"lineNumber":54,"author":{"gitId":"DaDevChia"},"content":"        if(input.length()\u003e\u003d4){","lastModifiedDate":"2023-09-03"},{"lineNumber":55,"author":{"gitId":"DaDevChia"},"content":"            if(\"todo\".equalsIgnoreCase(input.substring(0,4))){","lastModifiedDate":"2023-09-03"},{"lineNumber":56,"author":{"gitId":"DaDevChia"},"content":"                return true;","lastModifiedDate":"2023-09-03"},{"lineNumber":57,"author":{"gitId":"DaDevChia"},"content":"            }","lastModifiedDate":"2023-09-03"},{"lineNumber":58,"author":{"gitId":"DaDevChia"},"content":"        }","lastModifiedDate":"2023-09-03"},{"lineNumber":59,"author":{"gitId":"DaDevChia"},"content":"        return false;","lastModifiedDate":"2023-09-03"},{"lineNumber":60,"author":{"gitId":"DaDevChia"},"content":"    }","lastModifiedDate":"2023-09-03"},{"lineNumber":61,"author":{"gitId":"DaDevChia"},"content":"","lastModifiedDate":"2023-09-03"},{"lineNumber":62,"author":{"gitId":"DaDevChia"},"content":"    //Function to check if an input has list as the first word","lastModifiedDate":"2023-09-03"},{"lineNumber":63,"author":{"gitId":"DaDevChia"},"content":"    public static boolean isList(String input){","lastModifiedDate":"2023-09-03"},{"lineNumber":64,"author":{"gitId":"DaDevChia"},"content":"        if(input.length()\u003e\u003d4){","lastModifiedDate":"2023-09-03"},{"lineNumber":65,"author":{"gitId":"DaDevChia"},"content":"            if(\"list\".equalsIgnoreCase(input.substring(0,4))){","lastModifiedDate":"2023-09-03"},{"lineNumber":66,"author":{"gitId":"DaDevChia"},"content":"                return true;","lastModifiedDate":"2023-09-03"},{"lineNumber":67,"author":{"gitId":"DaDevChia"},"content":"            }","lastModifiedDate":"2023-09-03"},{"lineNumber":68,"author":{"gitId":"DaDevChia"},"content":"        }","lastModifiedDate":"2023-09-03"},{"lineNumber":69,"author":{"gitId":"DaDevChia"},"content":"        return false;","lastModifiedDate":"2023-09-03"},{"lineNumber":70,"author":{"gitId":"DaDevChia"},"content":"    }","lastModifiedDate":"2023-09-03"},{"lineNumber":71,"author":{"gitId":"DaDevChia"},"content":"","lastModifiedDate":"2023-09-03"},{"lineNumber":72,"author":{"gitId":"DaDevChia"},"content":"    //Function to check if an input has bye as the first word","lastModifiedDate":"2023-09-03"},{"lineNumber":73,"author":{"gitId":"DaDevChia"},"content":"    public static boolean isBye(String input){","lastModifiedDate":"2023-09-03"},{"lineNumber":74,"author":{"gitId":"DaDevChia"},"content":"        if(input.length()\u003e\u003d3){","lastModifiedDate":"2023-09-03"},{"lineNumber":75,"author":{"gitId":"DaDevChia"},"content":"            if(\"bye\".equalsIgnoreCase(input.substring(0,3))){","lastModifiedDate":"2023-09-03"},{"lineNumber":76,"author":{"gitId":"DaDevChia"},"content":"                return true;","lastModifiedDate":"2023-09-03"},{"lineNumber":77,"author":{"gitId":"DaDevChia"},"content":"            }","lastModifiedDate":"2023-09-03"},{"lineNumber":78,"author":{"gitId":"DaDevChia"},"content":"        }","lastModifiedDate":"2023-09-03"},{"lineNumber":79,"author":{"gitId":"DaDevChia"},"content":"        return false;","lastModifiedDate":"2023-09-03"},{"lineNumber":80,"author":{"gitId":"DaDevChia"},"content":"    }","lastModifiedDate":"2023-09-03"},{"lineNumber":81,"author":{"gitId":"DaDevChia"},"content":"","lastModifiedDate":"2023-09-03"},{"lineNumber":82,"author":{"gitId":"DaDevChia"},"content":"","lastModifiedDate":"2023-09-19"},{"lineNumber":83,"author":{"gitId":"DaDevChia"},"content":"}","lastModifiedDate":"2023-09-03"}],"authorContributionMap":{"DaDevChia":83}},{"path":"src/main/java/Duke.java","fileType":"java","lines":[{"lineNumber":1,"author":{"gitId":"DaDevChia"},"content":"import java.util.Scanner;  // Import the Scanner class","lastModifiedDate":"2023-09-03"},{"lineNumber":2,"author":{"gitId":"DaDevChia"},"content":"import java.util.ArrayList; // Import the ArrayList class","lastModifiedDate":"2023-09-19"},{"lineNumber":3,"author":{"gitId":"DaDevChia"},"content":"","lastModifiedDate":"2023-09-19"},{"lineNumber":4,"author":{"gitId":"-"},"content":"public class Duke {","lastModifiedDate":"2019-07-29"},{"lineNumber":5,"author":{"gitId":"DaDevChia"},"content":"","lastModifiedDate":"2023-09-03"},{"lineNumber":6,"author":{"gitId":"DaDevChia"},"content":"    //Initialize create a list of tasks","lastModifiedDate":"2023-09-03"},{"lineNumber":7,"author":{"gitId":"DaDevChia"},"content":"    public static ArrayList\u003cTask\u003e tasks \u003d new ArrayList\u003c\u003e();","lastModifiedDate":"2023-09-19"},{"lineNumber":8,"author":{"gitId":"DaDevChia"},"content":"","lastModifiedDate":"2023-09-03"},{"lineNumber":9,"author":{"gitId":"-"},"content":"    public static void main(String[] args) {","lastModifiedDate":"2019-07-29"},{"lineNumber":10,"author":{"gitId":"DaDevChia"},"content":"","lastModifiedDate":"2023-09-03"},{"lineNumber":11,"author":{"gitId":"DaDevChia"},"content":"        FileRW.readFromFile(tasks);","lastModifiedDate":"2023-09-19"},{"lineNumber":12,"author":{"gitId":"DaDevChia"},"content":"","lastModifiedDate":"2023-09-19"},{"lineNumber":13,"author":{"gitId":"DaDevChia"},"content":"        //Print out the logo","lastModifiedDate":"2023-09-03"},{"lineNumber":14,"author":{"gitId":"-"},"content":"        String logo \u003d \" ____        _        \\n\"","lastModifiedDate":"2019-07-29"},{"lineNumber":15,"author":{"gitId":"-"},"content":"                + \"|  _ \\\\ _   _| | _____ \\n\"","lastModifiedDate":"2019-07-29"},{"lineNumber":16,"author":{"gitId":"-"},"content":"                + \"| | | | | | | |/ / _ \\\\\\n\"","lastModifiedDate":"2019-07-29"},{"lineNumber":17,"author":{"gitId":"-"},"content":"                + \"| |_| | |_| |   \u003c  __/\\n\"","lastModifiedDate":"2019-07-29"},{"lineNumber":18,"author":{"gitId":"-"},"content":"                + \"|____/ \\\\__,_|_|\\\\_\\\\___|\\n\";","lastModifiedDate":"2019-07-29"},{"lineNumber":19,"author":{"gitId":"-"},"content":"        System.out.println(\"Hello from\\n\" + logo);","lastModifiedDate":"2019-07-29"},{"lineNumber":20,"author":{"gitId":"DaDevChia"},"content":"","lastModifiedDate":"2023-09-03"},{"lineNumber":21,"author":{"gitId":"DaDevChia"},"content":"        //Create a greeting message for the user","lastModifiedDate":"2023-09-03"},{"lineNumber":22,"author":{"gitId":"DaDevChia"},"content":"        System.out.println(\"Hello! I\u0027m Duke\");","lastModifiedDate":"2023-09-03"},{"lineNumber":23,"author":{"gitId":"DaDevChia"},"content":"        System.out.println(\"What can I do for you?\");","lastModifiedDate":"2023-09-03"},{"lineNumber":24,"author":{"gitId":"DaDevChia"},"content":"","lastModifiedDate":"2023-09-03"},{"lineNumber":25,"author":{"gitId":"DaDevChia"},"content":"        //Get user input","lastModifiedDate":"2023-09-03"},{"lineNumber":26,"author":{"gitId":"DaDevChia"},"content":"        Scanner userScan \u003d new Scanner(System.in);  // Create scanner object","lastModifiedDate":"2023-09-03"},{"lineNumber":27,"author":{"gitId":"DaDevChia"},"content":"        String userInput \u003d userScan.nextLine();  // Get user input","lastModifiedDate":"2023-09-03"},{"lineNumber":28,"author":{"gitId":"DaDevChia"},"content":"","lastModifiedDate":"2023-09-03"},{"lineNumber":29,"author":{"gitId":"DaDevChia"},"content":"        //Check the arguments provided unless it is \"bye\" which quits the program","lastModifiedDate":"2023-09-03"},{"lineNumber":30,"author":{"gitId":"DaDevChia"},"content":"        while( !(Check.isBye(userInput)) ){","lastModifiedDate":"2023-09-03"},{"lineNumber":31,"author":{"gitId":"DaDevChia"},"content":"            ","lastModifiedDate":"2023-09-03"},{"lineNumber":32,"author":{"gitId":"DaDevChia"},"content":"            try{","lastModifiedDate":"2023-09-14"},{"lineNumber":33,"author":{"gitId":"DaDevChia"},"content":"                //If userInput is \"list\" print all tasks","lastModifiedDate":"2023-09-03"},{"lineNumber":34,"author":{"gitId":"DaDevChia"},"content":"                if(Check.isList(userInput)){","lastModifiedDate":"2023-09-03"},{"lineNumber":35,"author":{"gitId":"DaDevChia"},"content":"                    //Print out the list of tasks","lastModifiedDate":"2023-09-03"},{"lineNumber":36,"author":{"gitId":"DaDevChia"},"content":"                    System.out.println(\"Here are the tasks in your list:\");","lastModifiedDate":"2023-09-03"},{"lineNumber":37,"author":{"gitId":"DaDevChia"},"content":"                    for (int i \u003d 0; i \u003c tasks.size(); i++) {","lastModifiedDate":"2023-09-19"},{"lineNumber":38,"author":{"gitId":"DaDevChia"},"content":"                        System.out.println((i + 1) + \". \" + tasks.get(i));","lastModifiedDate":"2023-09-19"},{"lineNumber":39,"author":{"gitId":"DaDevChia"},"content":"                    }","lastModifiedDate":"2023-09-03"},{"lineNumber":40,"author":{"gitId":"DaDevChia"},"content":"                    //Get user input again","lastModifiedDate":"2023-09-03"},{"lineNumber":41,"author":{"gitId":"DaDevChia"},"content":"                    userInput \u003d userScan.nextLine();  ","lastModifiedDate":"2023-09-03"},{"lineNumber":42,"author":{"gitId":"DaDevChia"},"content":"                }","lastModifiedDate":"2023-09-03"},{"lineNumber":43,"author":{"gitId":"DaDevChia"},"content":"","lastModifiedDate":"2023-09-03"},{"lineNumber":44,"author":{"gitId":"DaDevChia"},"content":"                //Add delete keyword and function","lastModifiedDate":"2023-09-19"},{"lineNumber":45,"author":{"gitId":"DaDevChia"},"content":"                else if(Check.isDelete(userInput)){","lastModifiedDate":"2023-09-19"},{"lineNumber":46,"author":{"gitId":"DaDevChia"},"content":"                    //get the task number","lastModifiedDate":"2023-09-19"},{"lineNumber":47,"author":{"gitId":"DaDevChia"},"content":"                    int taskNumber \u003d Integer.parseInt(userInput.substring(7));","lastModifiedDate":"2023-09-19"},{"lineNumber":48,"author":{"gitId":"DaDevChia"},"content":"                    //if the task number is greater than the task count throw an exception","lastModifiedDate":"2023-09-19"},{"lineNumber":49,"author":{"gitId":"DaDevChia"},"content":"                    if(taskNumber\u003etasks.size()){","lastModifiedDate":"2023-09-19"},{"lineNumber":50,"author":{"gitId":"DaDevChia"},"content":"                        throw new IllegalArgumentException(\"The task number is greater than the number of tasks.\");","lastModifiedDate":"2023-09-19"},{"lineNumber":51,"author":{"gitId":"DaDevChia"},"content":"                    }","lastModifiedDate":"2023-09-19"},{"lineNumber":52,"author":{"gitId":"DaDevChia"},"content":"                    //if the task number is less than 1 throw an exception","lastModifiedDate":"2023-09-19"},{"lineNumber":53,"author":{"gitId":"DaDevChia"},"content":"                    if(taskNumber\u003c1){","lastModifiedDate":"2023-09-19"},{"lineNumber":54,"author":{"gitId":"DaDevChia"},"content":"                        throw new IllegalArgumentException(\"The task number is less than 1.\");","lastModifiedDate":"2023-09-19"},{"lineNumber":55,"author":{"gitId":"DaDevChia"},"content":"                    }","lastModifiedDate":"2023-09-19"},{"lineNumber":56,"author":{"gitId":"DaDevChia"},"content":"                    //if there is no task at the task number throw an exception","lastModifiedDate":"2023-09-19"},{"lineNumber":57,"author":{"gitId":"DaDevChia"},"content":"                    if(tasks.get(taskNumber-1)\u003d\u003dnull){","lastModifiedDate":"2023-09-19"},{"lineNumber":58,"author":{"gitId":"DaDevChia"},"content":"                        throw new IllegalArgumentException(\"There is no task at the task number.\");","lastModifiedDate":"2023-09-19"},{"lineNumber":59,"author":{"gitId":"DaDevChia"},"content":"                    }","lastModifiedDate":"2023-09-19"},{"lineNumber":60,"author":{"gitId":"DaDevChia"},"content":"                    //delete the task","lastModifiedDate":"2023-09-19"},{"lineNumber":61,"author":{"gitId":"DaDevChia"},"content":"                    tasks.remove(taskNumber-1);","lastModifiedDate":"2023-09-19"},{"lineNumber":62,"author":{"gitId":"DaDevChia"},"content":"                    //print out the task that was deleted","lastModifiedDate":"2023-09-19"},{"lineNumber":63,"author":{"gitId":"DaDevChia"},"content":"                    System.out.println(\"Noted. I\u0027ve removed this task:\");","lastModifiedDate":"2023-09-19"},{"lineNumber":64,"author":{"gitId":"DaDevChia"},"content":"                    System.out.println(tasks.get(taskNumber-1));","lastModifiedDate":"2023-09-19"},{"lineNumber":65,"author":{"gitId":"DaDevChia"},"content":"                    System.out.println(\"Now you have \" + tasks.size() + \" tasks in the list.\");","lastModifiedDate":"2023-09-19"},{"lineNumber":66,"author":{"gitId":"DaDevChia"},"content":"                    //Get user input again","lastModifiedDate":"2023-09-19"},{"lineNumber":67,"author":{"gitId":"DaDevChia"},"content":"                    userInput \u003d userScan.nextLine();  ","lastModifiedDate":"2023-09-19"},{"lineNumber":68,"author":{"gitId":"DaDevChia"},"content":"                }","lastModifiedDate":"2023-09-19"},{"lineNumber":69,"author":{"gitId":"DaDevChia"},"content":"","lastModifiedDate":"2023-09-19"},{"lineNumber":70,"author":{"gitId":"DaDevChia"},"content":"                //If userInput is \"unmark\" get the task number and unmark the task as done","lastModifiedDate":"2023-09-03"},{"lineNumber":71,"author":{"gitId":"DaDevChia"},"content":"                else if(Check.isUnmark(userInput)){","lastModifiedDate":"2023-09-03"},{"lineNumber":72,"author":{"gitId":"DaDevChia"},"content":"                    //get the task number","lastModifiedDate":"2023-09-03"},{"lineNumber":73,"author":{"gitId":"DaDevChia"},"content":"                    int taskNumber \u003d Integer.parseInt(userInput.substring(7));","lastModifiedDate":"2023-09-03"},{"lineNumber":74,"author":{"gitId":"DaDevChia"},"content":"                    //if the task number is greater than the task count throw an exception","lastModifiedDate":"2023-09-14"},{"lineNumber":75,"author":{"gitId":"DaDevChia"},"content":"                    if(taskNumber\u003etasks.size()){","lastModifiedDate":"2023-09-19"},{"lineNumber":76,"author":{"gitId":"DaDevChia"},"content":"                        throw new IllegalArgumentException(\"The task number is greater than the number of tasks.\");","lastModifiedDate":"2023-09-14"},{"lineNumber":77,"author":{"gitId":"DaDevChia"},"content":"                    }","lastModifiedDate":"2023-09-14"},{"lineNumber":78,"author":{"gitId":"DaDevChia"},"content":"                    //if the task number is less than 1 throw an exception","lastModifiedDate":"2023-09-14"},{"lineNumber":79,"author":{"gitId":"DaDevChia"},"content":"                    if(taskNumber\u003c1){","lastModifiedDate":"2023-09-14"},{"lineNumber":80,"author":{"gitId":"DaDevChia"},"content":"                        throw new IllegalArgumentException(\"The task number is less than 1.\");","lastModifiedDate":"2023-09-14"},{"lineNumber":81,"author":{"gitId":"DaDevChia"},"content":"                    }","lastModifiedDate":"2023-09-14"},{"lineNumber":82,"author":{"gitId":"DaDevChia"},"content":"                    //if there is no task at the task number throw an exception","lastModifiedDate":"2023-09-14"},{"lineNumber":83,"author":{"gitId":"DaDevChia"},"content":"                    if(tasks.get(taskNumber-1)\u003d\u003dnull){","lastModifiedDate":"2023-09-19"},{"lineNumber":84,"author":{"gitId":"DaDevChia"},"content":"                        throw new IllegalArgumentException(\"There is no task at the task number.\");","lastModifiedDate":"2023-09-14"},{"lineNumber":85,"author":{"gitId":"DaDevChia"},"content":"                    }","lastModifiedDate":"2023-09-14"},{"lineNumber":86,"author":{"gitId":"DaDevChia"},"content":"                    //if the task is already not done throw an exception","lastModifiedDate":"2023-09-14"},{"lineNumber":87,"author":{"gitId":"DaDevChia"},"content":"                    if(tasks.get(taskNumber-1).isDone\u003d\u003dfalse){","lastModifiedDate":"2023-09-19"},{"lineNumber":88,"author":{"gitId":"DaDevChia"},"content":"                        throw new IllegalArgumentException(\"The task is already not done.\");","lastModifiedDate":"2023-09-14"},{"lineNumber":89,"author":{"gitId":"DaDevChia"},"content":"                    }","lastModifiedDate":"2023-09-14"},{"lineNumber":90,"author":{"gitId":"DaDevChia"},"content":"                    //mark the task as done","lastModifiedDate":"2023-09-03"},{"lineNumber":91,"author":{"gitId":"DaDevChia"},"content":"                    tasks.get(taskNumber-1).markAsNotDone();","lastModifiedDate":"2023-09-19"},{"lineNumber":92,"author":{"gitId":"DaDevChia"},"content":"                    //print out the task that was marked as done","lastModifiedDate":"2023-09-03"},{"lineNumber":93,"author":{"gitId":"DaDevChia"},"content":"                    System.out.println(\"OK, I\u0027ve marked this task as not done yet:\");","lastModifiedDate":"2023-09-03"},{"lineNumber":94,"author":{"gitId":"DaDevChia"},"content":"                    System.out.println(tasks.get(taskNumber-1));","lastModifiedDate":"2023-09-19"},{"lineNumber":95,"author":{"gitId":"DaDevChia"},"content":"                    //Get user input again","lastModifiedDate":"2023-09-03"},{"lineNumber":96,"author":{"gitId":"DaDevChia"},"content":"                    userInput \u003d userScan.nextLine();          ","lastModifiedDate":"2023-09-03"},{"lineNumber":97,"author":{"gitId":"DaDevChia"},"content":"                }","lastModifiedDate":"2023-09-03"},{"lineNumber":98,"author":{"gitId":"DaDevChia"},"content":"","lastModifiedDate":"2023-09-03"},{"lineNumber":99,"author":{"gitId":"DaDevChia"},"content":"                //If userInput is \"mark\" get the task number and mark the task as done","lastModifiedDate":"2023-09-03"},{"lineNumber":100,"author":{"gitId":"DaDevChia"},"content":"                else if(Check.isMark(userInput)){","lastModifiedDate":"2023-09-03"},{"lineNumber":101,"author":{"gitId":"DaDevChia"},"content":"                    //get the task number","lastModifiedDate":"2023-09-03"},{"lineNumber":102,"author":{"gitId":"DaDevChia"},"content":"                    int taskNumber \u003d Integer.parseInt(userInput.substring(5));","lastModifiedDate":"2023-09-03"},{"lineNumber":103,"author":{"gitId":"DaDevChia"},"content":"                    //if the task number is greater than the task count throw an exception","lastModifiedDate":"2023-09-14"},{"lineNumber":104,"author":{"gitId":"DaDevChia"},"content":"                    if(taskNumber\u003etasks.size()){","lastModifiedDate":"2023-09-19"},{"lineNumber":105,"author":{"gitId":"DaDevChia"},"content":"                        throw new IllegalArgumentException(\"The task number is greater than the number of tasks.\");","lastModifiedDate":"2023-09-14"},{"lineNumber":106,"author":{"gitId":"DaDevChia"},"content":"                    }","lastModifiedDate":"2023-09-14"},{"lineNumber":107,"author":{"gitId":"DaDevChia"},"content":"                    //if the task number is less than 1 throw an exception","lastModifiedDate":"2023-09-14"},{"lineNumber":108,"author":{"gitId":"DaDevChia"},"content":"                    if(taskNumber\u003c1){","lastModifiedDate":"2023-09-14"},{"lineNumber":109,"author":{"gitId":"DaDevChia"},"content":"                        throw new IllegalArgumentException(\"The task number is less than 1.\");","lastModifiedDate":"2023-09-14"},{"lineNumber":110,"author":{"gitId":"DaDevChia"},"content":"                    }","lastModifiedDate":"2023-09-14"},{"lineNumber":111,"author":{"gitId":"DaDevChia"},"content":"                    //if there is no task at the task number throw an exception","lastModifiedDate":"2023-09-14"},{"lineNumber":112,"author":{"gitId":"DaDevChia"},"content":"                    if(tasks.get(taskNumber-1)\u003d\u003dnull){","lastModifiedDate":"2023-09-19"},{"lineNumber":113,"author":{"gitId":"DaDevChia"},"content":"                        throw new IllegalArgumentException(\"There is no task at the task number.\");","lastModifiedDate":"2023-09-14"},{"lineNumber":114,"author":{"gitId":"DaDevChia"},"content":"                    }","lastModifiedDate":"2023-09-14"},{"lineNumber":115,"author":{"gitId":"DaDevChia"},"content":"                    //if the task is already done throw an exception","lastModifiedDate":"2023-09-14"},{"lineNumber":116,"author":{"gitId":"DaDevChia"},"content":"                    if(tasks.get(taskNumber-1).isDone\u003d\u003dtrue){","lastModifiedDate":"2023-09-19"},{"lineNumber":117,"author":{"gitId":"DaDevChia"},"content":"                        throw new IllegalArgumentException(\"The task is already done.\");","lastModifiedDate":"2023-09-14"},{"lineNumber":118,"author":{"gitId":"DaDevChia"},"content":"                    }","lastModifiedDate":"2023-09-14"},{"lineNumber":119,"author":{"gitId":"DaDevChia"},"content":"                    //mark the task as done","lastModifiedDate":"2023-09-03"},{"lineNumber":120,"author":{"gitId":"DaDevChia"},"content":"                    tasks.get(taskNumber-1).markAsDone();","lastModifiedDate":"2023-09-19"},{"lineNumber":121,"author":{"gitId":"DaDevChia"},"content":"                    //print out the task that was marked as done","lastModifiedDate":"2023-09-03"},{"lineNumber":122,"author":{"gitId":"DaDevChia"},"content":"                    System.out.println(\"Nice! I\u0027ve marked this task as done:\");","lastModifiedDate":"2023-09-03"},{"lineNumber":123,"author":{"gitId":"DaDevChia"},"content":"                    System.out.println(tasks.get(taskNumber-1));","lastModifiedDate":"2023-09-19"},{"lineNumber":124,"author":{"gitId":"DaDevChia"},"content":"                    //Get user input again","lastModifiedDate":"2023-09-03"},{"lineNumber":125,"author":{"gitId":"DaDevChia"},"content":"                    userInput \u003d userScan.nextLine();              ","lastModifiedDate":"2023-09-03"},{"lineNumber":126,"author":{"gitId":"DaDevChia"},"content":"                }","lastModifiedDate":"2023-09-03"},{"lineNumber":127,"author":{"gitId":"DaDevChia"},"content":"","lastModifiedDate":"2023-09-03"},{"lineNumber":128,"author":{"gitId":"DaDevChia"},"content":"                //If userInput is \"todo\" add a todo task to the list","lastModifiedDate":"2023-09-03"},{"lineNumber":129,"author":{"gitId":"DaDevChia"},"content":"                else if(Check.isTodo(userInput)){","lastModifiedDate":"2023-09-03"},{"lineNumber":130,"author":{"gitId":"DaDevChia"},"content":"                    //get the task name","lastModifiedDate":"2023-09-03"},{"lineNumber":131,"author":{"gitId":"DaDevChia"},"content":"                    String taskName \u003d userInput.substring(5);","lastModifiedDate":"2023-09-03"},{"lineNumber":132,"author":{"gitId":"DaDevChia"},"content":"                    //If the task name is empty throw an exception","lastModifiedDate":"2023-09-14"},{"lineNumber":133,"author":{"gitId":"DaDevChia"},"content":"                    if(taskName.equals(\"\")){","lastModifiedDate":"2023-09-14"},{"lineNumber":134,"author":{"gitId":"DaDevChia"},"content":"                        throw new IllegalArgumentException(\"The description of a todo cannot be empty.\");","lastModifiedDate":"2023-09-14"},{"lineNumber":135,"author":{"gitId":"DaDevChia"},"content":"                    }","lastModifiedDate":"2023-09-14"},{"lineNumber":136,"author":{"gitId":"DaDevChia"},"content":"                    //create a todo task","lastModifiedDate":"2023-09-03"},{"lineNumber":137,"author":{"gitId":"DaDevChia"},"content":"                    tasks.add(new Todo (taskName));","lastModifiedDate":"2023-09-19"},{"lineNumber":138,"author":{"gitId":"DaDevChia"},"content":"                    //print out the task that was added","lastModifiedDate":"2023-09-03"},{"lineNumber":139,"author":{"gitId":"DaDevChia"},"content":"                    System.out.println(\"Got it. I\u0027ve added this task:\");","lastModifiedDate":"2023-09-03"},{"lineNumber":140,"author":{"gitId":"DaDevChia"},"content":"                    System.out.println(tasks.get(tasks.size()-1));","lastModifiedDate":"2023-09-19"},{"lineNumber":141,"author":{"gitId":"DaDevChia"},"content":"                    System.out.println(\"Now you have \" + tasks.size() + \" tasks in the list.\");","lastModifiedDate":"2023-09-19"},{"lineNumber":142,"author":{"gitId":"DaDevChia"},"content":"                    //Get user input again","lastModifiedDate":"2023-09-03"},{"lineNumber":143,"author":{"gitId":"DaDevChia"},"content":"                    userInput \u003d userScan.nextLine();  ","lastModifiedDate":"2023-09-03"},{"lineNumber":144,"author":{"gitId":"DaDevChia"},"content":"                }","lastModifiedDate":"2023-09-03"},{"lineNumber":145,"author":{"gitId":"DaDevChia"},"content":"","lastModifiedDate":"2023-09-03"},{"lineNumber":146,"author":{"gitId":"DaDevChia"},"content":"                //If userInput is \"deadline\" add a deadline task to the list","lastModifiedDate":"2023-09-03"},{"lineNumber":147,"author":{"gitId":"DaDevChia"},"content":"                else if(Check.isDeadline(userInput)){","lastModifiedDate":"2023-09-03"},{"lineNumber":148,"author":{"gitId":"DaDevChia"},"content":"                    //get the task name","lastModifiedDate":"2023-09-03"},{"lineNumber":149,"author":{"gitId":"DaDevChia"},"content":"                    String taskName \u003d userInput.substring(9,userInput.indexOf(\"/\"));","lastModifiedDate":"2023-09-03"},{"lineNumber":150,"author":{"gitId":"DaDevChia"},"content":"                    //get the deadline string without any \"/\"","lastModifiedDate":"2023-09-03"},{"lineNumber":151,"author":{"gitId":"DaDevChia"},"content":"                    String deadline \u003d userInput.substring(userInput.indexOf(\"/\")).replace(\"/\",\"\");","lastModifiedDate":"2023-09-03"},{"lineNumber":152,"author":{"gitId":"DaDevChia"},"content":"                    //If the task name is empty throw an exception","lastModifiedDate":"2023-09-14"},{"lineNumber":153,"author":{"gitId":"DaDevChia"},"content":"                    if(taskName.equals(\"\")){","lastModifiedDate":"2023-09-14"},{"lineNumber":154,"author":{"gitId":"DaDevChia"},"content":"                        throw new IllegalArgumentException(\"The description of a deadline cannot be empty.\");","lastModifiedDate":"2023-09-14"},{"lineNumber":155,"author":{"gitId":"DaDevChia"},"content":"                    }","lastModifiedDate":"2023-09-14"},{"lineNumber":156,"author":{"gitId":"DaDevChia"},"content":"                    //If the deadline is empty throw an exception","lastModifiedDate":"2023-09-14"},{"lineNumber":157,"author":{"gitId":"DaDevChia"},"content":"                    if(deadline.equals(\"\")){","lastModifiedDate":"2023-09-14"},{"lineNumber":158,"author":{"gitId":"DaDevChia"},"content":"                        throw new IllegalArgumentException(\"The deadline of a deadline cannot be empty. Add a / argument to specify time.\");","lastModifiedDate":"2023-09-14"},{"lineNumber":159,"author":{"gitId":"DaDevChia"},"content":"                    }","lastModifiedDate":"2023-09-14"},{"lineNumber":160,"author":{"gitId":"DaDevChia"},"content":"                    //create a deadline task","lastModifiedDate":"2023-09-03"},{"lineNumber":161,"author":{"gitId":"DaDevChia"},"content":"                    tasks.add(new Deadline(taskName,deadline));","lastModifiedDate":"2023-09-19"},{"lineNumber":162,"author":{"gitId":"DaDevChia"},"content":"                    //print out the task that was added","lastModifiedDate":"2023-09-03"},{"lineNumber":163,"author":{"gitId":"DaDevChia"},"content":"                    System.out.println(\"Got it. I\u0027ve added this task:\");","lastModifiedDate":"2023-09-03"},{"lineNumber":164,"author":{"gitId":"DaDevChia"},"content":"                    System.out.println(tasks.get(tasks.size()-1));","lastModifiedDate":"2023-09-19"},{"lineNumber":165,"author":{"gitId":"DaDevChia"},"content":"                    System.out.println(\"Now you have \" + tasks.size() + \" tasks in the list.\");","lastModifiedDate":"2023-09-19"},{"lineNumber":166,"author":{"gitId":"DaDevChia"},"content":"                    userInput \u003d userScan.nextLine();  ","lastModifiedDate":"2023-09-03"},{"lineNumber":167,"author":{"gitId":"DaDevChia"},"content":"                }","lastModifiedDate":"2023-09-03"},{"lineNumber":168,"author":{"gitId":"DaDevChia"},"content":"","lastModifiedDate":"2023-09-03"},{"lineNumber":169,"author":{"gitId":"DaDevChia"},"content":"                //If userInput is \"event\" add an event task to the list","lastModifiedDate":"2023-09-03"},{"lineNumber":170,"author":{"gitId":"DaDevChia"},"content":"                else if(Check.isEvent(userInput)){","lastModifiedDate":"2023-09-03"},{"lineNumber":171,"author":{"gitId":"DaDevChia"},"content":"                    //get the task name","lastModifiedDate":"2023-09-03"},{"lineNumber":172,"author":{"gitId":"DaDevChia"},"content":"                    String taskName \u003d userInput.substring(6,userInput.indexOf(\"/\"));","lastModifiedDate":"2023-09-03"},{"lineNumber":173,"author":{"gitId":"DaDevChia"},"content":"                    //get the event time without any \"/\"","lastModifiedDate":"2023-09-03"},{"lineNumber":174,"author":{"gitId":"DaDevChia"},"content":"                    String eventTime \u003d userInput.substring(userInput.indexOf(\"/\")).replace(\"/\",\"\");","lastModifiedDate":"2023-09-03"},{"lineNumber":175,"author":{"gitId":"DaDevChia"},"content":"                    //if the taskname is empty throw an exception","lastModifiedDate":"2023-09-14"},{"lineNumber":176,"author":{"gitId":"DaDevChia"},"content":"                    if(taskName.equals(\"\")){","lastModifiedDate":"2023-09-14"},{"lineNumber":177,"author":{"gitId":"DaDevChia"},"content":"                        throw new IllegalArgumentException(\"The description of an event cannot be empty.\");","lastModifiedDate":"2023-09-14"},{"lineNumber":178,"author":{"gitId":"DaDevChia"},"content":"                    }","lastModifiedDate":"2023-09-14"},{"lineNumber":179,"author":{"gitId":"DaDevChia"},"content":"                    //if the event time is empty throw an exception","lastModifiedDate":"2023-09-14"},{"lineNumber":180,"author":{"gitId":"DaDevChia"},"content":"                    if(eventTime.equals(\"\")){","lastModifiedDate":"2023-09-14"},{"lineNumber":181,"author":{"gitId":"DaDevChia"},"content":"                        throw new IllegalArgumentException(\"The event time of an event cannot be empty. Add a / argument to specify time.\");","lastModifiedDate":"2023-09-14"},{"lineNumber":182,"author":{"gitId":"DaDevChia"},"content":"                    }","lastModifiedDate":"2023-09-14"},{"lineNumber":183,"author":{"gitId":"DaDevChia"},"content":"                    //create an event task","lastModifiedDate":"2023-09-19"},{"lineNumber":184,"author":{"gitId":"DaDevChia"},"content":"                    tasks.add(new Event(taskName,eventTime));","lastModifiedDate":"2023-09-19"},{"lineNumber":185,"author":{"gitId":"DaDevChia"},"content":"                    //print out the task that was added","lastModifiedDate":"2023-09-03"},{"lineNumber":186,"author":{"gitId":"DaDevChia"},"content":"                    System.out.println(\"Got it. I\u0027ve added this task:\");","lastModifiedDate":"2023-09-03"},{"lineNumber":187,"author":{"gitId":"DaDevChia"},"content":"                    System.out.println(tasks.get(tasks.size()-1));","lastModifiedDate":"2023-09-19"},{"lineNumber":188,"author":{"gitId":"DaDevChia"},"content":"                    System.out.println(\"Now you have \" + tasks.size() + \" tasks in the list.\");","lastModifiedDate":"2023-09-19"},{"lineNumber":189,"author":{"gitId":"DaDevChia"},"content":"                    //Get user input again","lastModifiedDate":"2023-09-03"},{"lineNumber":190,"author":{"gitId":"DaDevChia"},"content":"                    userInput \u003d userScan.nextLine();  ","lastModifiedDate":"2023-09-03"},{"lineNumber":191,"author":{"gitId":"DaDevChia"},"content":"                }","lastModifiedDate":"2023-09-03"},{"lineNumber":192,"author":{"gitId":"DaDevChia"},"content":"","lastModifiedDate":"2023-09-03"},{"lineNumber":193,"author":{"gitId":"DaDevChia"},"content":"                //If userInput is not any of the commands throw an illegal argument exception","lastModifiedDate":"2023-09-14"},{"lineNumber":194,"author":{"gitId":"DaDevChia"},"content":"                else{","lastModifiedDate":"2023-09-03"},{"lineNumber":195,"author":{"gitId":"DaDevChia"},"content":"                    //throw an exception","lastModifiedDate":"2023-09-14"},{"lineNumber":196,"author":{"gitId":"DaDevChia"},"content":"                    throw new IllegalArgumentException(\"Invalid command. Please try again.\");     ","lastModifiedDate":"2023-09-14"},{"lineNumber":197,"author":{"gitId":"DaDevChia"},"content":"                }","lastModifiedDate":"2023-09-14"},{"lineNumber":198,"author":{"gitId":"DaDevChia"},"content":"","lastModifiedDate":"2023-09-14"},{"lineNumber":199,"author":{"gitId":"DaDevChia"},"content":"            }","lastModifiedDate":"2023-09-14"},{"lineNumber":200,"author":{"gitId":"DaDevChia"},"content":"            catch (IllegalArgumentException e){","lastModifiedDate":"2023-09-14"},{"lineNumber":201,"author":{"gitId":"DaDevChia"},"content":"                System.out.println(e.getMessage());","lastModifiedDate":"2023-09-14"},{"lineNumber":202,"author":{"gitId":"DaDevChia"},"content":"                //Get user input again","lastModifiedDate":"2023-09-14"},{"lineNumber":203,"author":{"gitId":"DaDevChia"},"content":"                userInput \u003d userScan.nextLine();  ","lastModifiedDate":"2023-09-14"},{"lineNumber":204,"author":{"gitId":"DaDevChia"},"content":"            }","lastModifiedDate":"2023-09-14"},{"lineNumber":205,"author":{"gitId":"DaDevChia"},"content":"            catch (StringIndexOutOfBoundsException e){","lastModifiedDate":"2023-09-14"},{"lineNumber":206,"author":{"gitId":"DaDevChia"},"content":"               System.out.println(\"Invalid date entered. Please try again and enter / before the date.\");","lastModifiedDate":"2023-09-14"},{"lineNumber":207,"author":{"gitId":"DaDevChia"},"content":"                //Get user input again","lastModifiedDate":"2023-09-03"},{"lineNumber":208,"author":{"gitId":"DaDevChia"},"content":"                userInput \u003d userScan.nextLine();","lastModifiedDate":"2023-09-03"},{"lineNumber":209,"author":{"gitId":"DaDevChia"},"content":"            }","lastModifiedDate":"2023-09-03"},{"lineNumber":210,"author":{"gitId":"DaDevChia"},"content":"            ","lastModifiedDate":"2023-09-03"},{"lineNumber":211,"author":{"gitId":"DaDevChia"},"content":"        }","lastModifiedDate":"2023-09-03"},{"lineNumber":212,"author":{"gitId":"DaDevChia"},"content":"","lastModifiedDate":"2023-09-03"},{"lineNumber":213,"author":{"gitId":"DaDevChia"},"content":"        //Print out a goodbye message","lastModifiedDate":"2023-09-03"},{"lineNumber":214,"author":{"gitId":"DaDevChia"},"content":"        System.out.println(\"Bye. Hope to see you again soon!\");","lastModifiedDate":"2023-09-03"},{"lineNumber":215,"author":{"gitId":"DaDevChia"},"content":"        ","lastModifiedDate":"2023-09-03"},{"lineNumber":216,"author":{"gitId":"DaDevChia"},"content":"        //Close the scanner","lastModifiedDate":"2023-09-03"},{"lineNumber":217,"author":{"gitId":"DaDevChia"},"content":"        userScan.close();","lastModifiedDate":"2023-09-03"},{"lineNumber":218,"author":{"gitId":"DaDevChia"},"content":"","lastModifiedDate":"2023-09-03"},{"lineNumber":219,"author":{"gitId":"DaDevChia"},"content":"        //Write the tasks to the file","lastModifiedDate":"2023-09-19"},{"lineNumber":220,"author":{"gitId":"DaDevChia"},"content":"        FileRW.writeToFile(tasks);","lastModifiedDate":"2023-09-19"},{"lineNumber":221,"author":{"gitId":"DaDevChia"},"content":"        ","lastModifiedDate":"2023-09-19"},{"lineNumber":222,"author":{"gitId":"-"},"content":"    }","lastModifiedDate":"2019-07-29"},{"lineNumber":223,"author":{"gitId":"DaDevChia"},"content":"","lastModifiedDate":"2023-09-19"},{"lineNumber":224,"author":{"gitId":"-"},"content":"}","lastModifiedDate":"2019-07-29"}],"authorContributionMap":{"DaDevChia":214,"-":10}},{"path":"src/main/java/DukeException.java","fileType":"java","lines":[{"lineNumber":1,"author":{"gitId":"DaDevChia"},"content":"//Implement a class DukeException that extends the Exception class. ","lastModifiedDate":"2023-09-14"},{"lineNumber":2,"author":{"gitId":"DaDevChia"},"content":"//This class should be able to handle the different exceptions that may occur in your program.","lastModifiedDate":"2023-09-14"},{"lineNumber":3,"author":{"gitId":"DaDevChia"},"content":"","lastModifiedDate":"2023-09-14"},{"lineNumber":4,"author":{"gitId":"DaDevChia"},"content":"public class DukeException extends Exception {","lastModifiedDate":"2023-09-14"},{"lineNumber":5,"author":{"gitId":"DaDevChia"},"content":"    //CommandException","lastModifiedDate":"2023-09-14"},{"lineNumber":6,"author":{"gitId":"DaDevChia"},"content":"    // Constructor that accepts a message","lastModifiedDate":"2023-09-14"},{"lineNumber":7,"author":{"gitId":"DaDevChia"},"content":"    public DukeException(String message)","lastModifiedDate":"2023-09-14"},{"lineNumber":8,"author":{"gitId":"DaDevChia"},"content":"    {","lastModifiedDate":"2023-09-14"},{"lineNumber":9,"author":{"gitId":"DaDevChia"},"content":"       super(message);","lastModifiedDate":"2023-09-14"},{"lineNumber":10,"author":{"gitId":"DaDevChia"},"content":"    }","lastModifiedDate":"2023-09-14"},{"lineNumber":11,"author":{"gitId":"DaDevChia"},"content":"","lastModifiedDate":"2023-09-14"},{"lineNumber":12,"author":{"gitId":"DaDevChia"},"content":"","lastModifiedDate":"2023-09-14"},{"lineNumber":13,"author":{"gitId":"DaDevChia"},"content":"}","lastModifiedDate":"2023-09-14"}],"authorContributionMap":{"DaDevChia":13}},{"path":"src/main/java/FileRW.java","fileType":"java","lines":[{"lineNumber":1,"author":{"gitId":"DaDevChia"},"content":"import java.util.Scanner;","lastModifiedDate":"2023-09-19"},{"lineNumber":2,"author":{"gitId":"DaDevChia"},"content":"import java.util.ArrayList;","lastModifiedDate":"2023-09-19"},{"lineNumber":3,"author":{"gitId":"DaDevChia"},"content":"import java.io.File;","lastModifiedDate":"2023-09-19"},{"lineNumber":4,"author":{"gitId":"DaDevChia"},"content":"import java.io.FileWriter;","lastModifiedDate":"2023-09-19"},{"lineNumber":5,"author":{"gitId":"DaDevChia"},"content":"import java.io.BufferedWriter;","lastModifiedDate":"2023-09-19"},{"lineNumber":6,"author":{"gitId":"DaDevChia"},"content":"import java.io.IOException;","lastModifiedDate":"2023-09-19"},{"lineNumber":7,"author":{"gitId":"DaDevChia"},"content":"","lastModifiedDate":"2023-09-19"},{"lineNumber":8,"author":{"gitId":"DaDevChia"},"content":"public class FileRW {","lastModifiedDate":"2023-09-19"},{"lineNumber":9,"author":{"gitId":"DaDevChia"},"content":"","lastModifiedDate":"2023-09-19"},{"lineNumber":10,"author":{"gitId":"DaDevChia"},"content":"    public static void readFromFile(ArrayList\u003cTask\u003e tasks) {","lastModifiedDate":"2023-09-19"},{"lineNumber":11,"author":{"gitId":"DaDevChia"},"content":"        try {","lastModifiedDate":"2023-09-19"},{"lineNumber":12,"author":{"gitId":"DaDevChia"},"content":"            File file \u003d new File(\"data/duke.txt\");","lastModifiedDate":"2023-09-19"},{"lineNumber":13,"author":{"gitId":"DaDevChia"},"content":"            Scanner fileScan \u003d new Scanner(file);","lastModifiedDate":"2023-09-19"},{"lineNumber":14,"author":{"gitId":"DaDevChia"},"content":"            while (fileScan.hasNextLine()) {","lastModifiedDate":"2023-09-19"},{"lineNumber":15,"author":{"gitId":"DaDevChia"},"content":"                String line \u003d fileScan.nextLine();","lastModifiedDate":"2023-09-19"},{"lineNumber":16,"author":{"gitId":"DaDevChia"},"content":"                String[] lineSplit \u003d line.split(\" \\\\| \");","lastModifiedDate":"2023-09-19"},{"lineNumber":17,"author":{"gitId":"DaDevChia"},"content":"                Task newTask \u003d null;","lastModifiedDate":"2023-09-19"},{"lineNumber":18,"author":{"gitId":"DaDevChia"},"content":"","lastModifiedDate":"2023-09-19"},{"lineNumber":19,"author":{"gitId":"DaDevChia"},"content":"                if (lineSplit[0].equals(\"T\")) {","lastModifiedDate":"2023-09-19"},{"lineNumber":20,"author":{"gitId":"DaDevChia"},"content":"                    newTask \u003d new Todo(lineSplit[2]);","lastModifiedDate":"2023-09-19"},{"lineNumber":21,"author":{"gitId":"DaDevChia"},"content":"                } else if (lineSplit[0].equals(\"D\")) {","lastModifiedDate":"2023-09-19"},{"lineNumber":22,"author":{"gitId":"DaDevChia"},"content":"                    newTask \u003d new Deadline(lineSplit[2], lineSplit[3]);","lastModifiedDate":"2023-09-19"},{"lineNumber":23,"author":{"gitId":"DaDevChia"},"content":"                } else if (lineSplit[0].equals(\"E\")) {","lastModifiedDate":"2023-09-19"},{"lineNumber":24,"author":{"gitId":"DaDevChia"},"content":"                    newTask \u003d new Event(lineSplit[2], lineSplit[3]);","lastModifiedDate":"2023-09-19"},{"lineNumber":25,"author":{"gitId":"DaDevChia"},"content":"                }","lastModifiedDate":"2023-09-19"},{"lineNumber":26,"author":{"gitId":"DaDevChia"},"content":"","lastModifiedDate":"2023-09-19"},{"lineNumber":27,"author":{"gitId":"DaDevChia"},"content":"                if (newTask !\u003d null) {","lastModifiedDate":"2023-09-19"},{"lineNumber":28,"author":{"gitId":"DaDevChia"},"content":"                    if (lineSplit[1].equals(\"true\")) {","lastModifiedDate":"2023-09-19"},{"lineNumber":29,"author":{"gitId":"DaDevChia"},"content":"                        newTask.markAsDone();","lastModifiedDate":"2023-09-19"},{"lineNumber":30,"author":{"gitId":"DaDevChia"},"content":"                    }","lastModifiedDate":"2023-09-19"},{"lineNumber":31,"author":{"gitId":"DaDevChia"},"content":"                    tasks.add(newTask);","lastModifiedDate":"2023-09-19"},{"lineNumber":32,"author":{"gitId":"DaDevChia"},"content":"                }","lastModifiedDate":"2023-09-19"},{"lineNumber":33,"author":{"gitId":"DaDevChia"},"content":"            }","lastModifiedDate":"2023-09-19"},{"lineNumber":34,"author":{"gitId":"DaDevChia"},"content":"            fileScan.close();","lastModifiedDate":"2023-09-19"},{"lineNumber":35,"author":{"gitId":"DaDevChia"},"content":"        } catch (Exception e) {","lastModifiedDate":"2023-09-19"},{"lineNumber":36,"author":{"gitId":"DaDevChia"},"content":"            try {","lastModifiedDate":"2023-09-19"},{"lineNumber":37,"author":{"gitId":"DaDevChia"},"content":"                File file \u003d new File(\"data/duke.txt\");","lastModifiedDate":"2023-09-19"},{"lineNumber":38,"author":{"gitId":"DaDevChia"},"content":"                file.getParentFile().mkdirs();","lastModifiedDate":"2023-09-19"},{"lineNumber":39,"author":{"gitId":"DaDevChia"},"content":"                file.createNewFile();","lastModifiedDate":"2023-09-19"},{"lineNumber":40,"author":{"gitId":"DaDevChia"},"content":"            } catch (Exception e1) {","lastModifiedDate":"2023-09-19"},{"lineNumber":41,"author":{"gitId":"DaDevChia"},"content":"                e1.printStackTrace();","lastModifiedDate":"2023-09-19"},{"lineNumber":42,"author":{"gitId":"DaDevChia"},"content":"            }","lastModifiedDate":"2023-09-19"},{"lineNumber":43,"author":{"gitId":"DaDevChia"},"content":"        }","lastModifiedDate":"2023-09-19"},{"lineNumber":44,"author":{"gitId":"DaDevChia"},"content":"    }","lastModifiedDate":"2023-09-19"},{"lineNumber":45,"author":{"gitId":"DaDevChia"},"content":"","lastModifiedDate":"2023-09-19"},{"lineNumber":46,"author":{"gitId":"DaDevChia"},"content":"    public static void writeToFile(ArrayList\u003cTask\u003e tasks) {","lastModifiedDate":"2023-09-19"},{"lineNumber":47,"author":{"gitId":"DaDevChia"},"content":"        try {","lastModifiedDate":"2023-09-19"},{"lineNumber":48,"author":{"gitId":"DaDevChia"},"content":"            FileWriter fw \u003d new FileWriter(\"data/duke.txt\");","lastModifiedDate":"2023-09-19"},{"lineNumber":49,"author":{"gitId":"DaDevChia"},"content":"            BufferedWriter bw \u003d new BufferedWriter(fw);","lastModifiedDate":"2023-09-19"},{"lineNumber":50,"author":{"gitId":"DaDevChia"},"content":"","lastModifiedDate":"2023-09-19"},{"lineNumber":51,"author":{"gitId":"DaDevChia"},"content":"            for (Task task : tasks) {","lastModifiedDate":"2023-09-19"},{"lineNumber":52,"author":{"gitId":"DaDevChia"},"content":"                if (task instanceof Todo) {","lastModifiedDate":"2023-09-19"},{"lineNumber":53,"author":{"gitId":"DaDevChia"},"content":"                    bw.write(\"T | \" + task.isDone + \" | \" + task.taskName);","lastModifiedDate":"2023-09-19"},{"lineNumber":54,"author":{"gitId":"DaDevChia"},"content":"                } else if (task instanceof Deadline) {","lastModifiedDate":"2023-09-19"},{"lineNumber":55,"author":{"gitId":"DaDevChia"},"content":"                    bw.write(\"D | \" + task.isDone + \" | \" + task.taskName + \" | \" + ((Deadline) task).deadline);","lastModifiedDate":"2023-09-19"},{"lineNumber":56,"author":{"gitId":"DaDevChia"},"content":"                } else if (task instanceof Event) {","lastModifiedDate":"2023-09-19"},{"lineNumber":57,"author":{"gitId":"DaDevChia"},"content":"                    bw.write(\"E | \" + task.isDone + \" | \" + task.taskName + \" | \" + ((Event) task).eventTime);","lastModifiedDate":"2023-09-19"},{"lineNumber":58,"author":{"gitId":"DaDevChia"},"content":"                }","lastModifiedDate":"2023-09-19"},{"lineNumber":59,"author":{"gitId":"DaDevChia"},"content":"                bw.newLine();","lastModifiedDate":"2023-09-19"},{"lineNumber":60,"author":{"gitId":"DaDevChia"},"content":"            }","lastModifiedDate":"2023-09-19"},{"lineNumber":61,"author":{"gitId":"DaDevChia"},"content":"","lastModifiedDate":"2023-09-19"},{"lineNumber":62,"author":{"gitId":"DaDevChia"},"content":"            bw.close();","lastModifiedDate":"2023-09-19"},{"lineNumber":63,"author":{"gitId":"DaDevChia"},"content":"            fw.close();","lastModifiedDate":"2023-09-19"},{"lineNumber":64,"author":{"gitId":"DaDevChia"},"content":"        } catch (IOException e) {","lastModifiedDate":"2023-09-19"},{"lineNumber":65,"author":{"gitId":"DaDevChia"},"content":"            System.out.println(\"Error writing to file.\");","lastModifiedDate":"2023-09-19"},{"lineNumber":66,"author":{"gitId":"DaDevChia"},"content":"        }","lastModifiedDate":"2023-09-19"},{"lineNumber":67,"author":{"gitId":"DaDevChia"},"content":"    }","lastModifiedDate":"2023-09-19"},{"lineNumber":68,"author":{"gitId":"DaDevChia"},"content":"","lastModifiedDate":"2023-09-19"},{"lineNumber":69,"author":{"gitId":"DaDevChia"},"content":"}","lastModifiedDate":"2023-09-19"}],"authorContributionMap":{"DaDevChia":69}},{"path":"src/main/java/Task.java","fileType":"java","lines":[{"lineNumber":1,"author":{"gitId":"DaDevChia"},"content":"//Create a task class","lastModifiedDate":"2023-09-03"},{"lineNumber":2,"author":{"gitId":"DaDevChia"},"content":"public class Task {","lastModifiedDate":"2023-09-03"},{"lineNumber":3,"author":{"gitId":"DaDevChia"},"content":"    protected String taskName;","lastModifiedDate":"2023-09-03"},{"lineNumber":4,"author":{"gitId":"DaDevChia"},"content":"    protected boolean isDone;","lastModifiedDate":"2023-09-03"},{"lineNumber":5,"author":{"gitId":"DaDevChia"},"content":"    public Task(String taskName){","lastModifiedDate":"2023-09-03"},{"lineNumber":6,"author":{"gitId":"DaDevChia"},"content":"        this.taskName \u003d taskName;","lastModifiedDate":"2023-09-03"},{"lineNumber":7,"author":{"gitId":"DaDevChia"},"content":"        this.isDone \u003d false;","lastModifiedDate":"2023-09-03"},{"lineNumber":8,"author":{"gitId":"DaDevChia"},"content":"    }","lastModifiedDate":"2023-09-03"},{"lineNumber":9,"author":{"gitId":"DaDevChia"},"content":"    //method to mark as done","lastModifiedDate":"2023-09-03"},{"lineNumber":10,"author":{"gitId":"DaDevChia"},"content":"    public void markAsDone(){","lastModifiedDate":"2023-09-03"},{"lineNumber":11,"author":{"gitId":"DaDevChia"},"content":"        this.isDone \u003d true;","lastModifiedDate":"2023-09-03"},{"lineNumber":12,"author":{"gitId":"DaDevChia"},"content":"    }","lastModifiedDate":"2023-09-03"},{"lineNumber":13,"author":{"gitId":"DaDevChia"},"content":"    //method to mark as not done","lastModifiedDate":"2023-09-03"},{"lineNumber":14,"author":{"gitId":"DaDevChia"},"content":"    public void markAsNotDone(){","lastModifiedDate":"2023-09-03"},{"lineNumber":15,"author":{"gitId":"DaDevChia"},"content":"        this.isDone \u003d false;","lastModifiedDate":"2023-09-03"},{"lineNumber":16,"author":{"gitId":"DaDevChia"},"content":"    }","lastModifiedDate":"2023-09-03"},{"lineNumber":17,"author":{"gitId":"DaDevChia"},"content":"    //toString method to print the status of the task followed by the task name","lastModifiedDate":"2023-09-03"},{"lineNumber":18,"author":{"gitId":"DaDevChia"},"content":"    public String toString(){","lastModifiedDate":"2023-09-03"},{"lineNumber":19,"author":{"gitId":"DaDevChia"},"content":"        if(this.isDone){","lastModifiedDate":"2023-09-03"},{"lineNumber":20,"author":{"gitId":"DaDevChia"},"content":"            return \"[X] \" + this.taskName;","lastModifiedDate":"2023-09-03"},{"lineNumber":21,"author":{"gitId":"DaDevChia"},"content":"        }else{","lastModifiedDate":"2023-09-03"},{"lineNumber":22,"author":{"gitId":"DaDevChia"},"content":"            return \"[ ] \" + this.taskName;","lastModifiedDate":"2023-09-03"},{"lineNumber":23,"author":{"gitId":"DaDevChia"},"content":"        }","lastModifiedDate":"2023-09-03"},{"lineNumber":24,"author":{"gitId":"DaDevChia"},"content":"    }","lastModifiedDate":"2023-09-03"},{"lineNumber":25,"author":{"gitId":"DaDevChia"},"content":"}","lastModifiedDate":"2023-09-03"},{"lineNumber":26,"author":{"gitId":"DaDevChia"},"content":"","lastModifiedDate":"2023-09-03"},{"lineNumber":27,"author":{"gitId":"DaDevChia"},"content":"//Create a todo class that inherits from the task class","lastModifiedDate":"2023-09-03"},{"lineNumber":28,"author":{"gitId":"DaDevChia"},"content":"class Todo extends Task {","lastModifiedDate":"2023-09-03"},{"lineNumber":29,"author":{"gitId":"DaDevChia"},"content":"    protected Todo(String taskName){","lastModifiedDate":"2023-09-19"},{"lineNumber":30,"author":{"gitId":"DaDevChia"},"content":"        super(taskName);","lastModifiedDate":"2023-09-03"},{"lineNumber":31,"author":{"gitId":"DaDevChia"},"content":"    }","lastModifiedDate":"2023-09-03"},{"lineNumber":32,"author":{"gitId":"DaDevChia"},"content":"    //toString method to print the status of the task followed by the task name","lastModifiedDate":"2023-09-03"},{"lineNumber":33,"author":{"gitId":"DaDevChia"},"content":"    public String toString(){","lastModifiedDate":"2023-09-03"},{"lineNumber":34,"author":{"gitId":"DaDevChia"},"content":"        if(this.isDone){","lastModifiedDate":"2023-09-03"},{"lineNumber":35,"author":{"gitId":"DaDevChia"},"content":"            return \"[T][X] \" + this.taskName;","lastModifiedDate":"2023-09-03"},{"lineNumber":36,"author":{"gitId":"DaDevChia"},"content":"        }else{","lastModifiedDate":"2023-09-03"},{"lineNumber":37,"author":{"gitId":"DaDevChia"},"content":"            return \"[T][ ] \" + this.taskName;","lastModifiedDate":"2023-09-03"},{"lineNumber":38,"author":{"gitId":"DaDevChia"},"content":"        }","lastModifiedDate":"2023-09-03"},{"lineNumber":39,"author":{"gitId":"DaDevChia"},"content":"    }","lastModifiedDate":"2023-09-03"},{"lineNumber":40,"author":{"gitId":"DaDevChia"},"content":"}","lastModifiedDate":"2023-09-03"},{"lineNumber":41,"author":{"gitId":"DaDevChia"},"content":"","lastModifiedDate":"2023-09-03"},{"lineNumber":42,"author":{"gitId":"DaDevChia"},"content":"//Create a deadline class that inherits from the task class","lastModifiedDate":"2023-09-03"},{"lineNumber":43,"author":{"gitId":"DaDevChia"},"content":"class Deadline extends Task {","lastModifiedDate":"2023-09-03"},{"lineNumber":44,"author":{"gitId":"DaDevChia"},"content":"    protected String deadline;","lastModifiedDate":"2023-09-19"},{"lineNumber":45,"author":{"gitId":"DaDevChia"},"content":"    public Deadline(String taskName, String deadline){","lastModifiedDate":"2023-09-03"},{"lineNumber":46,"author":{"gitId":"DaDevChia"},"content":"        super(taskName);","lastModifiedDate":"2023-09-03"},{"lineNumber":47,"author":{"gitId":"DaDevChia"},"content":"        this.deadline \u003d deadline;","lastModifiedDate":"2023-09-03"},{"lineNumber":48,"author":{"gitId":"DaDevChia"},"content":"    }","lastModifiedDate":"2023-09-03"},{"lineNumber":49,"author":{"gitId":"DaDevChia"},"content":"    //toString method to print the status of the task followed by the task name","lastModifiedDate":"2023-09-03"},{"lineNumber":50,"author":{"gitId":"DaDevChia"},"content":"    public String toString(){","lastModifiedDate":"2023-09-03"},{"lineNumber":51,"author":{"gitId":"DaDevChia"},"content":"        if(this.isDone){","lastModifiedDate":"2023-09-03"},{"lineNumber":52,"author":{"gitId":"DaDevChia"},"content":"            return \"[D][X] \" + this.taskName + \" (\" + this.deadline + \")\";","lastModifiedDate":"2023-09-03"},{"lineNumber":53,"author":{"gitId":"DaDevChia"},"content":"        }else{","lastModifiedDate":"2023-09-03"},{"lineNumber":54,"author":{"gitId":"DaDevChia"},"content":"            return \"[D][ ] \" + this.taskName + \" (\" + this.deadline + \")\";","lastModifiedDate":"2023-09-03"},{"lineNumber":55,"author":{"gitId":"DaDevChia"},"content":"        }","lastModifiedDate":"2023-09-03"},{"lineNumber":56,"author":{"gitId":"DaDevChia"},"content":"    }","lastModifiedDate":"2023-09-03"},{"lineNumber":57,"author":{"gitId":"DaDevChia"},"content":"}","lastModifiedDate":"2023-09-03"},{"lineNumber":58,"author":{"gitId":"DaDevChia"},"content":"","lastModifiedDate":"2023-09-03"},{"lineNumber":59,"author":{"gitId":"DaDevChia"},"content":"//Create an event class that inherits from the task class","lastModifiedDate":"2023-09-03"},{"lineNumber":60,"author":{"gitId":"DaDevChia"},"content":"class Event extends Task {","lastModifiedDate":"2023-09-03"},{"lineNumber":61,"author":{"gitId":"DaDevChia"},"content":"    protected String eventTime;","lastModifiedDate":"2023-09-19"},{"lineNumber":62,"author":{"gitId":"DaDevChia"},"content":"    public Event(String taskName, String eventTime){","lastModifiedDate":"2023-09-03"},{"lineNumber":63,"author":{"gitId":"DaDevChia"},"content":"        super(taskName);","lastModifiedDate":"2023-09-03"},{"lineNumber":64,"author":{"gitId":"DaDevChia"},"content":"        this.eventTime \u003d eventTime;","lastModifiedDate":"2023-09-03"},{"lineNumber":65,"author":{"gitId":"DaDevChia"},"content":"    }","lastModifiedDate":"2023-09-03"},{"lineNumber":66,"author":{"gitId":"DaDevChia"},"content":"    //toString method to print the status of the task followed by the task name","lastModifiedDate":"2023-09-03"},{"lineNumber":67,"author":{"gitId":"DaDevChia"},"content":"    public String toString(){","lastModifiedDate":"2023-09-03"},{"lineNumber":68,"author":{"gitId":"DaDevChia"},"content":"        if(this.isDone){","lastModifiedDate":"2023-09-03"},{"lineNumber":69,"author":{"gitId":"DaDevChia"},"content":"            return \"[E][X] \" + this.taskName + \" (\" + this.eventTime + \")\";","lastModifiedDate":"2023-09-03"},{"lineNumber":70,"author":{"gitId":"DaDevChia"},"content":"        }else{","lastModifiedDate":"2023-09-03"},{"lineNumber":71,"author":{"gitId":"DaDevChia"},"content":"            return \"[E][ ] \" + this.taskName + \" (\" + this.eventTime + \")\";","lastModifiedDate":"2023-09-03"},{"lineNumber":72,"author":{"gitId":"DaDevChia"},"content":"        }","lastModifiedDate":"2023-09-03"},{"lineNumber":73,"author":{"gitId":"DaDevChia"},"content":"    }","lastModifiedDate":"2023-09-03"},{"lineNumber":74,"author":{"gitId":"DaDevChia"},"content":"}","lastModifiedDate":"2023-09-03"}],"authorContributionMap":{"DaDevChia":74}},{"path":"text-ui-test/input.txt","fileType":"txt","lines":[{"lineNumber":1,"author":{"gitId":"DaDevChia"},"content":"deadline sdad / sad","lastModifiedDate":"2023-09-03"},{"lineNumber":2,"author":{"gitId":"DaDevChia"},"content":"todo asdsad","lastModifiedDate":"2023-09-03"},{"lineNumber":3,"author":{"gitId":"DaDevChia"},"content":"list","lastModifiedDate":"2023-09-03"}],"authorContributionMap":{"DaDevChia":3}},{"path":"text-ui-test/runtest.sh","fileType":"sh","lines":[{"lineNumber":1,"author":{"gitId":"-"},"content":"#!/usr/bin/env bash","lastModifiedDate":"2020-05-25"},{"lineNumber":2,"author":{"gitId":"-"},"content":"","lastModifiedDate":"2020-05-25"},{"lineNumber":3,"author":{"gitId":"DaDevChia"},"content":"#set java runtime to /opt/homebrew/Cellar/openjdk/20.0.1/libexec/openjdk.jdk/Contents/Home/bin/java","lastModifiedDate":"2023-09-03"},{"lineNumber":4,"author":{"gitId":"DaDevChia"},"content":"#set java compiler to /opt/homebrew/Cellar/openjdk/20.0.1/libexec/openjdk.jdk/Contents/Home/bin/javac","lastModifiedDate":"2023-09-03"},{"lineNumber":5,"author":{"gitId":"DaDevChia"},"content":"export JAVA_HOME\u003d/opt/homebrew/Cellar/openjdk/20.0.1/libexec/openjdk.jdk/Contents/Home","lastModifiedDate":"2023-09-03"},{"lineNumber":6,"author":{"gitId":"DaDevChia"},"content":"export PATH\u003d/opt/homebrew/Cellar/openjdk/20.0.1/libexec/openjdk.jdk/Contents/Home/bin:$PATH","lastModifiedDate":"2023-09-03"},{"lineNumber":7,"author":{"gitId":"DaDevChia"},"content":"","lastModifiedDate":"2023-09-03"},{"lineNumber":8,"author":{"gitId":"DaDevChia"},"content":"cd text-ui-test","lastModifiedDate":"2023-09-03"},{"lineNumber":9,"author":{"gitId":"DaDevChia"},"content":"","lastModifiedDate":"2023-09-03"},{"lineNumber":10,"author":{"gitId":"-"},"content":"# create bin directory if it doesn\u0027t exist","lastModifiedDate":"2020-05-25"},{"lineNumber":11,"author":{"gitId":"-"},"content":"if [ ! -d \"../bin\" ]","lastModifiedDate":"2020-05-25"},{"lineNumber":12,"author":{"gitId":"-"},"content":"then","lastModifiedDate":"2020-05-25"},{"lineNumber":13,"author":{"gitId":"-"},"content":"    mkdir ../bin","lastModifiedDate":"2020-05-25"},{"lineNumber":14,"author":{"gitId":"-"},"content":"fi","lastModifiedDate":"2020-05-25"},{"lineNumber":15,"author":{"gitId":"-"},"content":"","lastModifiedDate":"2020-05-25"},{"lineNumber":16,"author":{"gitId":"-"},"content":"# delete output from previous run","lastModifiedDate":"2020-05-25"},{"lineNumber":17,"author":{"gitId":"-"},"content":"if [ -e \"./ACTUAL.TXT\" ]","lastModifiedDate":"2020-05-25"},{"lineNumber":18,"author":{"gitId":"-"},"content":"then","lastModifiedDate":"2020-05-25"},{"lineNumber":19,"author":{"gitId":"-"},"content":"    rm ACTUAL.TXT","lastModifiedDate":"2020-05-25"},{"lineNumber":20,"author":{"gitId":"-"},"content":"fi","lastModifiedDate":"2020-05-25"},{"lineNumber":21,"author":{"gitId":"-"},"content":"","lastModifiedDate":"2020-05-25"},{"lineNumber":22,"author":{"gitId":"-"},"content":"# compile the code into the bin folder, terminates if error occurred","lastModifiedDate":"2020-05-25"},{"lineNumber":23,"author":{"gitId":"-"},"content":"if ! javac -cp ../src/main/java -Xlint:none -d ../bin ../src/main/java/*.java ","lastModifiedDate":"2020-08-25"},{"lineNumber":24,"author":{"gitId":"-"},"content":"then","lastModifiedDate":"2020-05-25"},{"lineNumber":25,"author":{"gitId":"-"},"content":"    echo \"********** BUILD FAILURE **********\"","lastModifiedDate":"2020-05-25"},{"lineNumber":26,"author":{"gitId":"-"},"content":"    exit 1","lastModifiedDate":"2020-05-25"},{"lineNumber":27,"author":{"gitId":"-"},"content":"fi","lastModifiedDate":"2020-05-25"},{"lineNumber":28,"author":{"gitId":"-"},"content":"","lastModifiedDate":"2020-05-25"},{"lineNumber":29,"author":{"gitId":"-"},"content":"# run the program, feed commands from input.txt file and redirect the output to the ACTUAL.TXT","lastModifiedDate":"2020-05-25"},{"lineNumber":30,"author":{"gitId":"-"},"content":"java -classpath ../bin Duke \u003c input.txt \u003e ACTUAL.TXT","lastModifiedDate":"2020-05-25"},{"lineNumber":31,"author":{"gitId":"-"},"content":"","lastModifiedDate":"2020-05-25"},{"lineNumber":32,"author":{"gitId":"-"},"content":"# convert to UNIX format","lastModifiedDate":"2020-05-25"},{"lineNumber":33,"author":{"gitId":"-"},"content":"cp EXPECTED.TXT EXPECTED-UNIX.TXT","lastModifiedDate":"2020-05-25"},{"lineNumber":34,"author":{"gitId":"-"},"content":"dos2unix ACTUAL.TXT EXPECTED-UNIX.TXT","lastModifiedDate":"2020-05-25"},{"lineNumber":35,"author":{"gitId":"-"},"content":"","lastModifiedDate":"2020-05-25"},{"lineNumber":36,"author":{"gitId":"-"},"content":"# compare the output to the expected output","lastModifiedDate":"2020-05-25"},{"lineNumber":37,"author":{"gitId":"-"},"content":"diff ACTUAL.TXT EXPECTED-UNIX.TXT","lastModifiedDate":"2020-05-25"},{"lineNumber":38,"author":{"gitId":"-"},"content":"if [ $? -eq 0 ]","lastModifiedDate":"2020-05-25"},{"lineNumber":39,"author":{"gitId":"-"},"content":"then","lastModifiedDate":"2020-05-25"},{"lineNumber":40,"author":{"gitId":"-"},"content":"    echo \"Test result: PASSED\"","lastModifiedDate":"2020-05-25"},{"lineNumber":41,"author":{"gitId":"-"},"content":"    exit 0","lastModifiedDate":"2020-05-25"},{"lineNumber":42,"author":{"gitId":"-"},"content":"else","lastModifiedDate":"2020-05-25"},{"lineNumber":43,"author":{"gitId":"-"},"content":"    echo \"Test result: FAILED\"","lastModifiedDate":"2020-05-25"},{"lineNumber":44,"author":{"gitId":"-"},"content":"    exit 1","lastModifiedDate":"2020-05-25"},{"lineNumber":45,"author":{"gitId":"-"},"content":"fi","lastModifiedDate":"2020-05-25"}],"authorContributionMap":{"DaDevChia":7,"-":38}}]
