{"authorDailyContributionsMap":{"DaDevChia":[{"date":"2023-09-03","commitResults":[{"hash":"60bf8d6a72f66bc2277616b618e6970136cbebdc","isMergeCommit":false,"messageTitle":"Implement Level-0","messageBody":"","tags":["Level-0"],"fileTypesAndContributionMap":{"java":{"insertions":5,"deletions":0}}},{"hash":"b7de3451b28c4858abdd63fb3b88687648796b07","isMergeCommit":false,"messageTitle":"Implement Level-1","messageBody":"","tags":["Level-1"],"fileTypesAndContributionMap":{"java":{"insertions":17,"deletions":2}}},{"hash":"646e2773b92b82c133a2f061c35dd8cba03d65ac","isMergeCommit":false,"messageTitle":"Implement Level-2","messageBody":"","tags":["Level-2"],"fileTypesAndContributionMap":{"java":{"insertions":33,"deletions":1}}},{"hash":"5b4bcb6ceaec7e32fa3ba06508b105e1989982ed","isMergeCommit":false,"messageTitle":"Implement Level-3","messageBody":"","tags":["Level-3"],"fileTypesAndContributionMap":{"java":{"insertions":57,"deletions":7}}},{"hash":"db02f2fa8e95b90e004c692cf7d82c6ff4f26388","isMergeCommit":false,"messageTitle":"Implement A-CodingStandard","messageBody":"","tags":["A-CodingStandard"],"fileTypesAndContributionMap":{"java":{"insertions":18,"deletions":7}}},{"hash":"cf2943e9c652b233e287b74c8e87749e675b384b","isMergeCommit":false,"messageTitle":"Implement Level-4","messageBody":"","tags":["Level-4"],"fileTypesAndContributionMap":{"java":{"insertions":200,"deletions":49}}},{"hash":"f21c981611daea70ef4aa3a37ab4fe953d56bdd8","isMergeCommit":false,"messageTitle":"Implement A-CodeQuality","messageBody":"","tags":["A-CodeQuality"],"fileTypesAndContributionMap":{"java":{"insertions":17,"deletions":8}}},{"hash":"0e8efda0fadbdb53b499bc0505748ef191f0aa51","isMergeCommit":false,"messageTitle":"Implement A-TextUiTesting","messageBody":"","tags":["A-TextUiTesting"],"fileTypesAndContributionMap":{"txt":{"insertions":3,"deletions":0},"sh":{"insertions":8,"deletions":1}}}]},{"date":"2023-09-14","commitResults":[{"hash":"168dded8ef932e9151bf49910923301f444f71dc","isMergeCommit":false,"messageTitle":"Implement Level 5","messageBody":"","fileTypesAndContributionMap":{"java":{"insertions":162,"deletions":88}}},{"hash":"78221b69584fa73635a5ee69037070583475e270","isMergeCommit":true,"messageTitle":"Implement Level 5","messageBody":"","tags":["Level-5","A-Exceptions"],"fileTypesAndContributionMap":{}}]}]},"authorFileTypeContributionMap":{"DaDevChia":{"java":347,"md":0,"fxml":0,"sh":7,"bat":0,"gradle":0,"txt":3}},"authorContributionVariance":{"DaDevChia":8333.169},"authorDisplayNameMap":{"DaDevChia":"CS2113-T17-1 DYLA..TIAN"}}
