[{"path":"src/main/java/duke/Duke.java","fileType":"java","lines":[{"lineNumber":1,"author":{"gitId":"StanleyW00"},"content":"package duke;","lastModifiedDate":"2023-09-10"},{"lineNumber":2,"author":{"gitId":"StanleyW00"},"content":"","lastModifiedDate":"2023-09-10"},{"lineNumber":3,"author":{"gitId":"StanleyW00"},"content":"import duke.exception.DukeCommandException;","lastModifiedDate":"2023-09-10"},{"lineNumber":4,"author":{"gitId":"StanleyW00"},"content":"import duke.exception.DukeTaskException;","lastModifiedDate":"2023-09-10"},{"lineNumber":5,"author":{"gitId":"StanleyW00"},"content":"import duke.task.Deadline;","lastModifiedDate":"2023-09-10"},{"lineNumber":6,"author":{"gitId":"StanleyW00"},"content":"import duke.task.Event;","lastModifiedDate":"2023-09-10"},{"lineNumber":7,"author":{"gitId":"StanleyW00"},"content":"import duke.task.Task;","lastModifiedDate":"2023-09-10"},{"lineNumber":8,"author":{"gitId":"StanleyW00"},"content":"import duke.task.Todo;","lastModifiedDate":"2023-09-10"},{"lineNumber":9,"author":{"gitId":"StanleyW00"},"content":"","lastModifiedDate":"2023-09-10"},{"lineNumber":10,"author":{"gitId":"StanleyW00"},"content":"import java.util.ArrayList;","lastModifiedDate":"2023-09-19"},{"lineNumber":11,"author":{"gitId":"StanleyW00"},"content":"import java.io.FileWriter;","lastModifiedDate":"2023-09-19"},{"lineNumber":12,"author":{"gitId":"StanleyW00"},"content":"import java.io.IOException;","lastModifiedDate":"2023-09-19"},{"lineNumber":13,"author":{"gitId":"StanleyW00"},"content":"import java.io.File;","lastModifiedDate":"2023-09-19"},{"lineNumber":14,"author":{"gitId":"StanleyW00"},"content":"import java.io.FileNotFoundException;","lastModifiedDate":"2023-09-19"},{"lineNumber":15,"author":{"gitId":"StanleyW00"},"content":"import java.util.Scanner;","lastModifiedDate":"2023-08-28"},{"lineNumber":16,"author":{"gitId":"StanleyW00"},"content":"","lastModifiedDate":"2023-08-28"},{"lineNumber":17,"author":{"gitId":"-"},"content":"public class Duke {","lastModifiedDate":"2019-07-29"},{"lineNumber":18,"author":{"gitId":"StanleyW00"},"content":"","lastModifiedDate":"2023-08-28"},{"lineNumber":19,"author":{"gitId":"StanleyW00"},"content":"    private static final String NAME \u003d \"MudMud\";","lastModifiedDate":"2023-09-10"},{"lineNumber":20,"author":{"gitId":"StanleyW00"},"content":"    private static final String HORIZONTAL_LINE \u003d \"____________________________________________________________\";","lastModifiedDate":"2023-09-10"},{"lineNumber":21,"author":{"gitId":"StanleyW00"},"content":"    private static final String BY_KEYWORD \u003d \" /by \";","lastModifiedDate":"2023-09-10"},{"lineNumber":22,"author":{"gitId":"StanleyW00"},"content":"    private static final String FROM_KEYWORD \u003d \" /from \";","lastModifiedDate":"2023-09-10"},{"lineNumber":23,"author":{"gitId":"StanleyW00"},"content":"    private static final String TO_KEYWORD \u003d \" /to \";","lastModifiedDate":"2023-09-10"},{"lineNumber":24,"author":{"gitId":"StanleyW00"},"content":"    private static final String DATA_PATH \u003d \"data/tasks.txt\";","lastModifiedDate":"2023-09-19"},{"lineNumber":25,"author":{"gitId":"StanleyW00"},"content":"    private static final String DATA_DIRECTORY \u003d \"data\";","lastModifiedDate":"2023-09-19"},{"lineNumber":26,"author":{"gitId":"StanleyW00"},"content":"","lastModifiedDate":"2023-09-19"},{"lineNumber":27,"author":{"gitId":"StanleyW00"},"content":"    private static ArrayList\u003cTask\u003e tasks \u003d new ArrayList\u003c\u003e();","lastModifiedDate":"2023-09-19"},{"lineNumber":28,"author":{"gitId":"StanleyW00"},"content":"    private static int tasksCount \u003d 0;","lastModifiedDate":"2023-09-10"},{"lineNumber":29,"author":{"gitId":"StanleyW00"},"content":"","lastModifiedDate":"2023-09-02"},{"lineNumber":30,"author":{"gitId":"StanleyW00"},"content":"    public static String getInput(Scanner in) {","lastModifiedDate":"2023-09-10"},{"lineNumber":31,"author":{"gitId":"StanleyW00"},"content":"        return in.nextLine().trim();","lastModifiedDate":"2023-09-10"},{"lineNumber":32,"author":{"gitId":"StanleyW00"},"content":"    }","lastModifiedDate":"2023-09-10"},{"lineNumber":33,"author":{"gitId":"StanleyW00"},"content":"","lastModifiedDate":"2023-09-10"},{"lineNumber":34,"author":{"gitId":"StanleyW00"},"content":"    public static void tellGreeting() {","lastModifiedDate":"2023-09-10"},{"lineNumber":35,"author":{"gitId":"StanleyW00"},"content":"        System.out.println(\"\\t\" + HORIZONTAL_LINE);","lastModifiedDate":"2023-09-10"},{"lineNumber":36,"author":{"gitId":"StanleyW00"},"content":"        System.out.println(\"\\tOh hello! I\u0027m \" + NAME + \".\");","lastModifiedDate":"2023-09-10"},{"lineNumber":37,"author":{"gitId":"StanleyW00"},"content":"        System.out.println(\"\\tHow can I help you today?\");","lastModifiedDate":"2023-09-10"},{"lineNumber":38,"author":{"gitId":"StanleyW00"},"content":"        System.out.println(\"\\t\" + HORIZONTAL_LINE);","lastModifiedDate":"2023-09-10"},{"lineNumber":39,"author":{"gitId":"StanleyW00"},"content":"    }","lastModifiedDate":"2023-09-10"},{"lineNumber":40,"author":{"gitId":"StanleyW00"},"content":"","lastModifiedDate":"2023-09-10"},{"lineNumber":41,"author":{"gitId":"StanleyW00"},"content":"    public static void tellGoodbye() {","lastModifiedDate":"2023-09-10"},{"lineNumber":42,"author":{"gitId":"StanleyW00"},"content":"        System.out.println(\"\\tGoodbye! I am going to sleep now.\");","lastModifiedDate":"2023-09-10"},{"lineNumber":43,"author":{"gitId":"StanleyW00"},"content":"        System.out.println(\"\\t\" + HORIZONTAL_LINE);","lastModifiedDate":"2023-09-10"},{"lineNumber":44,"author":{"gitId":"StanleyW00"},"content":"    }","lastModifiedDate":"2023-09-10"},{"lineNumber":45,"author":{"gitId":"StanleyW00"},"content":"","lastModifiedDate":"2023-09-10"},{"lineNumber":46,"author":{"gitId":"StanleyW00"},"content":"    public static boolean checkEmptyTodoInput(String input) {","lastModifiedDate":"2023-09-10"},{"lineNumber":47,"author":{"gitId":"StanleyW00"},"content":"        return input.trim().isEmpty();","lastModifiedDate":"2023-09-10"},{"lineNumber":48,"author":{"gitId":"StanleyW00"},"content":"    }","lastModifiedDate":"2023-09-10"},{"lineNumber":49,"author":{"gitId":"StanleyW00"},"content":"","lastModifiedDate":"2023-09-10"},{"lineNumber":50,"author":{"gitId":"StanleyW00"},"content":"    private static void addNewData(String dataString) throws IOException {","lastModifiedDate":"2023-09-20"},{"lineNumber":51,"author":{"gitId":"StanleyW00"},"content":"        FileWriter writer \u003d new FileWriter(DATA_PATH, true);","lastModifiedDate":"2023-09-19"},{"lineNumber":52,"author":{"gitId":"StanleyW00"},"content":"","lastModifiedDate":"2023-09-19"},{"lineNumber":53,"author":{"gitId":"StanleyW00"},"content":"        if (tasksCount !\u003d 0) {","lastModifiedDate":"2023-09-19"},{"lineNumber":54,"author":{"gitId":"StanleyW00"},"content":"            writer.write(System.lineSeparator());","lastModifiedDate":"2023-09-19"},{"lineNumber":55,"author":{"gitId":"StanleyW00"},"content":"        }","lastModifiedDate":"2023-09-19"},{"lineNumber":56,"author":{"gitId":"StanleyW00"},"content":"","lastModifiedDate":"2023-09-19"},{"lineNumber":57,"author":{"gitId":"StanleyW00"},"content":"        writer.write(dataString);","lastModifiedDate":"2023-09-20"},{"lineNumber":58,"author":{"gitId":"StanleyW00"},"content":"        writer.close();","lastModifiedDate":"2023-09-19"},{"lineNumber":59,"author":{"gitId":"StanleyW00"},"content":"    }","lastModifiedDate":"2023-09-20"},{"lineNumber":60,"author":{"gitId":"StanleyW00"},"content":"","lastModifiedDate":"2023-09-19"},{"lineNumber":61,"author":{"gitId":"StanleyW00"},"content":"    public static void addTodo(String input) throws DukeTaskException, IOException {","lastModifiedDate":"2023-09-20"},{"lineNumber":62,"author":{"gitId":"StanleyW00"},"content":"        if (checkEmptyTodoInput(input)) {","lastModifiedDate":"2023-09-20"},{"lineNumber":63,"author":{"gitId":"StanleyW00"},"content":"            throw new DukeTaskException();","lastModifiedDate":"2023-09-20"},{"lineNumber":64,"author":{"gitId":"StanleyW00"},"content":"        }","lastModifiedDate":"2023-09-20"},{"lineNumber":65,"author":{"gitId":"StanleyW00"},"content":"","lastModifiedDate":"2023-09-19"},{"lineNumber":66,"author":{"gitId":"StanleyW00"},"content":"        tasks.add(new Todo(input.trim()));","lastModifiedDate":"2023-09-20"},{"lineNumber":67,"author":{"gitId":"StanleyW00"},"content":"","lastModifiedDate":"2023-09-20"},{"lineNumber":68,"author":{"gitId":"StanleyW00"},"content":"        String dataString \u003d \"T | false | \" + input.trim();","lastModifiedDate":"2023-09-20"},{"lineNumber":69,"author":{"gitId":"StanleyW00"},"content":"        addNewData(dataString);","lastModifiedDate":"2023-09-20"},{"lineNumber":70,"author":{"gitId":"StanleyW00"},"content":"","lastModifiedDate":"2023-09-20"},{"lineNumber":71,"author":{"gitId":"StanleyW00"},"content":"        tasksCount++;","lastModifiedDate":"2023-09-20"},{"lineNumber":72,"author":{"gitId":"StanleyW00"},"content":"    }","lastModifiedDate":"2023-09-02"},{"lineNumber":73,"author":{"gitId":"StanleyW00"},"content":"","lastModifiedDate":"2023-09-02"},{"lineNumber":74,"author":{"gitId":"StanleyW00"},"content":"    public static void addDeadline(String input) throws DukeTaskException, IOException {","lastModifiedDate":"2023-09-19"},{"lineNumber":75,"author":{"gitId":"StanleyW00"},"content":"        String[] parsedInput \u003d input.split(BY_KEYWORD);","lastModifiedDate":"2023-09-10"},{"lineNumber":76,"author":{"gitId":"StanleyW00"},"content":"","lastModifiedDate":"2023-09-10"},{"lineNumber":77,"author":{"gitId":"StanleyW00"},"content":"        if (!(parsedInput.length \u003d\u003d 2)) {","lastModifiedDate":"2023-09-11"},{"lineNumber":78,"author":{"gitId":"StanleyW00"},"content":"            throw new DukeTaskException();","lastModifiedDate":"2023-09-10"},{"lineNumber":79,"author":{"gitId":"StanleyW00"},"content":"        }","lastModifiedDate":"2023-09-10"},{"lineNumber":80,"author":{"gitId":"StanleyW00"},"content":"","lastModifiedDate":"2023-09-10"},{"lineNumber":81,"author":{"gitId":"StanleyW00"},"content":"        tasks.add(new Deadline(parsedInput[0].trim(), parsedInput[1].trim()));","lastModifiedDate":"2023-09-19"},{"lineNumber":82,"author":{"gitId":"StanleyW00"},"content":"","lastModifiedDate":"2023-09-19"},{"lineNumber":83,"author":{"gitId":"StanleyW00"},"content":"        String dataString \u003d \"D | false | \" + parsedInput[0].trim() + \" | \"  + parsedInput[1].trim();","lastModifiedDate":"2023-09-20"},{"lineNumber":84,"author":{"gitId":"StanleyW00"},"content":"        addNewData(dataString);","lastModifiedDate":"2023-09-20"},{"lineNumber":85,"author":{"gitId":"StanleyW00"},"content":"","lastModifiedDate":"2023-09-19"},{"lineNumber":86,"author":{"gitId":"StanleyW00"},"content":"        tasksCount++;","lastModifiedDate":"2023-09-02"},{"lineNumber":87,"author":{"gitId":"StanleyW00"},"content":"    }","lastModifiedDate":"2023-09-02"},{"lineNumber":88,"author":{"gitId":"StanleyW00"},"content":"","lastModifiedDate":"2023-09-02"},{"lineNumber":89,"author":{"gitId":"StanleyW00"},"content":"    public static boolean checkNumOfEventKeywords(String input) {","lastModifiedDate":"2023-09-10"},{"lineNumber":90,"author":{"gitId":"StanleyW00"},"content":"        int numOfFromKeyword \u003d input.split(FROM_KEYWORD).length - 1;","lastModifiedDate":"2023-09-10"},{"lineNumber":91,"author":{"gitId":"StanleyW00"},"content":"        int numOfToKeyword \u003d input.split(TO_KEYWORD).length - 1;","lastModifiedDate":"2023-09-10"},{"lineNumber":92,"author":{"gitId":"StanleyW00"},"content":"","lastModifiedDate":"2023-09-10"},{"lineNumber":93,"author":{"gitId":"StanleyW00"},"content":"        return numOfFromKeyword \u003d\u003d 1 \u0026\u0026 numOfToKeyword \u003d\u003d 1;","lastModifiedDate":"2023-09-10"},{"lineNumber":94,"author":{"gitId":"StanleyW00"},"content":"    }","lastModifiedDate":"2023-09-10"},{"lineNumber":95,"author":{"gitId":"StanleyW00"},"content":"","lastModifiedDate":"2023-09-10"},{"lineNumber":96,"author":{"gitId":"StanleyW00"},"content":"    public static boolean checkPosOfEventKeywords(String input) {","lastModifiedDate":"2023-09-10"},{"lineNumber":97,"author":{"gitId":"StanleyW00"},"content":"        return input.indexOf(FROM_KEYWORD) \u003c input.indexOf(TO_KEYWORD);","lastModifiedDate":"2023-09-10"},{"lineNumber":98,"author":{"gitId":"StanleyW00"},"content":"    }","lastModifiedDate":"2023-09-10"},{"lineNumber":99,"author":{"gitId":"StanleyW00"},"content":"","lastModifiedDate":"2023-09-10"},{"lineNumber":100,"author":{"gitId":"StanleyW00"},"content":"    public static void addEvent(String input) throws DukeTaskException, IOException {","lastModifiedDate":"2023-09-19"},{"lineNumber":101,"author":{"gitId":"StanleyW00"},"content":"        if (!checkNumOfEventKeywords(input) || !checkPosOfEventKeywords(input)) {","lastModifiedDate":"2023-09-10"},{"lineNumber":102,"author":{"gitId":"StanleyW00"},"content":"            throw new DukeTaskException();","lastModifiedDate":"2023-09-10"},{"lineNumber":103,"author":{"gitId":"StanleyW00"},"content":"        }","lastModifiedDate":"2023-09-10"},{"lineNumber":104,"author":{"gitId":"StanleyW00"},"content":"","lastModifiedDate":"2023-09-10"},{"lineNumber":105,"author":{"gitId":"StanleyW00"},"content":"        String[] parsedInput \u003d input.split(FROM_KEYWORD + \"|\" + TO_KEYWORD);","lastModifiedDate":"2023-09-10"},{"lineNumber":106,"author":{"gitId":"StanleyW00"},"content":"        tasks.add(new Event(parsedInput[0].trim(), parsedInput[1].trim(), parsedInput[2].trim()));","lastModifiedDate":"2023-09-19"},{"lineNumber":107,"author":{"gitId":"StanleyW00"},"content":"","lastModifiedDate":"2023-09-19"},{"lineNumber":108,"author":{"gitId":"StanleyW00"},"content":"        String dataString \u003d \"E | false | \" + parsedInput[0].trim() + \" | \"  + parsedInput[1].trim()","lastModifiedDate":"2023-09-20"},{"lineNumber":109,"author":{"gitId":"StanleyW00"},"content":"                + \" | \" + parsedInput[2].trim();","lastModifiedDate":"2023-09-20"},{"lineNumber":110,"author":{"gitId":"StanleyW00"},"content":"        addNewData(dataString);","lastModifiedDate":"2023-09-20"},{"lineNumber":111,"author":{"gitId":"StanleyW00"},"content":"","lastModifiedDate":"2023-09-19"},{"lineNumber":112,"author":{"gitId":"StanleyW00"},"content":"        tasksCount++;","lastModifiedDate":"2023-09-02"},{"lineNumber":113,"author":{"gitId":"StanleyW00"},"content":"    }","lastModifiedDate":"2023-09-02"},{"lineNumber":114,"author":{"gitId":"StanleyW00"},"content":"","lastModifiedDate":"2023-09-02"},{"lineNumber":115,"author":{"gitId":"StanleyW00"},"content":"    public static int parseIndex(String input) {","lastModifiedDate":"2023-09-19"},{"lineNumber":116,"author":{"gitId":"StanleyW00"},"content":"        return Integer.parseInt(input) - 1;","lastModifiedDate":"2023-09-19"},{"lineNumber":117,"author":{"gitId":"StanleyW00"},"content":"    }","lastModifiedDate":"2023-09-19"},{"lineNumber":118,"author":{"gitId":"StanleyW00"},"content":"","lastModifiedDate":"2023-09-19"},{"lineNumber":119,"author":{"gitId":"StanleyW00"},"content":"    private static void excludeDeletedData(int index, int currentIndex, Scanner scanner, StringBuilder buffer) {","lastModifiedDate":"2023-09-19"},{"lineNumber":120,"author":{"gitId":"StanleyW00"},"content":"        if (currentIndex \u003d\u003d index) {","lastModifiedDate":"2023-09-19"},{"lineNumber":121,"author":{"gitId":"StanleyW00"},"content":"            scanner.nextLine();","lastModifiedDate":"2023-09-19"},{"lineNumber":122,"author":{"gitId":"StanleyW00"},"content":"        } else {","lastModifiedDate":"2023-09-19"},{"lineNumber":123,"author":{"gitId":"StanleyW00"},"content":"            buffer.append(scanner.nextLine());","lastModifiedDate":"2023-09-19"},{"lineNumber":124,"author":{"gitId":"StanleyW00"},"content":"","lastModifiedDate":"2023-09-19"},{"lineNumber":125,"author":{"gitId":"StanleyW00"},"content":"            if (scanner.hasNext()) {","lastModifiedDate":"2023-09-19"},{"lineNumber":126,"author":{"gitId":"StanleyW00"},"content":"                buffer.append(System.lineSeparator());","lastModifiedDate":"2023-09-19"},{"lineNumber":127,"author":{"gitId":"StanleyW00"},"content":"            }","lastModifiedDate":"2023-09-19"},{"lineNumber":128,"author":{"gitId":"StanleyW00"},"content":"        }","lastModifiedDate":"2023-09-19"},{"lineNumber":129,"author":{"gitId":"StanleyW00"},"content":"    }","lastModifiedDate":"2023-09-19"},{"lineNumber":130,"author":{"gitId":"StanleyW00"},"content":"","lastModifiedDate":"2023-09-19"},{"lineNumber":131,"author":{"gitId":"StanleyW00"},"content":"    //Solution below adapted by https://www.tutorialspoint.com/how-to-overwrite-a-line-in-a-txt-file-using-java","lastModifiedDate":"2023-09-19"},{"lineNumber":132,"author":{"gitId":"StanleyW00"},"content":"    public static void deleteTaskData(int index) throws IOException {","lastModifiedDate":"2023-09-19"},{"lineNumber":133,"author":{"gitId":"StanleyW00"},"content":"        Scanner scanner \u003d new Scanner(new File(DATA_PATH));","lastModifiedDate":"2023-09-19"},{"lineNumber":134,"author":{"gitId":"StanleyW00"},"content":"","lastModifiedDate":"2023-09-19"},{"lineNumber":135,"author":{"gitId":"StanleyW00"},"content":"        StringBuilder buffer \u003d new StringBuilder();","lastModifiedDate":"2023-09-19"},{"lineNumber":136,"author":{"gitId":"StanleyW00"},"content":"        int currentIndex \u003d 0;","lastModifiedDate":"2023-09-19"},{"lineNumber":137,"author":{"gitId":"StanleyW00"},"content":"","lastModifiedDate":"2023-09-19"},{"lineNumber":138,"author":{"gitId":"StanleyW00"},"content":"        while (scanner.hasNext()) {","lastModifiedDate":"2023-09-19"},{"lineNumber":139,"author":{"gitId":"StanleyW00"},"content":"            excludeDeletedData(index, currentIndex, scanner, buffer);","lastModifiedDate":"2023-09-19"},{"lineNumber":140,"author":{"gitId":"StanleyW00"},"content":"            currentIndex++;","lastModifiedDate":"2023-09-19"},{"lineNumber":141,"author":{"gitId":"StanleyW00"},"content":"        }","lastModifiedDate":"2023-09-19"},{"lineNumber":142,"author":{"gitId":"StanleyW00"},"content":"","lastModifiedDate":"2023-09-19"},{"lineNumber":143,"author":{"gitId":"StanleyW00"},"content":"        FileWriter writer \u003d new FileWriter(DATA_PATH);","lastModifiedDate":"2023-09-19"},{"lineNumber":144,"author":{"gitId":"StanleyW00"},"content":"        writer.append(buffer.toString());","lastModifiedDate":"2023-09-19"},{"lineNumber":145,"author":{"gitId":"StanleyW00"},"content":"        writer.close();","lastModifiedDate":"2023-09-19"},{"lineNumber":146,"author":{"gitId":"StanleyW00"},"content":"    }","lastModifiedDate":"2023-09-19"},{"lineNumber":147,"author":{"gitId":"StanleyW00"},"content":"","lastModifiedDate":"2023-09-19"},{"lineNumber":148,"author":{"gitId":"StanleyW00"},"content":"    public static void deleteTask(String input) {","lastModifiedDate":"2023-09-19"},{"lineNumber":149,"author":{"gitId":"StanleyW00"},"content":"        int index \u003d parseIndex(input);","lastModifiedDate":"2023-09-19"},{"lineNumber":150,"author":{"gitId":"StanleyW00"},"content":"        Task removedTask \u003d tasks.remove(index);","lastModifiedDate":"2023-09-19"},{"lineNumber":151,"author":{"gitId":"StanleyW00"},"content":"","lastModifiedDate":"2023-09-19"},{"lineNumber":152,"author":{"gitId":"StanleyW00"},"content":"        try {","lastModifiedDate":"2023-09-19"},{"lineNumber":153,"author":{"gitId":"StanleyW00"},"content":"            deleteTaskData(index);","lastModifiedDate":"2023-09-19"},{"lineNumber":154,"author":{"gitId":"StanleyW00"},"content":"        } catch (IOException exception) {","lastModifiedDate":"2023-09-19"},{"lineNumber":155,"author":{"gitId":"StanleyW00"},"content":"            handleIOException(exception);","lastModifiedDate":"2023-09-19"},{"lineNumber":156,"author":{"gitId":"StanleyW00"},"content":"        }","lastModifiedDate":"2023-09-19"},{"lineNumber":157,"author":{"gitId":"StanleyW00"},"content":"","lastModifiedDate":"2023-09-19"},{"lineNumber":158,"author":{"gitId":"StanleyW00"},"content":"        System.out.println(\"\\tI have surgically removed this task:\");","lastModifiedDate":"2023-09-19"},{"lineNumber":159,"author":{"gitId":"StanleyW00"},"content":"        System.out.println(\"\\t\\t\" + removedTask);","lastModifiedDate":"2023-09-19"},{"lineNumber":160,"author":{"gitId":"StanleyW00"},"content":"","lastModifiedDate":"2023-09-19"},{"lineNumber":161,"author":{"gitId":"StanleyW00"},"content":"        tasksCount--;","lastModifiedDate":"2023-09-19"},{"lineNumber":162,"author":{"gitId":"StanleyW00"},"content":"","lastModifiedDate":"2023-09-19"},{"lineNumber":163,"author":{"gitId":"StanleyW00"},"content":"        printNumOfTasks();","lastModifiedDate":"2023-09-19"},{"lineNumber":164,"author":{"gitId":"StanleyW00"},"content":"    }","lastModifiedDate":"2023-09-19"},{"lineNumber":165,"author":{"gitId":"StanleyW00"},"content":"","lastModifiedDate":"2023-09-19"},{"lineNumber":166,"author":{"gitId":"StanleyW00"},"content":"    private static void modifyTaskData(int index, int currentIndex, Scanner scanner, String change,","lastModifiedDate":"2023-09-19"},{"lineNumber":167,"author":{"gitId":"StanleyW00"},"content":"                                       StringBuilder buffer) {","lastModifiedDate":"2023-09-19"},{"lineNumber":168,"author":{"gitId":"StanleyW00"},"content":"        if (currentIndex \u003d\u003d index) {","lastModifiedDate":"2023-09-19"},{"lineNumber":169,"author":{"gitId":"StanleyW00"},"content":"            String[] parsedTask \u003d scanner.nextLine().split(\" \\\\| \");","lastModifiedDate":"2023-09-19"},{"lineNumber":170,"author":{"gitId":"StanleyW00"},"content":"            parsedTask[1] \u003d change;","lastModifiedDate":"2023-09-19"},{"lineNumber":171,"author":{"gitId":"StanleyW00"},"content":"","lastModifiedDate":"2023-09-19"},{"lineNumber":172,"author":{"gitId":"StanleyW00"},"content":"            for (int i \u003d 0; i \u003c parsedTask.length; i++) {","lastModifiedDate":"2023-09-19"},{"lineNumber":173,"author":{"gitId":"StanleyW00"},"content":"                buffer.append(parsedTask[i]);","lastModifiedDate":"2023-09-19"},{"lineNumber":174,"author":{"gitId":"StanleyW00"},"content":"","lastModifiedDate":"2023-09-19"},{"lineNumber":175,"author":{"gitId":"StanleyW00"},"content":"                if (i \u003c parsedTask.length - 1) {","lastModifiedDate":"2023-09-19"},{"lineNumber":176,"author":{"gitId":"StanleyW00"},"content":"                    buffer.append(\" | \");","lastModifiedDate":"2023-09-19"},{"lineNumber":177,"author":{"gitId":"StanleyW00"},"content":"                }","lastModifiedDate":"2023-09-19"},{"lineNumber":178,"author":{"gitId":"StanleyW00"},"content":"            }","lastModifiedDate":"2023-09-19"},{"lineNumber":179,"author":{"gitId":"StanleyW00"},"content":"","lastModifiedDate":"2023-09-19"},{"lineNumber":180,"author":{"gitId":"StanleyW00"},"content":"            if (scanner.hasNext()) {","lastModifiedDate":"2023-09-19"},{"lineNumber":181,"author":{"gitId":"StanleyW00"},"content":"                buffer.append(System.lineSeparator());","lastModifiedDate":"2023-09-19"},{"lineNumber":182,"author":{"gitId":"StanleyW00"},"content":"            }","lastModifiedDate":"2023-09-19"},{"lineNumber":183,"author":{"gitId":"StanleyW00"},"content":"","lastModifiedDate":"2023-09-19"},{"lineNumber":184,"author":{"gitId":"StanleyW00"},"content":"        } else {","lastModifiedDate":"2023-09-19"},{"lineNumber":185,"author":{"gitId":"StanleyW00"},"content":"            buffer.append(scanner.nextLine());","lastModifiedDate":"2023-09-19"},{"lineNumber":186,"author":{"gitId":"StanleyW00"},"content":"","lastModifiedDate":"2023-09-19"},{"lineNumber":187,"author":{"gitId":"StanleyW00"},"content":"            if (scanner.hasNext()) {","lastModifiedDate":"2023-09-19"},{"lineNumber":188,"author":{"gitId":"StanleyW00"},"content":"                buffer.append(System.lineSeparator());","lastModifiedDate":"2023-09-19"},{"lineNumber":189,"author":{"gitId":"StanleyW00"},"content":"            }","lastModifiedDate":"2023-09-19"},{"lineNumber":190,"author":{"gitId":"StanleyW00"},"content":"        }","lastModifiedDate":"2023-09-19"},{"lineNumber":191,"author":{"gitId":"StanleyW00"},"content":"    }","lastModifiedDate":"2023-09-19"},{"lineNumber":192,"author":{"gitId":"StanleyW00"},"content":"","lastModifiedDate":"2023-09-19"},{"lineNumber":193,"author":{"gitId":"StanleyW00"},"content":"    //Solution below adapted by https://www.tutorialspoint.com/how-to-overwrite-a-line-in-a-txt-file-using-java","lastModifiedDate":"2023-09-19"},{"lineNumber":194,"author":{"gitId":"StanleyW00"},"content":"    public static void updateTaskDatabase(int index, boolean taskStatus) throws IOException {","lastModifiedDate":"2023-09-19"},{"lineNumber":195,"author":{"gitId":"StanleyW00"},"content":"        Scanner scanner \u003d new Scanner(new File(DATA_PATH));","lastModifiedDate":"2023-09-19"},{"lineNumber":196,"author":{"gitId":"StanleyW00"},"content":"","lastModifiedDate":"2023-09-19"},{"lineNumber":197,"author":{"gitId":"StanleyW00"},"content":"        StringBuilder buffer \u003d new StringBuilder();","lastModifiedDate":"2023-09-19"},{"lineNumber":198,"author":{"gitId":"StanleyW00"},"content":"        String change \u003d taskStatus ? \"true\" : \"false\";","lastModifiedDate":"2023-09-19"},{"lineNumber":199,"author":{"gitId":"StanleyW00"},"content":"        int currentIndex \u003d 0;","lastModifiedDate":"2023-09-19"},{"lineNumber":200,"author":{"gitId":"StanleyW00"},"content":"","lastModifiedDate":"2023-09-19"},{"lineNumber":201,"author":{"gitId":"StanleyW00"},"content":"        while (scanner.hasNext()) {","lastModifiedDate":"2023-09-19"},{"lineNumber":202,"author":{"gitId":"StanleyW00"},"content":"            modifyTaskData(index, currentIndex, scanner, change, buffer);","lastModifiedDate":"2023-09-19"},{"lineNumber":203,"author":{"gitId":"StanleyW00"},"content":"            currentIndex++;","lastModifiedDate":"2023-09-19"},{"lineNumber":204,"author":{"gitId":"StanleyW00"},"content":"        }","lastModifiedDate":"2023-09-19"},{"lineNumber":205,"author":{"gitId":"StanleyW00"},"content":"","lastModifiedDate":"2023-09-19"},{"lineNumber":206,"author":{"gitId":"StanleyW00"},"content":"        FileWriter writer \u003d new FileWriter(DATA_PATH);","lastModifiedDate":"2023-09-19"},{"lineNumber":207,"author":{"gitId":"StanleyW00"},"content":"        writer.append(buffer.toString());","lastModifiedDate":"2023-09-19"},{"lineNumber":208,"author":{"gitId":"StanleyW00"},"content":"        writer.close();","lastModifiedDate":"2023-09-19"},{"lineNumber":209,"author":{"gitId":"StanleyW00"},"content":"    }","lastModifiedDate":"2023-09-19"},{"lineNumber":210,"author":{"gitId":"StanleyW00"},"content":"","lastModifiedDate":"2023-09-19"},{"lineNumber":211,"author":{"gitId":"StanleyW00"},"content":"    public static void setMarkAsDone(String input) {","lastModifiedDate":"2023-09-02"},{"lineNumber":212,"author":{"gitId":"StanleyW00"},"content":"        int index \u003d parseIndex(input);","lastModifiedDate":"2023-09-19"},{"lineNumber":213,"author":{"gitId":"StanleyW00"},"content":"","lastModifiedDate":"2023-09-19"},{"lineNumber":214,"author":{"gitId":"StanleyW00"},"content":"        try {","lastModifiedDate":"2023-09-19"},{"lineNumber":215,"author":{"gitId":"StanleyW00"},"content":"            updateTaskDatabase(index, true);","lastModifiedDate":"2023-09-19"},{"lineNumber":216,"author":{"gitId":"StanleyW00"},"content":"        } catch (IOException exception) {","lastModifiedDate":"2023-09-19"},{"lineNumber":217,"author":{"gitId":"StanleyW00"},"content":"            handleIOException(exception);","lastModifiedDate":"2023-09-19"},{"lineNumber":218,"author":{"gitId":"StanleyW00"},"content":"        }","lastModifiedDate":"2023-09-19"},{"lineNumber":219,"author":{"gitId":"StanleyW00"},"content":"","lastModifiedDate":"2023-09-19"},{"lineNumber":220,"author":{"gitId":"StanleyW00"},"content":"        tasks.get(index).markAsDone();","lastModifiedDate":"2023-09-19"},{"lineNumber":221,"author":{"gitId":"StanleyW00"},"content":"","lastModifiedDate":"2023-08-28"},{"lineNumber":222,"author":{"gitId":"StanleyW00"},"content":"        System.out.println(\"\\tYay! You have completed this task:\");","lastModifiedDate":"2023-08-28"},{"lineNumber":223,"author":{"gitId":"StanleyW00"},"content":"        System.out.println(\"\\t\\t\" + tasks.get(index));","lastModifiedDate":"2023-09-19"},{"lineNumber":224,"author":{"gitId":"StanleyW00"},"content":"    }","lastModifiedDate":"2023-08-28"},{"lineNumber":225,"author":{"gitId":"StanleyW00"},"content":"","lastModifiedDate":"2023-08-28"},{"lineNumber":226,"author":{"gitId":"StanleyW00"},"content":"    public static void setUnmarkAsDone(String input) {","lastModifiedDate":"2023-09-02"},{"lineNumber":227,"author":{"gitId":"StanleyW00"},"content":"        int index \u003d parseIndex(input);","lastModifiedDate":"2023-09-19"},{"lineNumber":228,"author":{"gitId":"StanleyW00"},"content":"","lastModifiedDate":"2023-09-19"},{"lineNumber":229,"author":{"gitId":"StanleyW00"},"content":"        try {","lastModifiedDate":"2023-09-19"},{"lineNumber":230,"author":{"gitId":"StanleyW00"},"content":"            updateTaskDatabase(index, false);","lastModifiedDate":"2023-09-19"},{"lineNumber":231,"author":{"gitId":"StanleyW00"},"content":"        } catch (IOException exception) {","lastModifiedDate":"2023-09-19"},{"lineNumber":232,"author":{"gitId":"StanleyW00"},"content":"            handleIOException(exception);","lastModifiedDate":"2023-09-19"},{"lineNumber":233,"author":{"gitId":"StanleyW00"},"content":"        }","lastModifiedDate":"2023-09-19"},{"lineNumber":234,"author":{"gitId":"StanleyW00"},"content":"","lastModifiedDate":"2023-09-19"},{"lineNumber":235,"author":{"gitId":"StanleyW00"},"content":"        tasks.get(index).unmarkAsDone();","lastModifiedDate":"2023-09-19"},{"lineNumber":236,"author":{"gitId":"StanleyW00"},"content":"","lastModifiedDate":"2023-08-28"},{"lineNumber":237,"author":{"gitId":"StanleyW00"},"content":"        System.out.println(\"\\tOh no! It seems that you haven\u0027t finish this task:\");","lastModifiedDate":"2023-08-28"},{"lineNumber":238,"author":{"gitId":"StanleyW00"},"content":"        System.out.println(\"\\t\\t\" + tasks.get(index));","lastModifiedDate":"2023-09-19"},{"lineNumber":239,"author":{"gitId":"StanleyW00"},"content":"    }","lastModifiedDate":"2023-08-28"},{"lineNumber":240,"author":{"gitId":"StanleyW00"},"content":"","lastModifiedDate":"2023-08-28"},{"lineNumber":241,"author":{"gitId":"StanleyW00"},"content":"    public static void printNumOfTasks() {","lastModifiedDate":"2023-09-10"},{"lineNumber":242,"author":{"gitId":"StanleyW00"},"content":"        System.out.println(\"\\tI took a peak at the list and you have \" + tasksCount","lastModifiedDate":"2023-09-10"},{"lineNumber":243,"author":{"gitId":"StanleyW00"},"content":"                + (tasksCount \u003d\u003d 1 ? \" task\" : \" tasks\") + \" currently.\");","lastModifiedDate":"2023-09-10"},{"lineNumber":244,"author":{"gitId":"StanleyW00"},"content":"    }","lastModifiedDate":"2023-09-10"},{"lineNumber":245,"author":{"gitId":"StanleyW00"},"content":"","lastModifiedDate":"2023-09-10"},{"lineNumber":246,"author":{"gitId":"StanleyW00"},"content":"    public static void printRecentTask(Task task) {","lastModifiedDate":"2023-09-02"},{"lineNumber":247,"author":{"gitId":"StanleyW00"},"content":"        System.out.println(\"\\tI have added the following task into the list:\");","lastModifiedDate":"2023-09-02"},{"lineNumber":248,"author":{"gitId":"StanleyW00"},"content":"        System.out.println(\"\\t\\t\" + task);","lastModifiedDate":"2023-09-02"},{"lineNumber":249,"author":{"gitId":"StanleyW00"},"content":"        printNumOfTasks();","lastModifiedDate":"2023-09-10"},{"lineNumber":250,"author":{"gitId":"StanleyW00"},"content":"    }","lastModifiedDate":"2023-09-02"},{"lineNumber":251,"author":{"gitId":"StanleyW00"},"content":"","lastModifiedDate":"2023-09-02"},{"lineNumber":252,"author":{"gitId":"StanleyW00"},"content":"    public static void printTasks() {","lastModifiedDate":"2023-09-02"},{"lineNumber":253,"author":{"gitId":"StanleyW00"},"content":"        System.out.println(\"\\tHere are your tasks you have inputted:\");","lastModifiedDate":"2023-08-28"},{"lineNumber":254,"author":{"gitId":"StanleyW00"},"content":"        for (int i \u003d 1; i \u003c\u003d tasksCount; i++) {","lastModifiedDate":"2023-08-28"},{"lineNumber":255,"author":{"gitId":"StanleyW00"},"content":"            System.out.println(\"\\t\" + i + \".\" + tasks.get(i - 1));","lastModifiedDate":"2023-09-19"},{"lineNumber":256,"author":{"gitId":"StanleyW00"},"content":"        }","lastModifiedDate":"2023-08-28"},{"lineNumber":257,"author":{"gitId":"StanleyW00"},"content":"    }","lastModifiedDate":"2023-08-28"},{"lineNumber":258,"author":{"gitId":"StanleyW00"},"content":"","lastModifiedDate":"2023-08-28"},{"lineNumber":259,"author":{"gitId":"StanleyW00"},"content":"    public static void handleIndexOutOfBoundsException() {","lastModifiedDate":"2023-09-19"},{"lineNumber":260,"author":{"gitId":"StanleyW00"},"content":"        System.out.println(\"\\tUmm, you tried to access a task that does not exist.\");","lastModifiedDate":"2023-09-10"},{"lineNumber":261,"author":{"gitId":"StanleyW00"},"content":"        System.out.println(\"\\tPerhaps you should put a valid number based on the number of tasks \" +","lastModifiedDate":"2023-09-10"},{"lineNumber":262,"author":{"gitId":"StanleyW00"},"content":"                \"you have currently. \");","lastModifiedDate":"2023-09-10"},{"lineNumber":263,"author":{"gitId":"StanleyW00"},"content":"        printNumOfTasks();","lastModifiedDate":"2023-09-10"},{"lineNumber":264,"author":{"gitId":"StanleyW00"},"content":"    }","lastModifiedDate":"2023-09-10"},{"lineNumber":265,"author":{"gitId":"StanleyW00"},"content":"","lastModifiedDate":"2023-09-10"},{"lineNumber":266,"author":{"gitId":"StanleyW00"},"content":"    public static void handleNumberFormatException(String input) {","lastModifiedDate":"2023-09-10"},{"lineNumber":267,"author":{"gitId":"StanleyW00"},"content":"        System.out.println(\"\\tPlease use a valid number for marking or unmarking a task.\");","lastModifiedDate":"2023-09-10"},{"lineNumber":268,"author":{"gitId":"StanleyW00"},"content":"        System.out.println(\"\\tThe number you tried to input is: \" + input);","lastModifiedDate":"2023-09-10"},{"lineNumber":269,"author":{"gitId":"StanleyW00"},"content":"    }","lastModifiedDate":"2023-09-10"},{"lineNumber":270,"author":{"gitId":"StanleyW00"},"content":"","lastModifiedDate":"2023-09-10"},{"lineNumber":271,"author":{"gitId":"StanleyW00"},"content":"    public static void handleIOException(IOException exception) {","lastModifiedDate":"2023-09-19"},{"lineNumber":272,"author":{"gitId":"StanleyW00"},"content":"        System.out.println(\"Something went wrong! Please try again!\");","lastModifiedDate":"2023-09-19"},{"lineNumber":273,"author":{"gitId":"StanleyW00"},"content":"        System.out.println(exception.getMessage());","lastModifiedDate":"2023-09-19"},{"lineNumber":274,"author":{"gitId":"StanleyW00"},"content":"    }","lastModifiedDate":"2023-09-19"},{"lineNumber":275,"author":{"gitId":"StanleyW00"},"content":"","lastModifiedDate":"2023-09-19"},{"lineNumber":276,"author":{"gitId":"StanleyW00"},"content":"    public static void executeCommand(String input) {","lastModifiedDate":"2023-09-10"},{"lineNumber":277,"author":{"gitId":"StanleyW00"},"content":"        String[] parsedInput \u003d input.split(\" \", 2);","lastModifiedDate":"2023-09-10"},{"lineNumber":278,"author":{"gitId":"StanleyW00"},"content":"        String command \u003d parsedInput[0];","lastModifiedDate":"2023-09-10"},{"lineNumber":279,"author":{"gitId":"StanleyW00"},"content":"        input \u003d parsedInput.length \u003d\u003d 1 ? \" \" : parsedInput[1].trim();","lastModifiedDate":"2023-09-10"},{"lineNumber":280,"author":{"gitId":"StanleyW00"},"content":"","lastModifiedDate":"2023-09-10"},{"lineNumber":281,"author":{"gitId":"StanleyW00"},"content":"        try {","lastModifiedDate":"2023-09-10"},{"lineNumber":282,"author":{"gitId":"StanleyW00"},"content":"            switch (command) {","lastModifiedDate":"2023-09-10"},{"lineNumber":283,"author":{"gitId":"StanleyW00"},"content":"            case \"list\":","lastModifiedDate":"2023-09-10"},{"lineNumber":284,"author":{"gitId":"StanleyW00"},"content":"                printTasks();","lastModifiedDate":"2023-09-10"},{"lineNumber":285,"author":{"gitId":"StanleyW00"},"content":"                break;","lastModifiedDate":"2023-09-10"},{"lineNumber":286,"author":{"gitId":"StanleyW00"},"content":"            case \"mark\":","lastModifiedDate":"2023-09-10"},{"lineNumber":287,"author":{"gitId":"StanleyW00"},"content":"                setMarkAsDone(input);","lastModifiedDate":"2023-09-10"},{"lineNumber":288,"author":{"gitId":"StanleyW00"},"content":"                break;","lastModifiedDate":"2023-09-10"},{"lineNumber":289,"author":{"gitId":"StanleyW00"},"content":"            case \"unmark\":","lastModifiedDate":"2023-09-10"},{"lineNumber":290,"author":{"gitId":"StanleyW00"},"content":"                setUnmarkAsDone(input);","lastModifiedDate":"2023-09-10"},{"lineNumber":291,"author":{"gitId":"StanleyW00"},"content":"                break;","lastModifiedDate":"2023-09-10"},{"lineNumber":292,"author":{"gitId":"StanleyW00"},"content":"            case \"delete\":","lastModifiedDate":"2023-09-19"},{"lineNumber":293,"author":{"gitId":"StanleyW00"},"content":"                deleteTask(input);","lastModifiedDate":"2023-09-19"},{"lineNumber":294,"author":{"gitId":"StanleyW00"},"content":"                break;","lastModifiedDate":"2023-09-19"},{"lineNumber":295,"author":{"gitId":"StanleyW00"},"content":"            case \"todo\":","lastModifiedDate":"2023-09-10"},{"lineNumber":296,"author":{"gitId":"StanleyW00"},"content":"                addTodo(input);","lastModifiedDate":"2023-09-10"},{"lineNumber":297,"author":{"gitId":"StanleyW00"},"content":"                printRecentTask(tasks.get(tasksCount - 1));","lastModifiedDate":"2023-09-19"},{"lineNumber":298,"author":{"gitId":"StanleyW00"},"content":"                break;","lastModifiedDate":"2023-09-10"},{"lineNumber":299,"author":{"gitId":"StanleyW00"},"content":"            case \"deadline\":","lastModifiedDate":"2023-09-10"},{"lineNumber":300,"author":{"gitId":"StanleyW00"},"content":"                addDeadline(input);","lastModifiedDate":"2023-09-10"},{"lineNumber":301,"author":{"gitId":"StanleyW00"},"content":"                printRecentTask(tasks.get(tasksCount - 1));","lastModifiedDate":"2023-09-19"},{"lineNumber":302,"author":{"gitId":"StanleyW00"},"content":"                break;","lastModifiedDate":"2023-09-10"},{"lineNumber":303,"author":{"gitId":"StanleyW00"},"content":"            case \"event\":","lastModifiedDate":"2023-09-10"},{"lineNumber":304,"author":{"gitId":"StanleyW00"},"content":"                addEvent(input);","lastModifiedDate":"2023-09-10"},{"lineNumber":305,"author":{"gitId":"StanleyW00"},"content":"                printRecentTask(tasks.get(tasksCount - 1));","lastModifiedDate":"2023-09-19"},{"lineNumber":306,"author":{"gitId":"StanleyW00"},"content":"                break;","lastModifiedDate":"2023-09-10"},{"lineNumber":307,"author":{"gitId":"StanleyW00"},"content":"            case \"bye\":","lastModifiedDate":"2023-09-10"},{"lineNumber":308,"author":{"gitId":"StanleyW00"},"content":"                tellGoodbye();","lastModifiedDate":"2023-09-10"},{"lineNumber":309,"author":{"gitId":"StanleyW00"},"content":"                System.exit(0);","lastModifiedDate":"2023-09-10"},{"lineNumber":310,"author":{"gitId":"StanleyW00"},"content":"            default:","lastModifiedDate":"2023-09-10"},{"lineNumber":311,"author":{"gitId":"StanleyW00"},"content":"                throw new DukeCommandException();","lastModifiedDate":"2023-09-10"},{"lineNumber":312,"author":{"gitId":"StanleyW00"},"content":"            }","lastModifiedDate":"2023-09-10"},{"lineNumber":313,"author":{"gitId":"StanleyW00"},"content":"        } catch (IndexOutOfBoundsException exception) {","lastModifiedDate":"2023-09-19"},{"lineNumber":314,"author":{"gitId":"StanleyW00"},"content":"            handleIndexOutOfBoundsException();","lastModifiedDate":"2023-09-19"},{"lineNumber":315,"author":{"gitId":"StanleyW00"},"content":"        } catch (NumberFormatException exception) {","lastModifiedDate":"2023-09-10"},{"lineNumber":316,"author":{"gitId":"StanleyW00"},"content":"            handleNumberFormatException(input);","lastModifiedDate":"2023-09-10"},{"lineNumber":317,"author":{"gitId":"StanleyW00"},"content":"        } catch (DukeCommandException exception) {","lastModifiedDate":"2023-09-10"},{"lineNumber":318,"author":{"gitId":"StanleyW00"},"content":"            exception.handleDukeCommandException(command);","lastModifiedDate":"2023-09-11"},{"lineNumber":319,"author":{"gitId":"StanleyW00"},"content":"        } catch (DukeTaskException exception) {","lastModifiedDate":"2023-09-10"},{"lineNumber":320,"author":{"gitId":"StanleyW00"},"content":"            exception.handleDukeTaskException(command, input);","lastModifiedDate":"2023-09-11"},{"lineNumber":321,"author":{"gitId":"StanleyW00"},"content":"        } catch (IOException exception) {","lastModifiedDate":"2023-09-19"},{"lineNumber":322,"author":{"gitId":"StanleyW00"},"content":"            handleIOException(exception);","lastModifiedDate":"2023-09-19"},{"lineNumber":323,"author":{"gitId":"StanleyW00"},"content":"        }","lastModifiedDate":"2023-09-10"},{"lineNumber":324,"author":{"gitId":"StanleyW00"},"content":"    }","lastModifiedDate":"2023-09-10"},{"lineNumber":325,"author":{"gitId":"StanleyW00"},"content":"","lastModifiedDate":"2023-09-10"},{"lineNumber":326,"author":{"gitId":"StanleyW00"},"content":"    private static void createNewData(Scanner scan) {","lastModifiedDate":"2023-09-19"},{"lineNumber":327,"author":{"gitId":"StanleyW00"},"content":"        String[] parsedTask \u003d scan.nextLine().split(\" \\\\| \");","lastModifiedDate":"2023-09-19"},{"lineNumber":328,"author":{"gitId":"StanleyW00"},"content":"","lastModifiedDate":"2023-09-19"},{"lineNumber":329,"author":{"gitId":"StanleyW00"},"content":"        String taskType \u003d parsedTask[0];","lastModifiedDate":"2023-09-19"},{"lineNumber":330,"author":{"gitId":"StanleyW00"},"content":"","lastModifiedDate":"2023-09-19"},{"lineNumber":331,"author":{"gitId":"StanleyW00"},"content":"        switch (taskType) {","lastModifiedDate":"2023-09-19"},{"lineNumber":332,"author":{"gitId":"StanleyW00"},"content":"        case \"T\":","lastModifiedDate":"2023-09-19"},{"lineNumber":333,"author":{"gitId":"StanleyW00"},"content":"            tasks.add(new Todo(parsedTask[2] , parsedTask[1]));","lastModifiedDate":"2023-09-19"},{"lineNumber":334,"author":{"gitId":"StanleyW00"},"content":"            tasksCount++;","lastModifiedDate":"2023-09-19"},{"lineNumber":335,"author":{"gitId":"StanleyW00"},"content":"            break;","lastModifiedDate":"2023-09-19"},{"lineNumber":336,"author":{"gitId":"StanleyW00"},"content":"        case \"D\":","lastModifiedDate":"2023-09-19"},{"lineNumber":337,"author":{"gitId":"StanleyW00"},"content":"            tasks.add(new Deadline(parsedTask[2], parsedTask[1], parsedTask[3]));","lastModifiedDate":"2023-09-19"},{"lineNumber":338,"author":{"gitId":"StanleyW00"},"content":"            tasksCount++;","lastModifiedDate":"2023-09-19"},{"lineNumber":339,"author":{"gitId":"StanleyW00"},"content":"            break;","lastModifiedDate":"2023-09-19"},{"lineNumber":340,"author":{"gitId":"StanleyW00"},"content":"        case \"E\":","lastModifiedDate":"2023-09-19"},{"lineNumber":341,"author":{"gitId":"StanleyW00"},"content":"            tasks.add(new Event(parsedTask[2], parsedTask[1], parsedTask[3], parsedTask[4]));","lastModifiedDate":"2023-09-19"},{"lineNumber":342,"author":{"gitId":"StanleyW00"},"content":"            tasksCount++;","lastModifiedDate":"2023-09-19"},{"lineNumber":343,"author":{"gitId":"StanleyW00"},"content":"            break;","lastModifiedDate":"2023-09-19"},{"lineNumber":344,"author":{"gitId":"StanleyW00"},"content":"        }","lastModifiedDate":"2023-09-19"},{"lineNumber":345,"author":{"gitId":"StanleyW00"},"content":"    }","lastModifiedDate":"2023-09-19"},{"lineNumber":346,"author":{"gitId":"StanleyW00"},"content":"","lastModifiedDate":"2023-09-19"},{"lineNumber":347,"author":{"gitId":"StanleyW00"},"content":"    public static void restoreSavedData() throws FileNotFoundException {","lastModifiedDate":"2023-09-19"},{"lineNumber":348,"author":{"gitId":"StanleyW00"},"content":"        File file \u003d new File(DATA_PATH);","lastModifiedDate":"2023-09-19"},{"lineNumber":349,"author":{"gitId":"StanleyW00"},"content":"        Scanner scan \u003d new Scanner(file);","lastModifiedDate":"2023-09-19"},{"lineNumber":350,"author":{"gitId":"StanleyW00"},"content":"","lastModifiedDate":"2023-09-19"},{"lineNumber":351,"author":{"gitId":"StanleyW00"},"content":"        while (scan.hasNext()) {","lastModifiedDate":"2023-09-19"},{"lineNumber":352,"author":{"gitId":"StanleyW00"},"content":"            createNewData(scan);","lastModifiedDate":"2023-09-19"},{"lineNumber":353,"author":{"gitId":"StanleyW00"},"content":"        }","lastModifiedDate":"2023-09-19"},{"lineNumber":354,"author":{"gitId":"StanleyW00"},"content":"    }","lastModifiedDate":"2023-09-19"},{"lineNumber":355,"author":{"gitId":"StanleyW00"},"content":"","lastModifiedDate":"2023-09-19"},{"lineNumber":356,"author":{"gitId":"StanleyW00"},"content":"    private static void createDukeDirectory(File newDirectory) {","lastModifiedDate":"2023-09-19"},{"lineNumber":357,"author":{"gitId":"StanleyW00"},"content":"        if (!newDirectory.isDirectory() \u0026\u0026 newDirectory.mkdir()) {","lastModifiedDate":"2023-09-19"},{"lineNumber":358,"author":{"gitId":"StanleyW00"},"content":"            System.out.println(\"\\tDirectory successfully created!\");","lastModifiedDate":"2023-09-19"},{"lineNumber":359,"author":{"gitId":"StanleyW00"},"content":"        } else {","lastModifiedDate":"2023-09-19"},{"lineNumber":360,"author":{"gitId":"StanleyW00"},"content":"            System.out.println(\"\\tDirectory found!\");","lastModifiedDate":"2023-09-19"},{"lineNumber":361,"author":{"gitId":"StanleyW00"},"content":"        }","lastModifiedDate":"2023-09-19"},{"lineNumber":362,"author":{"gitId":"StanleyW00"},"content":"    }","lastModifiedDate":"2023-09-19"},{"lineNumber":363,"author":{"gitId":"StanleyW00"},"content":"","lastModifiedDate":"2023-09-19"},{"lineNumber":364,"author":{"gitId":"StanleyW00"},"content":"    private static void createDukeFile(File newDatabase) throws IOException {","lastModifiedDate":"2023-09-19"},{"lineNumber":365,"author":{"gitId":"StanleyW00"},"content":"        if (!newDatabase.isFile() \u0026\u0026 newDatabase.createNewFile()) {","lastModifiedDate":"2023-09-19"},{"lineNumber":366,"author":{"gitId":"StanleyW00"},"content":"            System.out.println(\"\\tData text file successfully created!\");","lastModifiedDate":"2023-09-19"},{"lineNumber":367,"author":{"gitId":"StanleyW00"},"content":"        } else {","lastModifiedDate":"2023-09-19"},{"lineNumber":368,"author":{"gitId":"StanleyW00"},"content":"            System.out.println(\"\\tText file found!\");","lastModifiedDate":"2023-09-19"},{"lineNumber":369,"author":{"gitId":"StanleyW00"},"content":"        }","lastModifiedDate":"2023-09-10"},{"lineNumber":370,"author":{"gitId":"StanleyW00"},"content":"    }","lastModifiedDate":"2023-09-10"},{"lineNumber":371,"author":{"gitId":"StanleyW00"},"content":"","lastModifiedDate":"2023-09-10"},{"lineNumber":372,"author":{"gitId":"StanleyW00"},"content":"    public static void handleFileNotFoundException() {","lastModifiedDate":"2023-09-19"},{"lineNumber":373,"author":{"gitId":"StanleyW00"},"content":"        System.out.println(\"\\t\" + HORIZONTAL_LINE);","lastModifiedDate":"2023-09-19"},{"lineNumber":374,"author":{"gitId":"StanleyW00"},"content":"        System.out.println(\"\\tLooks like I can\u0027t find the file. Let me make it for you.\");","lastModifiedDate":"2023-09-19"},{"lineNumber":375,"author":{"gitId":"StanleyW00"},"content":"","lastModifiedDate":"2023-09-19"},{"lineNumber":376,"author":{"gitId":"StanleyW00"},"content":"        File newDirectory \u003d new File(DATA_DIRECTORY);","lastModifiedDate":"2023-09-19"},{"lineNumber":377,"author":{"gitId":"StanleyW00"},"content":"        File newDatabase \u003d new File(DATA_PATH);","lastModifiedDate":"2023-09-19"},{"lineNumber":378,"author":{"gitId":"StanleyW00"},"content":"","lastModifiedDate":"2023-09-19"},{"lineNumber":379,"author":{"gitId":"StanleyW00"},"content":"        try {","lastModifiedDate":"2023-09-19"},{"lineNumber":380,"author":{"gitId":"StanleyW00"},"content":"            createDukeDirectory(newDirectory);","lastModifiedDate":"2023-09-19"},{"lineNumber":381,"author":{"gitId":"StanleyW00"},"content":"            createDukeFile(newDatabase);","lastModifiedDate":"2023-09-19"},{"lineNumber":382,"author":{"gitId":"StanleyW00"},"content":"        } catch (IOException exception){","lastModifiedDate":"2023-09-19"},{"lineNumber":383,"author":{"gitId":"StanleyW00"},"content":"            handleIOException(exception);","lastModifiedDate":"2023-09-19"},{"lineNumber":384,"author":{"gitId":"StanleyW00"},"content":"        }","lastModifiedDate":"2023-09-19"},{"lineNumber":385,"author":{"gitId":"StanleyW00"},"content":"","lastModifiedDate":"2023-09-19"},{"lineNumber":386,"author":{"gitId":"StanleyW00"},"content":"        System.out.println(\"\\tPlease try to run the app again.\");","lastModifiedDate":"2023-09-19"},{"lineNumber":387,"author":{"gitId":"StanleyW00"},"content":"        System.out.println(\"\\t\" + HORIZONTAL_LINE);","lastModifiedDate":"2023-09-19"},{"lineNumber":388,"author":{"gitId":"StanleyW00"},"content":"    }","lastModifiedDate":"2023-09-19"},{"lineNumber":389,"author":{"gitId":"StanleyW00"},"content":"","lastModifiedDate":"2023-09-19"},{"lineNumber":390,"author":{"gitId":"-"},"content":"    public static void main(String[] args) {","lastModifiedDate":"2019-07-29"},{"lineNumber":391,"author":{"gitId":"StanleyW00"},"content":"        String input;","lastModifiedDate":"2023-09-19"},{"lineNumber":392,"author":{"gitId":"StanleyW00"},"content":"        Scanner in \u003d new Scanner(System.in);","lastModifiedDate":"2023-09-10"},{"lineNumber":393,"author":{"gitId":"StanleyW00"},"content":"","lastModifiedDate":"2023-08-28"},{"lineNumber":394,"author":{"gitId":"StanleyW00"},"content":"        try {","lastModifiedDate":"2023-09-19"},{"lineNumber":395,"author":{"gitId":"StanleyW00"},"content":"            restoreSavedData();","lastModifiedDate":"2023-09-19"},{"lineNumber":396,"author":{"gitId":"StanleyW00"},"content":"        } catch (FileNotFoundException e){","lastModifiedDate":"2023-09-19"},{"lineNumber":397,"author":{"gitId":"StanleyW00"},"content":"            handleFileNotFoundException();","lastModifiedDate":"2023-09-19"},{"lineNumber":398,"author":{"gitId":"StanleyW00"},"content":"            System.exit(1);","lastModifiedDate":"2023-09-19"},{"lineNumber":399,"author":{"gitId":"StanleyW00"},"content":"        }","lastModifiedDate":"2023-09-19"},{"lineNumber":400,"author":{"gitId":"StanleyW00"},"content":"","lastModifiedDate":"2023-09-19"},{"lineNumber":401,"author":{"gitId":"StanleyW00"},"content":"        tellGreeting();","lastModifiedDate":"2023-09-10"},{"lineNumber":402,"author":{"gitId":"StanleyW00"},"content":"        while (true) {","lastModifiedDate":"2023-09-10"},{"lineNumber":403,"author":{"gitId":"StanleyW00"},"content":"            input \u003d getInput(in);","lastModifiedDate":"2023-09-10"},{"lineNumber":404,"author":{"gitId":"StanleyW00"},"content":"            System.out.println(\"\\t\" + HORIZONTAL_LINE);","lastModifiedDate":"2023-09-02"},{"lineNumber":405,"author":{"gitId":"StanleyW00"},"content":"            executeCommand(input);","lastModifiedDate":"2023-09-10"},{"lineNumber":406,"author":{"gitId":"StanleyW00"},"content":"            System.out.println(\"\\t\" + HORIZONTAL_LINE);","lastModifiedDate":"2023-09-10"},{"lineNumber":407,"author":{"gitId":"StanleyW00"},"content":"        }","lastModifiedDate":"2023-08-28"},{"lineNumber":408,"author":{"gitId":"-"},"content":"    }","lastModifiedDate":"2019-07-29"},{"lineNumber":409,"author":{"gitId":"-"},"content":"}","lastModifiedDate":"2019-07-29"}],"authorContributionMap":{"StanleyW00":405,"-":4}},{"path":"src/main/java/duke/exception/DukeCommandException.java","fileType":"java","lines":[{"lineNumber":1,"author":{"gitId":"StanleyW00"},"content":"package duke.exception;","lastModifiedDate":"2023-09-10"},{"lineNumber":2,"author":{"gitId":"StanleyW00"},"content":"","lastModifiedDate":"2023-09-10"},{"lineNumber":3,"author":{"gitId":"StanleyW00"},"content":"public class DukeCommandException extends Exception{","lastModifiedDate":"2023-09-10"},{"lineNumber":4,"author":{"gitId":"StanleyW00"},"content":"","lastModifiedDate":"2023-09-10"},{"lineNumber":5,"author":{"gitId":"StanleyW00"},"content":"    public void handleDukeCommandException(String command) {","lastModifiedDate":"2023-09-11"},{"lineNumber":6,"author":{"gitId":"StanleyW00"},"content":"        System.out.println(\"\\tSorry I don\u0027t quite understand what your command is.\");","lastModifiedDate":"2023-09-11"},{"lineNumber":7,"author":{"gitId":"StanleyW00"},"content":"        System.out.println(\"\\tPlease a valid command.\");","lastModifiedDate":"2023-09-11"},{"lineNumber":8,"author":{"gitId":"StanleyW00"},"content":"        System.out.println(\"\\tThe command you tried to input is: \" + command);","lastModifiedDate":"2023-09-11"},{"lineNumber":9,"author":{"gitId":"StanleyW00"},"content":"    }","lastModifiedDate":"2023-09-11"},{"lineNumber":10,"author":{"gitId":"StanleyW00"},"content":"}","lastModifiedDate":"2023-09-10"}],"authorContributionMap":{"StanleyW00":10}},{"path":"src/main/java/duke/exception/DukeTaskException.java","fileType":"java","lines":[{"lineNumber":1,"author":{"gitId":"StanleyW00"},"content":"package duke.exception;","lastModifiedDate":"2023-09-10"},{"lineNumber":2,"author":{"gitId":"StanleyW00"},"content":"","lastModifiedDate":"2023-09-10"},{"lineNumber":3,"author":{"gitId":"StanleyW00"},"content":"public class DukeTaskException extends Exception{","lastModifiedDate":"2023-09-10"},{"lineNumber":4,"author":{"gitId":"StanleyW00"},"content":"","lastModifiedDate":"2023-09-10"},{"lineNumber":5,"author":{"gitId":"StanleyW00"},"content":"    private static final String TODO_FORMAT \u003d \"todo \u0027task\u0027\";","lastModifiedDate":"2023-09-11"},{"lineNumber":6,"author":{"gitId":"StanleyW00"},"content":"    private static final String DEADLINE_FORMAT \u003d \"deadline \u0027task\u0027 /by \u0027specified deadline\u0027\";","lastModifiedDate":"2023-09-11"},{"lineNumber":7,"author":{"gitId":"StanleyW00"},"content":"    private static final String EVENT_FORMAT \u003d \"event \u0027task\u0027 /from \u0027specified start date\u0027 /to \u0027specified end date\u0027\";","lastModifiedDate":"2023-09-11"},{"lineNumber":8,"author":{"gitId":"StanleyW00"},"content":"","lastModifiedDate":"2023-09-11"},{"lineNumber":9,"author":{"gitId":"StanleyW00"},"content":"    public void handleDukeTaskException(String command, String input) {","lastModifiedDate":"2023-09-11"},{"lineNumber":10,"author":{"gitId":"StanleyW00"},"content":"        System.out.println(\"\\tSorry your \" + command + \"\u0027s format is invalid.\");","lastModifiedDate":"2023-09-11"},{"lineNumber":11,"author":{"gitId":"StanleyW00"},"content":"        System.out.println(\"\\tYour input should be in this format:\");","lastModifiedDate":"2023-09-11"},{"lineNumber":12,"author":{"gitId":"StanleyW00"},"content":"","lastModifiedDate":"2023-09-11"},{"lineNumber":13,"author":{"gitId":"StanleyW00"},"content":"        if (command.equals(\"todo\")) {","lastModifiedDate":"2023-09-11"},{"lineNumber":14,"author":{"gitId":"StanleyW00"},"content":"            System.out.println(\"\\t\\t\" + TODO_FORMAT);","lastModifiedDate":"2023-09-11"},{"lineNumber":15,"author":{"gitId":"StanleyW00"},"content":"        } else if (command.equals(\"deadline\")) {","lastModifiedDate":"2023-09-11"},{"lineNumber":16,"author":{"gitId":"StanleyW00"},"content":"            System.out.println(\"\\t\\t\" + DEADLINE_FORMAT);","lastModifiedDate":"2023-09-11"},{"lineNumber":17,"author":{"gitId":"StanleyW00"},"content":"        } else {","lastModifiedDate":"2023-09-11"},{"lineNumber":18,"author":{"gitId":"StanleyW00"},"content":"            System.out.println(\"\\t\\t\" + EVENT_FORMAT);","lastModifiedDate":"2023-09-11"},{"lineNumber":19,"author":{"gitId":"StanleyW00"},"content":"        }","lastModifiedDate":"2023-09-11"},{"lineNumber":20,"author":{"gitId":"StanleyW00"},"content":"","lastModifiedDate":"2023-09-11"},{"lineNumber":21,"author":{"gitId":"StanleyW00"},"content":"        System.out.println(\"\\tYour input is: \");","lastModifiedDate":"2023-09-11"},{"lineNumber":22,"author":{"gitId":"StanleyW00"},"content":"        System.out.println(\"\\t\\t\" + command + \" \" + input);","lastModifiedDate":"2023-09-11"},{"lineNumber":23,"author":{"gitId":"StanleyW00"},"content":"    }","lastModifiedDate":"2023-09-11"},{"lineNumber":24,"author":{"gitId":"StanleyW00"},"content":"}","lastModifiedDate":"2023-09-10"}],"authorContributionMap":{"StanleyW00":24}},{"path":"src/main/java/duke/task/Deadline.java","fileType":"java","lines":[{"lineNumber":1,"author":{"gitId":"StanleyW00"},"content":"package duke.task;","lastModifiedDate":"2023-09-10"},{"lineNumber":2,"author":{"gitId":"StanleyW00"},"content":"","lastModifiedDate":"2023-09-10"},{"lineNumber":3,"author":{"gitId":"StanleyW00"},"content":"public class Deadline extends Task{","lastModifiedDate":"2023-09-02"},{"lineNumber":4,"author":{"gitId":"StanleyW00"},"content":"    protected String by;","lastModifiedDate":"2023-09-02"},{"lineNumber":5,"author":{"gitId":"StanleyW00"},"content":"","lastModifiedDate":"2023-09-02"},{"lineNumber":6,"author":{"gitId":"StanleyW00"},"content":"    public Deadline(String description, String by) {","lastModifiedDate":"2023-09-02"},{"lineNumber":7,"author":{"gitId":"StanleyW00"},"content":"        super(description);","lastModifiedDate":"2023-09-02"},{"lineNumber":8,"author":{"gitId":"StanleyW00"},"content":"        this.by \u003d by;","lastModifiedDate":"2023-09-02"},{"lineNumber":9,"author":{"gitId":"StanleyW00"},"content":"    }","lastModifiedDate":"2023-09-02"},{"lineNumber":10,"author":{"gitId":"StanleyW00"},"content":"","lastModifiedDate":"2023-09-02"},{"lineNumber":11,"author":{"gitId":"StanleyW00"},"content":"    public Deadline(String description, String isDone, String by) {","lastModifiedDate":"2023-09-19"},{"lineNumber":12,"author":{"gitId":"StanleyW00"},"content":"        super(description, isDone);","lastModifiedDate":"2023-09-19"},{"lineNumber":13,"author":{"gitId":"StanleyW00"},"content":"        this.by \u003d by;","lastModifiedDate":"2023-09-19"},{"lineNumber":14,"author":{"gitId":"StanleyW00"},"content":"    }","lastModifiedDate":"2023-09-19"},{"lineNumber":15,"author":{"gitId":"StanleyW00"},"content":"","lastModifiedDate":"2023-09-19"},{"lineNumber":16,"author":{"gitId":"StanleyW00"},"content":"    @Override","lastModifiedDate":"2023-09-02"},{"lineNumber":17,"author":{"gitId":"StanleyW00"},"content":"    public String toString() {","lastModifiedDate":"2023-09-02"},{"lineNumber":18,"author":{"gitId":"StanleyW00"},"content":"        return \"[D]\" + super.toString() + \" (by: \" + by + \")\";","lastModifiedDate":"2023-09-02"},{"lineNumber":19,"author":{"gitId":"StanleyW00"},"content":"    }","lastModifiedDate":"2023-09-02"},{"lineNumber":20,"author":{"gitId":"StanleyW00"},"content":"}","lastModifiedDate":"2023-09-02"}],"authorContributionMap":{"StanleyW00":20}},{"path":"src/main/java/duke/task/Event.java","fileType":"java","lines":[{"lineNumber":1,"author":{"gitId":"StanleyW00"},"content":"package duke.task;","lastModifiedDate":"2023-09-10"},{"lineNumber":2,"author":{"gitId":"StanleyW00"},"content":"","lastModifiedDate":"2023-09-10"},{"lineNumber":3,"author":{"gitId":"StanleyW00"},"content":"public class Event extends Task{","lastModifiedDate":"2023-09-02"},{"lineNumber":4,"author":{"gitId":"StanleyW00"},"content":"    protected String start;","lastModifiedDate":"2023-09-02"},{"lineNumber":5,"author":{"gitId":"StanleyW00"},"content":"    protected String end;","lastModifiedDate":"2023-09-02"},{"lineNumber":6,"author":{"gitId":"StanleyW00"},"content":"","lastModifiedDate":"2023-09-02"},{"lineNumber":7,"author":{"gitId":"StanleyW00"},"content":"    public Event(String description, String start, String end) {","lastModifiedDate":"2023-09-02"},{"lineNumber":8,"author":{"gitId":"StanleyW00"},"content":"        super(description);","lastModifiedDate":"2023-09-02"},{"lineNumber":9,"author":{"gitId":"StanleyW00"},"content":"        this.start \u003d start;","lastModifiedDate":"2023-09-02"},{"lineNumber":10,"author":{"gitId":"StanleyW00"},"content":"        this.end \u003d end;","lastModifiedDate":"2023-09-02"},{"lineNumber":11,"author":{"gitId":"StanleyW00"},"content":"    }","lastModifiedDate":"2023-09-02"},{"lineNumber":12,"author":{"gitId":"StanleyW00"},"content":"","lastModifiedDate":"2023-09-02"},{"lineNumber":13,"author":{"gitId":"StanleyW00"},"content":"    public Event(String description, String isDone, String start, String end) {","lastModifiedDate":"2023-09-19"},{"lineNumber":14,"author":{"gitId":"StanleyW00"},"content":"        super(description, isDone);","lastModifiedDate":"2023-09-19"},{"lineNumber":15,"author":{"gitId":"StanleyW00"},"content":"        this.start \u003d start;","lastModifiedDate":"2023-09-19"},{"lineNumber":16,"author":{"gitId":"StanleyW00"},"content":"        this.end \u003d end;","lastModifiedDate":"2023-09-19"},{"lineNumber":17,"author":{"gitId":"StanleyW00"},"content":"    }","lastModifiedDate":"2023-09-19"},{"lineNumber":18,"author":{"gitId":"StanleyW00"},"content":"","lastModifiedDate":"2023-09-19"},{"lineNumber":19,"author":{"gitId":"StanleyW00"},"content":"    @Override","lastModifiedDate":"2023-09-02"},{"lineNumber":20,"author":{"gitId":"StanleyW00"},"content":"    public String toString() {","lastModifiedDate":"2023-09-02"},{"lineNumber":21,"author":{"gitId":"StanleyW00"},"content":"        return \"[E]\" + super.toString() + \" (from: \" + start + \" to: \" + end + \")\";","lastModifiedDate":"2023-09-02"},{"lineNumber":22,"author":{"gitId":"StanleyW00"},"content":"    }","lastModifiedDate":"2023-09-02"},{"lineNumber":23,"author":{"gitId":"StanleyW00"},"content":"}","lastModifiedDate":"2023-09-02"}],"authorContributionMap":{"StanleyW00":23}},{"path":"src/main/java/duke/task/Task.java","fileType":"java","lines":[{"lineNumber":1,"author":{"gitId":"StanleyW00"},"content":"package duke.task;","lastModifiedDate":"2023-09-10"},{"lineNumber":2,"author":{"gitId":"StanleyW00"},"content":"","lastModifiedDate":"2023-09-10"},{"lineNumber":3,"author":{"gitId":"StanleyW00"},"content":"public abstract class Task {","lastModifiedDate":"2023-09-10"},{"lineNumber":4,"author":{"gitId":"StanleyW00"},"content":"    private String description;","lastModifiedDate":"2023-08-28"},{"lineNumber":5,"author":{"gitId":"StanleyW00"},"content":"    private boolean isDone;","lastModifiedDate":"2023-08-28"},{"lineNumber":6,"author":{"gitId":"StanleyW00"},"content":"","lastModifiedDate":"2023-08-28"},{"lineNumber":7,"author":{"gitId":"StanleyW00"},"content":"    public Task(String description) {","lastModifiedDate":"2023-08-28"},{"lineNumber":8,"author":{"gitId":"StanleyW00"},"content":"        this.description \u003d description;","lastModifiedDate":"2023-08-28"},{"lineNumber":9,"author":{"gitId":"StanleyW00"},"content":"        this.isDone \u003d false;","lastModifiedDate":"2023-08-28"},{"lineNumber":10,"author":{"gitId":"StanleyW00"},"content":"    }","lastModifiedDate":"2023-08-28"},{"lineNumber":11,"author":{"gitId":"StanleyW00"},"content":"","lastModifiedDate":"2023-08-28"},{"lineNumber":12,"author":{"gitId":"StanleyW00"},"content":"    public Task(String description, String isDone) {","lastModifiedDate":"2023-09-19"},{"lineNumber":13,"author":{"gitId":"StanleyW00"},"content":"        this.description \u003d description;","lastModifiedDate":"2023-09-19"},{"lineNumber":14,"author":{"gitId":"StanleyW00"},"content":"        this.isDone \u003d isDone.equals(\"true\");","lastModifiedDate":"2023-09-19"},{"lineNumber":15,"author":{"gitId":"StanleyW00"},"content":"    }","lastModifiedDate":"2023-09-19"},{"lineNumber":16,"author":{"gitId":"StanleyW00"},"content":"","lastModifiedDate":"2023-09-19"},{"lineNumber":17,"author":{"gitId":"StanleyW00"},"content":"    public boolean getStatus() {","lastModifiedDate":"2023-09-19"},{"lineNumber":18,"author":{"gitId":"StanleyW00"},"content":"        return isDone;","lastModifiedDate":"2023-09-19"},{"lineNumber":19,"author":{"gitId":"StanleyW00"},"content":"    }","lastModifiedDate":"2023-09-19"},{"lineNumber":20,"author":{"gitId":"StanleyW00"},"content":"","lastModifiedDate":"2023-09-19"},{"lineNumber":21,"author":{"gitId":"StanleyW00"},"content":"    public String getStatusIcon() {","lastModifiedDate":"2023-08-28"},{"lineNumber":22,"author":{"gitId":"StanleyW00"},"content":"        return (isDone ? \"X\" : \" \");","lastModifiedDate":"2023-08-28"},{"lineNumber":23,"author":{"gitId":"StanleyW00"},"content":"    }","lastModifiedDate":"2023-08-28"},{"lineNumber":24,"author":{"gitId":"StanleyW00"},"content":"","lastModifiedDate":"2023-08-28"},{"lineNumber":25,"author":{"gitId":"StanleyW00"},"content":"    public String getDescription() {","lastModifiedDate":"2023-08-28"},{"lineNumber":26,"author":{"gitId":"StanleyW00"},"content":"        return description;","lastModifiedDate":"2023-08-28"},{"lineNumber":27,"author":{"gitId":"StanleyW00"},"content":"    }","lastModifiedDate":"2023-08-28"},{"lineNumber":28,"author":{"gitId":"StanleyW00"},"content":"","lastModifiedDate":"2023-08-28"},{"lineNumber":29,"author":{"gitId":"StanleyW00"},"content":"    public void markAsDone() {","lastModifiedDate":"2023-08-28"},{"lineNumber":30,"author":{"gitId":"StanleyW00"},"content":"        isDone \u003d true;","lastModifiedDate":"2023-08-28"},{"lineNumber":31,"author":{"gitId":"StanleyW00"},"content":"    }","lastModifiedDate":"2023-08-28"},{"lineNumber":32,"author":{"gitId":"StanleyW00"},"content":"","lastModifiedDate":"2023-08-28"},{"lineNumber":33,"author":{"gitId":"StanleyW00"},"content":"    public void unmarkAsDone() {","lastModifiedDate":"2023-08-28"},{"lineNumber":34,"author":{"gitId":"StanleyW00"},"content":"        isDone \u003d false;","lastModifiedDate":"2023-08-28"},{"lineNumber":35,"author":{"gitId":"StanleyW00"},"content":"    }","lastModifiedDate":"2023-08-28"},{"lineNumber":36,"author":{"gitId":"StanleyW00"},"content":"","lastModifiedDate":"2023-09-02"},{"lineNumber":37,"author":{"gitId":"StanleyW00"},"content":"    @Override","lastModifiedDate":"2023-09-02"},{"lineNumber":38,"author":{"gitId":"StanleyW00"},"content":"    public String toString() {","lastModifiedDate":"2023-09-02"},{"lineNumber":39,"author":{"gitId":"StanleyW00"},"content":"        return \"[\" + getStatusIcon() + \"] \" + description;","lastModifiedDate":"2023-09-02"},{"lineNumber":40,"author":{"gitId":"StanleyW00"},"content":"    }","lastModifiedDate":"2023-09-02"},{"lineNumber":41,"author":{"gitId":"StanleyW00"},"content":"}","lastModifiedDate":"2023-08-28"}],"authorContributionMap":{"StanleyW00":41}},{"path":"src/main/java/duke/task/Todo.java","fileType":"java","lines":[{"lineNumber":1,"author":{"gitId":"StanleyW00"},"content":"package duke.task;","lastModifiedDate":"2023-09-10"},{"lineNumber":2,"author":{"gitId":"StanleyW00"},"content":"","lastModifiedDate":"2023-09-10"},{"lineNumber":3,"author":{"gitId":"StanleyW00"},"content":"public class Todo extends Task {","lastModifiedDate":"2023-09-02"},{"lineNumber":4,"author":{"gitId":"StanleyW00"},"content":"","lastModifiedDate":"2023-09-02"},{"lineNumber":5,"author":{"gitId":"StanleyW00"},"content":"    public Todo(String description) {","lastModifiedDate":"2023-09-02"},{"lineNumber":6,"author":{"gitId":"StanleyW00"},"content":"        super(description);","lastModifiedDate":"2023-09-02"},{"lineNumber":7,"author":{"gitId":"StanleyW00"},"content":"    }","lastModifiedDate":"2023-09-02"},{"lineNumber":8,"author":{"gitId":"StanleyW00"},"content":"","lastModifiedDate":"2023-09-02"},{"lineNumber":9,"author":{"gitId":"StanleyW00"},"content":"    public Todo(String description, String isDone) {","lastModifiedDate":"2023-09-19"},{"lineNumber":10,"author":{"gitId":"StanleyW00"},"content":"        super(description, isDone);","lastModifiedDate":"2023-09-19"},{"lineNumber":11,"author":{"gitId":"StanleyW00"},"content":"    }","lastModifiedDate":"2023-09-19"},{"lineNumber":12,"author":{"gitId":"StanleyW00"},"content":"","lastModifiedDate":"2023-09-19"},{"lineNumber":13,"author":{"gitId":"StanleyW00"},"content":"    @Override","lastModifiedDate":"2023-09-02"},{"lineNumber":14,"author":{"gitId":"StanleyW00"},"content":"    public String toString() {","lastModifiedDate":"2023-09-02"},{"lineNumber":15,"author":{"gitId":"StanleyW00"},"content":"        return \"[T]\" + super.toString();","lastModifiedDate":"2023-09-02"},{"lineNumber":16,"author":{"gitId":"StanleyW00"},"content":"    }","lastModifiedDate":"2023-09-02"},{"lineNumber":17,"author":{"gitId":"StanleyW00"},"content":"}","lastModifiedDate":"2023-09-02"}],"authorContributionMap":{"StanleyW00":17}},{"path":"text-ui-test/input.txt","fileType":"txt","lines":[{"lineNumber":1,"author":{"gitId":"StanleyW00"},"content":"todo borrow book","lastModifiedDate":"2023-09-07"},{"lineNumber":2,"author":{"gitId":"StanleyW00"},"content":"deadline return book /by Sunday","lastModifiedDate":"2023-09-07"},{"lineNumber":3,"author":{"gitId":"StanleyW00"},"content":"event project meeting /from Mon 2pm /to 4pm","lastModifiedDate":"2023-09-07"},{"lineNumber":4,"author":{"gitId":"StanleyW00"},"content":"deadline do homework /by no idea :-p","lastModifiedDate":"2023-09-07"},{"lineNumber":5,"author":{"gitId":"StanleyW00"},"content":"list","lastModifiedDate":"2023-09-07"},{"lineNumber":6,"author":{"gitId":"StanleyW00"},"content":"mark 2","lastModifiedDate":"2023-09-07"},{"lineNumber":7,"author":{"gitId":"StanleyW00"},"content":"mark 4","lastModifiedDate":"2023-09-07"},{"lineNumber":8,"author":{"gitId":"StanleyW00"},"content":"list","lastModifiedDate":"2023-09-07"},{"lineNumber":9,"author":{"gitId":"StanleyW00"},"content":"unmark 4","lastModifiedDate":"2023-09-07"},{"lineNumber":10,"author":{"gitId":"StanleyW00"},"content":"list","lastModifiedDate":"2023-09-07"},{"lineNumber":11,"author":{"gitId":"StanleyW00"},"content":"bye","lastModifiedDate":"2023-09-07"}],"authorContributionMap":{"StanleyW00":11}}]
