[{"path":"src/main/java/duke/Duke.java","fileType":"java","lines":[{"lineNumber":1,"author":{"gitId":"StanleyW00"},"content":"package duke;","lastModifiedDate":"2023-09-10"},{"lineNumber":2,"author":{"gitId":"StanleyW00"},"content":"","lastModifiedDate":"2023-09-10"},{"lineNumber":3,"author":{"gitId":"StanleyW00"},"content":"import duke.exception.DukeCommandException;","lastModifiedDate":"2023-09-10"},{"lineNumber":4,"author":{"gitId":"StanleyW00"},"content":"import duke.exception.DukeTaskException;","lastModifiedDate":"2023-09-10"},{"lineNumber":5,"author":{"gitId":"StanleyW00"},"content":"import duke.task.Deadline;","lastModifiedDate":"2023-09-10"},{"lineNumber":6,"author":{"gitId":"StanleyW00"},"content":"import duke.task.Event;","lastModifiedDate":"2023-09-10"},{"lineNumber":7,"author":{"gitId":"StanleyW00"},"content":"import duke.task.Task;","lastModifiedDate":"2023-09-10"},{"lineNumber":8,"author":{"gitId":"StanleyW00"},"content":"import duke.task.Todo;","lastModifiedDate":"2023-09-10"},{"lineNumber":9,"author":{"gitId":"StanleyW00"},"content":"","lastModifiedDate":"2023-09-10"},{"lineNumber":10,"author":{"gitId":"StanleyW00"},"content":"import java.util.Scanner;","lastModifiedDate":"2023-08-28"},{"lineNumber":11,"author":{"gitId":"StanleyW00"},"content":"","lastModifiedDate":"2023-08-28"},{"lineNumber":12,"author":{"gitId":"-"},"content":"public class Duke {","lastModifiedDate":"2019-07-29"},{"lineNumber":13,"author":{"gitId":"StanleyW00"},"content":"","lastModifiedDate":"2023-08-28"},{"lineNumber":14,"author":{"gitId":"StanleyW00"},"content":"    private static final String NAME \u003d \"MudMud\";","lastModifiedDate":"2023-09-10"},{"lineNumber":15,"author":{"gitId":"StanleyW00"},"content":"    private static final String HORIZONTAL_LINE \u003d \"____________________________________________________________\";","lastModifiedDate":"2023-09-10"},{"lineNumber":16,"author":{"gitId":"StanleyW00"},"content":"    private static final String BY_KEYWORD \u003d \" /by \";","lastModifiedDate":"2023-09-10"},{"lineNumber":17,"author":{"gitId":"StanleyW00"},"content":"    private static final String FROM_KEYWORD \u003d \" /from \";","lastModifiedDate":"2023-09-10"},{"lineNumber":18,"author":{"gitId":"StanleyW00"},"content":"    private static final String TO_KEYWORD \u003d \" /to \";","lastModifiedDate":"2023-09-10"},{"lineNumber":19,"author":{"gitId":"StanleyW00"},"content":"    private static final String TODO_FORMAT \u003d \"todo \u0027task\u0027\";","lastModifiedDate":"2023-09-10"},{"lineNumber":20,"author":{"gitId":"StanleyW00"},"content":"    private static final String DEADLINE_FORMAT \u003d \"deadline \u0027task\u0027 /by \u0027specified deadline\u0027\";","lastModifiedDate":"2023-09-10"},{"lineNumber":21,"author":{"gitId":"StanleyW00"},"content":"    private static final String EVENT_FORMAT \u003d \"event \u0027task\u0027 /from \u0027specified start date\u0027 /to \u0027specified end date\u0027\";","lastModifiedDate":"2023-09-10"},{"lineNumber":22,"author":{"gitId":"StanleyW00"},"content":"","lastModifiedDate":"2023-09-10"},{"lineNumber":23,"author":{"gitId":"StanleyW00"},"content":"    private static Task[] tasks \u003d new Task[100];","lastModifiedDate":"2023-09-10"},{"lineNumber":24,"author":{"gitId":"StanleyW00"},"content":"    private static int tasksCount \u003d 0;","lastModifiedDate":"2023-09-10"},{"lineNumber":25,"author":{"gitId":"StanleyW00"},"content":"","lastModifiedDate":"2023-09-02"},{"lineNumber":26,"author":{"gitId":"StanleyW00"},"content":"    public static String getInput(Scanner in) {","lastModifiedDate":"2023-09-10"},{"lineNumber":27,"author":{"gitId":"StanleyW00"},"content":"        return in.nextLine().trim();","lastModifiedDate":"2023-09-10"},{"lineNumber":28,"author":{"gitId":"StanleyW00"},"content":"    }","lastModifiedDate":"2023-09-10"},{"lineNumber":29,"author":{"gitId":"StanleyW00"},"content":"","lastModifiedDate":"2023-09-10"},{"lineNumber":30,"author":{"gitId":"StanleyW00"},"content":"    public static void tellGreeting() {","lastModifiedDate":"2023-09-10"},{"lineNumber":31,"author":{"gitId":"StanleyW00"},"content":"        System.out.println(\"\\t\" + HORIZONTAL_LINE);","lastModifiedDate":"2023-09-10"},{"lineNumber":32,"author":{"gitId":"StanleyW00"},"content":"        System.out.println(\"\\tOh hello! I\u0027m \" + NAME + \".\");","lastModifiedDate":"2023-09-10"},{"lineNumber":33,"author":{"gitId":"StanleyW00"},"content":"        System.out.println(\"\\tHow can I help you today?\");","lastModifiedDate":"2023-09-10"},{"lineNumber":34,"author":{"gitId":"StanleyW00"},"content":"        System.out.println(\"\\t\" + HORIZONTAL_LINE);","lastModifiedDate":"2023-09-10"},{"lineNumber":35,"author":{"gitId":"StanleyW00"},"content":"    }","lastModifiedDate":"2023-09-10"},{"lineNumber":36,"author":{"gitId":"StanleyW00"},"content":"","lastModifiedDate":"2023-09-10"},{"lineNumber":37,"author":{"gitId":"StanleyW00"},"content":"    public static void tellGoodbye() {","lastModifiedDate":"2023-09-10"},{"lineNumber":38,"author":{"gitId":"StanleyW00"},"content":"        System.out.println(\"\\tGoodbye! I am going to sleep now.\");","lastModifiedDate":"2023-09-10"},{"lineNumber":39,"author":{"gitId":"StanleyW00"},"content":"        System.out.println(\"\\t\" + HORIZONTAL_LINE);","lastModifiedDate":"2023-09-10"},{"lineNumber":40,"author":{"gitId":"StanleyW00"},"content":"    }","lastModifiedDate":"2023-09-10"},{"lineNumber":41,"author":{"gitId":"StanleyW00"},"content":"","lastModifiedDate":"2023-09-10"},{"lineNumber":42,"author":{"gitId":"StanleyW00"},"content":"    public static boolean checkEmptyTodoInput(String input) {","lastModifiedDate":"2023-09-10"},{"lineNumber":43,"author":{"gitId":"StanleyW00"},"content":"        return input.trim().isEmpty();","lastModifiedDate":"2023-09-10"},{"lineNumber":44,"author":{"gitId":"StanleyW00"},"content":"    }","lastModifiedDate":"2023-09-10"},{"lineNumber":45,"author":{"gitId":"StanleyW00"},"content":"","lastModifiedDate":"2023-09-10"},{"lineNumber":46,"author":{"gitId":"StanleyW00"},"content":"    public static void addTodo(String input) throws DukeTaskException {","lastModifiedDate":"2023-09-10"},{"lineNumber":47,"author":{"gitId":"StanleyW00"},"content":"        if (checkEmptyTodoInput(input)) {","lastModifiedDate":"2023-09-10"},{"lineNumber":48,"author":{"gitId":"StanleyW00"},"content":"            throw new DukeTaskException();","lastModifiedDate":"2023-09-10"},{"lineNumber":49,"author":{"gitId":"StanleyW00"},"content":"        }","lastModifiedDate":"2023-09-10"},{"lineNumber":50,"author":{"gitId":"StanleyW00"},"content":"","lastModifiedDate":"2023-09-10"},{"lineNumber":51,"author":{"gitId":"StanleyW00"},"content":"        tasks[tasksCount] \u003d new Todo(input.trim());","lastModifiedDate":"2023-09-10"},{"lineNumber":52,"author":{"gitId":"StanleyW00"},"content":"        tasksCount++;","lastModifiedDate":"2023-09-02"},{"lineNumber":53,"author":{"gitId":"StanleyW00"},"content":"    }","lastModifiedDate":"2023-09-02"},{"lineNumber":54,"author":{"gitId":"StanleyW00"},"content":"","lastModifiedDate":"2023-09-02"},{"lineNumber":55,"author":{"gitId":"StanleyW00"},"content":"    public static boolean checkNumOfDeadlineKeyword(String[] parsedInput) {","lastModifiedDate":"2023-09-10"},{"lineNumber":56,"author":{"gitId":"StanleyW00"},"content":"        return parsedInput.length \u003d\u003d 2;","lastModifiedDate":"2023-09-10"},{"lineNumber":57,"author":{"gitId":"StanleyW00"},"content":"    }","lastModifiedDate":"2023-09-10"},{"lineNumber":58,"author":{"gitId":"StanleyW00"},"content":"","lastModifiedDate":"2023-09-10"},{"lineNumber":59,"author":{"gitId":"StanleyW00"},"content":"    public static void addDeadline(String input) throws DukeTaskException {","lastModifiedDate":"2023-09-10"},{"lineNumber":60,"author":{"gitId":"StanleyW00"},"content":"        String[] parsedInput \u003d input.split(BY_KEYWORD);","lastModifiedDate":"2023-09-10"},{"lineNumber":61,"author":{"gitId":"StanleyW00"},"content":"","lastModifiedDate":"2023-09-10"},{"lineNumber":62,"author":{"gitId":"StanleyW00"},"content":"        if (!checkNumOfDeadlineKeyword(parsedInput)) {","lastModifiedDate":"2023-09-10"},{"lineNumber":63,"author":{"gitId":"StanleyW00"},"content":"            throw new DukeTaskException();","lastModifiedDate":"2023-09-10"},{"lineNumber":64,"author":{"gitId":"StanleyW00"},"content":"        }","lastModifiedDate":"2023-09-10"},{"lineNumber":65,"author":{"gitId":"StanleyW00"},"content":"","lastModifiedDate":"2023-09-10"},{"lineNumber":66,"author":{"gitId":"StanleyW00"},"content":"        tasks[tasksCount] \u003d new Deadline(parsedInput[0].trim(), parsedInput[1].trim());","lastModifiedDate":"2023-09-10"},{"lineNumber":67,"author":{"gitId":"StanleyW00"},"content":"        tasksCount++;","lastModifiedDate":"2023-09-02"},{"lineNumber":68,"author":{"gitId":"StanleyW00"},"content":"    }","lastModifiedDate":"2023-09-02"},{"lineNumber":69,"author":{"gitId":"StanleyW00"},"content":"","lastModifiedDate":"2023-09-02"},{"lineNumber":70,"author":{"gitId":"StanleyW00"},"content":"    public static boolean checkNumOfEventKeywords(String input) {","lastModifiedDate":"2023-09-10"},{"lineNumber":71,"author":{"gitId":"StanleyW00"},"content":"        int numOfFromKeyword \u003d input.split(FROM_KEYWORD).length - 1;","lastModifiedDate":"2023-09-10"},{"lineNumber":72,"author":{"gitId":"StanleyW00"},"content":"        int numOfToKeyword \u003d input.split(TO_KEYWORD).length - 1;","lastModifiedDate":"2023-09-10"},{"lineNumber":73,"author":{"gitId":"StanleyW00"},"content":"","lastModifiedDate":"2023-09-10"},{"lineNumber":74,"author":{"gitId":"StanleyW00"},"content":"        return numOfFromKeyword \u003d\u003d 1 \u0026\u0026 numOfToKeyword \u003d\u003d 1;","lastModifiedDate":"2023-09-10"},{"lineNumber":75,"author":{"gitId":"StanleyW00"},"content":"    }","lastModifiedDate":"2023-09-10"},{"lineNumber":76,"author":{"gitId":"StanleyW00"},"content":"","lastModifiedDate":"2023-09-10"},{"lineNumber":77,"author":{"gitId":"StanleyW00"},"content":"    public static boolean checkPosOfEventKeywords(String input) {","lastModifiedDate":"2023-09-10"},{"lineNumber":78,"author":{"gitId":"StanleyW00"},"content":"        return input.indexOf(FROM_KEYWORD) \u003c input.indexOf(TO_KEYWORD);","lastModifiedDate":"2023-09-10"},{"lineNumber":79,"author":{"gitId":"StanleyW00"},"content":"    }","lastModifiedDate":"2023-09-10"},{"lineNumber":80,"author":{"gitId":"StanleyW00"},"content":"","lastModifiedDate":"2023-09-10"},{"lineNumber":81,"author":{"gitId":"StanleyW00"},"content":"    public static void addEvent(String input) throws DukeTaskException {","lastModifiedDate":"2023-09-10"},{"lineNumber":82,"author":{"gitId":"StanleyW00"},"content":"        if (!checkNumOfEventKeywords(input) || !checkPosOfEventKeywords(input)) {","lastModifiedDate":"2023-09-10"},{"lineNumber":83,"author":{"gitId":"StanleyW00"},"content":"            throw new DukeTaskException();","lastModifiedDate":"2023-09-10"},{"lineNumber":84,"author":{"gitId":"StanleyW00"},"content":"        }","lastModifiedDate":"2023-09-10"},{"lineNumber":85,"author":{"gitId":"StanleyW00"},"content":"","lastModifiedDate":"2023-09-10"},{"lineNumber":86,"author":{"gitId":"StanleyW00"},"content":"        String[] parsedInput \u003d input.split(FROM_KEYWORD + \"|\" + TO_KEYWORD);","lastModifiedDate":"2023-09-10"},{"lineNumber":87,"author":{"gitId":"StanleyW00"},"content":"","lastModifiedDate":"2023-09-10"},{"lineNumber":88,"author":{"gitId":"StanleyW00"},"content":"        tasks[tasksCount] \u003d new Event(parsedInput[0].trim(), parsedInput[1].trim(), parsedInput[2].trim());","lastModifiedDate":"2023-09-10"},{"lineNumber":89,"author":{"gitId":"StanleyW00"},"content":"        tasksCount++;","lastModifiedDate":"2023-09-02"},{"lineNumber":90,"author":{"gitId":"StanleyW00"},"content":"    }","lastModifiedDate":"2023-09-02"},{"lineNumber":91,"author":{"gitId":"StanleyW00"},"content":"","lastModifiedDate":"2023-09-02"},{"lineNumber":92,"author":{"gitId":"StanleyW00"},"content":"    public static void setMarkAsDone(String input) {","lastModifiedDate":"2023-09-02"},{"lineNumber":93,"author":{"gitId":"StanleyW00"},"content":"        int index \u003d Integer.parseInt(input) - 1;","lastModifiedDate":"2023-09-10"},{"lineNumber":94,"author":{"gitId":"StanleyW00"},"content":"        tasks[index].markAsDone();","lastModifiedDate":"2023-09-02"},{"lineNumber":95,"author":{"gitId":"StanleyW00"},"content":"","lastModifiedDate":"2023-08-28"},{"lineNumber":96,"author":{"gitId":"StanleyW00"},"content":"        System.out.println(\"\\tYay! You have completed this task:\");","lastModifiedDate":"2023-08-28"},{"lineNumber":97,"author":{"gitId":"StanleyW00"},"content":"        System.out.println(\"\\t\\t\" + tasks[index]);","lastModifiedDate":"2023-09-03"},{"lineNumber":98,"author":{"gitId":"StanleyW00"},"content":"    }","lastModifiedDate":"2023-08-28"},{"lineNumber":99,"author":{"gitId":"StanleyW00"},"content":"","lastModifiedDate":"2023-08-28"},{"lineNumber":100,"author":{"gitId":"StanleyW00"},"content":"    public static void setUnmarkAsDone(String input) {","lastModifiedDate":"2023-09-02"},{"lineNumber":101,"author":{"gitId":"StanleyW00"},"content":"        int index \u003d Integer.parseInt(input) - 1;","lastModifiedDate":"2023-09-10"},{"lineNumber":102,"author":{"gitId":"StanleyW00"},"content":"        tasks[index].unmarkAsDone();","lastModifiedDate":"2023-09-02"},{"lineNumber":103,"author":{"gitId":"StanleyW00"},"content":"","lastModifiedDate":"2023-08-28"},{"lineNumber":104,"author":{"gitId":"StanleyW00"},"content":"        System.out.println(\"\\tOh no! It seems that you haven\u0027t finish this task:\");","lastModifiedDate":"2023-08-28"},{"lineNumber":105,"author":{"gitId":"StanleyW00"},"content":"        System.out.println(\"\\t\\t\" + tasks[index]);","lastModifiedDate":"2023-09-03"},{"lineNumber":106,"author":{"gitId":"StanleyW00"},"content":"    }","lastModifiedDate":"2023-08-28"},{"lineNumber":107,"author":{"gitId":"StanleyW00"},"content":"","lastModifiedDate":"2023-08-28"},{"lineNumber":108,"author":{"gitId":"StanleyW00"},"content":"    public static void printNumOfTasks() {","lastModifiedDate":"2023-09-10"},{"lineNumber":109,"author":{"gitId":"StanleyW00"},"content":"        System.out.println(\"\\tI took a peak at the list and you have \" + tasksCount","lastModifiedDate":"2023-09-10"},{"lineNumber":110,"author":{"gitId":"StanleyW00"},"content":"                + (tasksCount \u003d\u003d 1 ? \" task\" : \" tasks\") + \" currently.\");","lastModifiedDate":"2023-09-10"},{"lineNumber":111,"author":{"gitId":"StanleyW00"},"content":"    }","lastModifiedDate":"2023-09-10"},{"lineNumber":112,"author":{"gitId":"StanleyW00"},"content":"","lastModifiedDate":"2023-09-10"},{"lineNumber":113,"author":{"gitId":"StanleyW00"},"content":"    public static void printRecentTask(Task task) {","lastModifiedDate":"2023-09-02"},{"lineNumber":114,"author":{"gitId":"StanleyW00"},"content":"        System.out.println(\"\\tI have added the following task into the list:\");","lastModifiedDate":"2023-09-02"},{"lineNumber":115,"author":{"gitId":"StanleyW00"},"content":"        System.out.println(\"\\t\\t\" + task);","lastModifiedDate":"2023-09-02"},{"lineNumber":116,"author":{"gitId":"StanleyW00"},"content":"        printNumOfTasks();","lastModifiedDate":"2023-09-10"},{"lineNumber":117,"author":{"gitId":"StanleyW00"},"content":"    }","lastModifiedDate":"2023-09-02"},{"lineNumber":118,"author":{"gitId":"StanleyW00"},"content":"","lastModifiedDate":"2023-09-02"},{"lineNumber":119,"author":{"gitId":"StanleyW00"},"content":"    public static void printTasks() {","lastModifiedDate":"2023-09-02"},{"lineNumber":120,"author":{"gitId":"StanleyW00"},"content":"        System.out.println(\"\\tHere are your tasks you have inputted:\");","lastModifiedDate":"2023-08-28"},{"lineNumber":121,"author":{"gitId":"StanleyW00"},"content":"        for (int i \u003d 1; i \u003c\u003d tasksCount; i++) {","lastModifiedDate":"2023-08-28"},{"lineNumber":122,"author":{"gitId":"StanleyW00"},"content":"            System.out.println(\"\\t\" + i + \".\" + tasks[i - 1]);","lastModifiedDate":"2023-09-03"},{"lineNumber":123,"author":{"gitId":"StanleyW00"},"content":"        }","lastModifiedDate":"2023-08-28"},{"lineNumber":124,"author":{"gitId":"StanleyW00"},"content":"    }","lastModifiedDate":"2023-08-28"},{"lineNumber":125,"author":{"gitId":"StanleyW00"},"content":"","lastModifiedDate":"2023-08-28"},{"lineNumber":126,"author":{"gitId":"StanleyW00"},"content":"    public static void handleNullPointerException() {","lastModifiedDate":"2023-09-10"},{"lineNumber":127,"author":{"gitId":"StanleyW00"},"content":"        System.out.println(\"\\tUmm, you tried to access a task that does not exist.\");","lastModifiedDate":"2023-09-10"},{"lineNumber":128,"author":{"gitId":"StanleyW00"},"content":"        System.out.println(\"\\tPerhaps you should put a valid number based on the number of tasks \" +","lastModifiedDate":"2023-09-10"},{"lineNumber":129,"author":{"gitId":"StanleyW00"},"content":"                \"you have currently. \");","lastModifiedDate":"2023-09-10"},{"lineNumber":130,"author":{"gitId":"StanleyW00"},"content":"        printNumOfTasks();","lastModifiedDate":"2023-09-10"},{"lineNumber":131,"author":{"gitId":"StanleyW00"},"content":"    }","lastModifiedDate":"2023-09-10"},{"lineNumber":132,"author":{"gitId":"StanleyW00"},"content":"","lastModifiedDate":"2023-09-10"},{"lineNumber":133,"author":{"gitId":"StanleyW00"},"content":"    public static void handleNumberFormatException(String input) {","lastModifiedDate":"2023-09-10"},{"lineNumber":134,"author":{"gitId":"StanleyW00"},"content":"        System.out.println(\"\\tPlease use a valid number for marking or unmarking a task.\");","lastModifiedDate":"2023-09-10"},{"lineNumber":135,"author":{"gitId":"StanleyW00"},"content":"        System.out.println(\"\\tThe number you tried to input is: \" + input);","lastModifiedDate":"2023-09-10"},{"lineNumber":136,"author":{"gitId":"StanleyW00"},"content":"    }","lastModifiedDate":"2023-09-10"},{"lineNumber":137,"author":{"gitId":"StanleyW00"},"content":"","lastModifiedDate":"2023-09-10"},{"lineNumber":138,"author":{"gitId":"StanleyW00"},"content":"    public static void handleDukeCommandException(String command) {","lastModifiedDate":"2023-09-10"},{"lineNumber":139,"author":{"gitId":"StanleyW00"},"content":"        System.out.println(\"\\tSorry I don\u0027t quite understand what your command is.\");","lastModifiedDate":"2023-09-10"},{"lineNumber":140,"author":{"gitId":"StanleyW00"},"content":"        System.out.println(\"\\tPlease a valid command.\");","lastModifiedDate":"2023-09-10"},{"lineNumber":141,"author":{"gitId":"StanleyW00"},"content":"        System.out.println(\"\\tThe command you tried to input is: \" + command);","lastModifiedDate":"2023-09-10"},{"lineNumber":142,"author":{"gitId":"StanleyW00"},"content":"    }","lastModifiedDate":"2023-09-10"},{"lineNumber":143,"author":{"gitId":"StanleyW00"},"content":"","lastModifiedDate":"2023-09-10"},{"lineNumber":144,"author":{"gitId":"StanleyW00"},"content":"    public static void handleDukeTaskException(String command, String input) {","lastModifiedDate":"2023-09-10"},{"lineNumber":145,"author":{"gitId":"StanleyW00"},"content":"        System.out.println(\"\\tSorry your \" + command + \"\u0027s format is invalid.\");","lastModifiedDate":"2023-09-10"},{"lineNumber":146,"author":{"gitId":"StanleyW00"},"content":"        System.out.println(\"\\tYour input should be in this format:\");","lastModifiedDate":"2023-09-10"},{"lineNumber":147,"author":{"gitId":"StanleyW00"},"content":"","lastModifiedDate":"2023-09-10"},{"lineNumber":148,"author":{"gitId":"StanleyW00"},"content":"        if (command.equals(\"todo\")) {","lastModifiedDate":"2023-09-10"},{"lineNumber":149,"author":{"gitId":"StanleyW00"},"content":"            System.out.println(\"\\t\\t\" + TODO_FORMAT);","lastModifiedDate":"2023-09-10"},{"lineNumber":150,"author":{"gitId":"StanleyW00"},"content":"        } else if (command.equals(\"deadline\")) {","lastModifiedDate":"2023-09-10"},{"lineNumber":151,"author":{"gitId":"StanleyW00"},"content":"            System.out.println(\"\\t\\t\" + DEADLINE_FORMAT);","lastModifiedDate":"2023-09-10"},{"lineNumber":152,"author":{"gitId":"StanleyW00"},"content":"        } else {","lastModifiedDate":"2023-09-10"},{"lineNumber":153,"author":{"gitId":"StanleyW00"},"content":"            System.out.println(\"\\t\\t\" + EVENT_FORMAT);","lastModifiedDate":"2023-09-10"},{"lineNumber":154,"author":{"gitId":"StanleyW00"},"content":"        }","lastModifiedDate":"2023-09-10"},{"lineNumber":155,"author":{"gitId":"StanleyW00"},"content":"","lastModifiedDate":"2023-09-10"},{"lineNumber":156,"author":{"gitId":"StanleyW00"},"content":"        System.out.println(\"\\tYour input is: \");","lastModifiedDate":"2023-09-10"},{"lineNumber":157,"author":{"gitId":"StanleyW00"},"content":"        System.out.println(\"\\t\\t\" + command + \" \" + input);","lastModifiedDate":"2023-09-10"},{"lineNumber":158,"author":{"gitId":"StanleyW00"},"content":"    }","lastModifiedDate":"2023-09-10"},{"lineNumber":159,"author":{"gitId":"StanleyW00"},"content":"","lastModifiedDate":"2023-09-10"},{"lineNumber":160,"author":{"gitId":"StanleyW00"},"content":"    public static void executeCommand(String input) {","lastModifiedDate":"2023-09-10"},{"lineNumber":161,"author":{"gitId":"StanleyW00"},"content":"        String[] parsedInput \u003d input.split(\" \", 2);","lastModifiedDate":"2023-09-10"},{"lineNumber":162,"author":{"gitId":"StanleyW00"},"content":"        String command \u003d parsedInput[0];","lastModifiedDate":"2023-09-10"},{"lineNumber":163,"author":{"gitId":"StanleyW00"},"content":"        input \u003d parsedInput.length \u003d\u003d 1 ? \" \" : parsedInput[1].trim();","lastModifiedDate":"2023-09-10"},{"lineNumber":164,"author":{"gitId":"StanleyW00"},"content":"","lastModifiedDate":"2023-09-10"},{"lineNumber":165,"author":{"gitId":"StanleyW00"},"content":"        try {","lastModifiedDate":"2023-09-10"},{"lineNumber":166,"author":{"gitId":"StanleyW00"},"content":"            switch(command) {","lastModifiedDate":"2023-09-10"},{"lineNumber":167,"author":{"gitId":"StanleyW00"},"content":"            case \"list\":","lastModifiedDate":"2023-09-10"},{"lineNumber":168,"author":{"gitId":"StanleyW00"},"content":"                printTasks();","lastModifiedDate":"2023-09-10"},{"lineNumber":169,"author":{"gitId":"StanleyW00"},"content":"                break;","lastModifiedDate":"2023-09-10"},{"lineNumber":170,"author":{"gitId":"StanleyW00"},"content":"            case \"mark\":","lastModifiedDate":"2023-09-10"},{"lineNumber":171,"author":{"gitId":"StanleyW00"},"content":"                setMarkAsDone(input);","lastModifiedDate":"2023-09-10"},{"lineNumber":172,"author":{"gitId":"StanleyW00"},"content":"                break;","lastModifiedDate":"2023-09-10"},{"lineNumber":173,"author":{"gitId":"StanleyW00"},"content":"            case \"unmark\":","lastModifiedDate":"2023-09-10"},{"lineNumber":174,"author":{"gitId":"StanleyW00"},"content":"                setUnmarkAsDone(input);","lastModifiedDate":"2023-09-10"},{"lineNumber":175,"author":{"gitId":"StanleyW00"},"content":"                break;","lastModifiedDate":"2023-09-10"},{"lineNumber":176,"author":{"gitId":"StanleyW00"},"content":"            case \"todo\":","lastModifiedDate":"2023-09-10"},{"lineNumber":177,"author":{"gitId":"StanleyW00"},"content":"                addTodo(input);","lastModifiedDate":"2023-09-10"},{"lineNumber":178,"author":{"gitId":"StanleyW00"},"content":"                printRecentTask(tasks[tasksCount - 1]);","lastModifiedDate":"2023-09-10"},{"lineNumber":179,"author":{"gitId":"StanleyW00"},"content":"                break;","lastModifiedDate":"2023-09-10"},{"lineNumber":180,"author":{"gitId":"StanleyW00"},"content":"            case \"deadline\":","lastModifiedDate":"2023-09-10"},{"lineNumber":181,"author":{"gitId":"StanleyW00"},"content":"                addDeadline(input);","lastModifiedDate":"2023-09-10"},{"lineNumber":182,"author":{"gitId":"StanleyW00"},"content":"                printRecentTask(tasks[tasksCount - 1]);","lastModifiedDate":"2023-09-10"},{"lineNumber":183,"author":{"gitId":"StanleyW00"},"content":"                break;","lastModifiedDate":"2023-09-10"},{"lineNumber":184,"author":{"gitId":"StanleyW00"},"content":"            case \"event\":","lastModifiedDate":"2023-09-10"},{"lineNumber":185,"author":{"gitId":"StanleyW00"},"content":"                addEvent(input);","lastModifiedDate":"2023-09-10"},{"lineNumber":186,"author":{"gitId":"StanleyW00"},"content":"                printRecentTask(tasks[tasksCount - 1]);","lastModifiedDate":"2023-09-10"},{"lineNumber":187,"author":{"gitId":"StanleyW00"},"content":"                break;","lastModifiedDate":"2023-09-10"},{"lineNumber":188,"author":{"gitId":"StanleyW00"},"content":"            case \"bye\":","lastModifiedDate":"2023-09-10"},{"lineNumber":189,"author":{"gitId":"StanleyW00"},"content":"                tellGoodbye();","lastModifiedDate":"2023-09-10"},{"lineNumber":190,"author":{"gitId":"StanleyW00"},"content":"                System.exit(0);","lastModifiedDate":"2023-09-10"},{"lineNumber":191,"author":{"gitId":"StanleyW00"},"content":"            default:","lastModifiedDate":"2023-09-10"},{"lineNumber":192,"author":{"gitId":"StanleyW00"},"content":"                throw new DukeCommandException();","lastModifiedDate":"2023-09-10"},{"lineNumber":193,"author":{"gitId":"StanleyW00"},"content":"            }","lastModifiedDate":"2023-09-10"},{"lineNumber":194,"author":{"gitId":"StanleyW00"},"content":"        } catch (NullPointerException exception) {","lastModifiedDate":"2023-09-10"},{"lineNumber":195,"author":{"gitId":"StanleyW00"},"content":"            handleNullPointerException();","lastModifiedDate":"2023-09-10"},{"lineNumber":196,"author":{"gitId":"StanleyW00"},"content":"        } catch (NumberFormatException exception) {","lastModifiedDate":"2023-09-10"},{"lineNumber":197,"author":{"gitId":"StanleyW00"},"content":"            handleNumberFormatException(input);","lastModifiedDate":"2023-09-10"},{"lineNumber":198,"author":{"gitId":"StanleyW00"},"content":"        } catch (DukeCommandException exception) {","lastModifiedDate":"2023-09-10"},{"lineNumber":199,"author":{"gitId":"StanleyW00"},"content":"            handleDukeCommandException(command);","lastModifiedDate":"2023-09-10"},{"lineNumber":200,"author":{"gitId":"StanleyW00"},"content":"        } catch (DukeTaskException exception) {","lastModifiedDate":"2023-09-10"},{"lineNumber":201,"author":{"gitId":"StanleyW00"},"content":"            handleDukeTaskException(command, input);","lastModifiedDate":"2023-09-10"},{"lineNumber":202,"author":{"gitId":"StanleyW00"},"content":"        }","lastModifiedDate":"2023-09-10"},{"lineNumber":203,"author":{"gitId":"StanleyW00"},"content":"    }","lastModifiedDate":"2023-09-10"},{"lineNumber":204,"author":{"gitId":"StanleyW00"},"content":"","lastModifiedDate":"2023-09-10"},{"lineNumber":205,"author":{"gitId":"-"},"content":"    public static void main(String[] args) {","lastModifiedDate":"2019-07-29"},{"lineNumber":206,"author":{"gitId":"StanleyW00"},"content":"        String input \u003d \"\";","lastModifiedDate":"2023-08-28"},{"lineNumber":207,"author":{"gitId":"StanleyW00"},"content":"        Scanner in \u003d new Scanner(System.in);","lastModifiedDate":"2023-09-10"},{"lineNumber":208,"author":{"gitId":"StanleyW00"},"content":"","lastModifiedDate":"2023-08-28"},{"lineNumber":209,"author":{"gitId":"StanleyW00"},"content":"        tellGreeting();","lastModifiedDate":"2023-09-10"},{"lineNumber":210,"author":{"gitId":"StanleyW00"},"content":"        while (true) {","lastModifiedDate":"2023-09-10"},{"lineNumber":211,"author":{"gitId":"StanleyW00"},"content":"            input \u003d getInput(in);","lastModifiedDate":"2023-09-10"},{"lineNumber":212,"author":{"gitId":"StanleyW00"},"content":"            System.out.println(\"\\t\" + HORIZONTAL_LINE);","lastModifiedDate":"2023-09-02"},{"lineNumber":213,"author":{"gitId":"StanleyW00"},"content":"            executeCommand(input);","lastModifiedDate":"2023-09-10"},{"lineNumber":214,"author":{"gitId":"StanleyW00"},"content":"            System.out.println(\"\\t\" + HORIZONTAL_LINE);","lastModifiedDate":"2023-09-10"},{"lineNumber":215,"author":{"gitId":"StanleyW00"},"content":"        }","lastModifiedDate":"2023-08-28"},{"lineNumber":216,"author":{"gitId":"-"},"content":"    }","lastModifiedDate":"2019-07-29"},{"lineNumber":217,"author":{"gitId":"-"},"content":"}","lastModifiedDate":"2019-07-29"}],"authorContributionMap":{"StanleyW00":213,"-":4}},{"path":"src/main/java/duke/exception/DukeCommandException.java","fileType":"java","lines":[{"lineNumber":1,"author":{"gitId":"StanleyW00"},"content":"package duke.exception;","lastModifiedDate":"2023-09-10"},{"lineNumber":2,"author":{"gitId":"StanleyW00"},"content":"","lastModifiedDate":"2023-09-10"},{"lineNumber":3,"author":{"gitId":"StanleyW00"},"content":"public class DukeCommandException extends Exception{","lastModifiedDate":"2023-09-10"},{"lineNumber":4,"author":{"gitId":"StanleyW00"},"content":"","lastModifiedDate":"2023-09-10"},{"lineNumber":5,"author":{"gitId":"StanleyW00"},"content":"}","lastModifiedDate":"2023-09-10"}],"authorContributionMap":{"StanleyW00":5}},{"path":"src/main/java/duke/exception/DukeTaskException.java","fileType":"java","lines":[{"lineNumber":1,"author":{"gitId":"StanleyW00"},"content":"package duke.exception;","lastModifiedDate":"2023-09-10"},{"lineNumber":2,"author":{"gitId":"StanleyW00"},"content":"","lastModifiedDate":"2023-09-10"},{"lineNumber":3,"author":{"gitId":"StanleyW00"},"content":"public class DukeTaskException extends Exception{","lastModifiedDate":"2023-09-10"},{"lineNumber":4,"author":{"gitId":"StanleyW00"},"content":"","lastModifiedDate":"2023-09-10"},{"lineNumber":5,"author":{"gitId":"StanleyW00"},"content":"}","lastModifiedDate":"2023-09-10"}],"authorContributionMap":{"StanleyW00":5}},{"path":"src/main/java/duke/task/Deadline.java","fileType":"java","lines":[{"lineNumber":1,"author":{"gitId":"StanleyW00"},"content":"package duke.task;","lastModifiedDate":"2023-09-10"},{"lineNumber":2,"author":{"gitId":"StanleyW00"},"content":"","lastModifiedDate":"2023-09-10"},{"lineNumber":3,"author":{"gitId":"StanleyW00"},"content":"public class Deadline extends Task{","lastModifiedDate":"2023-09-02"},{"lineNumber":4,"author":{"gitId":"StanleyW00"},"content":"    protected String by;","lastModifiedDate":"2023-09-02"},{"lineNumber":5,"author":{"gitId":"StanleyW00"},"content":"","lastModifiedDate":"2023-09-02"},{"lineNumber":6,"author":{"gitId":"StanleyW00"},"content":"    public Deadline(String description, String by) {","lastModifiedDate":"2023-09-02"},{"lineNumber":7,"author":{"gitId":"StanleyW00"},"content":"        super(description);","lastModifiedDate":"2023-09-02"},{"lineNumber":8,"author":{"gitId":"StanleyW00"},"content":"        this.by \u003d by;","lastModifiedDate":"2023-09-02"},{"lineNumber":9,"author":{"gitId":"StanleyW00"},"content":"    }","lastModifiedDate":"2023-09-02"},{"lineNumber":10,"author":{"gitId":"StanleyW00"},"content":"","lastModifiedDate":"2023-09-02"},{"lineNumber":11,"author":{"gitId":"StanleyW00"},"content":"    @Override","lastModifiedDate":"2023-09-02"},{"lineNumber":12,"author":{"gitId":"StanleyW00"},"content":"    public String toString() {","lastModifiedDate":"2023-09-02"},{"lineNumber":13,"author":{"gitId":"StanleyW00"},"content":"        return \"[D]\" + super.toString() + \" (by: \" + by + \")\";","lastModifiedDate":"2023-09-02"},{"lineNumber":14,"author":{"gitId":"StanleyW00"},"content":"    }","lastModifiedDate":"2023-09-02"},{"lineNumber":15,"author":{"gitId":"StanleyW00"},"content":"}","lastModifiedDate":"2023-09-02"}],"authorContributionMap":{"StanleyW00":15}},{"path":"src/main/java/duke/task/Event.java","fileType":"java","lines":[{"lineNumber":1,"author":{"gitId":"StanleyW00"},"content":"package duke.task;","lastModifiedDate":"2023-09-10"},{"lineNumber":2,"author":{"gitId":"StanleyW00"},"content":"","lastModifiedDate":"2023-09-10"},{"lineNumber":3,"author":{"gitId":"StanleyW00"},"content":"public class Event extends Task{","lastModifiedDate":"2023-09-02"},{"lineNumber":4,"author":{"gitId":"StanleyW00"},"content":"    protected String start;","lastModifiedDate":"2023-09-02"},{"lineNumber":5,"author":{"gitId":"StanleyW00"},"content":"    protected String end;","lastModifiedDate":"2023-09-02"},{"lineNumber":6,"author":{"gitId":"StanleyW00"},"content":"","lastModifiedDate":"2023-09-02"},{"lineNumber":7,"author":{"gitId":"StanleyW00"},"content":"    public Event(String description, String start, String end) {","lastModifiedDate":"2023-09-02"},{"lineNumber":8,"author":{"gitId":"StanleyW00"},"content":"        super(description);","lastModifiedDate":"2023-09-02"},{"lineNumber":9,"author":{"gitId":"StanleyW00"},"content":"        this.start \u003d start;","lastModifiedDate":"2023-09-02"},{"lineNumber":10,"author":{"gitId":"StanleyW00"},"content":"        this.end \u003d end;","lastModifiedDate":"2023-09-02"},{"lineNumber":11,"author":{"gitId":"StanleyW00"},"content":"    }","lastModifiedDate":"2023-09-02"},{"lineNumber":12,"author":{"gitId":"StanleyW00"},"content":"","lastModifiedDate":"2023-09-02"},{"lineNumber":13,"author":{"gitId":"StanleyW00"},"content":"    @Override","lastModifiedDate":"2023-09-02"},{"lineNumber":14,"author":{"gitId":"StanleyW00"},"content":"    public String toString() {","lastModifiedDate":"2023-09-02"},{"lineNumber":15,"author":{"gitId":"StanleyW00"},"content":"        return \"[E]\" + super.toString() + \" (from: \" + start + \" to: \" + end + \")\";","lastModifiedDate":"2023-09-02"},{"lineNumber":16,"author":{"gitId":"StanleyW00"},"content":"    }","lastModifiedDate":"2023-09-02"},{"lineNumber":17,"author":{"gitId":"StanleyW00"},"content":"}","lastModifiedDate":"2023-09-02"}],"authorContributionMap":{"StanleyW00":17}},{"path":"src/main/java/duke/task/Task.java","fileType":"java","lines":[{"lineNumber":1,"author":{"gitId":"StanleyW00"},"content":"package duke.task;","lastModifiedDate":"2023-09-10"},{"lineNumber":2,"author":{"gitId":"StanleyW00"},"content":"","lastModifiedDate":"2023-09-10"},{"lineNumber":3,"author":{"gitId":"StanleyW00"},"content":"public abstract class Task {","lastModifiedDate":"2023-09-10"},{"lineNumber":4,"author":{"gitId":"StanleyW00"},"content":"    private String description;","lastModifiedDate":"2023-08-28"},{"lineNumber":5,"author":{"gitId":"StanleyW00"},"content":"    private boolean isDone;","lastModifiedDate":"2023-08-28"},{"lineNumber":6,"author":{"gitId":"StanleyW00"},"content":"","lastModifiedDate":"2023-08-28"},{"lineNumber":7,"author":{"gitId":"StanleyW00"},"content":"    public Task(String description) {","lastModifiedDate":"2023-08-28"},{"lineNumber":8,"author":{"gitId":"StanleyW00"},"content":"        this.description \u003d description;","lastModifiedDate":"2023-08-28"},{"lineNumber":9,"author":{"gitId":"StanleyW00"},"content":"        this.isDone \u003d false;","lastModifiedDate":"2023-08-28"},{"lineNumber":10,"author":{"gitId":"StanleyW00"},"content":"    }","lastModifiedDate":"2023-08-28"},{"lineNumber":11,"author":{"gitId":"StanleyW00"},"content":"","lastModifiedDate":"2023-08-28"},{"lineNumber":12,"author":{"gitId":"StanleyW00"},"content":"    public String getStatusIcon() {","lastModifiedDate":"2023-08-28"},{"lineNumber":13,"author":{"gitId":"StanleyW00"},"content":"        return (isDone ? \"X\" : \" \");","lastModifiedDate":"2023-08-28"},{"lineNumber":14,"author":{"gitId":"StanleyW00"},"content":"    }","lastModifiedDate":"2023-08-28"},{"lineNumber":15,"author":{"gitId":"StanleyW00"},"content":"","lastModifiedDate":"2023-08-28"},{"lineNumber":16,"author":{"gitId":"StanleyW00"},"content":"    public String getDescription() {","lastModifiedDate":"2023-08-28"},{"lineNumber":17,"author":{"gitId":"StanleyW00"},"content":"        return description;","lastModifiedDate":"2023-08-28"},{"lineNumber":18,"author":{"gitId":"StanleyW00"},"content":"    }","lastModifiedDate":"2023-08-28"},{"lineNumber":19,"author":{"gitId":"StanleyW00"},"content":"","lastModifiedDate":"2023-08-28"},{"lineNumber":20,"author":{"gitId":"StanleyW00"},"content":"    public void markAsDone() {","lastModifiedDate":"2023-08-28"},{"lineNumber":21,"author":{"gitId":"StanleyW00"},"content":"        isDone \u003d true;","lastModifiedDate":"2023-08-28"},{"lineNumber":22,"author":{"gitId":"StanleyW00"},"content":"    }","lastModifiedDate":"2023-08-28"},{"lineNumber":23,"author":{"gitId":"StanleyW00"},"content":"","lastModifiedDate":"2023-08-28"},{"lineNumber":24,"author":{"gitId":"StanleyW00"},"content":"    public void unmarkAsDone() {","lastModifiedDate":"2023-08-28"},{"lineNumber":25,"author":{"gitId":"StanleyW00"},"content":"        isDone \u003d false;","lastModifiedDate":"2023-08-28"},{"lineNumber":26,"author":{"gitId":"StanleyW00"},"content":"    }","lastModifiedDate":"2023-08-28"},{"lineNumber":27,"author":{"gitId":"StanleyW00"},"content":"","lastModifiedDate":"2023-09-02"},{"lineNumber":28,"author":{"gitId":"StanleyW00"},"content":"    @Override","lastModifiedDate":"2023-09-02"},{"lineNumber":29,"author":{"gitId":"StanleyW00"},"content":"    public String toString() {","lastModifiedDate":"2023-09-02"},{"lineNumber":30,"author":{"gitId":"StanleyW00"},"content":"        return \"[\" + getStatusIcon() + \"] \" + description;","lastModifiedDate":"2023-09-02"},{"lineNumber":31,"author":{"gitId":"StanleyW00"},"content":"    }","lastModifiedDate":"2023-09-02"},{"lineNumber":32,"author":{"gitId":"StanleyW00"},"content":"}","lastModifiedDate":"2023-08-28"}],"authorContributionMap":{"StanleyW00":32}},{"path":"src/main/java/duke/task/Todo.java","fileType":"java","lines":[{"lineNumber":1,"author":{"gitId":"StanleyW00"},"content":"package duke.task;","lastModifiedDate":"2023-09-10"},{"lineNumber":2,"author":{"gitId":"StanleyW00"},"content":"","lastModifiedDate":"2023-09-10"},{"lineNumber":3,"author":{"gitId":"StanleyW00"},"content":"public class Todo extends Task {","lastModifiedDate":"2023-09-02"},{"lineNumber":4,"author":{"gitId":"StanleyW00"},"content":"","lastModifiedDate":"2023-09-02"},{"lineNumber":5,"author":{"gitId":"StanleyW00"},"content":"    public Todo(String description) {","lastModifiedDate":"2023-09-02"},{"lineNumber":6,"author":{"gitId":"StanleyW00"},"content":"        super(description);","lastModifiedDate":"2023-09-02"},{"lineNumber":7,"author":{"gitId":"StanleyW00"},"content":"    }","lastModifiedDate":"2023-09-02"},{"lineNumber":8,"author":{"gitId":"StanleyW00"},"content":"","lastModifiedDate":"2023-09-02"},{"lineNumber":9,"author":{"gitId":"StanleyW00"},"content":"    @Override","lastModifiedDate":"2023-09-02"},{"lineNumber":10,"author":{"gitId":"StanleyW00"},"content":"    public String toString() {","lastModifiedDate":"2023-09-02"},{"lineNumber":11,"author":{"gitId":"StanleyW00"},"content":"        return \"[T]\" + super.toString();","lastModifiedDate":"2023-09-02"},{"lineNumber":12,"author":{"gitId":"StanleyW00"},"content":"    }","lastModifiedDate":"2023-09-02"},{"lineNumber":13,"author":{"gitId":"StanleyW00"},"content":"}","lastModifiedDate":"2023-09-02"}],"authorContributionMap":{"StanleyW00":13}},{"path":"text-ui-test/input.txt","fileType":"txt","lines":[{"lineNumber":1,"author":{"gitId":"StanleyW00"},"content":"todo borrow book","lastModifiedDate":"2023-09-07"},{"lineNumber":2,"author":{"gitId":"StanleyW00"},"content":"deadline return book /by Sunday","lastModifiedDate":"2023-09-07"},{"lineNumber":3,"author":{"gitId":"StanleyW00"},"content":"event project meeting /from Mon 2pm /to 4pm","lastModifiedDate":"2023-09-07"},{"lineNumber":4,"author":{"gitId":"StanleyW00"},"content":"deadline do homework /by no idea :-p","lastModifiedDate":"2023-09-07"},{"lineNumber":5,"author":{"gitId":"StanleyW00"},"content":"list","lastModifiedDate":"2023-09-07"},{"lineNumber":6,"author":{"gitId":"StanleyW00"},"content":"mark 2","lastModifiedDate":"2023-09-07"},{"lineNumber":7,"author":{"gitId":"StanleyW00"},"content":"mark 4","lastModifiedDate":"2023-09-07"},{"lineNumber":8,"author":{"gitId":"StanleyW00"},"content":"list","lastModifiedDate":"2023-09-07"},{"lineNumber":9,"author":{"gitId":"StanleyW00"},"content":"unmark 4","lastModifiedDate":"2023-09-07"},{"lineNumber":10,"author":{"gitId":"StanleyW00"},"content":"list","lastModifiedDate":"2023-09-07"},{"lineNumber":11,"author":{"gitId":"StanleyW00"},"content":"bye","lastModifiedDate":"2023-09-07"}],"authorContributionMap":{"StanleyW00":11}}]
