{"authorDailyContributionsMap":{"StanleyW00":[{"date":"2023-08-28","commitResults":[{"hash":"a3966dbb700a2633165687e82b26b3a3452d2ecd","isMergeCommit":false,"messageTitle":"Change bot\u0027s name and modify greeting","messageBody":"","fileTypesAndContributionMap":{"java":{"insertions":2,"deletions":6}}},{"hash":"2424a97121d2d51f27c5ad32f0a803a8d5592f2a","isMergeCommit":false,"messageTitle":"Add new line to the greeting","messageBody":"","fileTypesAndContributionMap":{"java":{"insertions":1,"deletions":0}}},{"hash":"dce66a8bcab1a3d791f1f56d2427a62c9ee33067","isMergeCommit":false,"messageTitle":"Add horizontal lines and an exit message","messageBody":"","tags":["Level-0"],"fileTypesAndContributionMap":{"java":{"insertions":6,"deletions":1}}},{"hash":"26358ee9f01309c8d6a50dfaaec8d373bb57d6a8","isMergeCommit":false,"messageTitle":"Add input function and input echo function","messageBody":"","fileTypesAndContributionMap":{"java":{"insertions":22,"deletions":6}}},{"hash":"a0b1da01643ac2c9e9cc53dfef264a22b3cae048","isMergeCommit":false,"messageTitle":"Modify greeting line","messageBody":"","tags":["Level-1"],"fileTypesAndContributionMap":{"java":{"insertions":1,"deletions":1}}},{"hash":"bed8da612780ad38b166082a7d16f87f1b3c060e","isMergeCommit":false,"messageTitle":"Remove echo function and add tasks function","messageBody":"","fileTypesAndContributionMap":{"java":{"insertions":10,"deletions":2}}},{"hash":"6adab98a52d1476774c435712005bae38dddbad2","isMergeCommit":false,"messageTitle":"Modify greeting and add more line to greeting","messageBody":"","fileTypesAndContributionMap":{"java":{"insertions":3,"deletions":1}}},{"hash":"aca89ffa65b4c18715c4cbbd13eb77dea899b6b4","isMergeCommit":false,"messageTitle":"Modify constant to follow standards","messageBody":"","fileTypesAndContributionMap":{"java":{"insertions":2,"deletions":2}}},{"hash":"9b49573de300c113f4e627c7087ce4ab4fbfecdb","isMergeCommit":false,"messageTitle":"Add print tasks method","messageBody":"","tags":["Level-2"],"fileTypesAndContributionMap":{"java":{"insertions":8,"deletions":3}}},{"hash":"463f9a138a654894f27b997b72ac15fc384428a7","isMergeCommit":false,"messageTitle":"Add Task class and its properties","messageBody":"","fileTypesAndContributionMap":{"java":{"insertions":25,"deletions":0}}},{"hash":"3f3ca4749fea1713fac8c3db931515d249a942b8","isMergeCommit":false,"messageTitle":"Modify code to use Task class","messageBody":"","fileTypesAndContributionMap":{"java":{"insertions":4,"deletions":4}}},{"hash":"6a810ba936fcda39429ac7055620bbaf5d7e9e57","isMergeCommit":false,"messageTitle":"Add mark task method and modify print task method","messageBody":"","fileTypesAndContributionMap":{"java":{"insertions":14,"deletions":1}}},{"hash":"a0215ad293717b790f2308b1481c42bfb998dbbe","isMergeCommit":false,"messageTitle":"Add unmark task method","messageBody":"","fileTypesAndContributionMap":{"java":{"insertions":12,"deletions":0}}},{"hash":"d184a411d241a089948990b0d510364850676276","isMergeCommit":false,"messageTitle":"Add new line to print task method","messageBody":"","fileTypesAndContributionMap":{"java":{"insertions":1,"deletions":0}}},{"hash":"934f635822027a81bee6519f484f5bb6f20dc0ab","isMergeCommit":false,"messageTitle":"Fix method name for unmark task method","messageBody":"","tags":["Level-3","A-CodingStandard"],"fileTypesAndContributionMap":{"java":{"insertions":2,"deletions":2}}}]},{"date":"2023-09-02","commitResults":[{"hash":"60e864c69aad3c7ca77d5cdc839b171328435769","isMergeCommit":false,"messageTitle":"Add Deadline, Event, and Todo method","messageBody":"","fileTypesAndContributionMap":{"java":{"insertions":25,"deletions":0}}},{"hash":"29af5b7606749c0ea7cd86673784534c0da053b1","isMergeCommit":false,"messageTitle":"Add divideInput method","messageBody":"","fileTypesAndContributionMap":{"java":{"insertions":7,"deletions":4}}},{"hash":"9a27bcaaa32d68b3369c320d3fda4f2acee214ec","isMergeCommit":false,"messageTitle":"Add horizontal line constant","messageBody":"","fileTypesAndContributionMap":{"java":{"insertions":8,"deletions":7}}},{"hash":"54ead7565aaac9da9a0171fc483eb6eff600a0f0","isMergeCommit":false,"messageTitle":"Override toString methods","messageBody":"","fileTypesAndContributionMap":{"java":{"insertions":29,"deletions":10}}},{"hash":"4639bf431d2bbd9ae02f415b5dcaaa85aeada2fd","isMergeCommit":false,"messageTitle":"Change tasks and tasks count into global variables","messageBody":"","fileTypesAndContributionMap":{"java":{"insertions":8,"deletions":9}}},{"hash":"665dea294977c17241a59f9042a9bfbe8d4c2997","isMergeCommit":false,"messageTitle":"Create add task, todo, deadline, and event method","messageBody":"","fileTypesAndContributionMap":{"java":{"insertions":49,"deletions":4}}}]},{"date":"2023-09-03","commitResults":[{"hash":"0c767a271a168c1afaafc0c7baabe37f0e9e9f8f","isMergeCommit":false,"messageTitle":"Refactor some methods","messageBody":"","tags":["Level-4","A-CodeQuality"],"fileTypesAndContributionMap":{"java":{"insertions":22,"deletions":20}}}]},{"date":"2023-09-07","commitResults":[{"hash":"3ea7de17fd50f2eab90b0743847ba10aaf216c6b","isMergeCommit":false,"messageTitle":"Modify text files for automated text UI testing","messageBody":"","tags":["A-TextUiTesting"],"fileTypesAndContributionMap":{"txt":{"insertions":11,"deletions":0}}}]},{"date":"2023-09-10","commitResults":[{"hash":"06a2a5873e3149cd04cf22a611aec22ffb04827a","isMergeCommit":false,"messageTitle":"Change if-else statement to switch statement","messageBody":"","fileTypesAndContributionMap":{"java":{"insertions":39,"deletions":25}}},{"hash":"4747f6703d434103da17f24eeca24c34d6c8143b","isMergeCommit":false,"messageTitle":"Modify methods and remove unused methods","messageBody":"","fileTypesAndContributionMap":{"java":{"insertions":18,"deletions":39}}},{"hash":"ddb355476702bed371b3cc980abd9a0a6bd49203","isMergeCommit":false,"messageTitle":"Handle errors in execute command method","messageBody":"","fileTypesAndContributionMap":{"java":{"insertions":77,"deletions":35}}},{"hash":"912c73d6e88f73bf67cdf7aa3eb3fb41d2c95983","isMergeCommit":false,"messageTitle":"Refactor and modify methods","messageBody":"","fileTypesAndContributionMap":{"java":{"insertions":36,"deletions":22}}},{"hash":"593cc5d5ce630d5c8a0333add704995e94fffba2","isMergeCommit":false,"messageTitle":"Add handle exception methods","messageBody":"","fileTypesAndContributionMap":{"java":{"insertions":48,"deletions":13}}},{"hash":"06db6e930074eb7e6fad9874dd7b80d3f34e5677","isMergeCommit":false,"messageTitle":"Modify Task class into an abstract class","messageBody":"","fileTypesAndContributionMap":{"java":{"insertions":1,"deletions":1}}},{"hash":"726f3bf7889bf741a0d4e928cb4947f6e8522ee6","isMergeCommit":false,"messageTitle":"Modify getInput method","messageBody":"","fileTypesAndContributionMap":{"java":{"insertions":3,"deletions":3}}},{"hash":"9ddf97f08d2481f51d69718876c751c86471bf82","isMergeCommit":false,"messageTitle":"Add exception handle to todo","messageBody":"","fileTypesAndContributionMap":{"java":{"insertions":14,"deletions":3}}},{"hash":"1104df3af70f4af27c6d7a86bc1a3ac5ccabe268","isMergeCommit":true,"messageTitle":"Merge branch \u0027branch-Level-5\u0027","messageBody":"","tags":["Level-5","A-Exceptions"],"fileTypesAndContributionMap":{}},{"hash":"27f0e35803d33cb4dc077ebd07c73c61b0351b87","isMergeCommit":false,"messageTitle":"Move files into duke package","messageBody":"","fileTypesAndContributionMap":{"java":{"insertions":14,"deletions":0}}},{"hash":"cb5e6c27d15070739fa218bc783ef1f7afe7a911","isMergeCommit":false,"messageTitle":"Add task and exception packages","messageBody":"","fileTypesAndContributionMap":{"java":{"insertions":14,"deletions":7}}},{"hash":"9666ff459ca15c7889b440155aa7823afd81220d","isMergeCommit":true,"messageTitle":"Merge branch \u0027branch-A-Packages\u0027","messageBody":"","tags":["A-Packages"],"fileTypesAndContributionMap":{}}]}]},"authorFileTypeContributionMap":{"StanleyW00":{"java":300,"md":0,"fxml":0,"sh":0,"bat":0,"gradle":0,"txt":11}},"authorContributionVariance":{"StanleyW00":8036.7065},"authorDisplayNameMap":{"StanleyW00":"STAN..JAYA"}}
