[{"path":"src/main/java/Deadline.java","fileType":"java","lines":[{"lineNumber":1,"author":{"gitId":"danielpappa"},"content":"public class Deadline extends Task{","lastModifiedDate":"2023-09-01"},{"lineNumber":2,"author":{"gitId":"danielpappa"},"content":"    protected String deadline;","lastModifiedDate":"2023-09-01"},{"lineNumber":3,"author":{"gitId":"danielpappa"},"content":"    public Deadline(String description, String deadline) {","lastModifiedDate":"2023-09-01"},{"lineNumber":4,"author":{"gitId":"danielpappa"},"content":"        super(description);","lastModifiedDate":"2023-09-01"},{"lineNumber":5,"author":{"gitId":"danielpappa"},"content":"        this.deadline \u003d deadline;","lastModifiedDate":"2023-09-01"},{"lineNumber":6,"author":{"gitId":"danielpappa"},"content":"    }","lastModifiedDate":"2023-09-01"},{"lineNumber":7,"author":{"gitId":"danielpappa"},"content":"    public void setDeadline(String deadline) {","lastModifiedDate":"2023-09-01"},{"lineNumber":8,"author":{"gitId":"danielpappa"},"content":"","lastModifiedDate":"2023-09-01"},{"lineNumber":9,"author":{"gitId":"danielpappa"},"content":"        this.deadline \u003d deadline;","lastModifiedDate":"2023-09-01"},{"lineNumber":10,"author":{"gitId":"danielpappa"},"content":"    }","lastModifiedDate":"2023-09-01"},{"lineNumber":11,"author":{"gitId":"danielpappa"},"content":"    public String getDeadline() {","lastModifiedDate":"2023-09-01"},{"lineNumber":12,"author":{"gitId":"danielpappa"},"content":"        return deadline;","lastModifiedDate":"2023-09-01"},{"lineNumber":13,"author":{"gitId":"danielpappa"},"content":"    }","lastModifiedDate":"2023-09-01"},{"lineNumber":14,"author":{"gitId":"danielpappa"},"content":"    @Override","lastModifiedDate":"2023-09-01"},{"lineNumber":15,"author":{"gitId":"danielpappa"},"content":"    public String toString() {","lastModifiedDate":"2023-09-01"},{"lineNumber":16,"author":{"gitId":"danielpappa"},"content":"        String summary \u003d String.format(\"[D] %s (by: %s)\", super.toString(), deadline);","lastModifiedDate":"2023-09-01"},{"lineNumber":17,"author":{"gitId":"danielpappa"},"content":"        return summary;","lastModifiedDate":"2023-09-01"},{"lineNumber":18,"author":{"gitId":"danielpappa"},"content":"    }","lastModifiedDate":"2023-09-01"},{"lineNumber":19,"author":{"gitId":"danielpappa"},"content":"}","lastModifiedDate":"2023-09-01"}],"authorContributionMap":{"danielpappa":19}},{"path":"src/main/java/Doli.java","fileType":"java","lines":[{"lineNumber":1,"author":{"gitId":"danielpappa"},"content":"import java.util.Arrays;","lastModifiedDate":"2023-08-29"},{"lineNumber":2,"author":{"gitId":"danielpappa"},"content":"import java.util.Locale;","lastModifiedDate":"2023-08-29"},{"lineNumber":3,"author":{"gitId":"danielpappa"},"content":"import java.util.Scanner;","lastModifiedDate":"2023-08-29"},{"lineNumber":4,"author":{"gitId":"danielpappa"},"content":"","lastModifiedDate":"2023-08-29"},{"lineNumber":5,"author":{"gitId":"danielpappa"},"content":"","lastModifiedDate":"2023-08-29"},{"lineNumber":6,"author":{"gitId":"danielpappa"},"content":"public class Doli {","lastModifiedDate":"2023-08-23"},{"lineNumber":7,"author":{"gitId":"danielpappa"},"content":"","lastModifiedDate":"2023-08-29"},{"lineNumber":8,"author":{"gitId":"danielpappa"},"content":"    /**","lastModifiedDate":"2023-09-01"},{"lineNumber":9,"author":{"gitId":"danielpappa"},"content":"     * Prints a horizontal dashed line intended to separate fields","lastModifiedDate":"2023-09-01"},{"lineNumber":10,"author":{"gitId":"danielpappa"},"content":"     */","lastModifiedDate":"2023-09-01"},{"lineNumber":11,"author":{"gitId":"danielpappa"},"content":"    public static void printLine() {","lastModifiedDate":"2023-08-23"},{"lineNumber":12,"author":{"gitId":"danielpappa"},"content":"        for (int i \u003d 50; i \u003e 0; i--) {","lastModifiedDate":"2023-08-23"},{"lineNumber":13,"author":{"gitId":"danielpappa"},"content":"            System.out.print(\"_\");","lastModifiedDate":"2023-08-23"},{"lineNumber":14,"author":{"gitId":"danielpappa"},"content":"        }","lastModifiedDate":"2023-08-23"},{"lineNumber":15,"author":{"gitId":"danielpappa"},"content":"        System.out.println(\"\");","lastModifiedDate":"2023-08-29"},{"lineNumber":16,"author":{"gitId":"danielpappa"},"content":"    }","lastModifiedDate":"2023-08-23"},{"lineNumber":17,"author":{"gitId":"danielpappa"},"content":"","lastModifiedDate":"2023-08-29"},{"lineNumber":18,"author":{"gitId":"danielpappa"},"content":"    public static void printDesign() {","lastModifiedDate":"2023-09-01"},{"lineNumber":19,"author":{"gitId":"danielpappa"},"content":"        String design \u003d \" ____       _    \\n\" +","lastModifiedDate":"2023-08-23"},{"lineNumber":20,"author":{"gitId":"danielpappa"},"content":"                \"|  _  \\\\    | | [_]\\n\" +","lastModifiedDate":"2023-08-23"},{"lineNumber":21,"author":{"gitId":"danielpappa"},"content":"                \"| | | |____| |  _\\n\" +","lastModifiedDate":"2023-08-23"},{"lineNumber":22,"author":{"gitId":"danielpappa"},"content":"                \"| |_| | [] | | | | \\n\" +","lastModifiedDate":"2023-08-23"},{"lineNumber":23,"author":{"gitId":"danielpappa"},"content":"                \"|____/|____|__||_| \\n\\n\";","lastModifiedDate":"2023-08-23"},{"lineNumber":24,"author":{"gitId":"danielpappa"},"content":"        System.out.println(\"\\nHello! My name is\\n\" + design + \"What can I do for you?\");","lastModifiedDate":"2023-08-23"},{"lineNumber":25,"author":{"gitId":"danielpappa"},"content":"    }","lastModifiedDate":"2023-09-01"},{"lineNumber":26,"author":{"gitId":"danielpappa"},"content":"","lastModifiedDate":"2023-09-01"},{"lineNumber":27,"author":{"gitId":"danielpappa"},"content":"    public static void main(String[] args) {","lastModifiedDate":"2023-09-01"},{"lineNumber":28,"author":{"gitId":"danielpappa"},"content":"","lastModifiedDate":"2023-09-01"},{"lineNumber":29,"author":{"gitId":"danielpappa"},"content":"        printLine();","lastModifiedDate":"2023-09-01"},{"lineNumber":30,"author":{"gitId":"danielpappa"},"content":"        printDesign();","lastModifiedDate":"2023-09-01"},{"lineNumber":31,"author":{"gitId":"danielpappa"},"content":"        printLine();","lastModifiedDate":"2023-08-23"},{"lineNumber":32,"author":{"gitId":"danielpappa"},"content":"","lastModifiedDate":"2023-08-29"},{"lineNumber":33,"author":{"gitId":"danielpappa"},"content":"        int numberOfItems \u003d 0;","lastModifiedDate":"2023-08-29"},{"lineNumber":34,"author":{"gitId":"danielpappa"},"content":"        Task[] tasks \u003d new Task[100];","lastModifiedDate":"2023-08-29"},{"lineNumber":35,"author":{"gitId":"danielpappa"},"content":"        Scanner in \u003d new Scanner(System.in);","lastModifiedDate":"2023-09-01"},{"lineNumber":36,"author":{"gitId":"danielpappa"},"content":"        String line \u003d in.nextLine();","lastModifiedDate":"2023-09-01"},{"lineNumber":37,"author":{"gitId":"danielpappa"},"content":"        String standardResponse \u003d \"Got it! I\u0027ve added the following task to your agenda:\\n   \";","lastModifiedDate":"2023-09-01"},{"lineNumber":38,"author":{"gitId":"danielpappa"},"content":"","lastModifiedDate":"2023-08-29"},{"lineNumber":39,"author":{"gitId":"danielpappa"},"content":"        while (!line.trim().equalsIgnoreCase(\"bye\")) {","lastModifiedDate":"2023-09-01"},{"lineNumber":40,"author":{"gitId":"danielpappa"},"content":"            String command \u003d line.split(\" \")[0].toLowerCase();","lastModifiedDate":"2023-09-01"},{"lineNumber":41,"author":{"gitId":"danielpappa"},"content":"            String summaryResponse \u003d String.format(\"\\n\" +","lastModifiedDate":"2023-09-01"},{"lineNumber":42,"author":{"gitId":"danielpappa"},"content":"                    \"Now you have a total of %d tasks in your agenda.\", numberOfItems + 1);","lastModifiedDate":"2023-09-01"},{"lineNumber":43,"author":{"gitId":"danielpappa"},"content":"            switch (command) {","lastModifiedDate":"2023-09-01"},{"lineNumber":44,"author":{"gitId":"danielpappa"},"content":"            case \"todo\":","lastModifiedDate":"2023-09-01"},{"lineNumber":45,"author":{"gitId":"danielpappa"},"content":"                tasks[numberOfItems] \u003d new ToDo(line);","lastModifiedDate":"2023-09-01"},{"lineNumber":46,"author":{"gitId":"danielpappa"},"content":"                String todoText \u003d tasks[numberOfItems].toString();","lastModifiedDate":"2023-09-01"},{"lineNumber":47,"author":{"gitId":"danielpappa"},"content":"                System.out.println(standardResponse + todoText + summaryResponse);","lastModifiedDate":"2023-09-01"},{"lineNumber":48,"author":{"gitId":"danielpappa"},"content":"                numberOfItems++;","lastModifiedDate":"2023-09-01"},{"lineNumber":49,"author":{"gitId":"danielpappa"},"content":"                break;","lastModifiedDate":"2023-09-01"},{"lineNumber":50,"author":{"gitId":"danielpappa"},"content":"            case \"event\":","lastModifiedDate":"2023-09-01"},{"lineNumber":51,"author":{"gitId":"danielpappa"},"content":"                String startTime \u003d line.substring(line.indexOf(\"/from\") + 6, line.indexOf(\"/to\"));","lastModifiedDate":"2023-09-01"},{"lineNumber":52,"author":{"gitId":"danielpappa"},"content":"                String endTime \u003d line.substring(line.indexOf(\"/to\") + 4);","lastModifiedDate":"2023-09-01"},{"lineNumber":53,"author":{"gitId":"danielpappa"},"content":"                tasks[numberOfItems] \u003d new Event(line, startTime, endTime);","lastModifiedDate":"2023-09-01"},{"lineNumber":54,"author":{"gitId":"danielpappa"},"content":"                String eventText \u003d tasks[numberOfItems].toString();","lastModifiedDate":"2023-09-01"},{"lineNumber":55,"author":{"gitId":"danielpappa"},"content":"                System.out.println(standardResponse + eventText + summaryResponse);","lastModifiedDate":"2023-09-01"},{"lineNumber":56,"author":{"gitId":"danielpappa"},"content":"                numberOfItems++;","lastModifiedDate":"2023-09-01"},{"lineNumber":57,"author":{"gitId":"danielpappa"},"content":"                break;","lastModifiedDate":"2023-09-01"},{"lineNumber":58,"author":{"gitId":"danielpappa"},"content":"            case \"deadline\":","lastModifiedDate":"2023-09-01"},{"lineNumber":59,"author":{"gitId":"danielpappa"},"content":"                String deadline \u003d line.substring(line.indexOf(\"/by\") + 4);","lastModifiedDate":"2023-09-01"},{"lineNumber":60,"author":{"gitId":"danielpappa"},"content":"                tasks[numberOfItems] \u003d new Deadline(line, deadline);","lastModifiedDate":"2023-09-01"},{"lineNumber":61,"author":{"gitId":"danielpappa"},"content":"                String deadlineText \u003d tasks[numberOfItems].toString();","lastModifiedDate":"2023-09-01"},{"lineNumber":62,"author":{"gitId":"danielpappa"},"content":"                System.out.println(standardResponse + deadlineText + summaryResponse);","lastModifiedDate":"2023-09-01"},{"lineNumber":63,"author":{"gitId":"danielpappa"},"content":"                numberOfItems++;","lastModifiedDate":"2023-09-01"},{"lineNumber":64,"author":{"gitId":"danielpappa"},"content":"                break;","lastModifiedDate":"2023-09-01"},{"lineNumber":65,"author":{"gitId":"danielpappa"},"content":"            case \"list\":","lastModifiedDate":"2023-09-01"},{"lineNumber":66,"author":{"gitId":"danielpappa"},"content":"                Task[] array \u003d Arrays.copyOf(tasks, numberOfItems);","lastModifiedDate":"2023-08-29"},{"lineNumber":67,"author":{"gitId":"danielpappa"},"content":"                System.out.println(\"Here is an overview of your agenda:\");","lastModifiedDate":"2023-09-01"},{"lineNumber":68,"author":{"gitId":"danielpappa"},"content":"                for (int i \u003d 0; i \u003c array.length; i++) {","lastModifiedDate":"2023-08-29"},{"lineNumber":69,"author":{"gitId":"danielpappa"},"content":"                    String overview \u003d String.format(\"   %d. %s\", i + 1, array[i].toString());","lastModifiedDate":"2023-09-01"},{"lineNumber":70,"author":{"gitId":"danielpappa"},"content":"                    System.out.println(overview);","lastModifiedDate":"2023-09-01"},{"lineNumber":71,"author":{"gitId":"danielpappa"},"content":"                }","lastModifiedDate":"2023-08-29"},{"lineNumber":72,"author":{"gitId":"danielpappa"},"content":"                System.out.println(\"Would you like to mark/unmark something?\");","lastModifiedDate":"2023-09-01"},{"lineNumber":73,"author":{"gitId":"danielpappa"},"content":"                break;","lastModifiedDate":"2023-09-01"},{"lineNumber":74,"author":{"gitId":"danielpappa"},"content":"            case \"mark\":","lastModifiedDate":"2023-09-01"},{"lineNumber":75,"author":{"gitId":"danielpappa"},"content":"                int taskNumberToMark \u003d Integer.parseInt(line.substring(line.indexOf(\" \") + 1));","lastModifiedDate":"2023-09-01"},{"lineNumber":76,"author":{"gitId":"danielpappa"},"content":"                if (taskNumberToMark \u003e numberOfItems) {","lastModifiedDate":"2023-09-01"},{"lineNumber":77,"author":{"gitId":"danielpappa"},"content":"                    System.out.println(\"I could not find the task in your agenda, please try another one.\");","lastModifiedDate":"2023-09-01"},{"lineNumber":78,"author":{"gitId":"danielpappa"},"content":"                    break;","lastModifiedDate":"2023-09-01"},{"lineNumber":79,"author":{"gitId":"danielpappa"},"content":"                }","lastModifiedDate":"2023-09-01"},{"lineNumber":80,"author":{"gitId":"danielpappa"},"content":"                tasks[taskNumberToMark - 1].markTaskAsDone();","lastModifiedDate":"2023-09-01"},{"lineNumber":81,"author":{"gitId":"danielpappa"},"content":"                String marked \u003d String.format(\"I\u0027ve successfully marked task %d as done.\", taskNumberToMark);","lastModifiedDate":"2023-09-01"},{"lineNumber":82,"author":{"gitId":"danielpappa"},"content":"                System.out.println(marked);","lastModifiedDate":"2023-09-01"},{"lineNumber":83,"author":{"gitId":"danielpappa"},"content":"                break;","lastModifiedDate":"2023-09-01"},{"lineNumber":84,"author":{"gitId":"danielpappa"},"content":"            case \"unmark\":","lastModifiedDate":"2023-09-01"},{"lineNumber":85,"author":{"gitId":"danielpappa"},"content":"                int taskNumberToUnmark \u003d Integer.parseInt(line.substring(line.indexOf(\" \") + 1));","lastModifiedDate":"2023-09-01"},{"lineNumber":86,"author":{"gitId":"danielpappa"},"content":"                if (taskNumberToUnmark \u003e numberOfItems) {","lastModifiedDate":"2023-09-01"},{"lineNumber":87,"author":{"gitId":"danielpappa"},"content":"                    System.out.println(\"I could not find the task in your agenda, please try another one.\");","lastModifiedDate":"2023-09-01"},{"lineNumber":88,"author":{"gitId":"danielpappa"},"content":"                    break;","lastModifiedDate":"2023-09-01"},{"lineNumber":89,"author":{"gitId":"danielpappa"},"content":"                }","lastModifiedDate":"2023-09-01"},{"lineNumber":90,"author":{"gitId":"danielpappa"},"content":"                tasks[taskNumberToUnmark - 1].markTaskAsNotDone();","lastModifiedDate":"2023-09-01"},{"lineNumber":91,"author":{"gitId":"danielpappa"},"content":"                String unmarked \u003d String.format(\"I\u0027ve successfully unmarked task %d.\", taskNumberToUnmark);","lastModifiedDate":"2023-09-01"},{"lineNumber":92,"author":{"gitId":"danielpappa"},"content":"                System.out.println(unmarked);","lastModifiedDate":"2023-09-01"},{"lineNumber":93,"author":{"gitId":"danielpappa"},"content":"                break;","lastModifiedDate":"2023-09-01"},{"lineNumber":94,"author":{"gitId":"danielpappa"},"content":"            default:","lastModifiedDate":"2023-09-01"},{"lineNumber":95,"author":{"gitId":"danielpappa"},"content":"                String response \u003d \"I am so sorry, but I do not recognize this command. \" +","lastModifiedDate":"2023-09-01"},{"lineNumber":96,"author":{"gitId":"danielpappa"},"content":"                        \"Please try typing something else.\";","lastModifiedDate":"2023-09-01"},{"lineNumber":97,"author":{"gitId":"danielpappa"},"content":"                System.out.println(response);","lastModifiedDate":"2023-09-01"},{"lineNumber":98,"author":{"gitId":"danielpappa"},"content":"            }","lastModifiedDate":"2023-08-29"},{"lineNumber":99,"author":{"gitId":"danielpappa"},"content":"            printLine();","lastModifiedDate":"2023-08-29"},{"lineNumber":100,"author":{"gitId":"danielpappa"},"content":"            line \u003d in.nextLine();","lastModifiedDate":"2023-08-29"},{"lineNumber":101,"author":{"gitId":"danielpappa"},"content":"        }","lastModifiedDate":"2023-08-29"},{"lineNumber":102,"author":{"gitId":"danielpappa"},"content":"        System.out.println(\"\\nIt was a pleasure, bye. See you later!\");","lastModifiedDate":"2023-08-29"},{"lineNumber":103,"author":{"gitId":"danielpappa"},"content":"        printLine();","lastModifiedDate":"2023-09-01"},{"lineNumber":104,"author":{"gitId":"danielpappa"},"content":"    }","lastModifiedDate":"2023-08-23"},{"lineNumber":105,"author":{"gitId":"danielpappa"},"content":"}","lastModifiedDate":"2023-08-23"}],"authorContributionMap":{"danielpappa":105}},{"path":"src/main/java/Event.java","fileType":"java","lines":[{"lineNumber":1,"author":{"gitId":"danielpappa"},"content":"public class Event extends Task{","lastModifiedDate":"2023-09-01"},{"lineNumber":2,"author":{"gitId":"danielpappa"},"content":"    protected String startTime;","lastModifiedDate":"2023-09-01"},{"lineNumber":3,"author":{"gitId":"danielpappa"},"content":"    protected String endTime;","lastModifiedDate":"2023-09-01"},{"lineNumber":4,"author":{"gitId":"danielpappa"},"content":"    public Event(String description, String startTime, String endTime) {","lastModifiedDate":"2023-09-01"},{"lineNumber":5,"author":{"gitId":"danielpappa"},"content":"        super(description);","lastModifiedDate":"2023-09-01"},{"lineNumber":6,"author":{"gitId":"danielpappa"},"content":"        this.startTime \u003d startTime;","lastModifiedDate":"2023-09-01"},{"lineNumber":7,"author":{"gitId":"danielpappa"},"content":"        this.endTime \u003d endTime;","lastModifiedDate":"2023-09-01"},{"lineNumber":8,"author":{"gitId":"danielpappa"},"content":"    }","lastModifiedDate":"2023-09-01"},{"lineNumber":9,"author":{"gitId":"danielpappa"},"content":"    public String getStartTime() {","lastModifiedDate":"2023-09-01"},{"lineNumber":10,"author":{"gitId":"danielpappa"},"content":"        return startTime;","lastModifiedDate":"2023-09-01"},{"lineNumber":11,"author":{"gitId":"danielpappa"},"content":"    }","lastModifiedDate":"2023-09-01"},{"lineNumber":12,"author":{"gitId":"danielpappa"},"content":"    public String getEndTime() {","lastModifiedDate":"2023-09-01"},{"lineNumber":13,"author":{"gitId":"danielpappa"},"content":"        return endTime;","lastModifiedDate":"2023-09-01"},{"lineNumber":14,"author":{"gitId":"danielpappa"},"content":"    }","lastModifiedDate":"2023-09-01"},{"lineNumber":15,"author":{"gitId":"danielpappa"},"content":"    public String getTime() {","lastModifiedDate":"2023-09-01"},{"lineNumber":16,"author":{"gitId":"danielpappa"},"content":"        String timeInterval \u003d startTime + \" - \" + endTime;","lastModifiedDate":"2023-09-01"},{"lineNumber":17,"author":{"gitId":"danielpappa"},"content":"        return timeInterval;","lastModifiedDate":"2023-09-01"},{"lineNumber":18,"author":{"gitId":"danielpappa"},"content":"    }","lastModifiedDate":"2023-09-01"},{"lineNumber":19,"author":{"gitId":"danielpappa"},"content":"    public void setStartTime(String startTime) {","lastModifiedDate":"2023-09-01"},{"lineNumber":20,"author":{"gitId":"danielpappa"},"content":"","lastModifiedDate":"2023-09-01"},{"lineNumber":21,"author":{"gitId":"danielpappa"},"content":"        this.startTime \u003d startTime;","lastModifiedDate":"2023-09-01"},{"lineNumber":22,"author":{"gitId":"danielpappa"},"content":"    }","lastModifiedDate":"2023-09-01"},{"lineNumber":23,"author":{"gitId":"danielpappa"},"content":"    public void setEndTime(String endTime) {","lastModifiedDate":"2023-09-01"},{"lineNumber":24,"author":{"gitId":"danielpappa"},"content":"","lastModifiedDate":"2023-09-01"},{"lineNumber":25,"author":{"gitId":"danielpappa"},"content":"        this.endTime \u003d endTime;","lastModifiedDate":"2023-09-01"},{"lineNumber":26,"author":{"gitId":"danielpappa"},"content":"    }","lastModifiedDate":"2023-09-01"},{"lineNumber":27,"author":{"gitId":"danielpappa"},"content":"    public void setTime(String startTime, String endTime) {","lastModifiedDate":"2023-09-01"},{"lineNumber":28,"author":{"gitId":"danielpappa"},"content":"        this.startTime \u003d startTime;","lastModifiedDate":"2023-09-01"},{"lineNumber":29,"author":{"gitId":"danielpappa"},"content":"        this.endTime \u003d endTime;","lastModifiedDate":"2023-09-01"},{"lineNumber":30,"author":{"gitId":"danielpappa"},"content":"    }","lastModifiedDate":"2023-09-01"},{"lineNumber":31,"author":{"gitId":"danielpappa"},"content":"    @Override","lastModifiedDate":"2023-09-01"},{"lineNumber":32,"author":{"gitId":"danielpappa"},"content":"    public String toString() {","lastModifiedDate":"2023-09-01"},{"lineNumber":33,"author":{"gitId":"danielpappa"},"content":"        String summary \u003d String.format(\"[E] %s (from: %s, to: %s)\", super.toString(), startTime, endTime);","lastModifiedDate":"2023-09-01"},{"lineNumber":34,"author":{"gitId":"danielpappa"},"content":"        return summary;","lastModifiedDate":"2023-09-01"},{"lineNumber":35,"author":{"gitId":"danielpappa"},"content":"    }","lastModifiedDate":"2023-09-01"},{"lineNumber":36,"author":{"gitId":"danielpappa"},"content":"}","lastModifiedDate":"2023-09-01"}],"authorContributionMap":{"danielpappa":36}},{"path":"src/main/java/Task.java","fileType":"java","lines":[{"lineNumber":1,"author":{"gitId":"danielpappa"},"content":"public class Task {","lastModifiedDate":"2023-08-29"},{"lineNumber":2,"author":{"gitId":"danielpappa"},"content":"    private String description;","lastModifiedDate":"2023-08-29"},{"lineNumber":3,"author":{"gitId":"danielpappa"},"content":"    private boolean isDone;","lastModifiedDate":"2023-08-29"},{"lineNumber":4,"author":{"gitId":"danielpappa"},"content":"    private static int numberOfTotalTasks \u003d 0;","lastModifiedDate":"2023-09-01"},{"lineNumber":5,"author":{"gitId":"danielpappa"},"content":"    public Task(String description) {","lastModifiedDate":"2023-08-29"},{"lineNumber":6,"author":{"gitId":"danielpappa"},"content":"        this.description \u003d description;","lastModifiedDate":"2023-08-29"},{"lineNumber":7,"author":{"gitId":"danielpappa"},"content":"        this.isDone \u003d false;","lastModifiedDate":"2023-08-29"},{"lineNumber":8,"author":{"gitId":"danielpappa"},"content":"        numberOfTotalTasks++;","lastModifiedDate":"2023-09-01"},{"lineNumber":9,"author":{"gitId":"danielpappa"},"content":"    }","lastModifiedDate":"2023-08-29"},{"lineNumber":10,"author":{"gitId":"danielpappa"},"content":"","lastModifiedDate":"2023-08-29"},{"lineNumber":11,"author":{"gitId":"danielpappa"},"content":"    public char getStatusIcon() {","lastModifiedDate":"2023-08-29"},{"lineNumber":12,"author":{"gitId":"danielpappa"},"content":"        return (isDone ? \u0027X\u0027 : \u0027 \u0027); // mark done task with X","lastModifiedDate":"2023-08-29"},{"lineNumber":13,"author":{"gitId":"danielpappa"},"content":"    }","lastModifiedDate":"2023-08-29"},{"lineNumber":14,"author":{"gitId":"danielpappa"},"content":"    public void markTaskAsDone() {","lastModifiedDate":"2023-08-29"},{"lineNumber":15,"author":{"gitId":"danielpappa"},"content":"        isDone \u003d true;","lastModifiedDate":"2023-08-29"},{"lineNumber":16,"author":{"gitId":"danielpappa"},"content":"    }","lastModifiedDate":"2023-08-29"},{"lineNumber":17,"author":{"gitId":"danielpappa"},"content":"    public void markTaskAsNotDone() {","lastModifiedDate":"2023-08-29"},{"lineNumber":18,"author":{"gitId":"danielpappa"},"content":"        isDone \u003d false;","lastModifiedDate":"2023-08-29"},{"lineNumber":19,"author":{"gitId":"danielpappa"},"content":"    }","lastModifiedDate":"2023-08-29"},{"lineNumber":20,"author":{"gitId":"danielpappa"},"content":"    public String getDescription() {","lastModifiedDate":"2023-08-29"},{"lineNumber":21,"author":{"gitId":"danielpappa"},"content":"        boolean containsTime \u003d description.contains(\"/\");","lastModifiedDate":"2023-09-01"},{"lineNumber":22,"author":{"gitId":"danielpappa"},"content":"        String commandlessDescription \u003d description.substring(description.indexOf(\" \"));","lastModifiedDate":"2023-09-01"},{"lineNumber":23,"author":{"gitId":"danielpappa"},"content":"        if (containsTime \u003d\u003d true) {","lastModifiedDate":"2023-09-01"},{"lineNumber":24,"author":{"gitId":"danielpappa"},"content":"            return commandlessDescription.substring(0, commandlessDescription.indexOf(\u0027/\u0027));","lastModifiedDate":"2023-09-01"},{"lineNumber":25,"author":{"gitId":"danielpappa"},"content":"        } else {","lastModifiedDate":"2023-09-01"},{"lineNumber":26,"author":{"gitId":"danielpappa"},"content":"            return commandlessDescription;","lastModifiedDate":"2023-09-01"},{"lineNumber":27,"author":{"gitId":"danielpappa"},"content":"        }","lastModifiedDate":"2023-09-01"},{"lineNumber":28,"author":{"gitId":"danielpappa"},"content":"    }","lastModifiedDate":"2023-08-29"},{"lineNumber":29,"author":{"gitId":"danielpappa"},"content":"    public boolean isDone() {","lastModifiedDate":"2023-08-29"},{"lineNumber":30,"author":{"gitId":"danielpappa"},"content":"        return isDone;","lastModifiedDate":"2023-08-29"},{"lineNumber":31,"author":{"gitId":"danielpappa"},"content":"    }","lastModifiedDate":"2023-08-29"},{"lineNumber":32,"author":{"gitId":"danielpappa"},"content":"    public static int getNumberOfTotalTasks() {","lastModifiedDate":"2023-09-01"},{"lineNumber":33,"author":{"gitId":"danielpappa"},"content":"        return numberOfTotalTasks;","lastModifiedDate":"2023-09-01"},{"lineNumber":34,"author":{"gitId":"danielpappa"},"content":"    }","lastModifiedDate":"2023-09-01"},{"lineNumber":35,"author":{"gitId":"danielpappa"},"content":"    public String toString() {","lastModifiedDate":"2023-09-01"},{"lineNumber":36,"author":{"gitId":"danielpappa"},"content":"        String summary \u003d String.format(\"[%c] %s\", getStatusIcon(), getDescription());","lastModifiedDate":"2023-09-01"},{"lineNumber":37,"author":{"gitId":"danielpappa"},"content":"        return summary;","lastModifiedDate":"2023-09-01"},{"lineNumber":38,"author":{"gitId":"danielpappa"},"content":"    }","lastModifiedDate":"2023-09-01"},{"lineNumber":39,"author":{"gitId":"danielpappa"},"content":"}","lastModifiedDate":"2023-08-29"},{"lineNumber":40,"author":{"gitId":"danielpappa"},"content":"","lastModifiedDate":"2023-08-29"}],"authorContributionMap":{"danielpappa":40}},{"path":"src/main/java/ToDo.java","fileType":"java","lines":[{"lineNumber":1,"author":{"gitId":"danielpappa"},"content":"public class ToDo extends Task{","lastModifiedDate":"2023-09-01"},{"lineNumber":2,"author":{"gitId":"danielpappa"},"content":"    protected boolean isDone;","lastModifiedDate":"2023-09-01"},{"lineNumber":3,"author":{"gitId":"danielpappa"},"content":"    public ToDo(String description) {","lastModifiedDate":"2023-09-01"},{"lineNumber":4,"author":{"gitId":"danielpappa"},"content":"        super(description);","lastModifiedDate":"2023-09-01"},{"lineNumber":5,"author":{"gitId":"danielpappa"},"content":"        isDone \u003d false;","lastModifiedDate":"2023-09-01"},{"lineNumber":6,"author":{"gitId":"danielpappa"},"content":"    }","lastModifiedDate":"2023-09-01"},{"lineNumber":7,"author":{"gitId":"danielpappa"},"content":"    public void setDone(boolean done) {","lastModifiedDate":"2023-09-01"},{"lineNumber":8,"author":{"gitId":"danielpappa"},"content":"        this.isDone \u003d done;","lastModifiedDate":"2023-09-01"},{"lineNumber":9,"author":{"gitId":"danielpappa"},"content":"    }","lastModifiedDate":"2023-09-01"},{"lineNumber":10,"author":{"gitId":"danielpappa"},"content":"    public boolean isDone() {","lastModifiedDate":"2023-09-01"},{"lineNumber":11,"author":{"gitId":"danielpappa"},"content":"        return isDone;","lastModifiedDate":"2023-09-01"},{"lineNumber":12,"author":{"gitId":"danielpappa"},"content":"    }","lastModifiedDate":"2023-09-01"},{"lineNumber":13,"author":{"gitId":"danielpappa"},"content":"    @Override","lastModifiedDate":"2023-09-01"},{"lineNumber":14,"author":{"gitId":"danielpappa"},"content":"    public String toString() {","lastModifiedDate":"2023-09-01"},{"lineNumber":15,"author":{"gitId":"danielpappa"},"content":"        return \"[T] \" + super.toString();","lastModifiedDate":"2023-09-01"},{"lineNumber":16,"author":{"gitId":"danielpappa"},"content":"    }","lastModifiedDate":"2023-09-01"},{"lineNumber":17,"author":{"gitId":"danielpappa"},"content":"}","lastModifiedDate":"2023-09-01"}],"authorContributionMap":{"danielpappa":17}}]
