{"authorDailyContributionsMap":{"danielpappa":[{"date":"2023-08-23","commitResults":[{"hash":"518b7efac5d5483c8e59d3a7c9e4c66337351bbf","isMergeCommit":false,"messageTitle":"Add increment 1: New chatbot Doli with skeletal functions that greets","messageBody":"","tags":["Week-2;-Level-0"],"fileTypesAndContributionMap":{"java":{"insertions":19,"deletions":0}}}]},{"date":"2023-08-29","commitResults":[{"hash":"969cbf8a5f0343544eff077184740540366983c3","isMergeCommit":false,"messageTitle":"Add echo function and ability to exit at command \"bye\".","messageBody":"","tags":["Week-3;-Level-1"],"fileTypesAndContributionMap":{"java":{"insertions":15,"deletions":1}}},{"hash":"7a016ed90cc2eb48e084a2cc5c7945593abf01ad","isMergeCommit":false,"messageTitle":"Add ability to store input text and list it when requested","messageBody":"","tags":["Week-3;-Level-2"],"fileTypesAndContributionMap":{"java":{"insertions":13,"deletions":1}}},{"hash":"d07ed3fb80b1678b2a6f3bd1c306242388b4ed5b","isMergeCommit":false,"messageTitle":"Add class to manage tasks as well as ability to mark/unmark tasks as done or yet to do","messageBody":"","tags":["Week-3;-Level-3"],"fileTypesAndContributionMap":{"java":{"insertions":59,"deletions":7}}}]},{"date":"2023-08-30","commitResults":[{"hash":"83c1a13555f8a57393c8029266f7ceabad908c00","isMergeCommit":false,"messageTitle":"Delete original class Duke which has been replaced by Doli","messageBody":"","fileTypesAndContributionMap":{"java":{"insertions":0,"deletions":10}}},{"hash":"ac0f9a8e0782b1f53a42501687749bf6b9e27d31","isMergeCommit":false,"messageTitle":"Adapt code to coding standards","messageBody":"","tags":["Week-3;-A-Coding-Standard"],"fileTypesAndContributionMap":{"java":{"insertions":8,"deletions":9}}}]},{"date":"2023-09-01","commitResults":[{"hash":"18e3f35d21f7a16c1eea2602f07253b604783f99","isMergeCommit":false,"messageTitle":"Create three subclasses to differentiate tasks","messageBody":"","fileTypesAndContributionMap":{"java":{"insertions":72,"deletions":0}}},{"hash":"8dff5e96b8d7fb02a34a90d36863858ab55c5f42","isMergeCommit":false,"messageTitle":"Edit task class to obtain correct description and implement overview of number of total tasks","messageBody":"","fileTypesAndContributionMap":{"java":{"insertions":16,"deletions":4}}},{"hash":"85c1b17c776f28c6aef1b2130acd979e9384de38","isMergeCommit":false,"messageTitle":"Implement changes in main class and re-design code to fit in switch statement","messageBody":"","tags":["Week-4;-Level-4"],"fileTypesAndContributionMap":{"java":{"insertions":71,"deletions":34}}}]},{"date":"2023-09-05","commitResults":[{"hash":"fc233d7f3e8409bf9319c4c702773884c1062737","isMergeCommit":false,"messageTitle":"Add comments to classes and methods","messageBody":"","fileTypesAndContributionMap":{"java":{"insertions":15,"deletions":15}}},{"hash":"6e581dda1b976906739700f9b602f9bd42e73bdf","isMergeCommit":false,"messageTitle":"Implement automated testing for the UI using I/O redirection technique","messageBody":"","tags":["Week-4;-A-TextUiTesting"],"fileTypesAndContributionMap":{"txt":{"insertions":5,"deletions":0},"java":{"insertions":6,"deletions":6},"sh":{"insertions":2,"deletions":2}}},{"hash":"9a0ec60012ed89cac3aeb80f62d38af8519f545c","isMergeCommit":false,"messageTitle":"Add minor changes to improve code quality","messageBody":"","tags":["Week-4;-A-CodeQuality"],"fileTypesAndContributionMap":{"java":{"insertions":7,"deletions":4}}}]},{"date":"2023-09-06","commitResults":[{"hash":"641be6f9c71cd715c8451d00d6ba142455dd6f10","isMergeCommit":false,"messageTitle":"Update after peer review #1","messageBody":"","fileTypesAndContributionMap":{"txt":{"insertions":4,"deletions":3},"java":{"insertions":5,"deletions":8}}}]},{"date":"2023-09-11","commitResults":[{"hash":"3f3843fc9dcdc02e88817d5d28c6ec4aa0bab200","isMergeCommit":false,"messageTitle":"Restructure entire code to improve code quality","messageBody":"","fileTypesAndContributionMap":{"java":{"insertions":241,"deletions":97}}},{"hash":"e440d549a89c712bb948f0e12c4dbbf89ddfe1a5","isMergeCommit":false,"messageTitle":"Create new class to handle specific exceptions","messageBody":"","tags":["Week-5;-A-Exceptions"],"fileTypesAndContributionMap":{"java":{"insertions":5,"deletions":0}}},{"hash":"82f796bf667d8ccf68ffe0d41a0f69996a442ec9","isMergeCommit":false,"messageTitle":"Add basic error handling when input is empty or not sufficient","messageBody":"","tags":["Week-5;-Level-5"],"fileTypesAndContributionMap":{"java":{"insertions":55,"deletions":22}}},{"hash":"b4dbaca151f264280ad63da8430920fdab52fdcc","isMergeCommit":false,"messageTitle":"Adapt automated testing to check new version of Doli","messageBody":"","fileTypesAndContributionMap":{"txt":{"insertions":4,"deletions":1}}},{"hash":"0806b2e7ab76dc8de8ee5ed9c344c2667f99b881","isMergeCommit":true,"messageTitle":"Merge branch \u0027branch-Level-5\u0027","messageBody":"","tags":["Level-5"],"fileTypesAndContributionMap":{}},{"hash":"075d62e7234e55e7800db08631fd91baa25a6324","isMergeCommit":false,"messageTitle":"Divide classes into packages","messageBody":"","fileTypesAndContributionMap":{"java":{"insertions":29,"deletions":10}}},{"hash":"80339d0cf77f9a3932f0451d7f2d60b28dbc1af7","isMergeCommit":true,"messageTitle":"Merge branch \u0027branch-A-Packages\u0027","messageBody":"","tags":["Week-5;-branch-A-Packages"],"fileTypesAndContributionMap":{}}]},{"date":"2023-09-17","commitResults":[{"hash":"e4df95e447e37ea392818469a1b9fadb94b193ed","isMergeCommit":false,"messageTitle":"Make class Task abstract","messageBody":"","fileTypesAndContributionMap":{"java":{"insertions":2,"deletions":2}}},{"hash":"9dab6a73c0aa6b56834ab701dc8ebc203c6869d0","isMergeCommit":false,"messageTitle":"Implement delete command and java collections","messageBody":"","tags":["Week-6;-Level-6","A-Collections"],"fileTypesAndContributionMap":{"java":{"insertions":45,"deletions":37}}},{"hash":"018a6171fe902e96b13b17957e888852eeef7cf5","isMergeCommit":false,"messageTitle":"Add agenda text file to store data","messageBody":"","tags":["Week-6;-Level-7-Save"],"fileTypesAndContributionMap":{"java":{"insertions":33,"deletions":6}}},{"hash":"16cc4f723c04f5862bbbd32bedebca5423188848","isMergeCommit":true,"messageTitle":"Merge branch \u0027branch-Level-6\u0027","messageBody":"","fileTypesAndContributionMap":{}},{"hash":"8d72112492132cc3234a09362e2529955fea5288","isMergeCommit":false,"messageTitle":"Merge branch \u0027branch-Level-7\u0027","messageBody":"# Conflicts:\n#\tsrc/main/java/doli/Doli.java\n","fileTypesAndContributionMap":{"java":{"insertions":36,"deletions":15}}},{"hash":"101fe8ed76b133f24a27ea2d2a3be0f39f94fc1d","isMergeCommit":true,"messageTitle":"Merge branch \u0027branch-Level-7\u0027","messageBody":"# Conflicts:\n#\tsrc/main/java/doli/Doli.java\n","fileTypesAndContributionMap":{}}]},{"date":"2023-09-18","commitResults":[{"hash":"88454dcf7b489ba69e866b5815678702c1c3ab49","isMergeCommit":false,"messageTitle":"Create FileHandler class and improve agenda file storage","messageBody":"","tags":["Week-6"],"fileTypesAndContributionMap":{"java":{"insertions":158,"deletions":22}}}]},{"date":"2023-09-19","commitResults":[{"hash":"29e4cef43364575a3c35406cc271ba5fdae476d7","isMergeCommit":false,"messageTitle":"Add comments, clean code and improve readibility as well as some minor fixes","messageBody":"","tags":["v1.0"],"fileTypesAndContributionMap":{"java":{"insertions":153,"deletions":156}}},{"hash":"5a6601d8e357dcb810ebb4967f899ce74376b7bc","isMergeCommit":false,"messageTitle":"Edit comment","messageBody":"","tags":["A-Jar"],"fileTypesAndContributionMap":{"java":{"insertions":1,"deletions":1}}}]},{"date":"2023-09-21","commitResults":[{"hash":"5f9a82ce65074924c6b8827230f4d2218d44c79d","isMergeCommit":false,"messageTitle":"Update automated I/O Testing","messageBody":"","fileTypesAndContributionMap":{"txt":{"insertions":5,"deletions":0},"sh":{"insertions":2,"deletions":2}}},{"hash":"86f1cfb8e9becec7e6f67dd39ba4833a1921e657","isMergeCommit":false,"messageTitle":"Fix package name","messageBody":"","fileTypesAndContributionMap":{"java":{"insertions":18,"deletions":18}}},{"hash":"60954266397d807dfc09d35b1496cfb6bb404dfd","isMergeCommit":false,"messageTitle":"Add support for gradle","messageBody":"","fileTypesAndContributionMap":{"gradle":{"insertions":77,"deletions":0},"java":{"insertions":18,"deletions":18}}},{"hash":"dfcc6fd3345264d03c14d3daf605e0908422b47d","isMergeCommit":false,"messageTitle":"Create basic GUI for Doli with no real response function yet","messageBody":"","fileTypesAndContributionMap":{"java":{"insertions":156,"deletions":1}}}]},{"date":"2023-09-22","commitResults":[{"hash":"55ef5af037863cd8125cceafd9880902b1b67db1","isMergeCommit":true,"messageTitle":"Merge branch \u0027branch-Gradle\u0027 into branch-Level-8","messageBody":"","fileTypesAndContributionMap":{}},{"hash":"edee31ae6d4055bdf563f7a3b2961fdab9a316c0","isMergeCommit":false,"messageTitle":"Create class tasklist","messageBody":"","fileTypesAndContributionMap":{"java":{"insertions":43,"deletions":0}}},{"hash":"76edcb5840b1341fa87222da96566d928a068efb","isMergeCommit":false,"messageTitle":"Create class Ui to manage user interface","messageBody":"","fileTypesAndContributionMap":{"java":{"insertions":54,"deletions":0}}},{"hash":"d04326bd0e3423f1c5aa6667fa307c5e85e7d124","isMergeCommit":false,"messageTitle":"Create command class","messageBody":"","fileTypesAndContributionMap":{"java":{"insertions":147,"deletions":0}}},{"hash":"b13dc93183cad1ff31865d3f8fe77d92b594388e","isMergeCommit":false,"messageTitle":"Create parser class","messageBody":"","fileTypesAndContributionMap":{"java":{"insertions":63,"deletions":0}}},{"hash":"cd55bce940281b48656f2f53034ffb417dbc2c67","isMergeCommit":false,"messageTitle":"Rename FileHandler class to Storage and refactor","messageBody":"","fileTypesAndContributionMap":{"java":{"insertions":119,"deletions":0}}},{"hash":"2857bd3f50d95e015bc55192576b753af40d3a32","isMergeCommit":false,"messageTitle":"Refactor Doli class","messageBody":"","fileTypesAndContributionMap":{"java":{"insertions":42,"deletions":512}}},{"hash":"0c85ff00ae5a26177d7575d984d50e5709cabd27","isMergeCommit":true,"messageTitle":"Merge branch \u0027branch-moreOO\u0027","messageBody":"","fileTypesAndContributionMap":{}}]},{"date":"2023-10-03","commitResults":[{"hash":"2571d3852bce315545b1fdfee260e1961ba4599e","isMergeCommit":false,"messageTitle":"Refactor code","messageBody":"","tags":["A-MoreOOP"],"fileTypesAndContributionMap":{"java":{"insertions":19,"deletions":17}}},{"hash":"5df38a18d63c6067c5133e853287e06e8c4a6702","isMergeCommit":false,"messageTitle":"Use of LocalDate formats instead of string for deadline and event timings","messageBody":"","fileTypesAndContributionMap":{"java":{"insertions":54,"deletions":20}}},{"hash":"1259afa81e091ee13d1ec0a89d0b2ba5f2f7720d","isMergeCommit":false,"messageTitle":"Add command to obtain overview of deadlines and events due by a certain date","messageBody":"","tags":["Week-7;Level-8;-Dates-and-Times"],"fileTypesAndContributionMap":{"java":{"insertions":33,"deletions":3}}},{"hash":"476fd29f7bda0225bca4cc4286344ee6ad625c14","isMergeCommit":false,"messageTitle":"Add command to perform a search filter on task descriptions called find","messageBody":"","tags":["Week-7;Level-9;-Find"],"fileTypesAndContributionMap":{"java":{"insertions":50,"deletions":27}}},{"hash":"b2c91a7ad47a301d4dfb919ad2ccadc376352320","isMergeCommit":false,"messageTitle":"Add JavaDoc comments part 1","messageBody":"","tags":["Week-7;A-JavaDoc"],"fileTypesAndContributionMap":{"txt":{"insertions":3,"deletions":3},"java":{"insertions":179,"deletions":1},"sh":{"insertions":1,"deletions":1}}},{"hash":"19418d888297ecf9dd4ddea9f5aff9e38da6cbc0","isMergeCommit":true,"messageTitle":"Merge pull request #1 from danielpappa/branch-Level-8","messageBody":"Branch level 8","fileTypesAndContributionMap":{}},{"hash":"6e48ddd7e6aad53a37db2133b709984736d052dd","isMergeCommit":true,"messageTitle":"Merge branch \u0027master\u0027 of https://github.com/danielpappa/ip","messageBody":"","fileTypesAndContributionMap":{}},{"hash":"8baf45c646f49291122622a7125c2ed9f4c3f845","isMergeCommit":true,"messageTitle":"Merge pull request #2 from danielpappa/branch-Level-9","messageBody":"Branch level 9","fileTypesAndContributionMap":{}}]},{"date":"2023-10-04","commitResults":[{"hash":"9d234c8ba043df10de2e48304cce30d51608d583","isMergeCommit":true,"messageTitle":"Merge branch \u0027master\u0027 into branch-JavaDoc-comments","messageBody":"","fileTypesAndContributionMap":{}},{"hash":"e74b52b66e9b6a763b79e15ac82bd5f0741e816d","isMergeCommit":true,"messageTitle":"Merge branch \u0027master\u0027 into branch-JavaDoc-comments","messageBody":"","fileTypesAndContributionMap":{}},{"hash":"6c140e3cfdde0021a795eaf5328024cefd6a53c0","isMergeCommit":true,"messageTitle":"Merge pull request #3 from danielpappa/branch-JavaDoc-comments","messageBody":"Branch java doc comments","fileTypesAndContributionMap":{}}]}]},"authorFileTypeContributionMap":{"danielpappa":{"java":956,"md":0,"fxml":0,"sh":2,"bat":0,"gradle":77,"txt":14}},"authorContributionVariance":{"danielpappa":29920.018},"authorDisplayNameMap":{"danielpappa":"CS2113-W12-2 PAPP..NIEL"}}
