{"authorDailyContributionsMap":{"danielpappa":[{"date":"2023-08-23","commitResults":[{"hash":"518b7efac5d5483c8e59d3a7c9e4c66337351bbf","isMergeCommit":false,"messageTitle":"Add increment 1: New chatbot Doli with skeletal functions that greets","messageBody":"","tags":["Week-2;-Level-0"],"fileTypesAndContributionMap":{"java":{"insertions":19,"deletions":0}}}]},{"date":"2023-08-29","commitResults":[{"hash":"969cbf8a5f0343544eff077184740540366983c3","isMergeCommit":false,"messageTitle":"Add echo function and ability to exit at command \"bye\".","messageBody":"","tags":["Week-3;-Level-1"],"fileTypesAndContributionMap":{"java":{"insertions":15,"deletions":1}}},{"hash":"7a016ed90cc2eb48e084a2cc5c7945593abf01ad","isMergeCommit":false,"messageTitle":"Add ability to store input text and list it when requested","messageBody":"","tags":["Week-3;-Level-2"],"fileTypesAndContributionMap":{"java":{"insertions":13,"deletions":1}}},{"hash":"d07ed3fb80b1678b2a6f3bd1c306242388b4ed5b","isMergeCommit":false,"messageTitle":"Add class to manage tasks as well as ability to mark/unmark tasks as done or yet to do","messageBody":"","tags":["Week-3;-Level-3"],"fileTypesAndContributionMap":{"java":{"insertions":59,"deletions":7}}}]},{"date":"2023-08-30","commitResults":[{"hash":"83c1a13555f8a57393c8029266f7ceabad908c00","isMergeCommit":false,"messageTitle":"Delete original class Duke which has been replaced by Doli","messageBody":"","fileTypesAndContributionMap":{"java":{"insertions":0,"deletions":10}}},{"hash":"ac0f9a8e0782b1f53a42501687749bf6b9e27d31","isMergeCommit":false,"messageTitle":"Adapt code to coding standards","messageBody":"","tags":["Week-3;-A-Coding-Standard"],"fileTypesAndContributionMap":{"java":{"insertions":8,"deletions":9}}}]},{"date":"2023-09-01","commitResults":[{"hash":"18e3f35d21f7a16c1eea2602f07253b604783f99","isMergeCommit":false,"messageTitle":"Create three subclasses to differentiate tasks","messageBody":"","fileTypesAndContributionMap":{"java":{"insertions":72,"deletions":0}}},{"hash":"8dff5e96b8d7fb02a34a90d36863858ab55c5f42","isMergeCommit":false,"messageTitle":"Edit task class to obtain correct description and implement overview of number of total tasks","messageBody":"","fileTypesAndContributionMap":{"java":{"insertions":16,"deletions":4}}},{"hash":"85c1b17c776f28c6aef1b2130acd979e9384de38","isMergeCommit":false,"messageTitle":"Implement changes in main class and re-design code to fit in switch statement","messageBody":"","tags":["Week-4;-Level-4"],"fileTypesAndContributionMap":{"java":{"insertions":71,"deletions":34}}}]},{"date":"2023-09-05","commitResults":[{"hash":"fc233d7f3e8409bf9319c4c702773884c1062737","isMergeCommit":false,"messageTitle":"Add comments to classes and methods","messageBody":"","fileTypesAndContributionMap":{"java":{"insertions":15,"deletions":15}}},{"hash":"6e581dda1b976906739700f9b602f9bd42e73bdf","isMergeCommit":false,"messageTitle":"Implement automated testing for the UI using I/O redirection technique","messageBody":"","tags":["Week-4;-A-TextUiTesting"],"fileTypesAndContributionMap":{"txt":{"insertions":5,"deletions":0},"java":{"insertions":6,"deletions":6},"sh":{"insertions":2,"deletions":2}}},{"hash":"9a0ec60012ed89cac3aeb80f62d38af8519f545c","isMergeCommit":false,"messageTitle":"Add minor changes to improve code quality","messageBody":"","tags":["Week-4;-A-CodeQuality"],"fileTypesAndContributionMap":{"java":{"insertions":7,"deletions":4}}}]},{"date":"2023-09-06","commitResults":[{"hash":"641be6f9c71cd715c8451d00d6ba142455dd6f10","isMergeCommit":false,"messageTitle":"Update after peer review #1","messageBody":"","fileTypesAndContributionMap":{"txt":{"insertions":4,"deletions":3},"java":{"insertions":5,"deletions":8}}}]},{"date":"2023-09-11","commitResults":[{"hash":"3f3843fc9dcdc02e88817d5d28c6ec4aa0bab200","isMergeCommit":false,"messageTitle":"Restructure entire code to improve code quality","messageBody":"","fileTypesAndContributionMap":{"java":{"insertions":241,"deletions":97}}},{"hash":"e440d549a89c712bb948f0e12c4dbbf89ddfe1a5","isMergeCommit":false,"messageTitle":"Create new class to handle specific exceptions","messageBody":"","tags":["Week-5;-A-Exceptions"],"fileTypesAndContributionMap":{"java":{"insertions":5,"deletions":0}}},{"hash":"82f796bf667d8ccf68ffe0d41a0f69996a442ec9","isMergeCommit":false,"messageTitle":"Add basic error handling when input is empty or not sufficient","messageBody":"","tags":["Week-5;-Level-5"],"fileTypesAndContributionMap":{"java":{"insertions":55,"deletions":22}}},{"hash":"b4dbaca151f264280ad63da8430920fdab52fdcc","isMergeCommit":false,"messageTitle":"Adapt automated testing to check new version of Doli","messageBody":"","fileTypesAndContributionMap":{"txt":{"insertions":4,"deletions":1}}},{"hash":"0806b2e7ab76dc8de8ee5ed9c344c2667f99b881","isMergeCommit":true,"messageTitle":"Merge branch \u0027branch-Level-5\u0027","messageBody":"","tags":["Level-5"],"fileTypesAndContributionMap":{}},{"hash":"075d62e7234e55e7800db08631fd91baa25a6324","isMergeCommit":false,"messageTitle":"Divide classes into packages","messageBody":"","fileTypesAndContributionMap":{"java":{"insertions":29,"deletions":10}}},{"hash":"80339d0cf77f9a3932f0451d7f2d60b28dbc1af7","isMergeCommit":true,"messageTitle":"Merge branch \u0027branch-A-Packages\u0027","messageBody":"","tags":["Week-5;-branch-A-Packages"],"fileTypesAndContributionMap":{}}]},{"date":"2023-09-17","commitResults":[{"hash":"e4df95e447e37ea392818469a1b9fadb94b193ed","isMergeCommit":false,"messageTitle":"Make class Task abstract","messageBody":"","fileTypesAndContributionMap":{"java":{"insertions":2,"deletions":2}}},{"hash":"9dab6a73c0aa6b56834ab701dc8ebc203c6869d0","isMergeCommit":false,"messageTitle":"Implement delete command and java collections","messageBody":"","tags":["Week-6;-Level-6","A-Collections"],"fileTypesAndContributionMap":{"java":{"insertions":45,"deletions":37}}},{"hash":"018a6171fe902e96b13b17957e888852eeef7cf5","isMergeCommit":false,"messageTitle":"Add agenda text file to store data","messageBody":"","tags":["Week-6;-Level-7-Save"],"fileTypesAndContributionMap":{"java":{"insertions":33,"deletions":6}}},{"hash":"16cc4f723c04f5862bbbd32bedebca5423188848","isMergeCommit":true,"messageTitle":"Merge branch \u0027branch-Level-6\u0027","messageBody":"","fileTypesAndContributionMap":{}},{"hash":"8d72112492132cc3234a09362e2529955fea5288","isMergeCommit":false,"messageTitle":"Merge branch \u0027branch-Level-7\u0027","messageBody":"# Conflicts:\n#\tsrc/main/java/doli/Doli.java\n","fileTypesAndContributionMap":{"java":{"insertions":36,"deletions":15}}},{"hash":"101fe8ed76b133f24a27ea2d2a3be0f39f94fc1d","isMergeCommit":true,"messageTitle":"Merge branch \u0027branch-Level-7\u0027","messageBody":"# Conflicts:\n#\tsrc/main/java/doli/Doli.java\n","fileTypesAndContributionMap":{}}]},{"date":"2023-09-18","commitResults":[{"hash":"88454dcf7b489ba69e866b5815678702c1c3ab49","isMergeCommit":false,"messageTitle":"Create FileHandler class and improve agenda file storage","messageBody":"","tags":["Week-6"],"fileTypesAndContributionMap":{"java":{"insertions":158,"deletions":22}}}]},{"date":"2023-09-19","commitResults":[{"hash":"29e4cef43364575a3c35406cc271ba5fdae476d7","isMergeCommit":false,"messageTitle":"Add comments, clean code and improve readibility as well as some minor fixes","messageBody":"","tags":["v1.0"],"fileTypesAndContributionMap":{"java":{"insertions":153,"deletions":156}}},{"hash":"5a6601d8e357dcb810ebb4967f899ce74376b7bc","isMergeCommit":false,"messageTitle":"Edit comment","messageBody":"","tags":["A-Jar"],"fileTypesAndContributionMap":{"java":{"insertions":1,"deletions":1}}}]}]},"authorFileTypeContributionMap":{"danielpappa":{"java":578,"md":0,"fxml":0,"sh":2,"bat":0,"gradle":0,"txt":9}},"authorContributionVariance":{"danielpappa":10780.635},"authorDisplayNameMap":{"danielpappa":"CS2113-W12-2 PAPP..NIEL"}}
