{"authorDailyContributionsMap":{"hooami":[{"date":"2023-08-24","commitResults":[{"hash":"dd0e77ea746c44ea31d1464e832bd8394c0bad29","isMergeCommit":false,"messageTitle":"Completed Level-0","messageBody":"","tags":["Level-0"],"fileTypesAndContributionMap":{"java":{"insertions":7,"deletions":6}}}]},{"date":"2023-08-30","commitResults":[{"hash":"eaa7199d130edf8980eb5d7028638a8d89819129","isMergeCommit":false,"messageTitle":"Completed Level-1","messageBody":"","tags":["Level-1"],"fileTypesAndContributionMap":{"java":{"insertions":22,"deletions":4}}},{"hash":"705552689eaa6ffb41ac72dfa77a5dcdc769374e","isMergeCommit":false,"messageTitle":"Completed Level-2","messageBody":"","tags":["Level-2"],"fileTypesAndContributionMap":{"java":{"insertions":36,"deletions":6}}},{"hash":"d1fc25cbd07e036d8e979cc1409b05174c766d67","isMergeCommit":false,"messageTitle":"Completed Level-3","messageBody":"","tags":["Level-3"],"fileTypesAndContributionMap":{"java":{"insertions":54,"deletions":12}}}]},{"date":"2023-09-03","commitResults":[{"hash":"da9a2cb60b66169dac41fe600033fa30c0627526","isMergeCommit":false,"messageTitle":"A-CodingStandard","messageBody":"","tags":["A-CodingStandard"],"fileTypesAndContributionMap":{"java":{"insertions":22,"deletions":23}}}]},{"date":"2023-09-06","commitResults":[{"hash":"63b268fdd3967e7df4d00757a68b844140017ca7","isMergeCommit":false,"messageTitle":"Level-4","messageBody":"","tags":["Level-4"],"fileTypesAndContributionMap":{"java":{"insertions":130,"deletions":7}}}]},{"date":"2023-09-08","commitResults":[{"hash":"6c561c6d4fbff7fe7b5ea25c62872d073893a8e9","isMergeCommit":false,"messageTitle":"A-TextUiTesting","messageBody":"","tags":["A-TextUiTesting"],"fileTypesAndContributionMap":{"txt":{"insertions":7,"deletions":0}}},{"hash":"a71dbb888a2456bc78a52adc446dc1500d8b7dc3","isMergeCommit":false,"messageTitle":"A-CodeQuality","messageBody":"","tags":["A-CodeQuality"],"fileTypesAndContributionMap":{"java":{"insertions":12,"deletions":9}}}]}]},"authorFileTypeContributionMap":{"hooami":{"java":222,"md":0,"fxml":0,"sh":0,"bat":0,"gradle":0,"txt":7}},"authorContributionVariance":{"hooami":1541.3574},"authorDisplayNameMap":{"hooami":"CS2113-W12-3 HOO ..HONG"}}
