{"authorDailyContributionsMap":{"hooami":[{"date":"2023-08-24","commitResults":[{"hash":"dd0e77ea746c44ea31d1464e832bd8394c0bad29","isMergeCommit":false,"messageTitle":"Completed Level-0","messageBody":"","tags":["Level-0"],"fileTypesAndContributionMap":{"java":{"insertions":7,"deletions":6}}}]},{"date":"2023-08-30","commitResults":[{"hash":"eaa7199d130edf8980eb5d7028638a8d89819129","isMergeCommit":false,"messageTitle":"Completed Level-1","messageBody":"","tags":["Level-1"],"fileTypesAndContributionMap":{"java":{"insertions":22,"deletions":4}}},{"hash":"705552689eaa6ffb41ac72dfa77a5dcdc769374e","isMergeCommit":false,"messageTitle":"Completed Level-2","messageBody":"","tags":["Level-2"],"fileTypesAndContributionMap":{"java":{"insertions":36,"deletions":6}}},{"hash":"d1fc25cbd07e036d8e979cc1409b05174c766d67","isMergeCommit":false,"messageTitle":"Completed Level-3","messageBody":"","tags":["Level-3"],"fileTypesAndContributionMap":{"java":{"insertions":54,"deletions":12}}}]},{"date":"2023-09-03","commitResults":[{"hash":"da9a2cb60b66169dac41fe600033fa30c0627526","isMergeCommit":false,"messageTitle":"A-CodingStandard","messageBody":"","tags":["A-CodingStandard"],"fileTypesAndContributionMap":{"java":{"insertions":22,"deletions":23}}}]}]},"authorFileTypeContributionMap":{"hooami":{"java":96,"md":0,"fxml":0,"sh":0,"bat":0,"gradle":0,"txt":0}},"authorContributionVariance":{"hooami":1057.7369},"authorDisplayNameMap":{"hooami":"HOO ..HONG"}}
