{"authorDailyContributionsMap":{"rohitcube":[{"date":"2023-09-07","commitResults":[{"hash":"1d65904f363c2e795087cbf4f99791f7bd2a2644","isMergeCommit":false,"messageTitle":"no message","messageBody":"","fileTypesAndContributionMap":{"java":{"insertions":101,"deletions":0}}},{"hash":"102f25f5241ce6a29d338265d732af2abd3fb408","isMergeCommit":false,"messageTitle":"commmit","messageBody":"","fileTypesAndContributionMap":{"java":{"insertions":62,"deletions":6}}}]},{"date":"2023-09-08","commitResults":[{"hash":"31650d61dd314af773a01d2a225f9ced11b5527f","isMergeCommit":false,"messageTitle":"seperated classes into seperate files","messageBody":"","fileTypesAndContributionMap":{"java":{"insertions":163,"deletions":133}}},{"hash":"3b2adccceb420668e03176389d66635460ed89fe","isMergeCommit":false,"messageTitle":"final with comments","messageBody":"","fileTypesAndContributionMap":{"java":{"insertions":20,"deletions":16}}},{"hash":"76a133a03696f1d8b7d6530ef46a941c3e6991e0","isMergeCommit":false,"messageTitle":"actual final with comments","messageBody":"","fileTypesAndContributionMap":{"java":{"insertions":33,"deletions":17}}}]}]},"authorFileTypeContributionMap":{"rohitcube":{"java":207,"md":0,"fxml":0,"sh":0,"bat":0,"gradle":0,"txt":0}},"authorContributionVariance":{"rohitcube":7303.8623},"authorDisplayNameMap":{"rohitcube":"ROHI..THAN"}}
