[{"path":"src/main/java/Duke.java","fileType":"java","lines":[{"lineNumber":1,"author":{"gitId":"bljhty"},"content":"","lastModifiedDate":"2023-09-05"},{"lineNumber":2,"author":{"gitId":"bljhty"},"content":"","lastModifiedDate":"2023-09-05"},{"lineNumber":3,"author":{"gitId":"bljhty"},"content":"import java.util.ArrayList;","lastModifiedDate":"2023-08-30"},{"lineNumber":4,"author":{"gitId":"bljhty"},"content":"import java.util.Scanner;","lastModifiedDate":"2023-09-05"},{"lineNumber":5,"author":{"gitId":"bljhty"},"content":"","lastModifiedDate":"2023-08-29"},{"lineNumber":6,"author":{"gitId":"-"},"content":"public class Duke {","lastModifiedDate":"2019-07-29"},{"lineNumber":7,"author":{"gitId":"bljhty"},"content":"    /*","lastModifiedDate":"2023-08-30"},{"lineNumber":8,"author":{"gitId":"bljhty"},"content":"     * This method prints the greetings message when the user starts the program.","lastModifiedDate":"2023-08-30"},{"lineNumber":9,"author":{"gitId":"bljhty"},"content":"     */","lastModifiedDate":"2023-08-30"},{"lineNumber":10,"author":{"gitId":"bljhty"},"content":"    public static void greet() {","lastModifiedDate":"2023-09-05"},{"lineNumber":11,"author":{"gitId":"bljhty"},"content":"        String logo \u003d \"  ____                  \\n\"","lastModifiedDate":"2023-08-26"},{"lineNumber":12,"author":{"gitId":"bljhty"},"content":"                + \" |  _ \\\\  ___  _ __ ___  \\n\"","lastModifiedDate":"2023-08-26"},{"lineNumber":13,"author":{"gitId":"bljhty"},"content":"                + \" | | | |/ _ \\\\| \u0027_ ` _ \\\\ \\n\"","lastModifiedDate":"2023-08-26"},{"lineNumber":14,"author":{"gitId":"bljhty"},"content":"                + \" | |_| | (_) | | | | | |\\n\"","lastModifiedDate":"2023-08-26"},{"lineNumber":15,"author":{"gitId":"bljhty"},"content":"                + \" |____/ \\\\___/|_| |_| |_|\\n\";","lastModifiedDate":"2023-08-26"},{"lineNumber":16,"author":{"gitId":"-"},"content":"        System.out.println(\"Hello from\\n\" + logo);","lastModifiedDate":"2019-07-29"},{"lineNumber":17,"author":{"gitId":"bljhty"},"content":"        String greetings \u003d \"____________________________________________________________\" + \"\\n\" +","lastModifiedDate":"2023-08-30"},{"lineNumber":18,"author":{"gitId":"bljhty"},"content":"                \"Hello! I\u0027m Dom\" + \"\\n\" +","lastModifiedDate":"2023-08-30"},{"lineNumber":19,"author":{"gitId":"bljhty"},"content":"                \"What can I do for you?\" + \"\\n\" +","lastModifiedDate":"2023-08-30"},{"lineNumber":20,"author":{"gitId":"bljhty"},"content":"                \"____________________________________________________________\";","lastModifiedDate":"2023-08-30"},{"lineNumber":21,"author":{"gitId":"bljhty"},"content":"        System.out.println(greetings);","lastModifiedDate":"2023-08-30"},{"lineNumber":22,"author":{"gitId":"bljhty"},"content":"    }","lastModifiedDate":"2023-08-30"},{"lineNumber":23,"author":{"gitId":"bljhty"},"content":"","lastModifiedDate":"2023-08-30"},{"lineNumber":24,"author":{"gitId":"bljhty"},"content":"    /*","lastModifiedDate":"2023-08-30"},{"lineNumber":25,"author":{"gitId":"bljhty"},"content":"     * This method prints the goodbye message when the user exits the program.","lastModifiedDate":"2023-08-30"},{"lineNumber":26,"author":{"gitId":"bljhty"},"content":"     */","lastModifiedDate":"2023-08-30"},{"lineNumber":27,"author":{"gitId":"bljhty"},"content":"    public static void goodbye() {","lastModifiedDate":"2023-08-30"},{"lineNumber":28,"author":{"gitId":"bljhty"},"content":"        String goodbye \u003d \"____________________________________________________________\" + \"\\n\" +","lastModifiedDate":"2023-08-30"},{"lineNumber":29,"author":{"gitId":"bljhty"},"content":"                \"Bye. Hope to see you again soon!\" + \"\\n\" +","lastModifiedDate":"2023-08-30"},{"lineNumber":30,"author":{"gitId":"bljhty"},"content":"                \"____________________________________________________________\";","lastModifiedDate":"2023-08-30"},{"lineNumber":31,"author":{"gitId":"bljhty"},"content":"        System.out.println(goodbye);","lastModifiedDate":"2023-08-30"},{"lineNumber":32,"author":{"gitId":"bljhty"},"content":"    }","lastModifiedDate":"2023-08-30"},{"lineNumber":33,"author":{"gitId":"bljhty"},"content":"","lastModifiedDate":"2023-08-30"},{"lineNumber":34,"author":{"gitId":"bljhty"},"content":"    /*","lastModifiedDate":"2023-08-30"},{"lineNumber":35,"author":{"gitId":"bljhty"},"content":"     * This method prints the input message.","lastModifiedDate":"2023-08-30"},{"lineNumber":36,"author":{"gitId":"bljhty"},"content":"     */","lastModifiedDate":"2023-08-30"},{"lineNumber":37,"author":{"gitId":"bljhty"},"content":"    public static void echo(String input) {","lastModifiedDate":"2023-08-30"},{"lineNumber":38,"author":{"gitId":"bljhty"},"content":"        System.out.println(input);","lastModifiedDate":"2023-08-30"},{"lineNumber":39,"author":{"gitId":"bljhty"},"content":"    }","lastModifiedDate":"2023-09-05"},{"lineNumber":40,"author":{"gitId":"bljhty"},"content":"","lastModifiedDate":"2023-08-30"},{"lineNumber":41,"author":{"gitId":"bljhty"},"content":"    /*","lastModifiedDate":"2023-08-30"},{"lineNumber":42,"author":{"gitId":"bljhty"},"content":"     * This method prints the list of tasks.","lastModifiedDate":"2023-08-30"},{"lineNumber":43,"author":{"gitId":"bljhty"},"content":"     */","lastModifiedDate":"2023-08-30"},{"lineNumber":44,"author":{"gitId":"bljhty"},"content":"    private static void listTasks(ArrayList\u003cTask\u003e tasks) {","lastModifiedDate":"2023-08-30"},{"lineNumber":45,"author":{"gitId":"bljhty"},"content":"        if (tasks.isEmpty()) {","lastModifiedDate":"2023-08-30"},{"lineNumber":46,"author":{"gitId":"bljhty"},"content":"            System.out.println(\" No tasks.\");","lastModifiedDate":"2023-08-30"},{"lineNumber":47,"author":{"gitId":"bljhty"},"content":"        } else {","lastModifiedDate":"2023-08-30"},{"lineNumber":48,"author":{"gitId":"bljhty"},"content":"            System.out.println(\" Here are the tasks in your list:\");","lastModifiedDate":"2023-08-30"},{"lineNumber":49,"author":{"gitId":"bljhty"},"content":"            for (int i \u003d 0; i \u003c tasks.size(); i++) {","lastModifiedDate":"2023-08-30"},{"lineNumber":50,"author":{"gitId":"bljhty"},"content":"                Task task \u003d tasks.get(i);","lastModifiedDate":"2023-08-30"},{"lineNumber":51,"author":{"gitId":"bljhty"},"content":"                System.out.println(\" \" + (i + 1) + \".\" + task.getStatusIcon() + \" \" + task.getDescription());","lastModifiedDate":"2023-08-30"},{"lineNumber":52,"author":{"gitId":"bljhty"},"content":"            }","lastModifiedDate":"2023-08-30"},{"lineNumber":53,"author":{"gitId":"bljhty"},"content":"        }","lastModifiedDate":"2023-08-30"},{"lineNumber":54,"author":{"gitId":"bljhty"},"content":"    }","lastModifiedDate":"2023-08-30"},{"lineNumber":55,"author":{"gitId":"bljhty"},"content":"","lastModifiedDate":"2023-08-30"},{"lineNumber":56,"author":{"gitId":"bljhty"},"content":"    public static void main(String[] args) {","lastModifiedDate":"2023-08-30"},{"lineNumber":57,"author":{"gitId":"bljhty"},"content":"        greet(); // when user runs the program, UI greets user","lastModifiedDate":"2023-09-05"},{"lineNumber":58,"author":{"gitId":"bljhty"},"content":"","lastModifiedDate":"2023-08-30"},{"lineNumber":59,"author":{"gitId":"bljhty"},"content":"        try (Scanner givenTask \u003d new Scanner(System.in)) {  ","lastModifiedDate":"2023-08-30"},{"lineNumber":60,"author":{"gitId":"bljhty"},"content":"            ArrayList\u003cTask\u003e tasks \u003d new ArrayList\u003cTask\u003e();","lastModifiedDate":"2023-09-05"},{"lineNumber":61,"author":{"gitId":"bljhty"},"content":"","lastModifiedDate":"2023-08-30"},{"lineNumber":62,"author":{"gitId":"bljhty"},"content":"            while (true) {","lastModifiedDate":"2023-08-29"},{"lineNumber":63,"author":{"gitId":"bljhty"},"content":"                String command \u003d givenTask.nextLine();","lastModifiedDate":"2023-08-30"},{"lineNumber":64,"author":{"gitId":"bljhty"},"content":"                System.out.println(\"____________________________________________________________\");","lastModifiedDate":"2023-08-29"},{"lineNumber":65,"author":{"gitId":"bljhty"},"content":"                ","lastModifiedDate":"2023-08-30"},{"lineNumber":66,"author":{"gitId":"bljhty"},"content":"                // if user inputs \"bye\", UI prints goodbye message and exits the program","lastModifiedDate":"2023-08-30"},{"lineNumber":67,"author":{"gitId":"bljhty"},"content":"                if (command.equalsIgnoreCase(\"bye\")) {","lastModifiedDate":"2023-08-30"},{"lineNumber":68,"author":{"gitId":"bljhty"},"content":"                    goodbye();","lastModifiedDate":"2023-08-30"},{"lineNumber":69,"author":{"gitId":"bljhty"},"content":"                    break;","lastModifiedDate":"2023-08-29"},{"lineNumber":70,"author":{"gitId":"bljhty"},"content":"                } else if (command.equalsIgnoreCase(\"list\")) { // if user inputs \"list\", UI prints the list of tasks that is stored in the ArrayList    ","lastModifiedDate":"2023-08-30"},{"lineNumber":71,"author":{"gitId":"bljhty"},"content":"                    listTasks(tasks);","lastModifiedDate":"2023-08-30"},{"lineNumber":72,"author":{"gitId":"bljhty"},"content":"                ","lastModifiedDate":"2023-08-30"},{"lineNumber":73,"author":{"gitId":"bljhty"},"content":"                // split the command into two parts, \"mark\" and the task number","lastModifiedDate":"2023-08-30"},{"lineNumber":74,"author":{"gitId":"bljhty"},"content":"                // e.g. \"mark 1\" will be split into \"mark\" and \"1\"","lastModifiedDate":"2023-08-30"},{"lineNumber":75,"author":{"gitId":"bljhty"},"content":"                // the task number is then parsed into an integer","lastModifiedDate":"2023-08-30"},{"lineNumber":76,"author":{"gitId":"bljhty"},"content":"                // the task number is then used to get the task from the ArrayList","lastModifiedDate":"2023-08-30"},{"lineNumber":77,"author":{"gitId":"bljhty"},"content":"                // the task is then marked as done","lastModifiedDate":"2023-08-30"},{"lineNumber":78,"author":{"gitId":"bljhty"},"content":"                // the UI prints the task that is marked as done","lastModifiedDate":"2023-08-30"},{"lineNumber":79,"author":{"gitId":"bljhty"},"content":"                // if the task number is invalid, the UI prints an error message","lastModifiedDate":"2023-08-30"},{"lineNumber":80,"author":{"gitId":"bljhty"},"content":"                } else if (command.startsWith(\"mark\")) { // if user inputs \"mark\", UI marks the task as done","lastModifiedDate":"2023-08-30"},{"lineNumber":81,"author":{"gitId":"bljhty"},"content":"                    String[] parts \u003d command.split(\" \");","lastModifiedDate":"2023-08-30"},{"lineNumber":82,"author":{"gitId":"bljhty"},"content":"                    if (parts.length \u003d\u003d 2) {","lastModifiedDate":"2023-08-30"},{"lineNumber":83,"author":{"gitId":"bljhty"},"content":"                        int taskIndex \u003d Integer.parseInt(parts[1]) - 1;","lastModifiedDate":"2023-08-30"},{"lineNumber":84,"author":{"gitId":"bljhty"},"content":"                        if (taskIndex \u003e\u003d 0 \u0026\u0026 taskIndex \u003c tasks.size()) {","lastModifiedDate":"2023-08-30"},{"lineNumber":85,"author":{"gitId":"bljhty"},"content":"                            Task task \u003d tasks.get(taskIndex);","lastModifiedDate":"2023-08-30"},{"lineNumber":86,"author":{"gitId":"bljhty"},"content":"                            task.markAsDone(true);","lastModifiedDate":"2023-08-30"},{"lineNumber":87,"author":{"gitId":"bljhty"},"content":"                            System.out.println(\" Nice! I\u0027ve marked this task as done:\\n\" + \"   \" + task.getStatusIcon()","lastModifiedDate":"2023-08-30"},{"lineNumber":88,"author":{"gitId":"bljhty"},"content":"                                    + \" \" + task.getDescription());","lastModifiedDate":"2023-08-30"},{"lineNumber":89,"author":{"gitId":"bljhty"},"content":"                        } else {","lastModifiedDate":"2023-08-30"},{"lineNumber":90,"author":{"gitId":"bljhty"},"content":"                            System.out.println(\" Invalid task number.\");","lastModifiedDate":"2023-08-30"},{"lineNumber":91,"author":{"gitId":"bljhty"},"content":"                        }","lastModifiedDate":"2023-08-30"},{"lineNumber":92,"author":{"gitId":"bljhty"},"content":"                    }","lastModifiedDate":"2023-08-30"},{"lineNumber":93,"author":{"gitId":"bljhty"},"content":"                // split the command into two parts, \"unmark\" and the task number","lastModifiedDate":"2023-08-30"},{"lineNumber":94,"author":{"gitId":"bljhty"},"content":"                // e.g. \"unmark 1\" will be split into \"unmark\" and \"1\"","lastModifiedDate":"2023-08-30"},{"lineNumber":95,"author":{"gitId":"bljhty"},"content":"                // the task number is then parsed into an integer","lastModifiedDate":"2023-08-30"},{"lineNumber":96,"author":{"gitId":"bljhty"},"content":"                // the task number is then used to get the task from the ArrayList","lastModifiedDate":"2023-08-30"},{"lineNumber":97,"author":{"gitId":"bljhty"},"content":"                // the task is then marked as not done yet","lastModifiedDate":"2023-08-30"},{"lineNumber":98,"author":{"gitId":"bljhty"},"content":"                // the UI prints the task that is marked as not done yet","lastModifiedDate":"2023-08-30"},{"lineNumber":99,"author":{"gitId":"bljhty"},"content":"                // if the task number is invalid, the UI prints an error message","lastModifiedDate":"2023-08-30"},{"lineNumber":100,"author":{"gitId":"bljhty"},"content":"                } else if (command.startsWith(\"unmark\")) {","lastModifiedDate":"2023-08-30"},{"lineNumber":101,"author":{"gitId":"bljhty"},"content":"                    String[] parts \u003d command.split(\" \");","lastModifiedDate":"2023-08-30"},{"lineNumber":102,"author":{"gitId":"bljhty"},"content":"                    if (parts.length \u003d\u003d 2) {","lastModifiedDate":"2023-08-30"},{"lineNumber":103,"author":{"gitId":"bljhty"},"content":"                        int taskIndex \u003d Integer.parseInt(parts[1]) - 1;","lastModifiedDate":"2023-08-30"},{"lineNumber":104,"author":{"gitId":"bljhty"},"content":"                        if (taskIndex \u003e\u003d 0 \u0026\u0026 taskIndex \u003c tasks.size()) {","lastModifiedDate":"2023-08-30"},{"lineNumber":105,"author":{"gitId":"bljhty"},"content":"                            Task task \u003d tasks.get(taskIndex);","lastModifiedDate":"2023-08-30"},{"lineNumber":106,"author":{"gitId":"bljhty"},"content":"                            task.markAsUndone(true);","lastModifiedDate":"2023-08-30"},{"lineNumber":107,"author":{"gitId":"bljhty"},"content":"                            System.out.println(\"OK, I\u0027ve marked this task as not done yet:\\n\" + \" \"","lastModifiedDate":"2023-08-30"},{"lineNumber":108,"author":{"gitId":"bljhty"},"content":"                                    + task.getStatusIcon() + \" \" + task.getDescription());","lastModifiedDate":"2023-08-30"},{"lineNumber":109,"author":{"gitId":"bljhty"},"content":"                        } else {","lastModifiedDate":"2023-08-30"},{"lineNumber":110,"author":{"gitId":"bljhty"},"content":"                            System.out.println(\" Invalid task number.\");","lastModifiedDate":"2023-08-30"},{"lineNumber":111,"author":{"gitId":"bljhty"},"content":"                        }","lastModifiedDate":"2023-08-30"},{"lineNumber":112,"author":{"gitId":"bljhty"},"content":"                    }","lastModifiedDate":"2023-08-29"},{"lineNumber":113,"author":{"gitId":"bljhty"},"content":"                } else {","lastModifiedDate":"2023-08-30"},{"lineNumber":114,"author":{"gitId":"bljhty"},"content":"                    tasks.add(new Task(command));","lastModifiedDate":"2023-08-30"},{"lineNumber":115,"author":{"gitId":"bljhty"},"content":"                    echo(\" added: \" + command);","lastModifiedDate":"2023-08-30"},{"lineNumber":116,"author":{"gitId":"bljhty"},"content":"                }","lastModifiedDate":"2023-08-30"},{"lineNumber":117,"author":{"gitId":"bljhty"},"content":"                System.out.println(\"____________________________________________________________\");","lastModifiedDate":"2023-08-30"},{"lineNumber":118,"author":{"gitId":"-"},"content":"            }","lastModifiedDate":"2019-07-29"},{"lineNumber":119,"author":{"gitId":"-"},"content":"        }","lastModifiedDate":"2019-07-29"},{"lineNumber":120,"author":{"gitId":"-"},"content":"    }","lastModifiedDate":"2023-08-29"},{"lineNumber":121,"author":{"gitId":"-"},"content":"}","lastModifiedDate":"2023-08-30"}],"authorContributionMap":{"bljhty":115,"-":6}},{"path":"src/main/java/Task.java","fileType":"java","lines":[{"lineNumber":1,"author":{"gitId":"bljhty"},"content":"public class Task {","lastModifiedDate":"2023-08-30"},{"lineNumber":2,"author":{"gitId":"bljhty"},"content":"    protected String description;","lastModifiedDate":"2023-08-30"},{"lineNumber":3,"author":{"gitId":"bljhty"},"content":"    protected boolean isDone;","lastModifiedDate":"2023-08-30"},{"lineNumber":4,"author":{"gitId":"bljhty"},"content":"","lastModifiedDate":"2023-08-30"},{"lineNumber":5,"author":{"gitId":"bljhty"},"content":"","lastModifiedDate":"2023-08-30"},{"lineNumber":6,"author":{"gitId":"bljhty"},"content":"    public Task(String description) {","lastModifiedDate":"2023-08-30"},{"lineNumber":7,"author":{"gitId":"bljhty"},"content":"        this.description \u003d description;","lastModifiedDate":"2023-08-30"},{"lineNumber":8,"author":{"gitId":"bljhty"},"content":"        this.isDone \u003d false;","lastModifiedDate":"2023-08-30"},{"lineNumber":9,"author":{"gitId":"bljhty"},"content":"    }","lastModifiedDate":"2023-08-30"},{"lineNumber":10,"author":{"gitId":"bljhty"},"content":"","lastModifiedDate":"2023-08-30"},{"lineNumber":11,"author":{"gitId":"bljhty"},"content":"    public String getStatusIcon() {","lastModifiedDate":"2023-08-30"},{"lineNumber":12,"author":{"gitId":"bljhty"},"content":"        return (isDone ? \"[X]\" : \"[ ]\"); //return X symbols when done, else return empty space","lastModifiedDate":"2023-08-30"},{"lineNumber":13,"author":{"gitId":"bljhty"},"content":"    }","lastModifiedDate":"2023-08-30"},{"lineNumber":14,"author":{"gitId":"bljhty"},"content":"","lastModifiedDate":"2023-08-30"},{"lineNumber":15,"author":{"gitId":"bljhty"},"content":"    public void markAsDone(boolean isDone) {","lastModifiedDate":"2023-08-30"},{"lineNumber":16,"author":{"gitId":"bljhty"},"content":"        this.isDone \u003d true;","lastModifiedDate":"2023-08-30"},{"lineNumber":17,"author":{"gitId":"bljhty"},"content":"    }","lastModifiedDate":"2023-08-30"},{"lineNumber":18,"author":{"gitId":"bljhty"},"content":"    ","lastModifiedDate":"2023-08-30"},{"lineNumber":19,"author":{"gitId":"bljhty"},"content":"    public void markAsUndone(boolean isDone) {","lastModifiedDate":"2023-08-30"},{"lineNumber":20,"author":{"gitId":"bljhty"},"content":"        this.isDone \u003d false;","lastModifiedDate":"2023-08-30"},{"lineNumber":21,"author":{"gitId":"bljhty"},"content":"    }","lastModifiedDate":"2023-08-30"},{"lineNumber":22,"author":{"gitId":"bljhty"},"content":"","lastModifiedDate":"2023-08-30"},{"lineNumber":23,"author":{"gitId":"bljhty"},"content":"    public String getDescription() {","lastModifiedDate":"2023-08-30"},{"lineNumber":24,"author":{"gitId":"bljhty"},"content":"        return description;","lastModifiedDate":"2023-08-30"},{"lineNumber":25,"author":{"gitId":"bljhty"},"content":"    }","lastModifiedDate":"2023-08-30"},{"lineNumber":26,"author":{"gitId":"bljhty"},"content":"}","lastModifiedDate":"2023-08-30"}],"authorContributionMap":{"bljhty":26}}]
