{"authorDailyContributionsMap":{"bljhty":[{"date":"2023-08-26","commitResults":[{"hash":"a14a7288cd1909c6df573d2fbe16374d32b701aa","isMergeCommit":false,"messageTitle":"Update Duke.java","messageBody":"renamed chatbot from duke to Dom, added the various lines\n","fileTypesAndContributionMap":{"java":{"insertions":9,"deletions":5}}}]},{"date":"2023-08-27","commitResults":[{"hash":"cbd58cc55444745d8955ed66a5e2693d7b5c767a","isMergeCommit":false,"messageTitle":"Level 0 increment, edited code","messageBody":"","fileTypesAndContributionMap":{"java":{"insertions":1,"deletions":1}}}]},{"date":"2023-08-29","commitResults":[{"hash":"b5b91a42ae50ff04f6d5eed2ab3639dfda848738","isMergeCommit":false,"messageTitle":"Level 1","messageBody":"","fileTypesAndContributionMap":{"java":{"insertions":14,"deletions":2}}}]},{"date":"2023-08-30","commitResults":[{"hash":"82224dd3bab19a73cee32c763c3a8f35d7f531dd","isMergeCommit":false,"messageTitle":"Completed Level 2 increment and updated code","messageBody":"","tags":["Level-2"],"fileTypesAndContributionMap":{"java":{"insertions":29,"deletions":5}}},{"hash":"59939a70b9de1172d3acd701f4e667428d6a2b66","isMergeCommit":false,"messageTitle":"Added Task.java file, imporved on level-2 code completed level-3","messageBody":"","tags":["level-3"],"fileTypesAndContributionMap":{"java":{"insertions":128,"deletions":32}}}]},{"date":"2023-09-05","commitResults":[{"hash":"8b1d144a214cc8ced04def62ff6c18e6d13a5bec","isMergeCommit":false,"messageTitle":"edited code","messageBody":"","fileTypesAndContributionMap":{"java":{"insertions":7,"deletions":6}}}]},{"date":"2023-09-06","commitResults":[{"hash":"cdbc6b6a321c483a5cce7c2502cbd83e314ba4a3","isMergeCommit":false,"messageTitle":"level-4 completed, edited code","messageBody":"","tags":["level-4","Level-0","A-Inheritance","A-CodingStandard"],"fileTypesAndContributionMap":{"java":{"insertions":106,"deletions":9}}}]},{"date":"2023-09-13","commitResults":[{"hash":"cb72979821e12cff1523a3f023b316043a1e8812","isMergeCommit":false,"messageTitle":"edited code","messageBody":"","fileTypesAndContributionMap":{"java":{"insertions":113,"deletions":49}}},{"hash":"75ddef5646d6a5a92c521de48eedf3e72e8240f1","isMergeCommit":false,"messageTitle":"Level-5 increment + edit code","messageBody":"","fileTypesAndContributionMap":{"java":{"insertions":209,"deletions":148}}},{"hash":"41ac3310970987df65bffca4bc432eefd3d258f1","isMergeCommit":false,"messageTitle":"no message","messageBody":"","fileTypesAndContributionMap":{"java":{"insertions":231,"deletions":110}}},{"hash":"e8ec87639a5e9b357c3beca454959354117b1759","isMergeCommit":false,"messageTitle":"Revert \"Level-5 increment + edit code\"","messageBody":"This reverts commit 75ddef5646d6a5a92c521de48eedf3e72e8240f1.\n","fileTypesAndContributionMap":{"java":{"insertions":148,"deletions":205}}},{"hash":"6515beb5bfa232b38e86a0aefee348a0d0f70425","isMergeCommit":true,"messageTitle":"Merge branch \u0027Branch-Level-5\u0027","messageBody":"* Branch-Level-5:\n  Level-5 increment + edit code\n  edited code\n\n# Conflicts:\n#\tsrc/main/java/Duke.java\n","fileTypesAndContributionMap":{}},{"hash":"f50b1a3ef472a79eb10c51299f305f23a9eb9678","isMergeCommit":false,"messageTitle":"changes to code","messageBody":"","fileTypesAndContributionMap":{"java":{"insertions":0,"deletions":175}}},{"hash":"4607c8541316c574ac80df9acfd1a651f31f82f8","isMergeCommit":false,"messageTitle":"Revert \"changes to code\"","messageBody":"This reverts commit f50b1a3ef472a79eb10c51299f305f23a9eb9678.\n","fileTypesAndContributionMap":{"java":{"insertions":175,"deletions":0}}},{"hash":"4729a1e2b48db5a977250546c7b00bd76fcafe6c","isMergeCommit":false,"messageTitle":"edited code","messageBody":"","tags":["Level-5","A-Exceptions"],"fileTypesAndContributionMap":{"java":{"insertions":0,"deletions":175}}},{"hash":"6469a2f190575c36a9d4afb8a218d131e6f254e0","isMergeCommit":false,"messageTitle":"included packages","messageBody":"","fileTypesAndContributionMap":{"java":{"insertions":24,"deletions":0}}},{"hash":"f5e82cd71d5f5fd4293f398725610574d88bda61","isMergeCommit":true,"messageTitle":"Merge branch \u0027branch-A-package\u0027","messageBody":"* branch-A-package:\n  included packages\n","tags":["A-packages"],"fileTypesAndContributionMap":{}}]},{"date":"2023-09-19","commitResults":[{"hash":"96270394a96b906cda19a85b674b2f1dbd78cf14","isMergeCommit":false,"messageTitle":"edited code: change from else if statements to case statements","messageBody":"","fileTypesAndContributionMap":{"java":{"insertions":258,"deletions":198}}},{"hash":"1bb1859d16da1eac45f29b9b73d217e8d537f49c","isMergeCommit":false,"messageTitle":"Level-6 increment done","messageBody":"","fileTypesAndContributionMap":{"java":{"insertions":46,"deletions":0}}}]},{"date":"2023-09-20","commitResults":[{"hash":"39957f7fff473ee0843d36d9c82639d767b6cded","isMergeCommit":false,"messageTitle":"added level-7 increments","messageBody":"","fileTypesAndContributionMap":{"java":{"insertions":165,"deletions":5}}},{"hash":"c5f0139aa47decb19caae9f8783ded5d20ddb30f","isMergeCommit":true,"messageTitle":"Merge branch \u0027branch-level-6\u0027","messageBody":"* branch-level-6:\n  Level-6 increment done\n","fileTypesAndContributionMap":{}},{"hash":"352ca3be5caede722acd1a6c5d441c50e99cb11c","isMergeCommit":true,"messageTitle":"Merge branch \u0027branch-level-7\u0027","messageBody":"* branch-level-7:\n  added level-7 increments\n\n# Conflicts:\n#\tsrc/main/java/Duke.java\n","tags":["Level-7","Level-6"],"fileTypesAndContributionMap":{}},{"hash":"638e421542c83676371b719f265d5342fb4f659f","isMergeCommit":false,"messageTitle":"edited code","messageBody":"","tags":["A-Jar"],"fileTypesAndContributionMap":{"java":{"insertions":1,"deletions":0}}}]},{"date":"2023-09-30","commitResults":[{"hash":"9119029aa6fc6149d5542abc4ead941882627385","isMergeCommit":false,"messageTitle":"edited some code","messageBody":"","fileTypesAndContributionMap":{"java":{"insertions":1,"deletions":0}}}]}]},"authorFileTypeContributionMap":{"bljhty":{"java":652,"md":0,"fxml":0,"sh":2,"bat":0,"gradle":0,"txt":0}},"authorContributionVariance":{"bljhty":74101.484},"authorDisplayNameMap":{"bljhty":"CS2113-T18-3 LEE ..RYAN"}}
