[{"path":"src/main/java/Chatbot.java","fileType":"java","lines":[{"lineNumber":1,"author":{"gitId":"imaginarys96"},"content":"import java.util.Scanner;","lastModifiedDate":"2023-08-31"},{"lineNumber":2,"author":{"gitId":"imaginarys96"},"content":"","lastModifiedDate":"2023-08-31"},{"lineNumber":3,"author":{"gitId":"imaginarys96"},"content":"public class Chatbot {","lastModifiedDate":"2023-08-31"},{"lineNumber":4,"author":{"gitId":"-"},"content":"    public static void main(String[] args) {","lastModifiedDate":"2019-07-29"},{"lineNumber":5,"author":{"gitId":"imaginarys96"},"content":"        Task[] tasks \u003d new Task[100];","lastModifiedDate":"2023-09-01"},{"lineNumber":6,"author":{"gitId":"imaginarys96"},"content":"        int numOfTasks \u003d 0;","lastModifiedDate":"2023-09-01"},{"lineNumber":7,"author":{"gitId":"imaginarys96"},"content":"","lastModifiedDate":"2023-09-01"},{"lineNumber":8,"author":{"gitId":"imaginarys96"},"content":"        String greetingMsg \u003d \"____________________________________________________________\\n\" +","lastModifiedDate":"2023-08-31"},{"lineNumber":9,"author":{"gitId":"imaginarys96"},"content":"                \" Hello! I\u0027m Chatbot\\n\" +","lastModifiedDate":"2023-08-31"},{"lineNumber":10,"author":{"gitId":"imaginarys96"},"content":"                \" What can I do for you?\\n\" +","lastModifiedDate":"2023-08-31"},{"lineNumber":11,"author":{"gitId":"imaginarys96"},"content":"                \"____________________________________________________________\\n\";","lastModifiedDate":"2023-08-31"},{"lineNumber":12,"author":{"gitId":"imaginarys96"},"content":"        String byeMsg \u003d \"____________________________________________________________\\n\" +","lastModifiedDate":"2023-08-31"},{"lineNumber":13,"author":{"gitId":"imaginarys96"},"content":"                \" Bye. Hope to see you again soon!\\n\" +","lastModifiedDate":"2023-08-31"},{"lineNumber":14,"author":{"gitId":"imaginarys96"},"content":"                \"____________________________________________________________\\n\";","lastModifiedDate":"2023-08-31"},{"lineNumber":15,"author":{"gitId":"imaginarys96"},"content":"        System.out.println(greetingMsg);","lastModifiedDate":"2023-08-31"},{"lineNumber":16,"author":{"gitId":"imaginarys96"},"content":"","lastModifiedDate":"2023-08-31"},{"lineNumber":17,"author":{"gitId":"imaginarys96"},"content":"","lastModifiedDate":"2023-08-31"},{"lineNumber":18,"author":{"gitId":"imaginarys96"},"content":"        Scanner in \u003d new Scanner(System.in);","lastModifiedDate":"2023-08-31"},{"lineNumber":19,"author":{"gitId":"imaginarys96"},"content":"        String input \u003d in.nextLine();","lastModifiedDate":"2023-08-31"},{"lineNumber":20,"author":{"gitId":"imaginarys96"},"content":"        while(!input.equals(\"bye\")) {","lastModifiedDate":"2023-08-31"},{"lineNumber":21,"author":{"gitId":"imaginarys96"},"content":"            if (input.equals(\"list\")) {","lastModifiedDate":"2023-09-01"},{"lineNumber":22,"author":{"gitId":"imaginarys96"},"content":"                System.out.println(\"____________________________________________________________\");","lastModifiedDate":"2023-09-01"},{"lineNumber":23,"author":{"gitId":"imaginarys96"},"content":"                System.out.println(\" Here are the tasks in your list:\");","lastModifiedDate":"2023-09-01"},{"lineNumber":24,"author":{"gitId":"imaginarys96"},"content":"                for (int i \u003d 0; i \u003c numOfTasks; i++) {","lastModifiedDate":"2023-09-01"},{"lineNumber":25,"author":{"gitId":"imaginarys96"},"content":"                    System.out.println(\" \" + (i + 1) + \".[\" + tasks[i].getTypeIcon() + \"][\" + tasks[i].getStatusIcon() + \"] \" + tasks[i].getDescription());","lastModifiedDate":"2023-09-06"},{"lineNumber":26,"author":{"gitId":"imaginarys96"},"content":"                }","lastModifiedDate":"2023-09-01"},{"lineNumber":27,"author":{"gitId":"imaginarys96"},"content":"                System.out.println(\"____________________________________________________________\");","lastModifiedDate":"2023-08-31"},{"lineNumber":28,"author":{"gitId":"imaginarys96"},"content":"            } else if (input.startsWith(\"mark \")) {","lastModifiedDate":"2023-09-01"},{"lineNumber":29,"author":{"gitId":"imaginarys96"},"content":"                String number \u003d input.replace(\"mark \", \"\").trim();","lastModifiedDate":"2023-09-01"},{"lineNumber":30,"author":{"gitId":"imaginarys96"},"content":"                int markTaskNo \u003d Integer.parseInt(number);","lastModifiedDate":"2023-09-01"},{"lineNumber":31,"author":{"gitId":"imaginarys96"},"content":"                if (markTaskNo \u003e 0) {","lastModifiedDate":"2023-09-01"},{"lineNumber":32,"author":{"gitId":"imaginarys96"},"content":"                    tasks[markTaskNo - 1].markAsDone();","lastModifiedDate":"2023-09-01"},{"lineNumber":33,"author":{"gitId":"imaginarys96"},"content":"                }","lastModifiedDate":"2023-09-01"},{"lineNumber":34,"author":{"gitId":"imaginarys96"},"content":"                System.out.println(\"____________________________________________________________\");","lastModifiedDate":"2023-09-01"},{"lineNumber":35,"author":{"gitId":"imaginarys96"},"content":"                System.out.println(\" Nice! I\u0027ve marked this task as done:\");","lastModifiedDate":"2023-09-01"},{"lineNumber":36,"author":{"gitId":"imaginarys96"},"content":"                System.out.println(\"   [\" + tasks[markTaskNo - 1].getStatusIcon() + \"] \" + tasks[markTaskNo - 1].getDescription());","lastModifiedDate":"2023-09-01"},{"lineNumber":37,"author":{"gitId":"imaginarys96"},"content":"                System.out.println(\"____________________________________________________________\");","lastModifiedDate":"2023-09-01"},{"lineNumber":38,"author":{"gitId":"imaginarys96"},"content":"            } else if (input.startsWith(\"unmark \")) {","lastModifiedDate":"2023-09-01"},{"lineNumber":39,"author":{"gitId":"imaginarys96"},"content":"                String number \u003d input.replace(\"unmark \", \"\").trim();","lastModifiedDate":"2023-09-01"},{"lineNumber":40,"author":{"gitId":"imaginarys96"},"content":"                int unmarkTaskNo \u003d Integer.parseInt(number);","lastModifiedDate":"2023-09-01"},{"lineNumber":41,"author":{"gitId":"imaginarys96"},"content":"                if (unmarkTaskNo \u003e 0) {","lastModifiedDate":"2023-09-01"},{"lineNumber":42,"author":{"gitId":"imaginarys96"},"content":"                    tasks[unmarkTaskNo - 1].markAsUndone();","lastModifiedDate":"2023-09-01"},{"lineNumber":43,"author":{"gitId":"imaginarys96"},"content":"                }","lastModifiedDate":"2023-09-01"},{"lineNumber":44,"author":{"gitId":"imaginarys96"},"content":"                System.out.println(\"____________________________________________________________\");","lastModifiedDate":"2023-09-01"},{"lineNumber":45,"author":{"gitId":"imaginarys96"},"content":"                System.out.println(\" OK, I\u0027ve marked this task as not done yet:\");","lastModifiedDate":"2023-09-01"},{"lineNumber":46,"author":{"gitId":"imaginarys96"},"content":"                System.out.println(\"   [\" + tasks[unmarkTaskNo - 1].getStatusIcon() + \"] \" + tasks[unmarkTaskNo - 1].getDescription());","lastModifiedDate":"2023-09-01"},{"lineNumber":47,"author":{"gitId":"imaginarys96"},"content":"                System.out.println(\"____________________________________________________________\");","lastModifiedDate":"2023-09-01"},{"lineNumber":48,"author":{"gitId":"imaginarys96"},"content":"            } else if ( input.startsWith(\"todo\") ) {","lastModifiedDate":"2023-09-06"},{"lineNumber":49,"author":{"gitId":"imaginarys96"},"content":"","lastModifiedDate":"2023-09-06"},{"lineNumber":50,"author":{"gitId":"imaginarys96"},"content":"                String msg \u003d input.replace(\"todo \", \"\").trim();","lastModifiedDate":"2023-09-06"},{"lineNumber":51,"author":{"gitId":"imaginarys96"},"content":"                msg \u003d msg.replace(\"deadline\", \"\");","lastModifiedDate":"2023-09-06"},{"lineNumber":52,"author":{"gitId":"imaginarys96"},"content":"                msg \u003d msg.replace(\"event\", \"\");","lastModifiedDate":"2023-09-06"},{"lineNumber":53,"author":{"gitId":"imaginarys96"},"content":"","lastModifiedDate":"2023-09-06"},{"lineNumber":54,"author":{"gitId":"imaginarys96"},"content":"                Task task \u003d new Task(input, \"T\");","lastModifiedDate":"2023-09-06"},{"lineNumber":55,"author":{"gitId":"imaginarys96"},"content":"                tasks[numOfTasks] \u003d task;","lastModifiedDate":"2023-09-06"},{"lineNumber":56,"author":{"gitId":"imaginarys96"},"content":"                numOfTasks++;","lastModifiedDate":"2023-09-06"},{"lineNumber":57,"author":{"gitId":"imaginarys96"},"content":"","lastModifiedDate":"2023-09-06"},{"lineNumber":58,"author":{"gitId":"imaginarys96"},"content":"                System.out.println(\"____________________________________________________________\");","lastModifiedDate":"2023-09-06"},{"lineNumber":59,"author":{"gitId":"imaginarys96"},"content":"                System.out.println(\" Got it. I\u0027ve added this task:\");","lastModifiedDate":"2023-09-06"},{"lineNumber":60,"author":{"gitId":"imaginarys96"},"content":"                System.out.println(\"   [\" + task.getTypeIcon() + \"][\" + task.getStatusIcon() + \"] \" + task.getDescription());","lastModifiedDate":"2023-09-06"},{"lineNumber":61,"author":{"gitId":"imaginarys96"},"content":"                System.out.println(\" Now you have \" + String.valueOf(numOfTasks) + \" tasks in the list.\");","lastModifiedDate":"2023-09-06"},{"lineNumber":62,"author":{"gitId":"imaginarys96"},"content":"                System.out.println(\"____________________________________________________________\");","lastModifiedDate":"2023-09-06"},{"lineNumber":63,"author":{"gitId":"imaginarys96"},"content":"            }  else if ( input.startsWith(\"deadline\") ) {","lastModifiedDate":"2023-09-06"},{"lineNumber":64,"author":{"gitId":"imaginarys96"},"content":"                String msg \u003d input.replace(\"deadline\", \"\");","lastModifiedDate":"2023-09-06"},{"lineNumber":65,"author":{"gitId":"imaginarys96"},"content":"","lastModifiedDate":"2023-09-06"},{"lineNumber":66,"author":{"gitId":"imaginarys96"},"content":"                Task task \u003d new Task(input, \"D\");","lastModifiedDate":"2023-09-06"},{"lineNumber":67,"author":{"gitId":"imaginarys96"},"content":"                tasks[numOfTasks] \u003d task;","lastModifiedDate":"2023-09-06"},{"lineNumber":68,"author":{"gitId":"imaginarys96"},"content":"                numOfTasks++;","lastModifiedDate":"2023-09-06"},{"lineNumber":69,"author":{"gitId":"imaginarys96"},"content":"","lastModifiedDate":"2023-09-06"},{"lineNumber":70,"author":{"gitId":"imaginarys96"},"content":"                System.out.println(\"____________________________________________________________\");","lastModifiedDate":"2023-09-06"},{"lineNumber":71,"author":{"gitId":"imaginarys96"},"content":"                System.out.println(\" Got it. I\u0027ve added this task:\");","lastModifiedDate":"2023-09-06"},{"lineNumber":72,"author":{"gitId":"imaginarys96"},"content":"                System.out.println(\"   [\" + task.getTypeIcon() + \"][\" + task.getStatusIcon() + \"] \" + task.getDescription());","lastModifiedDate":"2023-09-06"},{"lineNumber":73,"author":{"gitId":"imaginarys96"},"content":"                System.out.println(\" Now you have \" + String.valueOf(numOfTasks) + \" tasks in the list.\");","lastModifiedDate":"2023-09-06"},{"lineNumber":74,"author":{"gitId":"imaginarys96"},"content":"                System.out.println(\"____________________________________________________________\");","lastModifiedDate":"2023-09-06"},{"lineNumber":75,"author":{"gitId":"imaginarys96"},"content":"            } else if ( input.startsWith(\"event\") ) {","lastModifiedDate":"2023-09-06"},{"lineNumber":76,"author":{"gitId":"imaginarys96"},"content":"                String msg \u003d input.replace(\"event\", \"\");","lastModifiedDate":"2023-09-06"},{"lineNumber":77,"author":{"gitId":"imaginarys96"},"content":"","lastModifiedDate":"2023-09-06"},{"lineNumber":78,"author":{"gitId":"imaginarys96"},"content":"                Task task \u003d new Task(input, \"E\");","lastModifiedDate":"2023-09-06"},{"lineNumber":79,"author":{"gitId":"imaginarys96"},"content":"                tasks[numOfTasks] \u003d task;","lastModifiedDate":"2023-09-06"},{"lineNumber":80,"author":{"gitId":"imaginarys96"},"content":"                numOfTasks++;","lastModifiedDate":"2023-09-06"},{"lineNumber":81,"author":{"gitId":"imaginarys96"},"content":"","lastModifiedDate":"2023-09-06"},{"lineNumber":82,"author":{"gitId":"imaginarys96"},"content":"                System.out.println(\"____________________________________________________________\");","lastModifiedDate":"2023-09-06"},{"lineNumber":83,"author":{"gitId":"imaginarys96"},"content":"                System.out.println(\" Got it. I\u0027ve added this task:\");","lastModifiedDate":"2023-09-06"},{"lineNumber":84,"author":{"gitId":"imaginarys96"},"content":"                System.out.println(\"   [\" + task.getTypeIcon() + \"][\" + task.getStatusIcon() + \"] \" + task.getDescription());","lastModifiedDate":"2023-09-06"},{"lineNumber":85,"author":{"gitId":"imaginarys96"},"content":"                System.out.println(\" Now you have \" + String.valueOf(numOfTasks) + \" tasks in the list.\");","lastModifiedDate":"2023-09-06"},{"lineNumber":86,"author":{"gitId":"imaginarys96"},"content":"                System.out.println(\"____________________________________________________________\");","lastModifiedDate":"2023-09-06"},{"lineNumber":87,"author":{"gitId":"imaginarys96"},"content":"            } else {","lastModifiedDate":"2023-09-01"},{"lineNumber":88,"author":{"gitId":"imaginarys96"},"content":"                // if not bye, list, mark, then the command by default is add","lastModifiedDate":"2023-09-01"},{"lineNumber":89,"author":{"gitId":"imaginarys96"},"content":"                tasks[numOfTasks] \u003d new Task(input, \"\");","lastModifiedDate":"2023-09-06"},{"lineNumber":90,"author":{"gitId":"imaginarys96"},"content":"                numOfTasks++;","lastModifiedDate":"2023-09-01"},{"lineNumber":91,"author":{"gitId":"imaginarys96"},"content":"                System.out.println(\"____________________________________________________________\");","lastModifiedDate":"2023-08-31"},{"lineNumber":92,"author":{"gitId":"imaginarys96"},"content":"                System.out.println(\"added: \" + input);","lastModifiedDate":"2023-09-01"},{"lineNumber":93,"author":{"gitId":"imaginarys96"},"content":"                System.out.println(\"____________________________________________________________\");","lastModifiedDate":"2023-09-01"},{"lineNumber":94,"author":{"gitId":"imaginarys96"},"content":"            }","lastModifiedDate":"2023-09-01"},{"lineNumber":95,"author":{"gitId":"imaginarys96"},"content":"","lastModifiedDate":"2023-09-01"},{"lineNumber":96,"author":{"gitId":"imaginarys96"},"content":"            input \u003d in.nextLine();","lastModifiedDate":"2023-08-31"},{"lineNumber":97,"author":{"gitId":"imaginarys96"},"content":"        }","lastModifiedDate":"2023-08-31"},{"lineNumber":98,"author":{"gitId":"imaginarys96"},"content":"        System.out.println(byeMsg);","lastModifiedDate":"2023-08-31"},{"lineNumber":99,"author":{"gitId":"imaginarys96"},"content":"","lastModifiedDate":"2023-08-31"},{"lineNumber":100,"author":{"gitId":"-"},"content":"    }","lastModifiedDate":"2019-07-29"},{"lineNumber":101,"author":{"gitId":"-"},"content":"}","lastModifiedDate":"2019-07-29"}],"authorContributionMap":{"imaginarys96":98,"-":3}},{"path":"src/main/java/Task.java","fileType":"java","lines":[{"lineNumber":1,"author":{"gitId":"imaginarys96"},"content":"public class Task {","lastModifiedDate":"2023-09-01"},{"lineNumber":2,"author":{"gitId":"imaginarys96"},"content":"    protected String description;","lastModifiedDate":"2023-09-01"},{"lineNumber":3,"author":{"gitId":"imaginarys96"},"content":"    protected boolean isDone;","lastModifiedDate":"2023-09-01"},{"lineNumber":4,"author":{"gitId":"imaginarys96"},"content":"    protected String type;","lastModifiedDate":"2023-09-06"},{"lineNumber":5,"author":{"gitId":"imaginarys96"},"content":"    public Task(String description, String type) {","lastModifiedDate":"2023-09-06"},{"lineNumber":6,"author":{"gitId":"imaginarys96"},"content":"        this.description \u003d description;","lastModifiedDate":"2023-09-01"},{"lineNumber":7,"author":{"gitId":"imaginarys96"},"content":"        this.isDone \u003d false;","lastModifiedDate":"2023-09-01"},{"lineNumber":8,"author":{"gitId":"imaginarys96"},"content":"        this.type \u003d type;","lastModifiedDate":"2023-09-06"},{"lineNumber":9,"author":{"gitId":"imaginarys96"},"content":"    }","lastModifiedDate":"2023-09-01"},{"lineNumber":10,"author":{"gitId":"imaginarys96"},"content":"    public String getDescription() {","lastModifiedDate":"2023-09-01"},{"lineNumber":11,"author":{"gitId":"imaginarys96"},"content":"        return this.description;","lastModifiedDate":"2023-09-01"},{"lineNumber":12,"author":{"gitId":"imaginarys96"},"content":"    }","lastModifiedDate":"2023-09-01"},{"lineNumber":13,"author":{"gitId":"imaginarys96"},"content":"    public String getStatusIcon() {","lastModifiedDate":"2023-09-01"},{"lineNumber":14,"author":{"gitId":"imaginarys96"},"content":"        return (isDone ? \"X\" : \" \"); // mark done task with X","lastModifiedDate":"2023-09-01"},{"lineNumber":15,"author":{"gitId":"imaginarys96"},"content":"    }","lastModifiedDate":"2023-09-01"},{"lineNumber":16,"author":{"gitId":"imaginarys96"},"content":"    public void markAsDone() {","lastModifiedDate":"2023-09-01"},{"lineNumber":17,"author":{"gitId":"imaginarys96"},"content":"        this.isDone \u003d true;","lastModifiedDate":"2023-09-01"},{"lineNumber":18,"author":{"gitId":"imaginarys96"},"content":"    }","lastModifiedDate":"2023-09-01"},{"lineNumber":19,"author":{"gitId":"imaginarys96"},"content":"    public void markAsUndone() {","lastModifiedDate":"2023-09-01"},{"lineNumber":20,"author":{"gitId":"imaginarys96"},"content":"        this.isDone \u003d false;","lastModifiedDate":"2023-09-01"},{"lineNumber":21,"author":{"gitId":"imaginarys96"},"content":"    }","lastModifiedDate":"2023-09-01"},{"lineNumber":22,"author":{"gitId":"imaginarys96"},"content":"","lastModifiedDate":"2023-09-01"},{"lineNumber":23,"author":{"gitId":"imaginarys96"},"content":"    public String getTypeIcon() { return type; }","lastModifiedDate":"2023-09-06"},{"lineNumber":24,"author":{"gitId":"imaginarys96"},"content":"","lastModifiedDate":"2023-09-06"},{"lineNumber":25,"author":{"gitId":"imaginarys96"},"content":"}","lastModifiedDate":"2023-09-01"}],"authorContributionMap":{"imaginarys96":25}}]
