[{"path":"src/main/java/Chatbot.java","fileType":"java","lines":[{"lineNumber":1,"author":{"gitId":"imaginarys96"},"content":"import java.util.Scanner;","lastModifiedDate":"2023-08-31"},{"lineNumber":2,"author":{"gitId":"imaginarys96"},"content":"","lastModifiedDate":"2023-08-31"},{"lineNumber":3,"author":{"gitId":"imaginarys96"},"content":"public class Chatbot {","lastModifiedDate":"2023-08-31"},{"lineNumber":4,"author":{"gitId":"-"},"content":"    public static void main(String[] args) {","lastModifiedDate":"2019-07-29"},{"lineNumber":5,"author":{"gitId":"imaginarys96"},"content":"        Task[] tasks \u003d new Task[100];","lastModifiedDate":"2023-09-01"},{"lineNumber":6,"author":{"gitId":"imaginarys96"},"content":"        int numOfTasks \u003d 0;","lastModifiedDate":"2023-09-01"},{"lineNumber":7,"author":{"gitId":"imaginarys96"},"content":"","lastModifiedDate":"2023-09-01"},{"lineNumber":8,"author":{"gitId":"imaginarys96"},"content":"        String greetingMsg \u003d \"____________________________________________________________\\n\" +","lastModifiedDate":"2023-08-31"},{"lineNumber":9,"author":{"gitId":"imaginarys96"},"content":"                \" Hello! I\u0027m Chatbot\\n\" +","lastModifiedDate":"2023-08-31"},{"lineNumber":10,"author":{"gitId":"imaginarys96"},"content":"                \" What can I do for you?\\n\" +","lastModifiedDate":"2023-08-31"},{"lineNumber":11,"author":{"gitId":"imaginarys96"},"content":"                \"____________________________________________________________\\n\";","lastModifiedDate":"2023-08-31"},{"lineNumber":12,"author":{"gitId":"imaginarys96"},"content":"        String byeMsg \u003d \"____________________________________________________________\\n\" +","lastModifiedDate":"2023-08-31"},{"lineNumber":13,"author":{"gitId":"imaginarys96"},"content":"                \" Bye. Hope to see you again soon!\\n\" +","lastModifiedDate":"2023-08-31"},{"lineNumber":14,"author":{"gitId":"imaginarys96"},"content":"                \"____________________________________________________________\\n\";","lastModifiedDate":"2023-08-31"},{"lineNumber":15,"author":{"gitId":"imaginarys96"},"content":"        System.out.println(greetingMsg);","lastModifiedDate":"2023-08-31"},{"lineNumber":16,"author":{"gitId":"imaginarys96"},"content":"","lastModifiedDate":"2023-08-31"},{"lineNumber":17,"author":{"gitId":"imaginarys96"},"content":"","lastModifiedDate":"2023-08-31"},{"lineNumber":18,"author":{"gitId":"imaginarys96"},"content":"        Scanner in \u003d new Scanner(System.in);","lastModifiedDate":"2023-08-31"},{"lineNumber":19,"author":{"gitId":"imaginarys96"},"content":"        String input \u003d in.nextLine();","lastModifiedDate":"2023-08-31"},{"lineNumber":20,"author":{"gitId":"imaginarys96"},"content":"        while(!input.equals(\"bye\")) {","lastModifiedDate":"2023-08-31"},{"lineNumber":21,"author":{"gitId":"imaginarys96"},"content":"            if( input.equals(\"list\") ) {","lastModifiedDate":"2023-09-01"},{"lineNumber":22,"author":{"gitId":"imaginarys96"},"content":"                System.out.println(\"____________________________________________________________\");","lastModifiedDate":"2023-09-01"},{"lineNumber":23,"author":{"gitId":"imaginarys96"},"content":"                System.out.println(\" Here are the tasks in your list:\");","lastModifiedDate":"2023-09-01"},{"lineNumber":24,"author":{"gitId":"imaginarys96"},"content":"                for(int i\u003d0; i\u003cnumOfTasks; i++){","lastModifiedDate":"2023-09-01"},{"lineNumber":25,"author":{"gitId":"imaginarys96"},"content":"                    System.out.println( \" \" + (i+1) + \".[\"  + tasks[i].getStatusIcon() + \"] \" + tasks[i].getDescription() );","lastModifiedDate":"2023-09-01"},{"lineNumber":26,"author":{"gitId":"imaginarys96"},"content":"                }","lastModifiedDate":"2023-09-01"},{"lineNumber":27,"author":{"gitId":"imaginarys96"},"content":"                System.out.println(\"____________________________________________________________\");","lastModifiedDate":"2023-08-31"},{"lineNumber":28,"author":{"gitId":"imaginarys96"},"content":"            } else if ( input.startsWith(\"mark \") ) {","lastModifiedDate":"2023-09-01"},{"lineNumber":29,"author":{"gitId":"imaginarys96"},"content":"                String number \u003d input.replace(\"mark \", \"\").trim();","lastModifiedDate":"2023-09-01"},{"lineNumber":30,"author":{"gitId":"imaginarys96"},"content":"                int markTaskNo \u003d Integer.parseInt(number);","lastModifiedDate":"2023-09-01"},{"lineNumber":31,"author":{"gitId":"imaginarys96"},"content":"                if( markTaskNo \u003e 0 ) {","lastModifiedDate":"2023-09-01"},{"lineNumber":32,"author":{"gitId":"imaginarys96"},"content":"                    tasks[markTaskNo-1].markAsDone();","lastModifiedDate":"2023-09-01"},{"lineNumber":33,"author":{"gitId":"imaginarys96"},"content":"                }","lastModifiedDate":"2023-09-01"},{"lineNumber":34,"author":{"gitId":"imaginarys96"},"content":"                System.out.println(\"____________________________________________________________\");","lastModifiedDate":"2023-09-01"},{"lineNumber":35,"author":{"gitId":"imaginarys96"},"content":"                System.out.println(\" Nice! I\u0027ve marked this task as done:\");","lastModifiedDate":"2023-09-01"},{"lineNumber":36,"author":{"gitId":"imaginarys96"},"content":"                System.out.println( \"   [\"  + tasks[markTaskNo-1].getStatusIcon() + \"] \" + tasks[markTaskNo-1].getDescription() );","lastModifiedDate":"2023-09-01"},{"lineNumber":37,"author":{"gitId":"imaginarys96"},"content":"                System.out.println(\"____________________________________________________________\");","lastModifiedDate":"2023-09-01"},{"lineNumber":38,"author":{"gitId":"imaginarys96"},"content":"            } else if ( input.startsWith(\"unmark \") ) {","lastModifiedDate":"2023-09-01"},{"lineNumber":39,"author":{"gitId":"imaginarys96"},"content":"                String number \u003d input.replace(\"unmark \", \"\").trim();","lastModifiedDate":"2023-09-01"},{"lineNumber":40,"author":{"gitId":"imaginarys96"},"content":"                int unmarkTaskNo \u003d Integer.parseInt(number);","lastModifiedDate":"2023-09-01"},{"lineNumber":41,"author":{"gitId":"imaginarys96"},"content":"                if( unmarkTaskNo \u003e 0 ) {","lastModifiedDate":"2023-09-01"},{"lineNumber":42,"author":{"gitId":"imaginarys96"},"content":"                    tasks[unmarkTaskNo-1].markAsUndone();","lastModifiedDate":"2023-09-01"},{"lineNumber":43,"author":{"gitId":"imaginarys96"},"content":"                }","lastModifiedDate":"2023-09-01"},{"lineNumber":44,"author":{"gitId":"imaginarys96"},"content":"                System.out.println(\"____________________________________________________________\");","lastModifiedDate":"2023-09-01"},{"lineNumber":45,"author":{"gitId":"imaginarys96"},"content":"                System.out.println(\" OK, I\u0027ve marked this task as not done yet:\");","lastModifiedDate":"2023-09-01"},{"lineNumber":46,"author":{"gitId":"imaginarys96"},"content":"                System.out.println( \"   [\"  + tasks[unmarkTaskNo-1].getStatusIcon() + \"] \" + tasks[unmarkTaskNo-1].getDescription() );","lastModifiedDate":"2023-09-01"},{"lineNumber":47,"author":{"gitId":"imaginarys96"},"content":"                System.out.println(\"____________________________________________________________\");","lastModifiedDate":"2023-09-01"},{"lineNumber":48,"author":{"gitId":"imaginarys96"},"content":"            } else {","lastModifiedDate":"2023-09-01"},{"lineNumber":49,"author":{"gitId":"imaginarys96"},"content":"                // if not bye, list, mark, then the command by default is add","lastModifiedDate":"2023-09-01"},{"lineNumber":50,"author":{"gitId":"imaginarys96"},"content":"                tasks[numOfTasks] \u003d new Task(input);","lastModifiedDate":"2023-09-01"},{"lineNumber":51,"author":{"gitId":"imaginarys96"},"content":"                numOfTasks++;","lastModifiedDate":"2023-09-01"},{"lineNumber":52,"author":{"gitId":"imaginarys96"},"content":"                System.out.println(\"____________________________________________________________\");","lastModifiedDate":"2023-08-31"},{"lineNumber":53,"author":{"gitId":"imaginarys96"},"content":"                System.out.println(\"added: \" + input);","lastModifiedDate":"2023-09-01"},{"lineNumber":54,"author":{"gitId":"imaginarys96"},"content":"                System.out.println(\"____________________________________________________________\");","lastModifiedDate":"2023-09-01"},{"lineNumber":55,"author":{"gitId":"imaginarys96"},"content":"            }","lastModifiedDate":"2023-09-01"},{"lineNumber":56,"author":{"gitId":"imaginarys96"},"content":"","lastModifiedDate":"2023-09-01"},{"lineNumber":57,"author":{"gitId":"imaginarys96"},"content":"            input \u003d in.nextLine();","lastModifiedDate":"2023-08-31"},{"lineNumber":58,"author":{"gitId":"imaginarys96"},"content":"        }","lastModifiedDate":"2023-08-31"},{"lineNumber":59,"author":{"gitId":"imaginarys96"},"content":"        System.out.println(byeMsg);","lastModifiedDate":"2023-08-31"},{"lineNumber":60,"author":{"gitId":"imaginarys96"},"content":"","lastModifiedDate":"2023-08-31"},{"lineNumber":61,"author":{"gitId":"-"},"content":"    }","lastModifiedDate":"2019-07-29"},{"lineNumber":62,"author":{"gitId":"-"},"content":"}","lastModifiedDate":"2019-07-29"}],"authorContributionMap":{"imaginarys96":59,"-":3}},{"path":"src/main/java/Task.java","fileType":"java","lines":[{"lineNumber":1,"author":{"gitId":"imaginarys96"},"content":"public class Task {","lastModifiedDate":"2023-09-01"},{"lineNumber":2,"author":{"gitId":"imaginarys96"},"content":"    protected String description;","lastModifiedDate":"2023-09-01"},{"lineNumber":3,"author":{"gitId":"imaginarys96"},"content":"    protected boolean isDone;","lastModifiedDate":"2023-09-01"},{"lineNumber":4,"author":{"gitId":"imaginarys96"},"content":"","lastModifiedDate":"2023-09-01"},{"lineNumber":5,"author":{"gitId":"imaginarys96"},"content":"    public Task(String description) {","lastModifiedDate":"2023-09-01"},{"lineNumber":6,"author":{"gitId":"imaginarys96"},"content":"        this.description \u003d description;","lastModifiedDate":"2023-09-01"},{"lineNumber":7,"author":{"gitId":"imaginarys96"},"content":"        this.isDone \u003d false;","lastModifiedDate":"2023-09-01"},{"lineNumber":8,"author":{"gitId":"imaginarys96"},"content":"    }","lastModifiedDate":"2023-09-01"},{"lineNumber":9,"author":{"gitId":"imaginarys96"},"content":"    public String getDescription() {","lastModifiedDate":"2023-09-01"},{"lineNumber":10,"author":{"gitId":"imaginarys96"},"content":"        return this.description;","lastModifiedDate":"2023-09-01"},{"lineNumber":11,"author":{"gitId":"imaginarys96"},"content":"    }","lastModifiedDate":"2023-09-01"},{"lineNumber":12,"author":{"gitId":"imaginarys96"},"content":"    public String getStatusIcon() {","lastModifiedDate":"2023-09-01"},{"lineNumber":13,"author":{"gitId":"imaginarys96"},"content":"        return (isDone ? \"X\" : \" \"); // mark done task with X","lastModifiedDate":"2023-09-01"},{"lineNumber":14,"author":{"gitId":"imaginarys96"},"content":"    }","lastModifiedDate":"2023-09-01"},{"lineNumber":15,"author":{"gitId":"imaginarys96"},"content":"    public void markAsDone() {","lastModifiedDate":"2023-09-01"},{"lineNumber":16,"author":{"gitId":"imaginarys96"},"content":"        this.isDone \u003d true;","lastModifiedDate":"2023-09-01"},{"lineNumber":17,"author":{"gitId":"imaginarys96"},"content":"    }","lastModifiedDate":"2023-09-01"},{"lineNumber":18,"author":{"gitId":"imaginarys96"},"content":"    public void markAsUndone() {","lastModifiedDate":"2023-09-01"},{"lineNumber":19,"author":{"gitId":"imaginarys96"},"content":"        this.isDone \u003d false;","lastModifiedDate":"2023-09-01"},{"lineNumber":20,"author":{"gitId":"imaginarys96"},"content":"    }","lastModifiedDate":"2023-09-01"},{"lineNumber":21,"author":{"gitId":"imaginarys96"},"content":"","lastModifiedDate":"2023-09-01"},{"lineNumber":22,"author":{"gitId":"imaginarys96"},"content":"}","lastModifiedDate":"2023-09-01"}],"authorContributionMap":{"imaginarys96":22}}]
