{"authorDailyContributionsMap":{"imaginarys96":[{"date":"2023-08-31","commitResults":[{"hash":"08758df0a608555fc0126ac639800afb6d2c997d","isMergeCommit":false,"messageTitle":"Rename Duke to Chatbot","messageBody":"","fileTypesAndContributionMap":{"java":{"insertions":1,"deletions":1}}},{"hash":"70db08d0b7fb011414f0e945f730e2ca32d80e81","isMergeCommit":false,"messageTitle":"Implemented skeletal chatbot functionality","messageBody":"","tags":["Level-0"],"fileTypesAndContributionMap":{"java":{"insertions":7,"deletions":6}}},{"hash":"f19959271e972178ab8edf16bc509f168440e871","isMergeCommit":false,"messageTitle":"Implemented Level 1 - echo, bye","messageBody":"","tags":["Level-1"],"fileTypesAndContributionMap":{"java":{"insertions":18,"deletions":3}}}]},{"date":"2023-09-01","commitResults":[{"hash":"74cd2693d95508c8d6f6edff3f658dda3b34477a","isMergeCommit":false,"messageTitle":"Implemented Level 2 - Add, list","messageBody":"","tags":["Level-2"],"fileTypesAndContributionMap":{"java":{"insertions":19,"deletions":3}}},{"hash":"89fbf7b7db92bb77243d7614ed53e962469344eb","isMergeCommit":false,"messageTitle":"Implemented Level 3 - Mark as Done","messageBody":"","tags":["Level-3","A-CodingStandard"],"fileTypesAndContributionMap":{"java":{"insertions":47,"deletions":5}}}]},{"date":"2023-09-06","commitResults":[{"hash":"c78ca994bd533296663ede5921a99f5a61487157","isMergeCommit":false,"messageTitle":"Level 4. ToDos, Events, Deadlines implemented","messageBody":"","tags":["Level-4"],"fileTypesAndContributionMap":{"java":{"insertions":56,"deletions":14}}},{"hash":"fc69e5c6cac2f2667df012ce26571f10525527ac","isMergeCommit":false,"messageTitle":"A-Inheritance Implemented","messageBody":"","tags":["A-Inheritance","A-CodeQuality"],"fileTypesAndContributionMap":{"java":{"insertions":60,"deletions":17}}}]}]},"authorFileTypeContributionMap":{"imaginarys96":{"java":166,"md":0,"fxml":0,"sh":0,"bat":0,"gradle":0,"txt":0}},"authorContributionVariance":{"imaginarys96":1253.9275},"authorDisplayNameMap":{"imaginarys96":"YANG..REMY"}}
