[{"path":"src/main/java/itay.java","fileType":"java","lines":[{"lineNumber":1,"author":{"gitId":"itayrefaely"},"content":"public class itay {","lastModifiedDate":"2023-08-21"},{"lineNumber":2,"author":{"gitId":"itayrefaely"},"content":"    public static void main(String[] args) {","lastModifiedDate":"2023-08-21"},{"lineNumber":3,"author":{"gitId":"itayrefaely"},"content":"        String logo \u003d \" ____        _        \\n\"","lastModifiedDate":"2023-08-21"},{"lineNumber":4,"author":{"gitId":"itayrefaely"},"content":"                + \"|  _ \\\\ _   _| | _____ \\n\"","lastModifiedDate":"2023-08-21"},{"lineNumber":5,"author":{"gitId":"itayrefaely"},"content":"                + \"| | | | | | | |/ / _ \\\\\\n\"","lastModifiedDate":"2023-08-21"},{"lineNumber":6,"author":{"gitId":"itayrefaely"},"content":"                + \"| |_| | |_| |   \u003c  __/\\n\"","lastModifiedDate":"2023-08-21"},{"lineNumber":7,"author":{"gitId":"itayrefaely"},"content":"                + \"|____/ \\\\__,_|_|\\\\_\\\\___|\\n\";","lastModifiedDate":"2023-08-21"},{"lineNumber":8,"author":{"gitId":"itayrefaely"},"content":"        System.out.println(\"Hello from\\n\" + logo);","lastModifiedDate":"2023-08-21"},{"lineNumber":9,"author":{"gitId":"itayrefaely"},"content":"","lastModifiedDate":"2023-08-21"},{"lineNumber":10,"author":{"gitId":"itayrefaely"},"content":"        // greet","lastModifiedDate":"2023-08-21"},{"lineNumber":11,"author":{"gitId":"itayrefaely"},"content":"        System.out.println(\"Hello! I\u0027m Itay\");","lastModifiedDate":"2023-08-21"},{"lineNumber":12,"author":{"gitId":"itayrefaely"},"content":"        System.out.println(\"What can i do for you?\");","lastModifiedDate":"2023-08-21"},{"lineNumber":13,"author":{"gitId":"itayrefaely"},"content":"        System.out.println(\"Bye. Hope to see you again soon!\");","lastModifiedDate":"2023-08-21"},{"lineNumber":14,"author":{"gitId":"itayrefaely"},"content":"    }","lastModifiedDate":"2023-08-21"},{"lineNumber":15,"author":{"gitId":"itayrefaely"},"content":"}","lastModifiedDate":"2023-08-21"}],"authorContributionMap":{"itayrefaely":15}}]
