{"authorDailyContributionsMap":{"itayrefaely":[{"date":"2023-08-21","commitResults":[{"hash":"51a8a577a6b8acadf363cddff9758721c473230c","isMergeCommit":false,"messageTitle":"greeting","messageBody":"","tags":["Level-0"],"fileTypesAndContributionMap":{"java":{"insertions":15,"deletions":0}}}]},{"date":"2023-09-06","commitResults":[{"hash":"83e047ec71d3b7f9cff8458a62feac3d81730d56","isMergeCommit":false,"messageTitle":"Echo","messageBody":"","fileTypesAndContributionMap":{"java":{"insertions":0,"deletions":10}}},{"hash":"6a9b286bbc03d41b17edd950103ecad225a91bd8","isMergeCommit":false,"messageTitle":"Echo","messageBody":"","tags":["Level-1"],"fileTypesAndContributionMap":{"java":{"insertions":17,"deletions":0}}},{"hash":"cd90561b3ee50472e9cb38faf38bab8451a820c5","isMergeCommit":false,"messageTitle":"Add list","messageBody":"","tags":["Level-2"],"fileTypesAndContributionMap":{"java":{"insertions":21,"deletions":5}}},{"hash":"11178b3ba92b52987418abed5ca3400ee25bdbfd","isMergeCommit":false,"messageTitle":"Add mark/unmark","messageBody":"","tags":["Level-3"],"fileTypesAndContributionMap":{"java":{"insertions":50,"deletions":10}}}]},{"date":"2023-09-07","commitResults":[{"hash":"3824860dc28174ea0cd4a9abc7bd5cc002bf3b40","isMergeCommit":false,"messageTitle":"week 4","messageBody":"","tags":["Level-4"],"fileTypesAndContributionMap":{"java":{"insertions":52,"deletions":0}}},{"hash":"a2a782e4fdc514d5578b7ae83f0ea05905f56941","isMergeCommit":false,"messageTitle":"FIle name change","messageBody":"","fileTypesAndContributionMap":{"java":{"insertions":126,"deletions":62}}},{"hash":"a3ae62561b1ac8ceda00473e406bff0a444fefcd","isMergeCommit":false,"messageTitle":"input","messageBody":"","fileTypesAndContributionMap":{"txt":{"insertions":10,"deletions":0}}},{"hash":"8fda5d50a26710bb9cf894a424b5632e3ab5dcaf","isMergeCommit":false,"messageTitle":"file name change","messageBody":"","fileTypesAndContributionMap":{"java":{"insertions":152,"deletions":0}}},{"hash":"125560a12961b9f0baa84bc6c2bf67a40e1fe8fc","isMergeCommit":false,"messageTitle":"Delete src/main/java/Duke.java","messageBody":"","fileTypesAndContributionMap":{"java":{"insertions":0,"deletions":152}}},{"hash":"4f696510441354b8a94a5e6eaec7d1873f30b36e","isMergeCommit":false,"messageTitle":"Rename itay.java to Itay.java","messageBody":"","fileTypesAndContributionMap":{"java":{"insertions":1,"deletions":1}}}]},{"date":"2023-09-13","commitResults":[{"hash":"ac9e1e1b9dbc275bac3bc1832aaaca46944e7046","isMergeCommit":false,"messageTitle":"add DukeException class","messageBody":"","fileTypesAndContributionMap":{"java":{"insertions":14,"deletions":0}}},{"hash":"7dff1f961a46b1ba323bac6c44986b0c4f051a8d","isMergeCommit":false,"messageTitle":"Level-5","messageBody":"","tags":["A-Exceptions"],"fileTypesAndContributionMap":{"java":{"insertions":79,"deletions":206}}},{"hash":"e9b739d7653f6974e6a9424a6352a7f100326527","isMergeCommit":true,"messageTitle":"Merge branch \u0027branch-Level-5\u0027","messageBody":"Level-5\n","tags":["Level-5"],"fileTypesAndContributionMap":{}},{"hash":"656b0dbdddba8361201f367191d83b4fd1fd5e45","isMergeCommit":true,"messageTitle":"Merge remote-tracking branch \u0027origin/master\u0027","messageBody":"","fileTypesAndContributionMap":{}},{"hash":"1ee62b161225baac52209862fdbc57801b94e52c","isMergeCommit":false,"messageTitle":"A-Packages","messageBody":"","fileTypesAndContributionMap":{"java":{"insertions":5,"deletions":0}}},{"hash":"9131414083d930c991d7ffb9c3dbdf53ceb4f39a","isMergeCommit":true,"messageTitle":"Merge branch \u0027branch-A-Packages\u0027","messageBody":"","tags":["A-Packages"],"fileTypesAndContributionMap":{}},{"hash":"b57d0f8ab6aa4072b6d44ab1a8b63af6c15498be","isMergeCommit":false,"messageTitle":"A-Exceptions","messageBody":"","fileTypesAndContributionMap":{"java":{"insertions":0,"deletions":1}}}]},{"date":"2023-09-17","commitResults":[{"hash":"44b51f68ecdb0f5750436beb1b288f6080880eab","isMergeCommit":false,"messageTitle":"Quality modifications","messageBody":"","fileTypesAndContributionMap":{"java":{"insertions":22,"deletions":34}}},{"hash":"7dcbebbc32db4cd9c7072d9f59c599d666987f51","isMergeCommit":false,"messageTitle":"A-Collections","messageBody":"","tags":["A-Collections"],"fileTypesAndContributionMap":{"java":{"insertions":15,"deletions":14}}},{"hash":"7958848c9861afada1b05d2377874b82a1439810","isMergeCommit":false,"messageTitle":"Level-6","messageBody":"","fileTypesAndContributionMap":{"java":{"insertions":32,"deletions":15}}},{"hash":"c4ad597a385328d306769b6ce87ec0d9078dc871","isMergeCommit":true,"messageTitle":"Merge branch \u0027branch-Level-6\u0027","messageBody":"","tags":["Level-6"],"fileTypesAndContributionMap":{}},{"hash":"4ba5ceb95f6cc39e4aee80658a70e7348bd6a2d3","isMergeCommit":false,"messageTitle":"Level-7","messageBody":"","fileTypesAndContributionMap":{"txt":{"insertions":0,"deletions":0},"java":{"insertions":129,"deletions":11}}},{"hash":"8148969686a6782f3ed46003e18a15b6173896ae","isMergeCommit":true,"messageTitle":"Merge branch \u0027branch-Level-7\u0027","messageBody":"","tags":["Level-7"],"fileTypesAndContributionMap":{}}]},{"date":"2023-09-22","commitResults":[{"hash":"667907fed4f9c8a2fb338aef52676e7a35ab341e","isMergeCommit":false,"messageTitle":"A-More-OOP","messageBody":"","fileTypesAndContributionMap":{"java":{"insertions":281,"deletions":160}}},{"hash":"14c9949fa3f60403471c0b304e37fd7a294c960f","isMergeCommit":true,"messageTitle":"Merge branch \u0027branch-A-MoreOOP\u0027","messageBody":"","tags":["A-MoreOOP"],"fileTypesAndContributionMap":{}}]}]},"authorFileTypeContributionMap":{"itayrefaely":{"java":492,"md":0,"fxml":0,"sh":0,"bat":0,"gradle":0,"txt":10}},"authorContributionVariance":{"itayrefaely":16754.258},"authorDisplayNameMap":{"itayrefaely":"CS2113-W12-3 REFA..ITAY"}}
