{"authorDailyContributionsMap":{"itayrefaely":[{"date":"2023-08-21","commitResults":[{"hash":"51a8a577a6b8acadf363cddff9758721c473230c","isMergeCommit":false,"messageTitle":"greeting","messageBody":"","tags":["Level-0"],"fileTypesAndContributionMap":{"java":{"insertions":15,"deletions":0}}}]},{"date":"2023-09-06","commitResults":[{"hash":"83e047ec71d3b7f9cff8458a62feac3d81730d56","isMergeCommit":false,"messageTitle":"Echo","messageBody":"","tags":["Level-3"],"fileTypesAndContributionMap":{"java":{"insertions":0,"deletions":10}}},{"hash":"6a9b286bbc03d41b17edd950103ecad225a91bd8","isMergeCommit":false,"messageTitle":"Echo","messageBody":"","tags":["Level-1"],"fileTypesAndContributionMap":{"java":{"insertions":17,"deletions":0}}},{"hash":"cd90561b3ee50472e9cb38faf38bab8451a820c5","isMergeCommit":false,"messageTitle":"Add list","messageBody":"","tags":["Level-2"],"fileTypesAndContributionMap":{"java":{"insertions":21,"deletions":5}}},{"hash":"11178b3ba92b52987418abed5ca3400ee25bdbfd","isMergeCommit":false,"messageTitle":"Add mark/unmark","messageBody":"","fileTypesAndContributionMap":{"java":{"insertions":50,"deletions":10}}}]},{"date":"2023-09-07","commitResults":[{"hash":"3824860dc28174ea0cd4a9abc7bd5cc002bf3b40","isMergeCommit":false,"messageTitle":"week 4","messageBody":"","tags":["Level-4"],"fileTypesAndContributionMap":{"java":{"insertions":52,"deletions":0}}},{"hash":"a2a782e4fdc514d5578b7ae83f0ea05905f56941","isMergeCommit":false,"messageTitle":"FIle name change","messageBody":"","fileTypesAndContributionMap":{"java":{"insertions":126,"deletions":62}}},{"hash":"a3ae62561b1ac8ceda00473e406bff0a444fefcd","isMergeCommit":false,"messageTitle":"input","messageBody":"","fileTypesAndContributionMap":{"txt":{"insertions":10,"deletions":0}}},{"hash":"8fda5d50a26710bb9cf894a424b5632e3ab5dcaf","isMergeCommit":false,"messageTitle":"file name change","messageBody":"","tags":["Level-5"],"fileTypesAndContributionMap":{"java":{"insertions":152,"deletions":0}}},{"hash":"125560a12961b9f0baa84bc6c2bf67a40e1fe8fc","isMergeCommit":false,"messageTitle":"Delete src/main/java/Duke.java","messageBody":"","fileTypesAndContributionMap":{"java":{"insertions":0,"deletions":152}}},{"hash":"4f696510441354b8a94a5e6eaec7d1873f30b36e","isMergeCommit":false,"messageTitle":"Rename itay.java to Itay.java","messageBody":"","fileTypesAndContributionMap":{"java":{"insertions":1,"deletions":1}}}]},{"date":"2023-09-13","commitResults":[{"hash":"ac9e1e1b9dbc275bac3bc1832aaaca46944e7046","isMergeCommit":false,"messageTitle":"add DukeException class","messageBody":"","fileTypesAndContributionMap":{"java":{"insertions":14,"deletions":0}}},{"hash":"7dff1f961a46b1ba323bac6c44986b0c4f051a8d","isMergeCommit":false,"messageTitle":"Level-5","messageBody":"","fileTypesAndContributionMap":{"java":{"insertions":79,"deletions":206}}},{"hash":"e9b739d7653f6974e6a9424a6352a7f100326527","isMergeCommit":true,"messageTitle":"Merge branch \u0027branch-Level-5\u0027","messageBody":"Level-5\n","fileTypesAndContributionMap":{}},{"hash":"656b0dbdddba8361201f367191d83b4fd1fd5e45","isMergeCommit":true,"messageTitle":"Merge remote-tracking branch \u0027origin/master\u0027","messageBody":"","tags":["A-Packages"],"fileTypesAndContributionMap":{}},{"hash":"1ee62b161225baac52209862fdbc57801b94e52c","isMergeCommit":false,"messageTitle":"A-Packages","messageBody":"","fileTypesAndContributionMap":{"java":{"insertions":5,"deletions":0}}},{"hash":"9131414083d930c991d7ffb9c3dbdf53ceb4f39a","isMergeCommit":true,"messageTitle":"Merge branch \u0027branch-A-Packages\u0027","messageBody":"","tags":["A-Exceptions"],"fileTypesAndContributionMap":{}},{"hash":"b57d0f8ab6aa4072b6d44ab1a8b63af6c15498be","isMergeCommit":false,"messageTitle":"A-Exceptions","messageBody":"","fileTypesAndContributionMap":{"java":{"insertions":0,"deletions":1}}}]}]},"authorFileTypeContributionMap":{"itayrefaely":{"java":247,"md":0,"fxml":0,"sh":0,"bat":0,"gradle":0,"txt":10}},"authorContributionVariance":{"itayrefaely":14034.38},"authorDisplayNameMap":{"itayrefaely":"CS2113-W12-3 REFA..ITAY"}}
