[{"path":"README.md","fileType":"md","lines":[{"lineNumber":1,"author":{"gitId":"Cazh1"},"content":"# Nuke project template","lastModifiedDate":"2023-08-31"},{"lineNumber":2,"author":{"gitId":"-"},"content":"","lastModifiedDate":"2020-05-25"},{"lineNumber":3,"author":{"gitId":"-"},"content":"This is a project template for a greenfield Java project. It\u0027s named after the Java mascot _Duke_. Given below are instructions on how to use it.","lastModifiedDate":"2020-05-25"},{"lineNumber":4,"author":{"gitId":"-"},"content":"","lastModifiedDate":"2020-05-25"},{"lineNumber":5,"author":{"gitId":"-"},"content":"## Setting up in Intellij","lastModifiedDate":"2020-05-25"},{"lineNumber":6,"author":{"gitId":"-"},"content":"","lastModifiedDate":"2020-05-25"},{"lineNumber":7,"author":{"gitId":"-"},"content":"Prerequisites: JDK 11, update Intellij to the most recent version.","lastModifiedDate":"2020-05-25"},{"lineNumber":8,"author":{"gitId":"-"},"content":"","lastModifiedDate":"2020-05-25"},{"lineNumber":9,"author":{"gitId":"-"},"content":"1. Open Intellij (if you are not in the welcome screen, click `File` \u003e `Close Project` to close the existing project first)","lastModifiedDate":"2021-01-17"},{"lineNumber":10,"author":{"gitId":"-"},"content":"1. Open the project into Intellij as follows:","lastModifiedDate":"2021-01-17"},{"lineNumber":11,"author":{"gitId":"-"},"content":"   1. Click `Open`.","lastModifiedDate":"2021-01-17"},{"lineNumber":12,"author":{"gitId":"-"},"content":"   1. Select the project directory, and click `OK`.","lastModifiedDate":"2021-01-17"},{"lineNumber":13,"author":{"gitId":"-"},"content":"   1. If there are any further prompts, accept the defaults.","lastModifiedDate":"2020-05-25"},{"lineNumber":14,"author":{"gitId":"-"},"content":"1. Configure the project to use **JDK 11** (not other versions) as explained in [here](https://www.jetbrains.com/help/idea/sdk.html#set-up-jdk).\u003cbr\u003e","lastModifiedDate":"2021-07-29"},{"lineNumber":15,"author":{"gitId":"-"},"content":"   In the same dialog, set the **Project language level** field to the `SDK default` option.","lastModifiedDate":"2021-07-29"},{"lineNumber":16,"author":{"gitId":"Cazh1"},"content":"3. After that, locate the `src/main/java/Nuke.java` file, right-click it, and choose `Run Nuke.main()` (if the code editor is showing compile errors, try restarting the IDE). If the setup is correct, you should see something like the below as the output:","lastModifiedDate":"2023-08-31"},{"lineNumber":17,"author":{"gitId":"-"},"content":"   ```","lastModifiedDate":"2020-05-25"},{"lineNumber":18,"author":{"gitId":"-"},"content":"   Hello from","lastModifiedDate":"2020-05-25"},{"lineNumber":19,"author":{"gitId":"-"},"content":"    ____        _        ","lastModifiedDate":"2020-05-25"},{"lineNumber":20,"author":{"gitId":"-"},"content":"   |  _ \\ _   _| | _____ ","lastModifiedDate":"2020-05-25"},{"lineNumber":21,"author":{"gitId":"-"},"content":"   | | | | | | | |/ / _ \\","lastModifiedDate":"2020-05-25"},{"lineNumber":22,"author":{"gitId":"-"},"content":"   | |_| | |_| |   \u003c  __/","lastModifiedDate":"2020-05-25"},{"lineNumber":23,"author":{"gitId":"-"},"content":"   |____/ \\__,_|_|\\_\\___|","lastModifiedDate":"2020-05-25"},{"lineNumber":24,"author":{"gitId":"-"},"content":"   ```","lastModifiedDate":"2020-05-25"}],"authorContributionMap":{"Cazh1":2,"-":22}},{"path":"src/main/java/Deadline.java","fileType":"java","lines":[{"lineNumber":1,"author":{"gitId":"Cazh1"},"content":"public class Deadline extends Task{","lastModifiedDate":"2023-09-07"},{"lineNumber":2,"author":{"gitId":"Cazh1"},"content":"    protected String deadline;","lastModifiedDate":"2023-09-07"},{"lineNumber":3,"author":{"gitId":"Cazh1"},"content":"    public Deadline(String description, String taskType, String deadline) {","lastModifiedDate":"2023-09-07"},{"lineNumber":4,"author":{"gitId":"Cazh1"},"content":"        super(description, taskType);","lastModifiedDate":"2023-09-07"},{"lineNumber":5,"author":{"gitId":"Cazh1"},"content":"        this.deadline \u003d deadline;","lastModifiedDate":"2023-09-07"},{"lineNumber":6,"author":{"gitId":"Cazh1"},"content":"    }","lastModifiedDate":"2023-09-07"},{"lineNumber":7,"author":{"gitId":"Cazh1"},"content":"","lastModifiedDate":"2023-09-07"},{"lineNumber":8,"author":{"gitId":"Cazh1"},"content":"    public String getDeadline() {","lastModifiedDate":"2023-09-07"},{"lineNumber":9,"author":{"gitId":"Cazh1"},"content":"        return deadline;","lastModifiedDate":"2023-09-07"},{"lineNumber":10,"author":{"gitId":"Cazh1"},"content":"    }","lastModifiedDate":"2023-09-07"},{"lineNumber":11,"author":{"gitId":"Cazh1"},"content":"","lastModifiedDate":"2023-09-07"},{"lineNumber":12,"author":{"gitId":"Cazh1"},"content":"    public String toString() {","lastModifiedDate":"2023-09-07"},{"lineNumber":13,"author":{"gitId":"Cazh1"},"content":"        return taskType + super.toString() + deadline;","lastModifiedDate":"2023-09-07"},{"lineNumber":14,"author":{"gitId":"Cazh1"},"content":"    }","lastModifiedDate":"2023-09-07"},{"lineNumber":15,"author":{"gitId":"Cazh1"},"content":"}","lastModifiedDate":"2023-09-07"}],"authorContributionMap":{"Cazh1":15}},{"path":"src/main/java/Event.java","fileType":"java","lines":[{"lineNumber":1,"author":{"gitId":"Cazh1"},"content":"public class Event extends Task{","lastModifiedDate":"2023-09-07"},{"lineNumber":2,"author":{"gitId":"Cazh1"},"content":"    protected String dateTime;","lastModifiedDate":"2023-09-07"},{"lineNumber":3,"author":{"gitId":"Cazh1"},"content":"    public Event(String description, String taskType, String dateTime) {","lastModifiedDate":"2023-09-07"},{"lineNumber":4,"author":{"gitId":"Cazh1"},"content":"        super(description, taskType);","lastModifiedDate":"2023-09-07"},{"lineNumber":5,"author":{"gitId":"Cazh1"},"content":"        this.dateTime \u003d dateTime;","lastModifiedDate":"2023-09-07"},{"lineNumber":6,"author":{"gitId":"Cazh1"},"content":"    }","lastModifiedDate":"2023-09-07"},{"lineNumber":7,"author":{"gitId":"Cazh1"},"content":"","lastModifiedDate":"2023-09-07"},{"lineNumber":8,"author":{"gitId":"Cazh1"},"content":"    public String getDateTime() {","lastModifiedDate":"2023-09-07"},{"lineNumber":9,"author":{"gitId":"Cazh1"},"content":"        return dateTime;","lastModifiedDate":"2023-09-07"},{"lineNumber":10,"author":{"gitId":"Cazh1"},"content":"    }","lastModifiedDate":"2023-09-07"},{"lineNumber":11,"author":{"gitId":"Cazh1"},"content":"","lastModifiedDate":"2023-09-07"},{"lineNumber":12,"author":{"gitId":"Cazh1"},"content":"    public String toString() {","lastModifiedDate":"2023-09-07"},{"lineNumber":13,"author":{"gitId":"Cazh1"},"content":"        return taskType + super.toString() + dateTime;","lastModifiedDate":"2023-09-07"},{"lineNumber":14,"author":{"gitId":"Cazh1"},"content":"    }","lastModifiedDate":"2023-09-07"},{"lineNumber":15,"author":{"gitId":"Cazh1"},"content":"}","lastModifiedDate":"2023-09-07"}],"authorContributionMap":{"Cazh1":15}},{"path":"src/main/java/Nuke.java","fileType":"java","lines":[{"lineNumber":1,"author":{"gitId":"Cazh1"},"content":"import java.util.Scanner;","lastModifiedDate":"2023-08-31"},{"lineNumber":2,"author":{"gitId":"Cazh1"},"content":"import java.util.ArrayList;","lastModifiedDate":"2023-09-02"},{"lineNumber":3,"author":{"gitId":"Cazh1"},"content":"","lastModifiedDate":"2023-09-02"},{"lineNumber":4,"author":{"gitId":"Cazh1"},"content":"public class Nuke {","lastModifiedDate":"2023-08-31"},{"lineNumber":5,"author":{"gitId":"Cazh1"},"content":"","lastModifiedDate":"2023-08-31"},{"lineNumber":6,"author":{"gitId":"Cazh1"},"content":"    public static void printGreetingMessage() {","lastModifiedDate":"2023-09-07"},{"lineNumber":7,"author":{"gitId":"Cazh1"},"content":"        printLine();","lastModifiedDate":"2023-09-07"},{"lineNumber":8,"author":{"gitId":"Cazh1"},"content":"        System.out.println(\"     Hello! I\u0027m Nuke\\n\" + \"     What can I do for you?\");","lastModifiedDate":"2023-08-31"},{"lineNumber":9,"author":{"gitId":"Cazh1"},"content":"        printLine();","lastModifiedDate":"2023-09-07"},{"lineNumber":10,"author":{"gitId":"Cazh1"},"content":"    }","lastModifiedDate":"2023-08-31"},{"lineNumber":11,"author":{"gitId":"Cazh1"},"content":"","lastModifiedDate":"2023-08-31"},{"lineNumber":12,"author":{"gitId":"Cazh1"},"content":"    public static void printExitMessage() {","lastModifiedDate":"2023-09-07"},{"lineNumber":13,"author":{"gitId":"Cazh1"},"content":"        printLine();","lastModifiedDate":"2023-09-07"},{"lineNumber":14,"author":{"gitId":"Cazh1"},"content":"        System.out.println(\"     Bye. Hope to see you again soon!\");","lastModifiedDate":"2023-08-31"},{"lineNumber":15,"author":{"gitId":"Cazh1"},"content":"        printLine();","lastModifiedDate":"2023-09-07"},{"lineNumber":16,"author":{"gitId":"Cazh1"},"content":"    }","lastModifiedDate":"2023-08-31"},{"lineNumber":17,"author":{"gitId":"Cazh1"},"content":"","lastModifiedDate":"2023-08-31"},{"lineNumber":18,"author":{"gitId":"Cazh1"},"content":"    public static void printLine() {","lastModifiedDate":"2023-09-07"},{"lineNumber":19,"author":{"gitId":"Cazh1"},"content":"        System.out.println(\"    ____________________________________________________________\");","lastModifiedDate":"2023-08-31"},{"lineNumber":20,"author":{"gitId":"Cazh1"},"content":"    }","lastModifiedDate":"2023-08-31"},{"lineNumber":21,"author":{"gitId":"Cazh1"},"content":"","lastModifiedDate":"2023-08-31"},{"lineNumber":22,"author":{"gitId":"Cazh1"},"content":"    //Returns True if the text contains \"mark\", False if not","lastModifiedDate":"2023-09-07"},{"lineNumber":23,"author":{"gitId":"Cazh1"},"content":"    public static boolean checkTextForMark(String item) {","lastModifiedDate":"2023-09-07"},{"lineNumber":24,"author":{"gitId":"Cazh1"},"content":"        if (item.length() \u003e 4 \u0026\u0026 item.startsWith(\"mark\")) {","lastModifiedDate":"2023-09-07"},{"lineNumber":25,"author":{"gitId":"Cazh1"},"content":"            return true;","lastModifiedDate":"2023-09-07"},{"lineNumber":26,"author":{"gitId":"Cazh1"},"content":"        } else {","lastModifiedDate":"2023-09-07"},{"lineNumber":27,"author":{"gitId":"Cazh1"},"content":"            return false;","lastModifiedDate":"2023-09-07"},{"lineNumber":28,"author":{"gitId":"Cazh1"},"content":"        }","lastModifiedDate":"2023-09-07"},{"lineNumber":29,"author":{"gitId":"Cazh1"},"content":"    }","lastModifiedDate":"2023-09-07"},{"lineNumber":30,"author":{"gitId":"Cazh1"},"content":"","lastModifiedDate":"2023-09-07"},{"lineNumber":31,"author":{"gitId":"Cazh1"},"content":"    //Returns True if the text contains \"unmark\", False if not","lastModifiedDate":"2023-09-07"},{"lineNumber":32,"author":{"gitId":"Cazh1"},"content":"    public static boolean checkTextForUnmark(String item) {","lastModifiedDate":"2023-09-07"},{"lineNumber":33,"author":{"gitId":"Cazh1"},"content":"        if (item.length() \u003e 6 \u0026\u0026 item.startsWith(\"unmark\")) {","lastModifiedDate":"2023-09-07"},{"lineNumber":34,"author":{"gitId":"Cazh1"},"content":"            return true;","lastModifiedDate":"2023-09-07"},{"lineNumber":35,"author":{"gitId":"Cazh1"},"content":"        } else {","lastModifiedDate":"2023-09-07"},{"lineNumber":36,"author":{"gitId":"Cazh1"},"content":"            return false;","lastModifiedDate":"2023-09-07"},{"lineNumber":37,"author":{"gitId":"Cazh1"},"content":"        }","lastModifiedDate":"2023-09-07"},{"lineNumber":38,"author":{"gitId":"Cazh1"},"content":"    }","lastModifiedDate":"2023-09-07"},{"lineNumber":39,"author":{"gitId":"Cazh1"},"content":"","lastModifiedDate":"2023-09-07"},{"lineNumber":40,"author":{"gitId":"Cazh1"},"content":"    //Returns True if the text contains \"todo\", False if not","lastModifiedDate":"2023-09-07"},{"lineNumber":41,"author":{"gitId":"Cazh1"},"content":"    public static boolean checkTextForTodo(String item) {","lastModifiedDate":"2023-09-07"},{"lineNumber":42,"author":{"gitId":"Cazh1"},"content":"        if (item.length() \u003e 4 \u0026\u0026 item.startsWith(\"todo\")) {","lastModifiedDate":"2023-09-07"},{"lineNumber":43,"author":{"gitId":"Cazh1"},"content":"            return true;","lastModifiedDate":"2023-09-07"},{"lineNumber":44,"author":{"gitId":"Cazh1"},"content":"        } else {","lastModifiedDate":"2023-09-07"},{"lineNumber":45,"author":{"gitId":"Cazh1"},"content":"            return false;","lastModifiedDate":"2023-09-07"},{"lineNumber":46,"author":{"gitId":"Cazh1"},"content":"        }","lastModifiedDate":"2023-09-07"},{"lineNumber":47,"author":{"gitId":"Cazh1"},"content":"    }","lastModifiedDate":"2023-09-07"},{"lineNumber":48,"author":{"gitId":"Cazh1"},"content":"","lastModifiedDate":"2023-09-07"},{"lineNumber":49,"author":{"gitId":"Cazh1"},"content":"    //Returns True if the text contains \"deadline\", False if not","lastModifiedDate":"2023-09-07"},{"lineNumber":50,"author":{"gitId":"Cazh1"},"content":"    public static boolean checkTextForDeadline(String item) {","lastModifiedDate":"2023-09-07"},{"lineNumber":51,"author":{"gitId":"Cazh1"},"content":"        if (item.length() \u003e 8 \u0026\u0026 item.startsWith(\"deadline\")) {","lastModifiedDate":"2023-09-07"},{"lineNumber":52,"author":{"gitId":"Cazh1"},"content":"            return true;","lastModifiedDate":"2023-09-07"},{"lineNumber":53,"author":{"gitId":"Cazh1"},"content":"        } else {","lastModifiedDate":"2023-09-07"},{"lineNumber":54,"author":{"gitId":"Cazh1"},"content":"            return false;","lastModifiedDate":"2023-09-07"},{"lineNumber":55,"author":{"gitId":"Cazh1"},"content":"        }","lastModifiedDate":"2023-09-07"},{"lineNumber":56,"author":{"gitId":"Cazh1"},"content":"    }","lastModifiedDate":"2023-09-07"},{"lineNumber":57,"author":{"gitId":"Cazh1"},"content":"","lastModifiedDate":"2023-09-07"},{"lineNumber":58,"author":{"gitId":"Cazh1"},"content":"    //Returns True if the text contains \"event\", False if not","lastModifiedDate":"2023-09-07"},{"lineNumber":59,"author":{"gitId":"Cazh1"},"content":"    public static boolean checkTextForEvent(String item) {","lastModifiedDate":"2023-09-07"},{"lineNumber":60,"author":{"gitId":"Cazh1"},"content":"        if (item.length() \u003e 5 \u0026\u0026 item.startsWith(\"event\")) {","lastModifiedDate":"2023-09-07"},{"lineNumber":61,"author":{"gitId":"Cazh1"},"content":"            return true;","lastModifiedDate":"2023-09-07"},{"lineNumber":62,"author":{"gitId":"Cazh1"},"content":"        } else {","lastModifiedDate":"2023-09-07"},{"lineNumber":63,"author":{"gitId":"Cazh1"},"content":"            return false;","lastModifiedDate":"2023-09-07"},{"lineNumber":64,"author":{"gitId":"Cazh1"},"content":"        }","lastModifiedDate":"2023-09-07"},{"lineNumber":65,"author":{"gitId":"Cazh1"},"content":"    }","lastModifiedDate":"2023-09-07"},{"lineNumber":66,"author":{"gitId":"Cazh1"},"content":"","lastModifiedDate":"2023-09-07"},{"lineNumber":67,"author":{"gitId":"Cazh1"},"content":"    //Main logic for the bot\u0027s dialogue","lastModifiedDate":"2023-09-07"},{"lineNumber":68,"author":{"gitId":"Cazh1"},"content":"    public static void botDialogue(ArrayList\u003cTask\u003e taskList) {","lastModifiedDate":"2023-09-07"},{"lineNumber":69,"author":{"gitId":"Cazh1"},"content":"        Scanner input \u003d new Scanner(System.in);","lastModifiedDate":"2023-09-02"},{"lineNumber":70,"author":{"gitId":"Cazh1"},"content":"        String item \u003d input.nextLine();","lastModifiedDate":"2023-09-02"},{"lineNumber":71,"author":{"gitId":"Cazh1"},"content":"        if (item.equals(\"bye\")) {","lastModifiedDate":"2023-09-02"},{"lineNumber":72,"author":{"gitId":"Cazh1"},"content":"            printExitMessage();","lastModifiedDate":"2023-09-07"},{"lineNumber":73,"author":{"gitId":"Cazh1"},"content":"            return;","lastModifiedDate":"2023-09-02"},{"lineNumber":74,"author":{"gitId":"Cazh1"},"content":"        } else if (item.equals(\"list\")) {","lastModifiedDate":"2023-09-02"},{"lineNumber":75,"author":{"gitId":"Cazh1"},"content":"            list(taskList);","lastModifiedDate":"2023-09-07"},{"lineNumber":76,"author":{"gitId":"Cazh1"},"content":"        } else if (checkTextForMark(item)) {","lastModifiedDate":"2023-09-07"},{"lineNumber":77,"author":{"gitId":"Cazh1"},"content":"            String[] splitItem \u003d item.split(\" \");","lastModifiedDate":"2023-09-02"},{"lineNumber":78,"author":{"gitId":"Cazh1"},"content":"            int listIndex \u003d Integer.parseInt(splitItem[1]);","lastModifiedDate":"2023-09-07"},{"lineNumber":79,"author":{"gitId":"Cazh1"},"content":"            mark(taskList, listIndex);","lastModifiedDate":"2023-09-07"},{"lineNumber":80,"author":{"gitId":"Cazh1"},"content":"        } else if (checkTextForUnmark(item)) {","lastModifiedDate":"2023-09-07"},{"lineNumber":81,"author":{"gitId":"Cazh1"},"content":"            String[] splitItem \u003d item.split(\" \");","lastModifiedDate":"2023-09-02"},{"lineNumber":82,"author":{"gitId":"Cazh1"},"content":"            int listIndex \u003d Integer.parseInt(splitItem[1]);","lastModifiedDate":"2023-09-07"},{"lineNumber":83,"author":{"gitId":"Cazh1"},"content":"            unmark(taskList, listIndex);","lastModifiedDate":"2023-09-07"},{"lineNumber":84,"author":{"gitId":"Cazh1"},"content":"        } else {","lastModifiedDate":"2023-09-02"},{"lineNumber":85,"author":{"gitId":"Cazh1"},"content":"            add(taskList, item);","lastModifiedDate":"2023-09-07"},{"lineNumber":86,"author":{"gitId":"Cazh1"},"content":"        }","lastModifiedDate":"2023-09-02"},{"lineNumber":87,"author":{"gitId":"Cazh1"},"content":"        botDialogue(taskList);","lastModifiedDate":"2023-09-07"},{"lineNumber":88,"author":{"gitId":"Cazh1"},"content":"    }","lastModifiedDate":"2023-09-07"},{"lineNumber":89,"author":{"gitId":"Cazh1"},"content":"","lastModifiedDate":"2023-09-07"},{"lineNumber":90,"author":{"gitId":"Cazh1"},"content":"    //Creates a \"Todo\" object and adds to the taskList","lastModifiedDate":"2023-09-07"},{"lineNumber":91,"author":{"gitId":"Cazh1"},"content":"    public static void addTodo(ArrayList\u003cTask\u003e taskList, String item) {","lastModifiedDate":"2023-09-07"},{"lineNumber":92,"author":{"gitId":"Cazh1"},"content":"        String formattedString \u003d item.replace(\"todo \", \"\");","lastModifiedDate":"2023-09-07"},{"lineNumber":93,"author":{"gitId":"Cazh1"},"content":"        String taskType \u003d \"[T]\";","lastModifiedDate":"2023-09-07"},{"lineNumber":94,"author":{"gitId":"Cazh1"},"content":"        Task newTask \u003d new Todo(formattedString, taskType);","lastModifiedDate":"2023-09-07"},{"lineNumber":95,"author":{"gitId":"Cazh1"},"content":"        taskList.add(newTask);","lastModifiedDate":"2023-09-07"},{"lineNumber":96,"author":{"gitId":"Cazh1"},"content":"        System.out.println(\"     Got it. I\u0027ve added this task:\");","lastModifiedDate":"2023-09-07"},{"lineNumber":97,"author":{"gitId":"Cazh1"},"content":"        System.out.printf(\"       %s\\n\", newTask);","lastModifiedDate":"2023-09-07"},{"lineNumber":98,"author":{"gitId":"Cazh1"},"content":"        System.out.printf(\"     Now you have %d tasks in the list.\\n\", taskList.size());","lastModifiedDate":"2023-09-07"},{"lineNumber":99,"author":{"gitId":"Cazh1"},"content":"    }","lastModifiedDate":"2023-09-07"},{"lineNumber":100,"author":{"gitId":"Cazh1"},"content":"","lastModifiedDate":"2023-09-07"},{"lineNumber":101,"author":{"gitId":"Cazh1"},"content":"    //Creates a \"Deadline\" object and adds to the taskList","lastModifiedDate":"2023-09-07"},{"lineNumber":102,"author":{"gitId":"Cazh1"},"content":"    public static void addDeadline(ArrayList\u003cTask\u003e taskList, String item) {","lastModifiedDate":"2023-09-07"},{"lineNumber":103,"author":{"gitId":"Cazh1"},"content":"        String formattedString[] \u003d item.replace(\"deadline \", \"\").split(\"/\");","lastModifiedDate":"2023-09-07"},{"lineNumber":104,"author":{"gitId":"Cazh1"},"content":"        String taskType \u003d \"[D]\";","lastModifiedDate":"2023-09-07"},{"lineNumber":105,"author":{"gitId":"Cazh1"},"content":"        String deadlineDate \u003d \"(\" + formattedString[1].replace(\"by\", \"by:\") + \")\";","lastModifiedDate":"2023-09-07"},{"lineNumber":106,"author":{"gitId":"Cazh1"},"content":"        Task newTask \u003d new Deadline(formattedString[0], taskType, deadlineDate);","lastModifiedDate":"2023-09-07"},{"lineNumber":107,"author":{"gitId":"Cazh1"},"content":"        taskList.add(newTask);","lastModifiedDate":"2023-09-07"},{"lineNumber":108,"author":{"gitId":"Cazh1"},"content":"        System.out.println(\"     Got it. I\u0027ve added this task:\");","lastModifiedDate":"2023-09-07"},{"lineNumber":109,"author":{"gitId":"Cazh1"},"content":"        System.out.printf(\"       %s\\n\", newTask);","lastModifiedDate":"2023-09-07"},{"lineNumber":110,"author":{"gitId":"Cazh1"},"content":"        System.out.printf(\"     Now you have %d tasks in the list.\\n\", taskList.size());","lastModifiedDate":"2023-09-07"},{"lineNumber":111,"author":{"gitId":"Cazh1"},"content":"    }","lastModifiedDate":"2023-09-07"},{"lineNumber":112,"author":{"gitId":"Cazh1"},"content":"","lastModifiedDate":"2023-09-07"},{"lineNumber":113,"author":{"gitId":"Cazh1"},"content":"    //Creates a \"Event\" object and adds to the taskList","lastModifiedDate":"2023-09-07"},{"lineNumber":114,"author":{"gitId":"Cazh1"},"content":"    public static void addEvent(ArrayList\u003cTask\u003e taskList, String item) {","lastModifiedDate":"2023-09-07"},{"lineNumber":115,"author":{"gitId":"Cazh1"},"content":"        String formattedString[] \u003d item.replace(\"event \", \"\").split(\"/\");","lastModifiedDate":"2023-09-07"},{"lineNumber":116,"author":{"gitId":"Cazh1"},"content":"        String taskType \u003d \"[E]\";","lastModifiedDate":"2023-09-07"},{"lineNumber":117,"author":{"gitId":"Cazh1"},"content":"        String eventFrom \u003d formattedString[1].replace(\"from\", \"from:\");","lastModifiedDate":"2023-09-07"},{"lineNumber":118,"author":{"gitId":"Cazh1"},"content":"        String eventTo \u003d formattedString[2].replace(\"to\", \"to:\");","lastModifiedDate":"2023-09-07"},{"lineNumber":119,"author":{"gitId":"Cazh1"},"content":"        String dateTime \u003d \"(\" + eventFrom + eventTo + \")\";","lastModifiedDate":"2023-09-07"},{"lineNumber":120,"author":{"gitId":"Cazh1"},"content":"        Task newTask \u003d new Event(formattedString[0], taskType, dateTime);","lastModifiedDate":"2023-09-07"},{"lineNumber":121,"author":{"gitId":"Cazh1"},"content":"        taskList.add(newTask);","lastModifiedDate":"2023-09-07"},{"lineNumber":122,"author":{"gitId":"Cazh1"},"content":"        System.out.println(\"     Got it. I\u0027ve added this task:\");","lastModifiedDate":"2023-09-07"},{"lineNumber":123,"author":{"gitId":"Cazh1"},"content":"        System.out.printf(\"       %s\\n\", newTask);","lastModifiedDate":"2023-09-07"},{"lineNumber":124,"author":{"gitId":"Cazh1"},"content":"        System.out.printf(\"     Now you have %d tasks in the list.\\n\", taskList.size());","lastModifiedDate":"2023-09-07"},{"lineNumber":125,"author":{"gitId":"Cazh1"},"content":"    }","lastModifiedDate":"2023-09-02"},{"lineNumber":126,"author":{"gitId":"Cazh1"},"content":"","lastModifiedDate":"2023-09-02"},{"lineNumber":127,"author":{"gitId":"Cazh1"},"content":"    //Controls the logic for adding items to the list","lastModifiedDate":"2023-09-07"},{"lineNumber":128,"author":{"gitId":"Cazh1"},"content":"    public static void add(ArrayList\u003cTask\u003e taskList, String item) {","lastModifiedDate":"2023-09-07"},{"lineNumber":129,"author":{"gitId":"Cazh1"},"content":"            printLine();","lastModifiedDate":"2023-09-07"},{"lineNumber":130,"author":{"gitId":"Cazh1"},"content":"            if (checkTextForTodo(item)) {","lastModifiedDate":"2023-09-07"},{"lineNumber":131,"author":{"gitId":"Cazh1"},"content":"                addTodo(taskList, item);","lastModifiedDate":"2023-09-07"},{"lineNumber":132,"author":{"gitId":"Cazh1"},"content":"            } else if (checkTextForDeadline(item)) {","lastModifiedDate":"2023-09-07"},{"lineNumber":133,"author":{"gitId":"Cazh1"},"content":"                addDeadline(taskList, item);","lastModifiedDate":"2023-09-07"},{"lineNumber":134,"author":{"gitId":"Cazh1"},"content":"            } else if (checkTextForEvent(item)) {","lastModifiedDate":"2023-09-07"},{"lineNumber":135,"author":{"gitId":"Cazh1"},"content":"                addEvent(taskList, item);","lastModifiedDate":"2023-09-07"},{"lineNumber":136,"author":{"gitId":"Cazh1"},"content":"            }","lastModifiedDate":"2023-09-07"},{"lineNumber":137,"author":{"gitId":"Cazh1"},"content":"            printLine();","lastModifiedDate":"2023-09-07"},{"lineNumber":138,"author":{"gitId":"Cazh1"},"content":"    }","lastModifiedDate":"2023-09-02"},{"lineNumber":139,"author":{"gitId":"Cazh1"},"content":"","lastModifiedDate":"2023-09-02"},{"lineNumber":140,"author":{"gitId":"Cazh1"},"content":"    public static void list(ArrayList\u003cTask\u003e taskList) {","lastModifiedDate":"2023-09-07"},{"lineNumber":141,"author":{"gitId":"Cazh1"},"content":"        printLine();","lastModifiedDate":"2023-09-07"},{"lineNumber":142,"author":{"gitId":"Cazh1"},"content":"        System.out.println(\"     Here are the tasks in your list:\");","lastModifiedDate":"2023-09-02"},{"lineNumber":143,"author":{"gitId":"Cazh1"},"content":"        for (int i \u003d 0; i \u003c taskList.size(); i++) {","lastModifiedDate":"2023-09-07"},{"lineNumber":144,"author":{"gitId":"Cazh1"},"content":"            System.out.printf(\"     %d.%s\\n\", i+1, taskList.get(i));","lastModifiedDate":"2023-09-07"},{"lineNumber":145,"author":{"gitId":"Cazh1"},"content":"        }","lastModifiedDate":"2023-09-02"},{"lineNumber":146,"author":{"gitId":"Cazh1"},"content":"        printLine();","lastModifiedDate":"2023-09-07"},{"lineNumber":147,"author":{"gitId":"Cazh1"},"content":"    }","lastModifiedDate":"2023-09-02"},{"lineNumber":148,"author":{"gitId":"Cazh1"},"content":"","lastModifiedDate":"2023-09-02"},{"lineNumber":149,"author":{"gitId":"Cazh1"},"content":"    public static void mark(ArrayList\u003cTask\u003e taskList, int listIndex) {","lastModifiedDate":"2023-09-07"},{"lineNumber":150,"author":{"gitId":"Cazh1"},"content":"        printLine();","lastModifiedDate":"2023-09-07"},{"lineNumber":151,"author":{"gitId":"Cazh1"},"content":"        System.out.println(\"     Nice! I\u0027ve marked this task as done:\");","lastModifiedDate":"2023-09-02"},{"lineNumber":152,"author":{"gitId":"Cazh1"},"content":"        taskList.get(listIndex - 1).mark();;","lastModifiedDate":"2023-09-07"},{"lineNumber":153,"author":{"gitId":"Cazh1"},"content":"        System.out.printf(\"       %s\\n\", taskList.get(listIndex - 1));","lastModifiedDate":"2023-09-07"},{"lineNumber":154,"author":{"gitId":"Cazh1"},"content":"        printLine();","lastModifiedDate":"2023-09-07"},{"lineNumber":155,"author":{"gitId":"Cazh1"},"content":"    }","lastModifiedDate":"2023-09-02"},{"lineNumber":156,"author":{"gitId":"Cazh1"},"content":"","lastModifiedDate":"2023-09-02"},{"lineNumber":157,"author":{"gitId":"Cazh1"},"content":"    public static void unmark(ArrayList\u003cTask\u003e taskList, int listIndex) {","lastModifiedDate":"2023-09-07"},{"lineNumber":158,"author":{"gitId":"Cazh1"},"content":"        printLine();","lastModifiedDate":"2023-09-07"},{"lineNumber":159,"author":{"gitId":"Cazh1"},"content":"        System.out.println(\"     OK, I\u0027ve marked this task as not done yet:\");","lastModifiedDate":"2023-09-02"},{"lineNumber":160,"author":{"gitId":"Cazh1"},"content":"        taskList.get(listIndex - 1).unmark();","lastModifiedDate":"2023-09-07"},{"lineNumber":161,"author":{"gitId":"Cazh1"},"content":"        System.out.printf(\"       %s\\n\", taskList.get(listIndex - 1));","lastModifiedDate":"2023-09-07"},{"lineNumber":162,"author":{"gitId":"Cazh1"},"content":"        printLine();","lastModifiedDate":"2023-09-07"},{"lineNumber":163,"author":{"gitId":"Cazh1"},"content":"    }","lastModifiedDate":"2023-09-02"},{"lineNumber":164,"author":{"gitId":"Cazh1"},"content":"","lastModifiedDate":"2023-09-02"},{"lineNumber":165,"author":{"gitId":"Cazh1"},"content":"    public static void main(String[] args) {","lastModifiedDate":"2023-08-31"},{"lineNumber":166,"author":{"gitId":"Cazh1"},"content":"        printGreetingMessage();","lastModifiedDate":"2023-09-07"},{"lineNumber":167,"author":{"gitId":"Cazh1"},"content":"        ArrayList\u003cTask\u003e taskList \u003d new ArrayList\u003cTask\u003e();","lastModifiedDate":"2023-09-07"},{"lineNumber":168,"author":{"gitId":"Cazh1"},"content":"        botDialogue(taskList);","lastModifiedDate":"2023-09-07"},{"lineNumber":169,"author":{"gitId":"Cazh1"},"content":"    }","lastModifiedDate":"2023-08-31"},{"lineNumber":170,"author":{"gitId":"Cazh1"},"content":"}","lastModifiedDate":"2023-08-31"}],"authorContributionMap":{"Cazh1":170}},{"path":"src/main/java/Task.java","fileType":"java","lines":[{"lineNumber":1,"author":{"gitId":"Cazh1"},"content":"public class Task {","lastModifiedDate":"2023-09-07"},{"lineNumber":2,"author":{"gitId":"Cazh1"},"content":"    protected String description;","lastModifiedDate":"2023-09-07"},{"lineNumber":3,"author":{"gitId":"Cazh1"},"content":"        protected boolean isDone;","lastModifiedDate":"2023-09-07"},{"lineNumber":4,"author":{"gitId":"Cazh1"},"content":"        protected String taskType;","lastModifiedDate":"2023-09-07"},{"lineNumber":5,"author":{"gitId":"Cazh1"},"content":"        protected int taskIndex;","lastModifiedDate":"2023-09-07"},{"lineNumber":6,"author":{"gitId":"Cazh1"},"content":"","lastModifiedDate":"2023-09-07"},{"lineNumber":7,"author":{"gitId":"Cazh1"},"content":"        public Task(String description, String taskType) {","lastModifiedDate":"2023-09-07"},{"lineNumber":8,"author":{"gitId":"Cazh1"},"content":"            this.description \u003d description;","lastModifiedDate":"2023-09-07"},{"lineNumber":9,"author":{"gitId":"Cazh1"},"content":"            this.isDone \u003d false;","lastModifiedDate":"2023-09-07"},{"lineNumber":10,"author":{"gitId":"Cazh1"},"content":"            this.taskType \u003d taskType;","lastModifiedDate":"2023-09-07"},{"lineNumber":11,"author":{"gitId":"Cazh1"},"content":"        }","lastModifiedDate":"2023-09-07"},{"lineNumber":12,"author":{"gitId":"Cazh1"},"content":"","lastModifiedDate":"2023-09-07"},{"lineNumber":13,"author":{"gitId":"Cazh1"},"content":"        public String getStatusIcon() {","lastModifiedDate":"2023-09-07"},{"lineNumber":14,"author":{"gitId":"Cazh1"},"content":"            return (isDone ? \"[X]\" : \"[ ]\"); // mark done task with X","lastModifiedDate":"2023-09-07"},{"lineNumber":15,"author":{"gitId":"Cazh1"},"content":"        }","lastModifiedDate":"2023-09-07"},{"lineNumber":16,"author":{"gitId":"Cazh1"},"content":"","lastModifiedDate":"2023-09-07"},{"lineNumber":17,"author":{"gitId":"Cazh1"},"content":"        public String getTaskType() {","lastModifiedDate":"2023-09-07"},{"lineNumber":18,"author":{"gitId":"Cazh1"},"content":"            return taskType;","lastModifiedDate":"2023-09-07"},{"lineNumber":19,"author":{"gitId":"Cazh1"},"content":"        }","lastModifiedDate":"2023-09-07"},{"lineNumber":20,"author":{"gitId":"Cazh1"},"content":"","lastModifiedDate":"2023-09-07"},{"lineNumber":21,"author":{"gitId":"Cazh1"},"content":"        public void mark() {","lastModifiedDate":"2023-09-07"},{"lineNumber":22,"author":{"gitId":"Cazh1"},"content":"            this.isDone \u003d true;","lastModifiedDate":"2023-09-07"},{"lineNumber":23,"author":{"gitId":"Cazh1"},"content":"        }","lastModifiedDate":"2023-09-07"},{"lineNumber":24,"author":{"gitId":"Cazh1"},"content":"","lastModifiedDate":"2023-09-07"},{"lineNumber":25,"author":{"gitId":"Cazh1"},"content":"        public void unmark() {","lastModifiedDate":"2023-09-07"},{"lineNumber":26,"author":{"gitId":"Cazh1"},"content":"            this.isDone \u003d false;","lastModifiedDate":"2023-09-07"},{"lineNumber":27,"author":{"gitId":"Cazh1"},"content":"        }","lastModifiedDate":"2023-09-07"},{"lineNumber":28,"author":{"gitId":"Cazh1"},"content":"","lastModifiedDate":"2023-09-07"},{"lineNumber":29,"author":{"gitId":"Cazh1"},"content":"        public String toString() {","lastModifiedDate":"2023-09-07"},{"lineNumber":30,"author":{"gitId":"Cazh1"},"content":"            return getStatusIcon() + \" \" + description;","lastModifiedDate":"2023-09-07"},{"lineNumber":31,"author":{"gitId":"Cazh1"},"content":"        }","lastModifiedDate":"2023-09-07"},{"lineNumber":32,"author":{"gitId":"Cazh1"},"content":"}","lastModifiedDate":"2023-09-07"}],"authorContributionMap":{"Cazh1":32}},{"path":"src/main/java/Todo.java","fileType":"java","lines":[{"lineNumber":1,"author":{"gitId":"Cazh1"},"content":"public class Todo extends Task{","lastModifiedDate":"2023-09-07"},{"lineNumber":2,"author":{"gitId":"Cazh1"},"content":"    public Todo(String description, String taskType) {","lastModifiedDate":"2023-09-07"},{"lineNumber":3,"author":{"gitId":"Cazh1"},"content":"        super(description, taskType);","lastModifiedDate":"2023-09-07"},{"lineNumber":4,"author":{"gitId":"Cazh1"},"content":"    }","lastModifiedDate":"2023-09-07"},{"lineNumber":5,"author":{"gitId":"Cazh1"},"content":"","lastModifiedDate":"2023-09-07"},{"lineNumber":6,"author":{"gitId":"Cazh1"},"content":"    public String toString() {","lastModifiedDate":"2023-09-07"},{"lineNumber":7,"author":{"gitId":"Cazh1"},"content":"        return taskType + super.toString();","lastModifiedDate":"2023-09-07"},{"lineNumber":8,"author":{"gitId":"Cazh1"},"content":"    }","lastModifiedDate":"2023-09-07"},{"lineNumber":9,"author":{"gitId":"Cazh1"},"content":"}","lastModifiedDate":"2023-09-07"}],"authorContributionMap":{"Cazh1":9}},{"path":"text-ui-test/runtest.bat","fileType":"bat","lines":[{"lineNumber":1,"author":{"gitId":"-"},"content":"@ECHO OFF","lastModifiedDate":"2020-05-25"},{"lineNumber":2,"author":{"gitId":"-"},"content":"","lastModifiedDate":"2020-05-25"},{"lineNumber":3,"author":{"gitId":"-"},"content":"REM create bin directory if it doesn\u0027t exist","lastModifiedDate":"2020-05-25"},{"lineNumber":4,"author":{"gitId":"-"},"content":"if not exist ..\\bin mkdir ..\\bin","lastModifiedDate":"2020-05-25"},{"lineNumber":5,"author":{"gitId":"-"},"content":"","lastModifiedDate":"2020-05-25"},{"lineNumber":6,"author":{"gitId":"-"},"content":"REM delete output from previous run","lastModifiedDate":"2020-05-25"},{"lineNumber":7,"author":{"gitId":"-"},"content":"if exist ACTUAL.TXT del ACTUAL.TXT","lastModifiedDate":"2020-08-25"},{"lineNumber":8,"author":{"gitId":"-"},"content":"","lastModifiedDate":"2020-05-25"},{"lineNumber":9,"author":{"gitId":"-"},"content":"REM compile the code into the bin folder","lastModifiedDate":"2020-05-25"},{"lineNumber":10,"author":{"gitId":"-"},"content":"javac  -cp ..\\src\\main\\java -Xlint:none -d ..\\bin ..\\src\\main\\java\\*.java","lastModifiedDate":"2020-08-25"},{"lineNumber":11,"author":{"gitId":"-"},"content":"IF ERRORLEVEL 1 (","lastModifiedDate":"2020-05-25"},{"lineNumber":12,"author":{"gitId":"-"},"content":"    echo ********** BUILD FAILURE **********","lastModifiedDate":"2020-05-25"},{"lineNumber":13,"author":{"gitId":"-"},"content":"    exit /b 1","lastModifiedDate":"2020-05-25"},{"lineNumber":14,"author":{"gitId":"-"},"content":")","lastModifiedDate":"2020-05-25"},{"lineNumber":15,"author":{"gitId":"-"},"content":"REM no error here, errorlevel \u003d\u003d 0","lastModifiedDate":"2020-05-25"},{"lineNumber":16,"author":{"gitId":"-"},"content":"","lastModifiedDate":"2020-05-25"},{"lineNumber":17,"author":{"gitId":"-"},"content":"REM run the program, feed commands from input.txt file and redirect the output to the ACTUAL.TXT","lastModifiedDate":"2020-05-25"},{"lineNumber":18,"author":{"gitId":"Cazh1"},"content":"java -classpath ..\\bin Nuke \u003c input.txt \u003e ACTUAL.TXT","lastModifiedDate":"2023-08-31"},{"lineNumber":19,"author":{"gitId":"-"},"content":"","lastModifiedDate":"2020-05-25"},{"lineNumber":20,"author":{"gitId":"-"},"content":"REM compare the output to the expected output","lastModifiedDate":"2020-05-25"},{"lineNumber":21,"author":{"gitId":"-"},"content":"FC ACTUAL.TXT EXPECTED.TXT","lastModifiedDate":"2020-05-25"}],"authorContributionMap":{"Cazh1":1,"-":20}}]
