{"authorDailyContributionsMap":{"Cazh1":[{"date":"2023-08-31","commitResults":[{"hash":"cefd18d551505e4b921773f99522fa42f181bd37","isMergeCommit":false,"messageTitle":"Add Greet and Exit functions","messageBody":"","tags":["Level-0"],"fileTypesAndContributionMap":{"java":{"insertions":22,"deletions":10},"bat":{"insertions":1,"deletions":1},"md":{"insertions":2,"deletions":2}}},{"hash":"a30a0be2b6923f26cf4034e512b5e5b5458896b2","isMergeCommit":false,"messageTitle":"Add Echo function","messageBody":"","tags":["Level-1"],"fileTypesAndContributionMap":{"java":{"insertions":21,"deletions":4}}}]},{"date":"2023-09-02","commitResults":[{"hash":"ff4554d95a5a5c4fced670387498fecaa7278e3f","isMergeCommit":false,"messageTitle":"Add List and Add function","messageBody":"","tags":["Level-2"],"fileTypesAndContributionMap":{"java":{"insertions":31,"deletions":2}}},{"hash":"899542c6e1fb067156f6cef88817d11a49e32411","isMergeCommit":false,"messageTitle":"Add Mark-as-Done function","messageBody":"","tags":["Level-3"],"fileTypesAndContributionMap":{"java":{"insertions":44,"deletions":15}}}]},{"date":"2023-09-07","commitResults":[{"hash":"cd10722c7a782ba6ac51f54432d4197fa5bbbe34","isMergeCommit":false,"messageTitle":"Tweak the code to comply with coding standard","messageBody":"","tags":["A-CodingStandard"],"fileTypesAndContributionMap":{"java":{"insertions":30,"deletions":30}}},{"hash":"95c15bdada1a0a35a62e8660bcf132430d2e49d6","isMergeCommit":false,"messageTitle":"Update code logic to use Object Class","messageBody":"","fileTypesAndContributionMap":{"java":{"insertions":42,"deletions":35}}},{"hash":"3d50f0acabef1cc7214c68c4989b4eedab9dd834","isMergeCommit":false,"messageTitle":"Add tracking for types of tasks","messageBody":"","tags":["Level-4"],"fileTypesAndContributionMap":{"java":{"insertions":152,"deletions":31}}},{"hash":"c7b6dacaecd9b87bcfff6e96a33a30a76f7c36d9","isMergeCommit":false,"messageTitle":"Update methods to use Object class","messageBody":"","fileTypesAndContributionMap":{"java":{"insertions":3,"deletions":3}}}]},{"date":"2023-09-09","commitResults":[{"hash":"a5d59146d3844d55fa7f185f8bc3eb0e4a099750","isMergeCommit":false,"messageTitle":"Update methods to use Object class","messageBody":"","fileTypesAndContributionMap":{"java":{"insertions":27,"deletions":11}}},{"hash":"50f175c8c447a981c5b0ac1ae87ce0b4aec3cd00","isMergeCommit":true,"messageTitle":"Merge branch \u0027master\u0027 of https://github.com/Cazh1/ip","messageBody":"","fileTypesAndContributionMap":{}}]}]},"authorFileTypeContributionMap":{"Cazh1":{"java":241,"md":2,"fxml":0,"sh":0,"bat":1,"gradle":0,"txt":0}},"authorContributionVariance":{"Cazh1":4714.8545},"authorDisplayNameMap":{"Cazh1":"CHUA..HENG"}}
