{"authorDailyContributionsMap":{"Cazh1":[{"date":"2023-08-31","commitResults":[{"hash":"cefd18d551505e4b921773f99522fa42f181bd37","isMergeCommit":false,"messageTitle":"Add Greet and Exit functions","messageBody":"","tags":["Level-0"],"fileTypesAndContributionMap":{"java":{"insertions":22,"deletions":10},"bat":{"insertions":1,"deletions":1},"md":{"insertions":2,"deletions":2}}},{"hash":"a30a0be2b6923f26cf4034e512b5e5b5458896b2","isMergeCommit":false,"messageTitle":"Add Echo function","messageBody":"","tags":["Level-1"],"fileTypesAndContributionMap":{"java":{"insertions":21,"deletions":4}}}]},{"date":"2023-09-02","commitResults":[{"hash":"ff4554d95a5a5c4fced670387498fecaa7278e3f","isMergeCommit":false,"messageTitle":"Add List and Add function","messageBody":"","tags":["Level-2"],"fileTypesAndContributionMap":{"java":{"insertions":31,"deletions":2}}},{"hash":"899542c6e1fb067156f6cef88817d11a49e32411","isMergeCommit":false,"messageTitle":"Add Mark-as-Done function","messageBody":"","tags":["Level-3"],"fileTypesAndContributionMap":{"java":{"insertions":44,"deletions":15}}}]},{"date":"2023-09-07","commitResults":[{"hash":"cd10722c7a782ba6ac51f54432d4197fa5bbbe34","isMergeCommit":false,"messageTitle":"Tweak the code to comply with coding standard","messageBody":"","tags":["A-CodingStandard"],"fileTypesAndContributionMap":{"java":{"insertions":30,"deletions":30}}}]}]},"authorFileTypeContributionMap":{"Cazh1":{"java":97,"md":2,"fxml":0,"sh":0,"bat":1,"gradle":0,"txt":0}},"authorContributionVariance":{"Cazh1":658.65753},"authorDisplayNameMap":{"Cazh1":"CHUA..HENG"}}
