{"authorDailyContributionsMap":{"sRanay":[{"date":"2023-08-19","commitResults":[{"hash":"edf1ad49c4bdc956c0511d7b078ddcc204dd366a","isMergeCommit":false,"messageTitle":"Add greeting for Duke.java","messageBody":"","tags":["Level-0"],"fileTypesAndContributionMap":{"java":{"insertions":7,"deletions":0}}}]},{"date":"2023-08-26","commitResults":[{"hash":"158e5ab902d3a44a45f7c0daac9cdd1959c0b3a9","isMergeCommit":false,"messageTitle":"Add echo feature","messageBody":"","tags":["Level-1"],"fileTypesAndContributionMap":{"java":{"insertions":12,"deletions":6}}},{"hash":"24f7d0dc0b5639f6221c465d5951338660f378ae","isMergeCommit":false,"messageTitle":"Add list and add feature","messageBody":"","tags":["Level-2"],"fileTypesAndContributionMap":{"java":{"insertions":12,"deletions":1}}}]},{"date":"2023-08-29","commitResults":[{"hash":"74eca7c0d868b6e5db3cab61e0f2959b77decfbe","isMergeCommit":false,"messageTitle":"Add mark as done feature","messageBody":"","fileTypesAndContributionMap":{"java":{"insertions":66,"deletions":7}}}]},{"date":"2023-08-31","commitResults":[{"hash":"48fa18acd8b37632ba7672a7fcb71befe8b0961e","isMergeCommit":false,"messageTitle":"Add user validation","messageBody":"","tags":["Level-3"],"fileTypesAndContributionMap":{"java":{"insertions":32,"deletions":21}}}]},{"date":"2023-09-01","commitResults":[{"hash":"b1657a393e567725937bf0dfb96da41ee9218871","isMergeCommit":false,"messageTitle":"Add todo, event and deadline classes","messageBody":"","fileTypesAndContributionMap":{"java":{"insertions":140,"deletions":39}}}]},{"date":"2023-09-03","commitResults":[{"hash":"d0bff57117c4384fd99fee561252c08249372c1e","isMergeCommit":false,"messageTitle":"Add test in text-ui-test folder","messageBody":"","fileTypesAndContributionMap":{"txt":{"insertions":4,"deletions":0},"bat":{"insertions":1,"deletions":1},"sh":{"insertions":1,"deletions":1}}},{"hash":"b684aa7f3dd2200a489f44ab3981025f3b481d2c","isMergeCommit":false,"messageTitle":"Add comments to the function","messageBody":"","tags":["Level-4","A-TextUiTesting","A-Inheritance","A-CodingStandard","A-CodeQuality"],"fileTypesAndContributionMap":{"java":{"insertions":42,"deletions":2}}}]},{"date":"2023-09-06","commitResults":[{"hash":"51d32d67432cb651c66e42663e780cf85227c56a","isMergeCommit":false,"messageTitle":"Improve code quality","messageBody":"","fileTypesAndContributionMap":{"java":{"insertions":43,"deletions":30}}}]},{"date":"2023-09-09","commitResults":[{"hash":"ab02f6dd53dbe68f473d5ec4740df21282504e36","isMergeCommit":false,"messageTitle":"Add error handling for adding task","messageBody":"","fileTypesAndContributionMap":{"java":{"insertions":49,"deletions":13}}},{"hash":"a0f8dda9f64b26c0dd9295049a6f40ae34acfdd5","isMergeCommit":true,"messageTitle":"Merge pull request #1 from sRanay/branch-Level-5","messageBody":"Add error handling for adding task","tags":["Level-5"],"fileTypesAndContributionMap":{}},{"hash":"8bcb0f7b2467422607a63def0101cf902d2917e0","isMergeCommit":false,"messageTitle":"Add classes to packages","messageBody":"","fileTypesAndContributionMap":{"java":{"insertions":18,"deletions":1}}},{"hash":"cb0fc7fadeedb1332ee75e0e285636627f51f043","isMergeCommit":false,"messageTitle":"Add usage help for some command","messageBody":"","fileTypesAndContributionMap":{"java":{"insertions":4,"deletions":0}}},{"hash":"970e75c6378e65e60463f3c0886b9b2a98b5b7f3","isMergeCommit":true,"messageTitle":"Merge pull request #2 from sRanay/branch-A-Packages","messageBody":"Branch a packages","tags":["A-Packages"],"fileTypesAndContributionMap":{}}]}]},"authorFileTypeContributionMap":{"sRanay":{"java":312,"md":0,"fxml":0,"sh":1,"bat":1,"gradle":0,"txt":4}},"authorContributionVariance":{"sRanay":1876.1289},"authorDisplayNameMap":{"sRanay":"JASO.. JIE"}}
