[{"path":"src/main/java/dawson/Dawson.java","fileType":"java","lines":[{"lineNumber":1,"author":{"gitId":"TongZhengHong"},"content":"package dawson;","lastModifiedDate":"2023-08-25"},{"lineNumber":2,"author":{"gitId":"TongZhengHong"},"content":"","lastModifiedDate":"2023-08-25"},{"lineNumber":3,"author":{"gitId":"TongZhengHong"},"content":"import java.util.Scanner;","lastModifiedDate":"2023-08-26"},{"lineNumber":4,"author":{"gitId":"TongZhengHong"},"content":"","lastModifiedDate":"2023-08-26"},{"lineNumber":5,"author":{"gitId":"TongZhengHong"},"content":"import dawson.command.Command;","lastModifiedDate":"2023-09-06"},{"lineNumber":6,"author":{"gitId":"TongZhengHong"},"content":"import dawson.command.Echo;","lastModifiedDate":"2023-09-06"},{"lineNumber":7,"author":{"gitId":"TongZhengHong"},"content":"import dawson.command.Exit;","lastModifiedDate":"2023-09-06"},{"lineNumber":8,"author":{"gitId":"TongZhengHong"},"content":"","lastModifiedDate":"2023-08-26"},{"lineNumber":9,"author":{"gitId":"TongZhengHong"},"content":"public class Dawson {","lastModifiedDate":"2023-08-22"},{"lineNumber":10,"author":{"gitId":"TongZhengHong"},"content":"    /**","lastModifiedDate":"2023-08-25"},{"lineNumber":11,"author":{"gitId":"TongZhengHong"},"content":"     * Print given input text together with a line as separator","lastModifiedDate":"2023-08-25"},{"lineNumber":12,"author":{"gitId":"TongZhengHong"},"content":"     * ","lastModifiedDate":"2023-08-25"},{"lineNumber":13,"author":{"gitId":"TongZhengHong"},"content":"     * @param text","lastModifiedDate":"2023-08-25"},{"lineNumber":14,"author":{"gitId":"TongZhengHong"},"content":"     */","lastModifiedDate":"2023-08-25"},{"lineNumber":15,"author":{"gitId":"TongZhengHong"},"content":"    public static void printText(String text) {","lastModifiedDate":"2023-09-02"},{"lineNumber":16,"author":{"gitId":"TongZhengHong"},"content":"        String line \u003d \"\\t_______________________________________________________\" + System.lineSeparator();","lastModifiedDate":"2023-08-26"},{"lineNumber":17,"author":{"gitId":"TongZhengHong"},"content":"","lastModifiedDate":"2023-08-26"},{"lineNumber":18,"author":{"gitId":"TongZhengHong"},"content":"        System.out.println(line);","lastModifiedDate":"2023-08-26"},{"lineNumber":19,"author":{"gitId":"TongZhengHong"},"content":"        System.out.println(\"\\t \" + text);","lastModifiedDate":"2023-09-02"},{"lineNumber":20,"author":{"gitId":"TongZhengHong"},"content":"        System.out.println(line);","lastModifiedDate":"2023-09-02"},{"lineNumber":21,"author":{"gitId":"TongZhengHong"},"content":"    }","lastModifiedDate":"2023-09-02"},{"lineNumber":22,"author":{"gitId":"TongZhengHong"},"content":"","lastModifiedDate":"2023-09-02"},{"lineNumber":23,"author":{"gitId":"TongZhengHong"},"content":"    public static void printText(String[] texts) {","lastModifiedDate":"2023-09-02"},{"lineNumber":24,"author":{"gitId":"TongZhengHong"},"content":"        String line \u003d \"\\t_______________________________________________________\" + System.lineSeparator();","lastModifiedDate":"2023-09-02"},{"lineNumber":25,"author":{"gitId":"TongZhengHong"},"content":"","lastModifiedDate":"2023-09-02"},{"lineNumber":26,"author":{"gitId":"TongZhengHong"},"content":"        System.out.println(line);","lastModifiedDate":"2023-09-02"},{"lineNumber":27,"author":{"gitId":"TongZhengHong"},"content":"        for (String text : texts) {","lastModifiedDate":"2023-09-02"},{"lineNumber":28,"author":{"gitId":"TongZhengHong"},"content":"            System.out.println(\"\\t \" + text);","lastModifiedDate":"2023-09-02"},{"lineNumber":29,"author":{"gitId":"TongZhengHong"},"content":"        }","lastModifiedDate":"2023-09-02"},{"lineNumber":30,"author":{"gitId":"TongZhengHong"},"content":"        System.out.println(line);","lastModifiedDate":"2023-08-26"},{"lineNumber":31,"author":{"gitId":"TongZhengHong"},"content":"    }","lastModifiedDate":"2023-08-25"},{"lineNumber":32,"author":{"gitId":"TongZhengHong"},"content":"","lastModifiedDate":"2023-08-25"},{"lineNumber":33,"author":{"gitId":"-"},"content":"    public static void main(String[] args) {","lastModifiedDate":"2019-07-29"},{"lineNumber":34,"author":{"gitId":"TongZhengHong"},"content":"","lastModifiedDate":"2023-08-25"},{"lineNumber":35,"author":{"gitId":"TongZhengHong"},"content":"        String introText \u003d \"Hello! My name is: \";","lastModifiedDate":"2023-09-02"},{"lineNumber":36,"author":{"gitId":"TongZhengHong"},"content":"        String welcomeText \u003d \"What can I do for you?\";","lastModifiedDate":"2023-09-02"},{"lineNumber":37,"author":{"gitId":"TongZhengHong"},"content":"        String[] dawsonText \u003d {","lastModifiedDate":"2023-09-02"},{"lineNumber":38,"author":{"gitId":"TongZhengHong"},"content":"                introText,","lastModifiedDate":"2023-09-02"},{"lineNumber":39,"author":{"gitId":"TongZhengHong"},"content":"                \"██████╗░░█████╗░░██╗░░░░░░░██╗░██████╗░█████╗░███╗░░██╗\",","lastModifiedDate":"2023-09-02"},{"lineNumber":40,"author":{"gitId":"TongZhengHong"},"content":"                \"██╔══██╗██╔══██╗░██║░░██╗░░██║██╔════╝██╔══██╗████╗░██║\",","lastModifiedDate":"2023-09-02"},{"lineNumber":41,"author":{"gitId":"TongZhengHong"},"content":"                \"██║░░██║███████║░╚██╗████╗██╔╝╚█████╗░██║░░██║██╔██╗██║\",","lastModifiedDate":"2023-09-02"},{"lineNumber":42,"author":{"gitId":"TongZhengHong"},"content":"                \"██║░░██║██╔══██║░░████╔═████║░░╚═══██╗██║░░██║██║╚████║\",","lastModifiedDate":"2023-09-02"},{"lineNumber":43,"author":{"gitId":"TongZhengHong"},"content":"                \"██████╔╝██║░░██║░░╚██╔╝░╚██╔╝░██████╔╝╚█████╔╝██║░╚███║\",","lastModifiedDate":"2023-09-02"},{"lineNumber":44,"author":{"gitId":"TongZhengHong"},"content":"                \"╚═════╝░╚═╝░░╚═╝░░░╚═╝░░░╚═╝░░╚═════╝░░╚════╝░╚═╝░░╚══╝\",","lastModifiedDate":"2023-09-02"},{"lineNumber":45,"author":{"gitId":"TongZhengHong"},"content":"                \"\",","lastModifiedDate":"2023-09-02"},{"lineNumber":46,"author":{"gitId":"TongZhengHong"},"content":"                welcomeText","lastModifiedDate":"2023-09-02"},{"lineNumber":47,"author":{"gitId":"TongZhengHong"},"content":"        };","lastModifiedDate":"2023-09-02"},{"lineNumber":48,"author":{"gitId":"TongZhengHong"},"content":"        printText(dawsonText);","lastModifiedDate":"2023-09-02"},{"lineNumber":49,"author":{"gitId":"TongZhengHong"},"content":"","lastModifiedDate":"2023-08-26"},{"lineNumber":50,"author":{"gitId":"TongZhengHong"},"content":"        Command newCommand \u003d new Echo(\"\");","lastModifiedDate":"2023-08-26"},{"lineNumber":51,"author":{"gitId":"TongZhengHong"},"content":"        Scanner scanner \u003d new Scanner(System.in);","lastModifiedDate":"2023-08-26"},{"lineNumber":52,"author":{"gitId":"TongZhengHong"},"content":"","lastModifiedDate":"2023-08-26"},{"lineNumber":53,"author":{"gitId":"TongZhengHong"},"content":"        TaskList taskList \u003d new TaskList();","lastModifiedDate":"2023-08-27"},{"lineNumber":54,"author":{"gitId":"TongZhengHong"},"content":"        while (!(newCommand instanceof Exit)) {","lastModifiedDate":"2023-08-26"},{"lineNumber":55,"author":{"gitId":"TongZhengHong"},"content":"            String nextLineString \u003d scanner.nextLine().trim();","lastModifiedDate":"2023-09-03"},{"lineNumber":56,"author":{"gitId":"TongZhengHong"},"content":"            if (nextLineString.equals(\"\")) {","lastModifiedDate":"2023-09-03"},{"lineNumber":57,"author":{"gitId":"TongZhengHong"},"content":"                continue; // Ignore empty string","lastModifiedDate":"2023-09-03"},{"lineNumber":58,"author":{"gitId":"TongZhengHong"},"content":"            }","lastModifiedDate":"2023-09-03"},{"lineNumber":59,"author":{"gitId":"TongZhengHong"},"content":"","lastModifiedDate":"2023-08-31"},{"lineNumber":60,"author":{"gitId":"TongZhengHong"},"content":"            newCommand \u003d Command.getCommand(nextLineString, taskList);","lastModifiedDate":"2023-08-27"},{"lineNumber":61,"author":{"gitId":"TongZhengHong"},"content":"            newCommand.execute();","lastModifiedDate":"2023-08-26"},{"lineNumber":62,"author":{"gitId":"TongZhengHong"},"content":"        }","lastModifiedDate":"2023-08-26"},{"lineNumber":63,"author":{"gitId":"TongZhengHong"},"content":"","lastModifiedDate":"2023-08-26"},{"lineNumber":64,"author":{"gitId":"TongZhengHong"},"content":"        scanner.close();","lastModifiedDate":"2023-08-26"},{"lineNumber":65,"author":{"gitId":"-"},"content":"    }","lastModifiedDate":"2019-07-29"},{"lineNumber":66,"author":{"gitId":"-"},"content":"}","lastModifiedDate":"2019-07-29"}],"authorContributionMap":{"TongZhengHong":63,"-":3}},{"path":"src/main/java/dawson/TaskList.java","fileType":"java","lines":[{"lineNumber":1,"author":{"gitId":"TongZhengHong"},"content":"package dawson;","lastModifiedDate":"2023-08-27"},{"lineNumber":2,"author":{"gitId":"TongZhengHong"},"content":"","lastModifiedDate":"2023-08-27"},{"lineNumber":3,"author":{"gitId":"TongZhengHong"},"content":"import java.util.List;","lastModifiedDate":"2023-09-02"},{"lineNumber":4,"author":{"gitId":"TongZhengHong"},"content":"","lastModifiedDate":"2023-09-02"},{"lineNumber":5,"author":{"gitId":"TongZhengHong"},"content":"import dawson.task.Task;","lastModifiedDate":"2023-09-06"},{"lineNumber":6,"author":{"gitId":"TongZhengHong"},"content":"","lastModifiedDate":"2023-09-06"},{"lineNumber":7,"author":{"gitId":"TongZhengHong"},"content":"import java.util.ArrayList;","lastModifiedDate":"2023-09-06"},{"lineNumber":8,"author":{"gitId":"TongZhengHong"},"content":"","lastModifiedDate":"2023-09-03"},{"lineNumber":9,"author":{"gitId":"TongZhengHong"},"content":"public class TaskList {","lastModifiedDate":"2023-08-27"},{"lineNumber":10,"author":{"gitId":"TongZhengHong"},"content":"    private Task[] taskList;","lastModifiedDate":"2023-08-27"},{"lineNumber":11,"author":{"gitId":"TongZhengHong"},"content":"    private int size;","lastModifiedDate":"2023-08-27"},{"lineNumber":12,"author":{"gitId":"TongZhengHong"},"content":"","lastModifiedDate":"2023-08-27"},{"lineNumber":13,"author":{"gitId":"TongZhengHong"},"content":"    public TaskList() {","lastModifiedDate":"2023-08-27"},{"lineNumber":14,"author":{"gitId":"TongZhengHong"},"content":"        this.taskList \u003d new Task[100];","lastModifiedDate":"2023-08-27"},{"lineNumber":15,"author":{"gitId":"TongZhengHong"},"content":"        this.size \u003d 0;","lastModifiedDate":"2023-08-27"},{"lineNumber":16,"author":{"gitId":"TongZhengHong"},"content":"    }","lastModifiedDate":"2023-08-27"},{"lineNumber":17,"author":{"gitId":"TongZhengHong"},"content":"","lastModifiedDate":"2023-08-27"},{"lineNumber":18,"author":{"gitId":"TongZhengHong"},"content":"    public void add(Task task) {","lastModifiedDate":"2023-08-27"},{"lineNumber":19,"author":{"gitId":"TongZhengHong"},"content":"        taskList[size] \u003d task;","lastModifiedDate":"2023-08-27"},{"lineNumber":20,"author":{"gitId":"TongZhengHong"},"content":"        size++;","lastModifiedDate":"2023-08-27"},{"lineNumber":21,"author":{"gitId":"TongZhengHong"},"content":"","lastModifiedDate":"2023-09-03"},{"lineNumber":22,"author":{"gitId":"TongZhengHong"},"content":"        String[] addText \u003d {","lastModifiedDate":"2023-09-03"},{"lineNumber":23,"author":{"gitId":"TongZhengHong"},"content":"                \"Got it. I\u0027ve added this task:\",","lastModifiedDate":"2023-09-03"},{"lineNumber":24,"author":{"gitId":"TongZhengHong"},"content":"                \"  \" + task.toString(),","lastModifiedDate":"2023-09-03"},{"lineNumber":25,"author":{"gitId":"TongZhengHong"},"content":"                String.format(\"Now you have %d tasks in the list.\", size)","lastModifiedDate":"2023-09-03"},{"lineNumber":26,"author":{"gitId":"TongZhengHong"},"content":"        };","lastModifiedDate":"2023-09-03"},{"lineNumber":27,"author":{"gitId":"TongZhengHong"},"content":"        Dawson.printText(addText);","lastModifiedDate":"2023-09-03"},{"lineNumber":28,"author":{"gitId":"TongZhengHong"},"content":"    }","lastModifiedDate":"2023-08-27"},{"lineNumber":29,"author":{"gitId":"TongZhengHong"},"content":"","lastModifiedDate":"2023-08-27"},{"lineNumber":30,"author":{"gitId":"TongZhengHong"},"content":"    public boolean isIndexValid(int index) {","lastModifiedDate":"2023-08-31"},{"lineNumber":31,"author":{"gitId":"TongZhengHong"},"content":"        return index \u003e\u003d 0 \u0026\u0026 index \u003c size;","lastModifiedDate":"2023-08-31"},{"lineNumber":32,"author":{"gitId":"TongZhengHong"},"content":"    }","lastModifiedDate":"2023-08-31"},{"lineNumber":33,"author":{"gitId":"TongZhengHong"},"content":"","lastModifiedDate":"2023-08-31"},{"lineNumber":34,"author":{"gitId":"TongZhengHong"},"content":"    public String markAsDoneIndex(int index) {","lastModifiedDate":"2023-08-31"},{"lineNumber":35,"author":{"gitId":"TongZhengHong"},"content":"        if (!isIndexValid(index)) {","lastModifiedDate":"2023-09-03"},{"lineNumber":36,"author":{"gitId":"TongZhengHong"},"content":"            return \"\";","lastModifiedDate":"2023-09-03"},{"lineNumber":37,"author":{"gitId":"TongZhengHong"},"content":"        }","lastModifiedDate":"2023-09-03"},{"lineNumber":38,"author":{"gitId":"TongZhengHong"},"content":"        taskList[index].markAsDone();","lastModifiedDate":"2023-08-31"},{"lineNumber":39,"author":{"gitId":"TongZhengHong"},"content":"        return taskList[index].toString();","lastModifiedDate":"2023-08-31"},{"lineNumber":40,"author":{"gitId":"TongZhengHong"},"content":"    }","lastModifiedDate":"2023-08-31"},{"lineNumber":41,"author":{"gitId":"TongZhengHong"},"content":"","lastModifiedDate":"2023-08-31"},{"lineNumber":42,"author":{"gitId":"TongZhengHong"},"content":"    public String unmarkIndex(int index) {","lastModifiedDate":"2023-08-31"},{"lineNumber":43,"author":{"gitId":"TongZhengHong"},"content":"        if (!isIndexValid(index)) {","lastModifiedDate":"2023-09-03"},{"lineNumber":44,"author":{"gitId":"TongZhengHong"},"content":"            return \"\";","lastModifiedDate":"2023-09-03"},{"lineNumber":45,"author":{"gitId":"TongZhengHong"},"content":"        }","lastModifiedDate":"2023-09-03"},{"lineNumber":46,"author":{"gitId":"TongZhengHong"},"content":"        taskList[index].unmark();","lastModifiedDate":"2023-08-31"},{"lineNumber":47,"author":{"gitId":"TongZhengHong"},"content":"        return taskList[index].toString();","lastModifiedDate":"2023-08-31"},{"lineNumber":48,"author":{"gitId":"TongZhengHong"},"content":"    }","lastModifiedDate":"2023-08-31"},{"lineNumber":49,"author":{"gitId":"TongZhengHong"},"content":"","lastModifiedDate":"2023-08-31"},{"lineNumber":50,"author":{"gitId":"TongZhengHong"},"content":"    public String[] getTaskStrings() {","lastModifiedDate":"2023-09-02"},{"lineNumber":51,"author":{"gitId":"TongZhengHong"},"content":"        if (size \u003d\u003d 0) {","lastModifiedDate":"2023-08-27"},{"lineNumber":52,"author":{"gitId":"TongZhengHong"},"content":"            return new String[] { \"Empty list!\" };","lastModifiedDate":"2023-09-02"},{"lineNumber":53,"author":{"gitId":"TongZhengHong"},"content":"        }","lastModifiedDate":"2023-08-27"},{"lineNumber":54,"author":{"gitId":"TongZhengHong"},"content":"","lastModifiedDate":"2023-08-27"},{"lineNumber":55,"author":{"gitId":"TongZhengHong"},"content":"        List\u003cString\u003e result \u003d new ArrayList\u003cString\u003e();","lastModifiedDate":"2023-09-02"},{"lineNumber":56,"author":{"gitId":"TongZhengHong"},"content":"        result.add(\"Here are the tasks in your list: \");","lastModifiedDate":"2023-09-02"},{"lineNumber":57,"author":{"gitId":"TongZhengHong"},"content":"","lastModifiedDate":"2023-09-02"},{"lineNumber":58,"author":{"gitId":"TongZhengHong"},"content":"        for (int i \u003d 0; i \u003c size; i++) {","lastModifiedDate":"2023-08-27"},{"lineNumber":59,"author":{"gitId":"TongZhengHong"},"content":"            String line \u003d String.format(\"%d. %s\", i + 1, taskList[i]);","lastModifiedDate":"2023-09-02"},{"lineNumber":60,"author":{"gitId":"TongZhengHong"},"content":"            result.add(line);","lastModifiedDate":"2023-09-02"},{"lineNumber":61,"author":{"gitId":"TongZhengHong"},"content":"        }","lastModifiedDate":"2023-08-27"},{"lineNumber":62,"author":{"gitId":"TongZhengHong"},"content":"","lastModifiedDate":"2023-09-02"},{"lineNumber":63,"author":{"gitId":"TongZhengHong"},"content":"        String[] resultStrings \u003d new String[result.size()];","lastModifiedDate":"2023-09-02"},{"lineNumber":64,"author":{"gitId":"TongZhengHong"},"content":"        return result.toArray(resultStrings);","lastModifiedDate":"2023-09-02"},{"lineNumber":65,"author":{"gitId":"TongZhengHong"},"content":"    }","lastModifiedDate":"2023-08-27"},{"lineNumber":66,"author":{"gitId":"TongZhengHong"},"content":"}","lastModifiedDate":"2023-08-27"}],"authorContributionMap":{"TongZhengHong":66}},{"path":"src/main/java/dawson/command/Command.java","fileType":"java","lines":[{"lineNumber":1,"author":{"gitId":"TongZhengHong"},"content":"package dawson.command;","lastModifiedDate":"2023-09-06"},{"lineNumber":2,"author":{"gitId":"TongZhengHong"},"content":"","lastModifiedDate":"2023-08-26"},{"lineNumber":3,"author":{"gitId":"TongZhengHong"},"content":"import dawson.TaskList;","lastModifiedDate":"2023-08-27"},{"lineNumber":4,"author":{"gitId":"TongZhengHong"},"content":"","lastModifiedDate":"2023-08-27"},{"lineNumber":5,"author":{"gitId":"TongZhengHong"},"content":"public abstract class Command {","lastModifiedDate":"2023-08-26"},{"lineNumber":6,"author":{"gitId":"TongZhengHong"},"content":"    private static final String TODO_COMMAND \u003d \"todo\";","lastModifiedDate":"2023-09-03"},{"lineNumber":7,"author":{"gitId":"TongZhengHong"},"content":"    private static final String DEADLINE_COMMAND \u003d \"deadline\";","lastModifiedDate":"2023-09-03"},{"lineNumber":8,"author":{"gitId":"TongZhengHong"},"content":"    private static final String EVENT_COMMAND \u003d \"event\";","lastModifiedDate":"2023-09-03"},{"lineNumber":9,"author":{"gitId":"TongZhengHong"},"content":"","lastModifiedDate":"2023-09-03"},{"lineNumber":10,"author":{"gitId":"TongZhengHong"},"content":"    private static final String LIST_COMMAND \u003d \"list\";","lastModifiedDate":"2023-08-27"},{"lineNumber":11,"author":{"gitId":"TongZhengHong"},"content":"    private static final String MARK_COMMAND \u003d \"mark\";","lastModifiedDate":"2023-08-31"},{"lineNumber":12,"author":{"gitId":"TongZhengHong"},"content":"    private static final String UNMARK_COMMAND \u003d \"unmark\";","lastModifiedDate":"2023-08-31"},{"lineNumber":13,"author":{"gitId":"TongZhengHong"},"content":"    private static final String EXIT_COMMAND \u003d \"bye\";","lastModifiedDate":"2023-08-26"},{"lineNumber":14,"author":{"gitId":"TongZhengHong"},"content":"","lastModifiedDate":"2023-08-26"},{"lineNumber":15,"author":{"gitId":"TongZhengHong"},"content":"    public static Command getCommand(String input, TaskList taskList) {","lastModifiedDate":"2023-08-27"},{"lineNumber":16,"author":{"gitId":"TongZhengHong"},"content":"        String[] split \u003d input.split(\"\\\\s+\", 2);","lastModifiedDate":"2023-08-27"},{"lineNumber":17,"author":{"gitId":"TongZhengHong"},"content":"        String commandString \u003d split[0].toLowerCase(); // First word is command","lastModifiedDate":"2023-09-03"},{"lineNumber":18,"author":{"gitId":"TongZhengHong"},"content":"        String payload \u003d split.length \u003e 1 ? split[1] : \"\"; // Remaining input text","lastModifiedDate":"2023-09-03"},{"lineNumber":19,"author":{"gitId":"TongZhengHong"},"content":"","lastModifiedDate":"2023-08-27"},{"lineNumber":20,"author":{"gitId":"TongZhengHong"},"content":"        switch (commandString) {","lastModifiedDate":"2023-08-27"},{"lineNumber":21,"author":{"gitId":"TongZhengHong"},"content":"            case TODO_COMMAND:","lastModifiedDate":"2023-09-03"},{"lineNumber":22,"author":{"gitId":"TongZhengHong"},"content":"                return new TodoCommand(payload, taskList);","lastModifiedDate":"2023-09-03"},{"lineNumber":23,"author":{"gitId":"TongZhengHong"},"content":"            case DEADLINE_COMMAND:","lastModifiedDate":"2023-09-03"},{"lineNumber":24,"author":{"gitId":"TongZhengHong"},"content":"                return new DeadlineCommand(payload, taskList);","lastModifiedDate":"2023-09-03"},{"lineNumber":25,"author":{"gitId":"TongZhengHong"},"content":"            case EVENT_COMMAND:","lastModifiedDate":"2023-09-03"},{"lineNumber":26,"author":{"gitId":"TongZhengHong"},"content":"                return new EventCommand(payload, taskList);","lastModifiedDate":"2023-09-03"},{"lineNumber":27,"author":{"gitId":"TongZhengHong"},"content":"            case LIST_COMMAND:","lastModifiedDate":"2023-09-03"},{"lineNumber":28,"author":{"gitId":"TongZhengHong"},"content":"                return new List(taskList);","lastModifiedDate":"2023-09-03"},{"lineNumber":29,"author":{"gitId":"TongZhengHong"},"content":"            case MARK_COMMAND:","lastModifiedDate":"2023-09-03"},{"lineNumber":30,"author":{"gitId":"TongZhengHong"},"content":"                return new Mark(payload, taskList);","lastModifiedDate":"2023-09-03"},{"lineNumber":31,"author":{"gitId":"TongZhengHong"},"content":"            case UNMARK_COMMAND:","lastModifiedDate":"2023-09-03"},{"lineNumber":32,"author":{"gitId":"TongZhengHong"},"content":"                return new Unmark(payload, taskList);","lastModifiedDate":"2023-09-03"},{"lineNumber":33,"author":{"gitId":"TongZhengHong"},"content":"            case EXIT_COMMAND:","lastModifiedDate":"2023-09-03"},{"lineNumber":34,"author":{"gitId":"TongZhengHong"},"content":"                return new Exit();","lastModifiedDate":"2023-09-03"},{"lineNumber":35,"author":{"gitId":"TongZhengHong"},"content":"            default:","lastModifiedDate":"2023-09-03"},{"lineNumber":36,"author":{"gitId":"TongZhengHong"},"content":"                return new Echo(input);","lastModifiedDate":"2023-09-03"},{"lineNumber":37,"author":{"gitId":"TongZhengHong"},"content":"        }","lastModifiedDate":"2023-08-26"},{"lineNumber":38,"author":{"gitId":"TongZhengHong"},"content":"    };","lastModifiedDate":"2023-08-26"},{"lineNumber":39,"author":{"gitId":"TongZhengHong"},"content":"","lastModifiedDate":"2023-08-26"},{"lineNumber":40,"author":{"gitId":"TongZhengHong"},"content":"    public abstract void execute();","lastModifiedDate":"2023-08-26"},{"lineNumber":41,"author":{"gitId":"TongZhengHong"},"content":"}","lastModifiedDate":"2023-08-26"}],"authorContributionMap":{"TongZhengHong":41}},{"path":"src/main/java/dawson/command/DeadlineCommand.java","fileType":"java","lines":[{"lineNumber":1,"author":{"gitId":"TongZhengHong"},"content":"package dawson.command;","lastModifiedDate":"2023-09-06"},{"lineNumber":2,"author":{"gitId":"TongZhengHong"},"content":"","lastModifiedDate":"2023-09-03"},{"lineNumber":3,"author":{"gitId":"TongZhengHong"},"content":"import dawson.Dawson;","lastModifiedDate":"2023-09-03"},{"lineNumber":4,"author":{"gitId":"TongZhengHong"},"content":"import dawson.TaskList;","lastModifiedDate":"2023-09-03"},{"lineNumber":5,"author":{"gitId":"TongZhengHong"},"content":"import dawson.task.Deadline;","lastModifiedDate":"2023-09-06"},{"lineNumber":6,"author":{"gitId":"TongZhengHong"},"content":"","lastModifiedDate":"2023-09-03"},{"lineNumber":7,"author":{"gitId":"TongZhengHong"},"content":"public class DeadlineCommand extends Command {","lastModifiedDate":"2023-09-03"},{"lineNumber":8,"author":{"gitId":"TongZhengHong"},"content":"","lastModifiedDate":"2023-09-03"},{"lineNumber":9,"author":{"gitId":"TongZhengHong"},"content":"    private static final String BY_DELIMITER \u003d \"/by\";","lastModifiedDate":"2023-09-03"},{"lineNumber":10,"author":{"gitId":"TongZhengHong"},"content":"","lastModifiedDate":"2023-09-03"},{"lineNumber":11,"author":{"gitId":"TongZhengHong"},"content":"    private String payload;","lastModifiedDate":"2023-09-03"},{"lineNumber":12,"author":{"gitId":"TongZhengHong"},"content":"    private TaskList list;","lastModifiedDate":"2023-09-03"},{"lineNumber":13,"author":{"gitId":"TongZhengHong"},"content":"","lastModifiedDate":"2023-09-03"},{"lineNumber":14,"author":{"gitId":"TongZhengHong"},"content":"    public DeadlineCommand(String payload, TaskList list) {","lastModifiedDate":"2023-09-03"},{"lineNumber":15,"author":{"gitId":"TongZhengHong"},"content":"        this.payload \u003d payload;","lastModifiedDate":"2023-09-03"},{"lineNumber":16,"author":{"gitId":"TongZhengHong"},"content":"        this.list \u003d list;","lastModifiedDate":"2023-09-03"},{"lineNumber":17,"author":{"gitId":"TongZhengHong"},"content":"    }","lastModifiedDate":"2023-09-03"},{"lineNumber":18,"author":{"gitId":"TongZhengHong"},"content":"","lastModifiedDate":"2023-09-03"},{"lineNumber":19,"author":{"gitId":"TongZhengHong"},"content":"    @Override","lastModifiedDate":"2023-09-03"},{"lineNumber":20,"author":{"gitId":"TongZhengHong"},"content":"    public void execute() {","lastModifiedDate":"2023-09-03"},{"lineNumber":21,"author":{"gitId":"TongZhengHong"},"content":"        int by_position \u003d payload.indexOf(BY_DELIMITER);","lastModifiedDate":"2023-09-03"},{"lineNumber":22,"author":{"gitId":"TongZhengHong"},"content":"","lastModifiedDate":"2023-09-03"},{"lineNumber":23,"author":{"gitId":"TongZhengHong"},"content":"        if (by_position \u003d\u003d -1) {","lastModifiedDate":"2023-09-03"},{"lineNumber":24,"author":{"gitId":"TongZhengHong"},"content":"            Dawson.printText(\"Invalid format for Deadline task!\");","lastModifiedDate":"2023-09-03"},{"lineNumber":25,"author":{"gitId":"TongZhengHong"},"content":"            return;","lastModifiedDate":"2023-09-03"},{"lineNumber":26,"author":{"gitId":"TongZhengHong"},"content":"        }","lastModifiedDate":"2023-09-03"},{"lineNumber":27,"author":{"gitId":"TongZhengHong"},"content":"","lastModifiedDate":"2023-09-03"},{"lineNumber":28,"author":{"gitId":"TongZhengHong"},"content":"        String taskString \u003d payload.substring(0, by_position).trim();","lastModifiedDate":"2023-09-03"},{"lineNumber":29,"author":{"gitId":"TongZhengHong"},"content":"        String byString \u003d payload.substring(by_position + BY_DELIMITER.length()).trim();","lastModifiedDate":"2023-09-03"},{"lineNumber":30,"author":{"gitId":"TongZhengHong"},"content":"","lastModifiedDate":"2023-09-03"},{"lineNumber":31,"author":{"gitId":"TongZhengHong"},"content":"        Deadline newTask \u003d new Deadline(taskString, byString);","lastModifiedDate":"2023-09-03"},{"lineNumber":32,"author":{"gitId":"TongZhengHong"},"content":"        list.add(newTask);","lastModifiedDate":"2023-09-03"},{"lineNumber":33,"author":{"gitId":"TongZhengHong"},"content":"    }","lastModifiedDate":"2023-09-03"},{"lineNumber":34,"author":{"gitId":"TongZhengHong"},"content":"","lastModifiedDate":"2023-09-03"},{"lineNumber":35,"author":{"gitId":"TongZhengHong"},"content":"}","lastModifiedDate":"2023-09-03"}],"authorContributionMap":{"TongZhengHong":35}},{"path":"src/main/java/dawson/command/Echo.java","fileType":"java","lines":[{"lineNumber":1,"author":{"gitId":"TongZhengHong"},"content":"package dawson.command;","lastModifiedDate":"2023-09-06"},{"lineNumber":2,"author":{"gitId":"TongZhengHong"},"content":"","lastModifiedDate":"2023-08-26"},{"lineNumber":3,"author":{"gitId":"TongZhengHong"},"content":"import dawson.Dawson;","lastModifiedDate":"2023-08-26"},{"lineNumber":4,"author":{"gitId":"TongZhengHong"},"content":"","lastModifiedDate":"2023-08-26"},{"lineNumber":5,"author":{"gitId":"TongZhengHong"},"content":"public class Echo extends Command {","lastModifiedDate":"2023-08-26"},{"lineNumber":6,"author":{"gitId":"TongZhengHong"},"content":"","lastModifiedDate":"2023-08-26"},{"lineNumber":7,"author":{"gitId":"TongZhengHong"},"content":"    private String input;","lastModifiedDate":"2023-08-26"},{"lineNumber":8,"author":{"gitId":"TongZhengHong"},"content":"","lastModifiedDate":"2023-08-26"},{"lineNumber":9,"author":{"gitId":"TongZhengHong"},"content":"    public Echo(String input) {","lastModifiedDate":"2023-08-26"},{"lineNumber":10,"author":{"gitId":"TongZhengHong"},"content":"        this.input \u003d input;","lastModifiedDate":"2023-08-26"},{"lineNumber":11,"author":{"gitId":"TongZhengHong"},"content":"    }","lastModifiedDate":"2023-08-26"},{"lineNumber":12,"author":{"gitId":"TongZhengHong"},"content":"","lastModifiedDate":"2023-08-26"},{"lineNumber":13,"author":{"gitId":"TongZhengHong"},"content":"    @Override","lastModifiedDate":"2023-08-26"},{"lineNumber":14,"author":{"gitId":"TongZhengHong"},"content":"    public void execute() {","lastModifiedDate":"2023-08-26"},{"lineNumber":15,"author":{"gitId":"TongZhengHong"},"content":"        Dawson.printText(input);","lastModifiedDate":"2023-08-26"},{"lineNumber":16,"author":{"gitId":"TongZhengHong"},"content":"    }","lastModifiedDate":"2023-08-26"},{"lineNumber":17,"author":{"gitId":"TongZhengHong"},"content":"    ","lastModifiedDate":"2023-08-26"},{"lineNumber":18,"author":{"gitId":"TongZhengHong"},"content":"}","lastModifiedDate":"2023-08-26"}],"authorContributionMap":{"TongZhengHong":18}},{"path":"src/main/java/dawson/command/EventCommand.java","fileType":"java","lines":[{"lineNumber":1,"author":{"gitId":"TongZhengHong"},"content":"package dawson.command;","lastModifiedDate":"2023-09-06"},{"lineNumber":2,"author":{"gitId":"TongZhengHong"},"content":"","lastModifiedDate":"2023-09-03"},{"lineNumber":3,"author":{"gitId":"TongZhengHong"},"content":"import dawson.Dawson;","lastModifiedDate":"2023-09-03"},{"lineNumber":4,"author":{"gitId":"TongZhengHong"},"content":"import dawson.TaskList;","lastModifiedDate":"2023-09-03"},{"lineNumber":5,"author":{"gitId":"TongZhengHong"},"content":"import dawson.task.Event;","lastModifiedDate":"2023-09-06"},{"lineNumber":6,"author":{"gitId":"TongZhengHong"},"content":"","lastModifiedDate":"2023-09-03"},{"lineNumber":7,"author":{"gitId":"TongZhengHong"},"content":"public class EventCommand extends Command {","lastModifiedDate":"2023-09-03"},{"lineNumber":8,"author":{"gitId":"TongZhengHong"},"content":"","lastModifiedDate":"2023-09-03"},{"lineNumber":9,"author":{"gitId":"TongZhengHong"},"content":"    private static final String FROM_DELIMITER \u003d \"/from\";","lastModifiedDate":"2023-09-03"},{"lineNumber":10,"author":{"gitId":"TongZhengHong"},"content":"    private static final String TO_DELIMITER \u003d \"/to\";","lastModifiedDate":"2023-09-03"},{"lineNumber":11,"author":{"gitId":"TongZhengHong"},"content":"","lastModifiedDate":"2023-09-03"},{"lineNumber":12,"author":{"gitId":"TongZhengHong"},"content":"    private String payload;","lastModifiedDate":"2023-09-03"},{"lineNumber":13,"author":{"gitId":"TongZhengHong"},"content":"    private TaskList list;","lastModifiedDate":"2023-09-03"},{"lineNumber":14,"author":{"gitId":"TongZhengHong"},"content":"","lastModifiedDate":"2023-09-03"},{"lineNumber":15,"author":{"gitId":"TongZhengHong"},"content":"    public EventCommand(String payload, TaskList list) {","lastModifiedDate":"2023-09-03"},{"lineNumber":16,"author":{"gitId":"TongZhengHong"},"content":"        this.payload \u003d payload;","lastModifiedDate":"2023-09-03"},{"lineNumber":17,"author":{"gitId":"TongZhengHong"},"content":"        this.list \u003d list;","lastModifiedDate":"2023-09-03"},{"lineNumber":18,"author":{"gitId":"TongZhengHong"},"content":"    }","lastModifiedDate":"2023-09-03"},{"lineNumber":19,"author":{"gitId":"TongZhengHong"},"content":"","lastModifiedDate":"2023-09-03"},{"lineNumber":20,"author":{"gitId":"TongZhengHong"},"content":"    @Override","lastModifiedDate":"2023-09-03"},{"lineNumber":21,"author":{"gitId":"TongZhengHong"},"content":"    public void execute() {","lastModifiedDate":"2023-09-03"},{"lineNumber":22,"author":{"gitId":"TongZhengHong"},"content":"        int from_position \u003d payload.indexOf(FROM_DELIMITER);","lastModifiedDate":"2023-09-03"},{"lineNumber":23,"author":{"gitId":"TongZhengHong"},"content":"        int to_position \u003d payload.indexOf(TO_DELIMITER);","lastModifiedDate":"2023-09-03"},{"lineNumber":24,"author":{"gitId":"TongZhengHong"},"content":"","lastModifiedDate":"2023-09-03"},{"lineNumber":25,"author":{"gitId":"TongZhengHong"},"content":"        if (from_position \u003d\u003d -1 || to_position \u003d\u003d -1) {","lastModifiedDate":"2023-09-03"},{"lineNumber":26,"author":{"gitId":"TongZhengHong"},"content":"            Dawson.printText(\"Invalid format for Event task!\");","lastModifiedDate":"2023-09-03"},{"lineNumber":27,"author":{"gitId":"TongZhengHong"},"content":"            return;","lastModifiedDate":"2023-09-03"},{"lineNumber":28,"author":{"gitId":"TongZhengHong"},"content":"        }","lastModifiedDate":"2023-09-03"},{"lineNumber":29,"author":{"gitId":"TongZhengHong"},"content":"","lastModifiedDate":"2023-09-03"},{"lineNumber":30,"author":{"gitId":"TongZhengHong"},"content":"        String taskString \u003d payload.substring(0, from_position).trim();","lastModifiedDate":"2023-09-03"},{"lineNumber":31,"author":{"gitId":"TongZhengHong"},"content":"        String fromString \u003d payload.substring(from_position + FROM_DELIMITER.length(), to_position).trim();","lastModifiedDate":"2023-09-03"},{"lineNumber":32,"author":{"gitId":"TongZhengHong"},"content":"        String toString \u003d payload.substring(to_position + TO_DELIMITER.length()).trim();","lastModifiedDate":"2023-09-03"},{"lineNumber":33,"author":{"gitId":"TongZhengHong"},"content":"","lastModifiedDate":"2023-09-03"},{"lineNumber":34,"author":{"gitId":"TongZhengHong"},"content":"        Event newTask \u003d new Event(taskString, fromString, toString);","lastModifiedDate":"2023-09-03"},{"lineNumber":35,"author":{"gitId":"TongZhengHong"},"content":"        list.add(newTask);","lastModifiedDate":"2023-09-03"},{"lineNumber":36,"author":{"gitId":"TongZhengHong"},"content":"    }","lastModifiedDate":"2023-09-03"},{"lineNumber":37,"author":{"gitId":"TongZhengHong"},"content":"","lastModifiedDate":"2023-09-03"},{"lineNumber":38,"author":{"gitId":"TongZhengHong"},"content":"}","lastModifiedDate":"2023-09-03"}],"authorContributionMap":{"TongZhengHong":38}},{"path":"src/main/java/dawson/command/Exit.java","fileType":"java","lines":[{"lineNumber":1,"author":{"gitId":"TongZhengHong"},"content":"package dawson.command;","lastModifiedDate":"2023-09-06"},{"lineNumber":2,"author":{"gitId":"TongZhengHong"},"content":"","lastModifiedDate":"2023-08-26"},{"lineNumber":3,"author":{"gitId":"TongZhengHong"},"content":"import dawson.Dawson;","lastModifiedDate":"2023-08-26"},{"lineNumber":4,"author":{"gitId":"TongZhengHong"},"content":"","lastModifiedDate":"2023-08-26"},{"lineNumber":5,"author":{"gitId":"TongZhengHong"},"content":"public class Exit extends Command {","lastModifiedDate":"2023-08-26"},{"lineNumber":6,"author":{"gitId":"TongZhengHong"},"content":"","lastModifiedDate":"2023-08-26"},{"lineNumber":7,"author":{"gitId":"TongZhengHong"},"content":"    @Override","lastModifiedDate":"2023-08-26"},{"lineNumber":8,"author":{"gitId":"TongZhengHong"},"content":"    public void execute() {","lastModifiedDate":"2023-08-26"},{"lineNumber":9,"author":{"gitId":"TongZhengHong"},"content":"        String exitString \u003d \" Bye. Hope to see you again soon!\";","lastModifiedDate":"2023-08-26"},{"lineNumber":10,"author":{"gitId":"TongZhengHong"},"content":"        Dawson.printText(exitString);","lastModifiedDate":"2023-08-26"},{"lineNumber":11,"author":{"gitId":"TongZhengHong"},"content":"    }","lastModifiedDate":"2023-08-26"},{"lineNumber":12,"author":{"gitId":"TongZhengHong"},"content":"    ","lastModifiedDate":"2023-08-26"},{"lineNumber":13,"author":{"gitId":"TongZhengHong"},"content":"}","lastModifiedDate":"2023-08-26"}],"authorContributionMap":{"TongZhengHong":13}},{"path":"src/main/java/dawson/command/List.java","fileType":"java","lines":[{"lineNumber":1,"author":{"gitId":"TongZhengHong"},"content":"package dawson.command;","lastModifiedDate":"2023-09-06"},{"lineNumber":2,"author":{"gitId":"TongZhengHong"},"content":"","lastModifiedDate":"2023-08-27"},{"lineNumber":3,"author":{"gitId":"TongZhengHong"},"content":"import dawson.Dawson;","lastModifiedDate":"2023-08-27"},{"lineNumber":4,"author":{"gitId":"TongZhengHong"},"content":"import dawson.TaskList;","lastModifiedDate":"2023-08-27"},{"lineNumber":5,"author":{"gitId":"TongZhengHong"},"content":"","lastModifiedDate":"2023-08-27"},{"lineNumber":6,"author":{"gitId":"TongZhengHong"},"content":"public class List extends Command {","lastModifiedDate":"2023-08-27"},{"lineNumber":7,"author":{"gitId":"TongZhengHong"},"content":"","lastModifiedDate":"2023-08-27"},{"lineNumber":8,"author":{"gitId":"TongZhengHong"},"content":"    private TaskList list;","lastModifiedDate":"2023-08-27"},{"lineNumber":9,"author":{"gitId":"TongZhengHong"},"content":"","lastModifiedDate":"2023-08-27"},{"lineNumber":10,"author":{"gitId":"TongZhengHong"},"content":"    public List(TaskList list) {","lastModifiedDate":"2023-08-27"},{"lineNumber":11,"author":{"gitId":"TongZhengHong"},"content":"        this.list \u003d list;","lastModifiedDate":"2023-08-27"},{"lineNumber":12,"author":{"gitId":"TongZhengHong"},"content":"    }","lastModifiedDate":"2023-08-27"},{"lineNumber":13,"author":{"gitId":"TongZhengHong"},"content":"","lastModifiedDate":"2023-08-27"},{"lineNumber":14,"author":{"gitId":"TongZhengHong"},"content":"    @Override","lastModifiedDate":"2023-08-27"},{"lineNumber":15,"author":{"gitId":"TongZhengHong"},"content":"    public void execute() {","lastModifiedDate":"2023-08-27"},{"lineNumber":16,"author":{"gitId":"TongZhengHong"},"content":"        String[] listString \u003d list.getTaskStrings();","lastModifiedDate":"2023-09-02"},{"lineNumber":17,"author":{"gitId":"TongZhengHong"},"content":"        Dawson.printText(listString);","lastModifiedDate":"2023-09-02"},{"lineNumber":18,"author":{"gitId":"TongZhengHong"},"content":"    }","lastModifiedDate":"2023-08-27"},{"lineNumber":19,"author":{"gitId":"TongZhengHong"},"content":"    ","lastModifiedDate":"2023-08-27"},{"lineNumber":20,"author":{"gitId":"TongZhengHong"},"content":"}","lastModifiedDate":"2023-08-27"}],"authorContributionMap":{"TongZhengHong":20}},{"path":"src/main/java/dawson/command/Mark.java","fileType":"java","lines":[{"lineNumber":1,"author":{"gitId":"TongZhengHong"},"content":"package dawson.command;","lastModifiedDate":"2023-09-06"},{"lineNumber":2,"author":{"gitId":"TongZhengHong"},"content":"","lastModifiedDate":"2023-08-31"},{"lineNumber":3,"author":{"gitId":"TongZhengHong"},"content":"import dawson.TaskList;","lastModifiedDate":"2023-08-31"},{"lineNumber":4,"author":{"gitId":"TongZhengHong"},"content":"import dawson.Dawson;","lastModifiedDate":"2023-08-31"},{"lineNumber":5,"author":{"gitId":"TongZhengHong"},"content":"","lastModifiedDate":"2023-08-31"},{"lineNumber":6,"author":{"gitId":"TongZhengHong"},"content":"public class Mark extends Command {","lastModifiedDate":"2023-08-31"},{"lineNumber":7,"author":{"gitId":"TongZhengHong"},"content":"","lastModifiedDate":"2023-08-31"},{"lineNumber":8,"author":{"gitId":"TongZhengHong"},"content":"    private String payload;","lastModifiedDate":"2023-09-03"},{"lineNumber":9,"author":{"gitId":"TongZhengHong"},"content":"    private TaskList taskList;","lastModifiedDate":"2023-08-31"},{"lineNumber":10,"author":{"gitId":"TongZhengHong"},"content":"","lastModifiedDate":"2023-08-31"},{"lineNumber":11,"author":{"gitId":"TongZhengHong"},"content":"    public Mark(String payload, TaskList taskList) {","lastModifiedDate":"2023-09-03"},{"lineNumber":12,"author":{"gitId":"TongZhengHong"},"content":"        this.payload \u003d payload;","lastModifiedDate":"2023-09-03"},{"lineNumber":13,"author":{"gitId":"TongZhengHong"},"content":"        this.taskList \u003d taskList;","lastModifiedDate":"2023-08-31"},{"lineNumber":14,"author":{"gitId":"TongZhengHong"},"content":"    }","lastModifiedDate":"2023-08-31"},{"lineNumber":15,"author":{"gitId":"TongZhengHong"},"content":"","lastModifiedDate":"2023-08-31"},{"lineNumber":16,"author":{"gitId":"TongZhengHong"},"content":"    @Override","lastModifiedDate":"2023-08-31"},{"lineNumber":17,"author":{"gitId":"TongZhengHong"},"content":"    public void execute() {","lastModifiedDate":"2023-08-31"},{"lineNumber":18,"author":{"gitId":"TongZhengHong"},"content":"        // Convert index into integer, ensure it is valid integer","lastModifiedDate":"2023-08-31"},{"lineNumber":19,"author":{"gitId":"TongZhengHong"},"content":"        int index;","lastModifiedDate":"2023-08-31"},{"lineNumber":20,"author":{"gitId":"TongZhengHong"},"content":"        try {","lastModifiedDate":"2023-08-31"},{"lineNumber":21,"author":{"gitId":"TongZhengHong"},"content":"            index \u003d Integer.parseInt(payload);","lastModifiedDate":"2023-09-03"},{"lineNumber":22,"author":{"gitId":"TongZhengHong"},"content":"        } catch (NumberFormatException e) {","lastModifiedDate":"2023-08-31"},{"lineNumber":23,"author":{"gitId":"TongZhengHong"},"content":"            Dawson.printText(\"Invalid index! Unable to parse into integer\");","lastModifiedDate":"2023-08-31"},{"lineNumber":24,"author":{"gitId":"TongZhengHong"},"content":"            return;","lastModifiedDate":"2023-08-31"},{"lineNumber":25,"author":{"gitId":"TongZhengHong"},"content":"        }","lastModifiedDate":"2023-08-31"},{"lineNumber":26,"author":{"gitId":"TongZhengHong"},"content":"","lastModifiedDate":"2023-08-31"},{"lineNumber":27,"author":{"gitId":"TongZhengHong"},"content":"        // Check if index exists in tasklist","lastModifiedDate":"2023-08-31"},{"lineNumber":28,"author":{"gitId":"TongZhengHong"},"content":"        index--; // Convert to 0-base indexing","lastModifiedDate":"2023-08-31"},{"lineNumber":29,"author":{"gitId":"TongZhengHong"},"content":"        if (!taskList.isIndexValid(index)) {","lastModifiedDate":"2023-08-31"},{"lineNumber":30,"author":{"gitId":"TongZhengHong"},"content":"            Dawson.printText(payload + \" index out of range of task list!\");","lastModifiedDate":"2023-09-03"},{"lineNumber":31,"author":{"gitId":"TongZhengHong"},"content":"            return;","lastModifiedDate":"2023-08-31"},{"lineNumber":32,"author":{"gitId":"TongZhengHong"},"content":"        }","lastModifiedDate":"2023-08-31"},{"lineNumber":33,"author":{"gitId":"TongZhengHong"},"content":"","lastModifiedDate":"2023-08-31"},{"lineNumber":34,"author":{"gitId":"TongZhengHong"},"content":"        // Execute the mark as done","lastModifiedDate":"2023-08-31"},{"lineNumber":35,"author":{"gitId":"TongZhengHong"},"content":"        String updatedTask \u003d taskList.markAsDoneIndex(index);","lastModifiedDate":"2023-08-31"},{"lineNumber":36,"author":{"gitId":"TongZhengHong"},"content":"        String doneText \u003d \"Nice! I\u0027ve marked this task as done: \" + System.lineSeparator();","lastModifiedDate":"2023-08-31"},{"lineNumber":37,"author":{"gitId":"TongZhengHong"},"content":"        doneText +\u003d \"\\t \" + updatedTask;","lastModifiedDate":"2023-08-31"},{"lineNumber":38,"author":{"gitId":"TongZhengHong"},"content":"        Dawson.printText(doneText);","lastModifiedDate":"2023-08-31"},{"lineNumber":39,"author":{"gitId":"TongZhengHong"},"content":"    }","lastModifiedDate":"2023-08-31"},{"lineNumber":40,"author":{"gitId":"TongZhengHong"},"content":"","lastModifiedDate":"2023-08-31"},{"lineNumber":41,"author":{"gitId":"TongZhengHong"},"content":"}","lastModifiedDate":"2023-08-31"}],"authorContributionMap":{"TongZhengHong":41}},{"path":"src/main/java/dawson/command/TodoCommand.java","fileType":"java","lines":[{"lineNumber":1,"author":{"gitId":"TongZhengHong"},"content":"package dawson.command;","lastModifiedDate":"2023-09-06"},{"lineNumber":2,"author":{"gitId":"TongZhengHong"},"content":"","lastModifiedDate":"2023-08-27"},{"lineNumber":3,"author":{"gitId":"TongZhengHong"},"content":"import dawson.Dawson;","lastModifiedDate":"2023-08-27"},{"lineNumber":4,"author":{"gitId":"TongZhengHong"},"content":"import dawson.TaskList;","lastModifiedDate":"2023-08-27"},{"lineNumber":5,"author":{"gitId":"TongZhengHong"},"content":"import dawson.task.Todo;","lastModifiedDate":"2023-09-06"},{"lineNumber":6,"author":{"gitId":"TongZhengHong"},"content":"","lastModifiedDate":"2023-08-27"},{"lineNumber":7,"author":{"gitId":"TongZhengHong"},"content":"public class TodoCommand extends Command {","lastModifiedDate":"2023-09-03"},{"lineNumber":8,"author":{"gitId":"TongZhengHong"},"content":"","lastModifiedDate":"2023-08-27"},{"lineNumber":9,"author":{"gitId":"TongZhengHong"},"content":"    private String payload;","lastModifiedDate":"2023-09-03"},{"lineNumber":10,"author":{"gitId":"TongZhengHong"},"content":"    private TaskList list;","lastModifiedDate":"2023-08-27"},{"lineNumber":11,"author":{"gitId":"TongZhengHong"},"content":"","lastModifiedDate":"2023-08-27"},{"lineNumber":12,"author":{"gitId":"TongZhengHong"},"content":"    public TodoCommand(String payload, TaskList list) {","lastModifiedDate":"2023-09-03"},{"lineNumber":13,"author":{"gitId":"TongZhengHong"},"content":"        this.payload \u003d payload;","lastModifiedDate":"2023-09-03"},{"lineNumber":14,"author":{"gitId":"TongZhengHong"},"content":"        this.list \u003d list;","lastModifiedDate":"2023-08-27"},{"lineNumber":15,"author":{"gitId":"TongZhengHong"},"content":"    }","lastModifiedDate":"2023-08-27"},{"lineNumber":16,"author":{"gitId":"TongZhengHong"},"content":"","lastModifiedDate":"2023-08-27"},{"lineNumber":17,"author":{"gitId":"TongZhengHong"},"content":"    @Override","lastModifiedDate":"2023-08-27"},{"lineNumber":18,"author":{"gitId":"TongZhengHong"},"content":"    public void execute() {","lastModifiedDate":"2023-08-27"},{"lineNumber":19,"author":{"gitId":"TongZhengHong"},"content":"        if (payload.equals(\"\")) {","lastModifiedDate":"2023-09-03"},{"lineNumber":20,"author":{"gitId":"TongZhengHong"},"content":"            Dawson.printText(\"Empty string detected!\");","lastModifiedDate":"2023-08-31"},{"lineNumber":21,"author":{"gitId":"TongZhengHong"},"content":"            return;","lastModifiedDate":"2023-08-31"},{"lineNumber":22,"author":{"gitId":"TongZhengHong"},"content":"        }","lastModifiedDate":"2023-08-31"},{"lineNumber":23,"author":{"gitId":"TongZhengHong"},"content":"","lastModifiedDate":"2023-08-31"},{"lineNumber":24,"author":{"gitId":"TongZhengHong"},"content":"        Todo newTask \u003d new Todo(payload);","lastModifiedDate":"2023-09-03"},{"lineNumber":25,"author":{"gitId":"TongZhengHong"},"content":"        list.add(newTask);","lastModifiedDate":"2023-08-27"},{"lineNumber":26,"author":{"gitId":"TongZhengHong"},"content":"    }","lastModifiedDate":"2023-08-27"},{"lineNumber":27,"author":{"gitId":"TongZhengHong"},"content":"","lastModifiedDate":"2023-08-27"},{"lineNumber":28,"author":{"gitId":"TongZhengHong"},"content":"}","lastModifiedDate":"2023-08-27"}],"authorContributionMap":{"TongZhengHong":28}},{"path":"src/main/java/dawson/command/Unmark.java","fileType":"java","lines":[{"lineNumber":1,"author":{"gitId":"TongZhengHong"},"content":"package dawson.command;","lastModifiedDate":"2023-09-06"},{"lineNumber":2,"author":{"gitId":"TongZhengHong"},"content":"","lastModifiedDate":"2023-08-31"},{"lineNumber":3,"author":{"gitId":"TongZhengHong"},"content":"import dawson.Dawson;","lastModifiedDate":"2023-08-31"},{"lineNumber":4,"author":{"gitId":"TongZhengHong"},"content":"import dawson.TaskList;","lastModifiedDate":"2023-08-31"},{"lineNumber":5,"author":{"gitId":"TongZhengHong"},"content":"","lastModifiedDate":"2023-08-31"},{"lineNumber":6,"author":{"gitId":"TongZhengHong"},"content":"public class Unmark extends Command {","lastModifiedDate":"2023-08-31"},{"lineNumber":7,"author":{"gitId":"TongZhengHong"},"content":"","lastModifiedDate":"2023-08-31"},{"lineNumber":8,"author":{"gitId":"TongZhengHong"},"content":"    private String payload;","lastModifiedDate":"2023-09-03"},{"lineNumber":9,"author":{"gitId":"TongZhengHong"},"content":"    private TaskList taskList;","lastModifiedDate":"2023-08-31"},{"lineNumber":10,"author":{"gitId":"TongZhengHong"},"content":"","lastModifiedDate":"2023-08-31"},{"lineNumber":11,"author":{"gitId":"TongZhengHong"},"content":"    public Unmark(String payload, TaskList taskList) {","lastModifiedDate":"2023-09-03"},{"lineNumber":12,"author":{"gitId":"TongZhengHong"},"content":"        this.payload \u003d payload;","lastModifiedDate":"2023-09-03"},{"lineNumber":13,"author":{"gitId":"TongZhengHong"},"content":"        this.taskList \u003d taskList;","lastModifiedDate":"2023-08-31"},{"lineNumber":14,"author":{"gitId":"TongZhengHong"},"content":"    }","lastModifiedDate":"2023-08-31"},{"lineNumber":15,"author":{"gitId":"TongZhengHong"},"content":"","lastModifiedDate":"2023-08-31"},{"lineNumber":16,"author":{"gitId":"TongZhengHong"},"content":"    @Override","lastModifiedDate":"2023-08-31"},{"lineNumber":17,"author":{"gitId":"TongZhengHong"},"content":"    public void execute() {","lastModifiedDate":"2023-08-31"},{"lineNumber":18,"author":{"gitId":"TongZhengHong"},"content":"        // Convert index into integer, ensure it is valid integer","lastModifiedDate":"2023-08-31"},{"lineNumber":19,"author":{"gitId":"TongZhengHong"},"content":"        int index;","lastModifiedDate":"2023-08-31"},{"lineNumber":20,"author":{"gitId":"TongZhengHong"},"content":"        try {","lastModifiedDate":"2023-08-31"},{"lineNumber":21,"author":{"gitId":"TongZhengHong"},"content":"            index \u003d Integer.parseInt(payload);","lastModifiedDate":"2023-09-03"},{"lineNumber":22,"author":{"gitId":"TongZhengHong"},"content":"        } catch (NumberFormatException e) {","lastModifiedDate":"2023-08-31"},{"lineNumber":23,"author":{"gitId":"TongZhengHong"},"content":"            Dawson.printText(\"Invalid index! Unable to parse into integer\");","lastModifiedDate":"2023-08-31"},{"lineNumber":24,"author":{"gitId":"TongZhengHong"},"content":"            return;","lastModifiedDate":"2023-08-31"},{"lineNumber":25,"author":{"gitId":"TongZhengHong"},"content":"        }","lastModifiedDate":"2023-08-31"},{"lineNumber":26,"author":{"gitId":"TongZhengHong"},"content":"","lastModifiedDate":"2023-08-31"},{"lineNumber":27,"author":{"gitId":"TongZhengHong"},"content":"        // Check if index exists in tasklist","lastModifiedDate":"2023-08-31"},{"lineNumber":28,"author":{"gitId":"TongZhengHong"},"content":"        index--; // Convert to 0-base indexing","lastModifiedDate":"2023-08-31"},{"lineNumber":29,"author":{"gitId":"TongZhengHong"},"content":"        if (!taskList.isIndexValid(index)) {","lastModifiedDate":"2023-08-31"},{"lineNumber":30,"author":{"gitId":"TongZhengHong"},"content":"            Dawson.printText(payload + \" index out of range of task list!\");","lastModifiedDate":"2023-09-03"},{"lineNumber":31,"author":{"gitId":"TongZhengHong"},"content":"            return;","lastModifiedDate":"2023-08-31"},{"lineNumber":32,"author":{"gitId":"TongZhengHong"},"content":"        }","lastModifiedDate":"2023-08-31"},{"lineNumber":33,"author":{"gitId":"TongZhengHong"},"content":"","lastModifiedDate":"2023-08-31"},{"lineNumber":34,"author":{"gitId":"TongZhengHong"},"content":"        // Execute the mark as done","lastModifiedDate":"2023-08-31"},{"lineNumber":35,"author":{"gitId":"TongZhengHong"},"content":"        String updatedTask \u003d taskList.unmarkIndex(index);","lastModifiedDate":"2023-08-31"},{"lineNumber":36,"author":{"gitId":"TongZhengHong"},"content":"        String doneText \u003d \"Ok, I\u0027ve marked this task as not done yet: \" + System.lineSeparator();","lastModifiedDate":"2023-08-31"},{"lineNumber":37,"author":{"gitId":"TongZhengHong"},"content":"        doneText +\u003d \"\\t \" + updatedTask;","lastModifiedDate":"2023-08-31"},{"lineNumber":38,"author":{"gitId":"TongZhengHong"},"content":"        Dawson.printText(doneText);","lastModifiedDate":"2023-08-31"},{"lineNumber":39,"author":{"gitId":"TongZhengHong"},"content":"    }","lastModifiedDate":"2023-08-31"},{"lineNumber":40,"author":{"gitId":"TongZhengHong"},"content":"","lastModifiedDate":"2023-08-31"},{"lineNumber":41,"author":{"gitId":"TongZhengHong"},"content":"}","lastModifiedDate":"2023-08-31"}],"authorContributionMap":{"TongZhengHong":41}},{"path":"src/main/java/dawson/task/Deadline.java","fileType":"java","lines":[{"lineNumber":1,"author":{"gitId":"TongZhengHong"},"content":"package dawson.task;","lastModifiedDate":"2023-09-06"},{"lineNumber":2,"author":{"gitId":"TongZhengHong"},"content":"","lastModifiedDate":"2023-09-03"},{"lineNumber":3,"author":{"gitId":"TongZhengHong"},"content":"public class Deadline extends Task {","lastModifiedDate":"2023-09-03"},{"lineNumber":4,"author":{"gitId":"TongZhengHong"},"content":"","lastModifiedDate":"2023-09-03"},{"lineNumber":5,"author":{"gitId":"TongZhengHong"},"content":"    protected String by;","lastModifiedDate":"2023-09-03"},{"lineNumber":6,"author":{"gitId":"TongZhengHong"},"content":"","lastModifiedDate":"2023-09-03"},{"lineNumber":7,"author":{"gitId":"TongZhengHong"},"content":"\tpublic Deadline(String description, String by) {","lastModifiedDate":"2023-09-03"},{"lineNumber":8,"author":{"gitId":"TongZhengHong"},"content":"\t\tsuper(description);","lastModifiedDate":"2023-09-03"},{"lineNumber":9,"author":{"gitId":"TongZhengHong"},"content":"        this.by \u003d by;","lastModifiedDate":"2023-09-03"},{"lineNumber":10,"author":{"gitId":"TongZhengHong"},"content":"\t}","lastModifiedDate":"2023-09-03"},{"lineNumber":11,"author":{"gitId":"TongZhengHong"},"content":"","lastModifiedDate":"2023-09-03"},{"lineNumber":12,"author":{"gitId":"TongZhengHong"},"content":"    @Override","lastModifiedDate":"2023-09-03"},{"lineNumber":13,"author":{"gitId":"TongZhengHong"},"content":"    public String toString() {","lastModifiedDate":"2023-09-03"},{"lineNumber":14,"author":{"gitId":"TongZhengHong"},"content":"        return String.format(\"[D]%s (by: %s)\", super.toString(), by);","lastModifiedDate":"2023-09-03"},{"lineNumber":15,"author":{"gitId":"TongZhengHong"},"content":"    }","lastModifiedDate":"2023-09-03"},{"lineNumber":16,"author":{"gitId":"TongZhengHong"},"content":"    ","lastModifiedDate":"2023-09-03"},{"lineNumber":17,"author":{"gitId":"TongZhengHong"},"content":"}","lastModifiedDate":"2023-09-03"}],"authorContributionMap":{"TongZhengHong":17}},{"path":"src/main/java/dawson/task/Event.java","fileType":"java","lines":[{"lineNumber":1,"author":{"gitId":"TongZhengHong"},"content":"package dawson.task;","lastModifiedDate":"2023-09-06"},{"lineNumber":2,"author":{"gitId":"TongZhengHong"},"content":"","lastModifiedDate":"2023-09-03"},{"lineNumber":3,"author":{"gitId":"TongZhengHong"},"content":"public class Event extends Task {","lastModifiedDate":"2023-09-03"},{"lineNumber":4,"author":{"gitId":"TongZhengHong"},"content":"","lastModifiedDate":"2023-09-03"},{"lineNumber":5,"author":{"gitId":"TongZhengHong"},"content":"    protected String start;","lastModifiedDate":"2023-09-03"},{"lineNumber":6,"author":{"gitId":"TongZhengHong"},"content":"    protected String end;","lastModifiedDate":"2023-09-03"},{"lineNumber":7,"author":{"gitId":"TongZhengHong"},"content":"","lastModifiedDate":"2023-09-03"},{"lineNumber":8,"author":{"gitId":"TongZhengHong"},"content":"\tpublic Event(String description, String start, String end) {","lastModifiedDate":"2023-09-03"},{"lineNumber":9,"author":{"gitId":"TongZhengHong"},"content":"\t\tsuper(description);","lastModifiedDate":"2023-09-03"},{"lineNumber":10,"author":{"gitId":"TongZhengHong"},"content":"        this.start \u003d start;","lastModifiedDate":"2023-09-03"},{"lineNumber":11,"author":{"gitId":"TongZhengHong"},"content":"        this.end \u003d end;","lastModifiedDate":"2023-09-03"},{"lineNumber":12,"author":{"gitId":"TongZhengHong"},"content":"\t}","lastModifiedDate":"2023-09-03"},{"lineNumber":13,"author":{"gitId":"TongZhengHong"},"content":"","lastModifiedDate":"2023-09-03"},{"lineNumber":14,"author":{"gitId":"TongZhengHong"},"content":"    @Override","lastModifiedDate":"2023-09-03"},{"lineNumber":15,"author":{"gitId":"TongZhengHong"},"content":"    public String toString() {","lastModifiedDate":"2023-09-03"},{"lineNumber":16,"author":{"gitId":"TongZhengHong"},"content":"        return String.format(\"[E]%s (from: %s, to: %s)\", super.toString(), start, end);","lastModifiedDate":"2023-09-03"},{"lineNumber":17,"author":{"gitId":"TongZhengHong"},"content":"    }","lastModifiedDate":"2023-09-03"},{"lineNumber":18,"author":{"gitId":"TongZhengHong"},"content":"    ","lastModifiedDate":"2023-09-03"},{"lineNumber":19,"author":{"gitId":"TongZhengHong"},"content":"}","lastModifiedDate":"2023-09-03"}],"authorContributionMap":{"TongZhengHong":19}},{"path":"src/main/java/dawson/task/Task.java","fileType":"java","lines":[{"lineNumber":1,"author":{"gitId":"TongZhengHong"},"content":"package dawson.task;","lastModifiedDate":"2023-09-06"},{"lineNumber":2,"author":{"gitId":"TongZhengHong"},"content":"","lastModifiedDate":"2023-08-27"},{"lineNumber":3,"author":{"gitId":"TongZhengHong"},"content":"public abstract class Task {","lastModifiedDate":"2023-09-06"},{"lineNumber":4,"author":{"gitId":"TongZhengHong"},"content":"","lastModifiedDate":"2023-08-27"},{"lineNumber":5,"author":{"gitId":"TongZhengHong"},"content":"    protected String description;","lastModifiedDate":"2023-09-03"},{"lineNumber":6,"author":{"gitId":"TongZhengHong"},"content":"    protected boolean isDone;","lastModifiedDate":"2023-09-03"},{"lineNumber":7,"author":{"gitId":"TongZhengHong"},"content":"","lastModifiedDate":"2023-08-27"},{"lineNumber":8,"author":{"gitId":"TongZhengHong"},"content":"    public Task(String description) {","lastModifiedDate":"2023-08-31"},{"lineNumber":9,"author":{"gitId":"TongZhengHong"},"content":"        this.description \u003d description;","lastModifiedDate":"2023-08-31"},{"lineNumber":10,"author":{"gitId":"TongZhengHong"},"content":"        this.isDone \u003d false;","lastModifiedDate":"2023-08-31"},{"lineNumber":11,"author":{"gitId":"TongZhengHong"},"content":"    }","lastModifiedDate":"2023-08-27"},{"lineNumber":12,"author":{"gitId":"TongZhengHong"},"content":"","lastModifiedDate":"2023-08-27"},{"lineNumber":13,"author":{"gitId":"TongZhengHong"},"content":"    public String getDescription() {","lastModifiedDate":"2023-08-31"},{"lineNumber":14,"author":{"gitId":"TongZhengHong"},"content":"        return description;","lastModifiedDate":"2023-08-31"},{"lineNumber":15,"author":{"gitId":"TongZhengHong"},"content":"    }","lastModifiedDate":"2023-08-31"},{"lineNumber":16,"author":{"gitId":"TongZhengHong"},"content":"","lastModifiedDate":"2023-08-31"},{"lineNumber":17,"author":{"gitId":"TongZhengHong"},"content":"    public boolean getIsDone() {","lastModifiedDate":"2023-08-31"},{"lineNumber":18,"author":{"gitId":"TongZhengHong"},"content":"        return isDone;","lastModifiedDate":"2023-08-31"},{"lineNumber":19,"author":{"gitId":"TongZhengHong"},"content":"    }","lastModifiedDate":"2023-08-31"},{"lineNumber":20,"author":{"gitId":"TongZhengHong"},"content":"","lastModifiedDate":"2023-08-31"},{"lineNumber":21,"author":{"gitId":"TongZhengHong"},"content":"    public void markAsDone() {","lastModifiedDate":"2023-08-31"},{"lineNumber":22,"author":{"gitId":"TongZhengHong"},"content":"        isDone \u003d true;","lastModifiedDate":"2023-08-31"},{"lineNumber":23,"author":{"gitId":"TongZhengHong"},"content":"    }","lastModifiedDate":"2023-08-31"},{"lineNumber":24,"author":{"gitId":"TongZhengHong"},"content":"","lastModifiedDate":"2023-08-31"},{"lineNumber":25,"author":{"gitId":"TongZhengHong"},"content":"    public void unmark() {","lastModifiedDate":"2023-08-31"},{"lineNumber":26,"author":{"gitId":"TongZhengHong"},"content":"        isDone \u003d false;","lastModifiedDate":"2023-08-31"},{"lineNumber":27,"author":{"gitId":"TongZhengHong"},"content":"    }","lastModifiedDate":"2023-08-31"},{"lineNumber":28,"author":{"gitId":"TongZhengHong"},"content":"","lastModifiedDate":"2023-08-31"},{"lineNumber":29,"author":{"gitId":"TongZhengHong"},"content":"    public String getStatusIcon() {","lastModifiedDate":"2023-08-31"},{"lineNumber":30,"author":{"gitId":"TongZhengHong"},"content":"        return (isDone ? \"X\" : \" \"); // mark done task with X","lastModifiedDate":"2023-08-31"},{"lineNumber":31,"author":{"gitId":"TongZhengHong"},"content":"    }","lastModifiedDate":"2023-08-31"},{"lineNumber":32,"author":{"gitId":"TongZhengHong"},"content":"","lastModifiedDate":"2023-08-31"},{"lineNumber":33,"author":{"gitId":"TongZhengHong"},"content":"    @Override","lastModifiedDate":"2023-08-31"},{"lineNumber":34,"author":{"gitId":"TongZhengHong"},"content":"    public String toString() {","lastModifiedDate":"2023-08-31"},{"lineNumber":35,"author":{"gitId":"TongZhengHong"},"content":"        return String.format(\"[%s] %s\", getStatusIcon(), description);","lastModifiedDate":"2023-08-31"},{"lineNumber":36,"author":{"gitId":"TongZhengHong"},"content":"    }","lastModifiedDate":"2023-08-27"},{"lineNumber":37,"author":{"gitId":"TongZhengHong"},"content":"","lastModifiedDate":"2023-08-27"},{"lineNumber":38,"author":{"gitId":"TongZhengHong"},"content":"}","lastModifiedDate":"2023-08-27"}],"authorContributionMap":{"TongZhengHong":38}},{"path":"src/main/java/dawson/task/Todo.java","fileType":"java","lines":[{"lineNumber":1,"author":{"gitId":"TongZhengHong"},"content":"package dawson.task;","lastModifiedDate":"2023-09-06"},{"lineNumber":2,"author":{"gitId":"TongZhengHong"},"content":"","lastModifiedDate":"2023-09-03"},{"lineNumber":3,"author":{"gitId":"TongZhengHong"},"content":"public class Todo extends Task {","lastModifiedDate":"2023-09-03"},{"lineNumber":4,"author":{"gitId":"TongZhengHong"},"content":"","lastModifiedDate":"2023-09-03"},{"lineNumber":5,"author":{"gitId":"TongZhengHong"},"content":"    public Todo(String description) {","lastModifiedDate":"2023-09-03"},{"lineNumber":6,"author":{"gitId":"TongZhengHong"},"content":"        super(description);","lastModifiedDate":"2023-09-03"},{"lineNumber":7,"author":{"gitId":"TongZhengHong"},"content":"    }","lastModifiedDate":"2023-09-03"},{"lineNumber":8,"author":{"gitId":"TongZhengHong"},"content":"","lastModifiedDate":"2023-09-03"},{"lineNumber":9,"author":{"gitId":"TongZhengHong"},"content":"    @Override","lastModifiedDate":"2023-09-03"},{"lineNumber":10,"author":{"gitId":"TongZhengHong"},"content":"    public String toString() {","lastModifiedDate":"2023-09-03"},{"lineNumber":11,"author":{"gitId":"TongZhengHong"},"content":"        return String.format(\"[T]%s\", super.toString());","lastModifiedDate":"2023-09-03"},{"lineNumber":12,"author":{"gitId":"TongZhengHong"},"content":"    }","lastModifiedDate":"2023-09-03"},{"lineNumber":13,"author":{"gitId":"TongZhengHong"},"content":"","lastModifiedDate":"2023-09-03"},{"lineNumber":14,"author":{"gitId":"TongZhengHong"},"content":"}","lastModifiedDate":"2023-09-03"}],"authorContributionMap":{"TongZhengHong":14}}]
