[{"path":"src/main/java/linguobot/LinguoBot.java","fileType":"java","lines":[{"lineNumber":1,"author":{"gitId":"WooKaiNing"},"content":"package linguobot;","lastModifiedDate":"2023-09-18"},{"lineNumber":2,"author":{"gitId":"WooKaiNing"},"content":"","lastModifiedDate":"2023-09-18"},{"lineNumber":3,"author":{"gitId":"WooKaiNing"},"content":"import linguobot.task.Task;","lastModifiedDate":"2023-09-10"},{"lineNumber":4,"author":{"gitId":"WooKaiNing"},"content":"import linguobot.command.LinguoBotException;","lastModifiedDate":"2023-09-10"},{"lineNumber":5,"author":{"gitId":"WooKaiNing"},"content":"import linguobot.command.CommandResponse;","lastModifiedDate":"2023-09-20"},{"lineNumber":6,"author":{"gitId":"WooKaiNing"},"content":"","lastModifiedDate":"2023-09-10"},{"lineNumber":7,"author":{"gitId":"WooKaiNing"},"content":"import java.util.Scanner;","lastModifiedDate":"2023-09-02"},{"lineNumber":8,"author":{"gitId":"WooKaiNing"},"content":"import java.util.ArrayList;","lastModifiedDate":"2023-09-18"},{"lineNumber":9,"author":{"gitId":"WooKaiNing"},"content":"import java.io.FileNotFoundException;","lastModifiedDate":"2023-09-18"},{"lineNumber":10,"author":{"gitId":"WooKaiNing"},"content":"","lastModifiedDate":"2023-09-18"},{"lineNumber":11,"author":{"gitId":"WooKaiNing"},"content":"import static linguobot.file.TaskFile.*;","lastModifiedDate":"2023-09-20"},{"lineNumber":12,"author":{"gitId":"WooKaiNing"},"content":"","lastModifiedDate":"2023-09-07"},{"lineNumber":13,"author":{"gitId":"WooKaiNing"},"content":"public class LinguoBot {","lastModifiedDate":"2023-09-18"},{"lineNumber":14,"author":{"gitId":"WooKaiNing"},"content":"    public static void main(String[] args) {","lastModifiedDate":"2023-09-04"},{"lineNumber":15,"author":{"gitId":"WooKaiNing"},"content":"        String logo \u003d \" \\n\" +","lastModifiedDate":"2023-09-04"},{"lineNumber":16,"author":{"gitId":"WooKaiNing"},"content":"                \"                                       \\n\" +","lastModifiedDate":"2023-09-04"},{"lineNumber":17,"author":{"gitId":"WooKaiNing"},"content":"                \" __    _                 _____     _   \\n\" +","lastModifiedDate":"2023-09-04"},{"lineNumber":18,"author":{"gitId":"WooKaiNing"},"content":"                \"|  |  |_|___ ___ _ _ ___| __  |___| |_ \\n\" +","lastModifiedDate":"2023-09-04"},{"lineNumber":19,"author":{"gitId":"WooKaiNing"},"content":"                \"|  |__| |   | . | | | . | __ -| . |  _|\\n\" +","lastModifiedDate":"2023-09-04"},{"lineNumber":20,"author":{"gitId":"WooKaiNing"},"content":"                \"|_____|_|_|_|_  |___|___|_____|___|_|  \\n\" +","lastModifiedDate":"2023-09-04"},{"lineNumber":21,"author":{"gitId":"WooKaiNing"},"content":"                \"            |___|                      \\n\";","lastModifiedDate":"2023-09-04"},{"lineNumber":22,"author":{"gitId":"WooKaiNing"},"content":"","lastModifiedDate":"2023-09-04"},{"lineNumber":23,"author":{"gitId":"WooKaiNing"},"content":"        System.out.println(\"Hello I\u0027m \" + logo);","lastModifiedDate":"2023-09-04"},{"lineNumber":24,"author":{"gitId":"WooKaiNing"},"content":"        System.out.println(\"What can I do for you?\");","lastModifiedDate":"2023-09-04"},{"lineNumber":25,"author":{"gitId":"WooKaiNing"},"content":"","lastModifiedDate":"2023-09-04"},{"lineNumber":26,"author":{"gitId":"WooKaiNing"},"content":"        ArrayList\u003cTask\u003e taskList;","lastModifiedDate":"2023-09-18"},{"lineNumber":27,"author":{"gitId":"WooKaiNing"},"content":"","lastModifiedDate":"2023-09-04"},{"lineNumber":28,"author":{"gitId":"WooKaiNing"},"content":"        try {","lastModifiedDate":"2023-09-18"},{"lineNumber":29,"author":{"gitId":"WooKaiNing"},"content":"            taskList \u003d loadTasksFromFile(); // Load tasks from the file","lastModifiedDate":"2023-09-20"},{"lineNumber":30,"author":{"gitId":"WooKaiNing"},"content":"        } catch (FileNotFoundException e) {","lastModifiedDate":"2023-09-18"},{"lineNumber":31,"author":{"gitId":"WooKaiNing"},"content":"            System.out.println(\"File not found\");","lastModifiedDate":"2023-09-18"},{"lineNumber":32,"author":{"gitId":"WooKaiNing"},"content":"            taskList \u003d new ArrayList\u003c\u003e(); // Create a new task list if the file doesn\u0027t exist","lastModifiedDate":"2023-09-18"},{"lineNumber":33,"author":{"gitId":"WooKaiNing"},"content":"        }","lastModifiedDate":"2023-09-18"},{"lineNumber":34,"author":{"gitId":"WooKaiNing"},"content":"","lastModifiedDate":"2023-09-18"},{"lineNumber":35,"author":{"gitId":"WooKaiNing"},"content":"        Scanner in \u003d new Scanner(System.in);","lastModifiedDate":"2023-09-18"},{"lineNumber":36,"author":{"gitId":"WooKaiNing"},"content":"","lastModifiedDate":"2023-09-04"},{"lineNumber":37,"author":{"gitId":"WooKaiNing"},"content":"        while (true) {","lastModifiedDate":"2023-09-04"},{"lineNumber":38,"author":{"gitId":"WooKaiNing"},"content":"            String line \u003d in.nextLine();","lastModifiedDate":"2023-09-04"},{"lineNumber":39,"author":{"gitId":"WooKaiNing"},"content":"","lastModifiedDate":"2023-09-04"},{"lineNumber":40,"author":{"gitId":"WooKaiNing"},"content":"            if (line.equals(\"list\")) {","lastModifiedDate":"2023-09-04"},{"lineNumber":41,"author":{"gitId":"WooKaiNing"},"content":"                CommandResponse.printTaskList(taskList);","lastModifiedDate":"2023-09-20"},{"lineNumber":42,"author":{"gitId":"WooKaiNing"},"content":"            } else if (line.startsWith(\"mark\")) {","lastModifiedDate":"2023-09-04"},{"lineNumber":43,"author":{"gitId":"WooKaiNing"},"content":"                int MARK_START_INDEX \u003d 5;","lastModifiedDate":"2023-09-07"},{"lineNumber":44,"author":{"gitId":"WooKaiNing"},"content":"                int taskIndex \u003d Integer.parseInt(line.substring(MARK_START_INDEX)) - 1;","lastModifiedDate":"2023-09-07"},{"lineNumber":45,"author":{"gitId":"WooKaiNing"},"content":"                try {","lastModifiedDate":"2023-09-08"},{"lineNumber":46,"author":{"gitId":"WooKaiNing"},"content":"                    CommandResponse.markTaskAsDone(taskList, taskIndex);","lastModifiedDate":"2023-09-20"},{"lineNumber":47,"author":{"gitId":"WooKaiNing"},"content":"                } catch (LinguoBotException e) {","lastModifiedDate":"2023-09-08"},{"lineNumber":48,"author":{"gitId":"WooKaiNing"},"content":"                    CommandResponse.printLine();","lastModifiedDate":"2023-09-20"},{"lineNumber":49,"author":{"gitId":"WooKaiNing"},"content":"                    System.out.println(\"Error: \" + e.getMessage());","lastModifiedDate":"2023-09-08"},{"lineNumber":50,"author":{"gitId":"WooKaiNing"},"content":"                    CommandResponse.printLine();","lastModifiedDate":"2023-09-20"},{"lineNumber":51,"author":{"gitId":"WooKaiNing"},"content":"                }","lastModifiedDate":"2023-09-08"},{"lineNumber":52,"author":{"gitId":"WooKaiNing"},"content":"            } else if (line.startsWith(\"unmark\")) {","lastModifiedDate":"2023-09-04"},{"lineNumber":53,"author":{"gitId":"WooKaiNing"},"content":"                int UNMARK_START_INDEX \u003d 7;","lastModifiedDate":"2023-09-07"},{"lineNumber":54,"author":{"gitId":"WooKaiNing"},"content":"                int taskIndex \u003d Integer.parseInt(line.substring(UNMARK_START_INDEX)) - 1;","lastModifiedDate":"2023-09-07"},{"lineNumber":55,"author":{"gitId":"WooKaiNing"},"content":"                try {","lastModifiedDate":"2023-09-08"},{"lineNumber":56,"author":{"gitId":"WooKaiNing"},"content":"                    CommandResponse.markTaskAsUndone(taskList, taskIndex);","lastModifiedDate":"2023-09-20"},{"lineNumber":57,"author":{"gitId":"WooKaiNing"},"content":"                } catch (LinguoBotException e) {","lastModifiedDate":"2023-09-18"},{"lineNumber":58,"author":{"gitId":"WooKaiNing"},"content":"                    CommandResponse.printLine();","lastModifiedDate":"2023-09-20"},{"lineNumber":59,"author":{"gitId":"WooKaiNing"},"content":"                    System.out.println(\"Error: \" + e.getMessage());","lastModifiedDate":"2023-09-18"},{"lineNumber":60,"author":{"gitId":"WooKaiNing"},"content":"                    CommandResponse.printLine();","lastModifiedDate":"2023-09-20"},{"lineNumber":61,"author":{"gitId":"WooKaiNing"},"content":"                }","lastModifiedDate":"2023-09-18"},{"lineNumber":62,"author":{"gitId":"WooKaiNing"},"content":"            } else if (line.contains(\"delete\")) {","lastModifiedDate":"2023-09-18"},{"lineNumber":63,"author":{"gitId":"WooKaiNing"},"content":"                int DELETE_START_INDEX \u003d 7;","lastModifiedDate":"2023-09-18"},{"lineNumber":64,"author":{"gitId":"WooKaiNing"},"content":"                int taskIndex \u003d Integer.parseInt(line.substring(DELETE_START_INDEX)) - 1;","lastModifiedDate":"2023-09-18"},{"lineNumber":65,"author":{"gitId":"WooKaiNing"},"content":"                try {","lastModifiedDate":"2023-09-18"},{"lineNumber":66,"author":{"gitId":"WooKaiNing"},"content":"                    CommandResponse.deleteTask(taskList, taskIndex);","lastModifiedDate":"2023-09-20"},{"lineNumber":67,"author":{"gitId":"WooKaiNing"},"content":"                } catch (LinguoBotException e) {","lastModifiedDate":"2023-09-08"},{"lineNumber":68,"author":{"gitId":"WooKaiNing"},"content":"                    CommandResponse.printLine();","lastModifiedDate":"2023-09-20"},{"lineNumber":69,"author":{"gitId":"WooKaiNing"},"content":"                    System.out.println(\"Error: \" + e.getMessage());","lastModifiedDate":"2023-09-08"},{"lineNumber":70,"author":{"gitId":"WooKaiNing"},"content":"                    CommandResponse.printLine();","lastModifiedDate":"2023-09-20"},{"lineNumber":71,"author":{"gitId":"WooKaiNing"},"content":"                }","lastModifiedDate":"2023-09-08"},{"lineNumber":72,"author":{"gitId":"WooKaiNing"},"content":"            } else if (line.contains(\"bye\")) {","lastModifiedDate":"2023-09-04"},{"lineNumber":73,"author":{"gitId":"WooKaiNing"},"content":"                CommandResponse.printLine();","lastModifiedDate":"2023-09-20"},{"lineNumber":74,"author":{"gitId":"WooKaiNing"},"content":"                System.out.println(\"Bye. Hope to see you again soon!\");","lastModifiedDate":"2023-09-02"},{"lineNumber":75,"author":{"gitId":"WooKaiNing"},"content":"                CommandResponse.printLine();","lastModifiedDate":"2023-09-20"},{"lineNumber":76,"author":{"gitId":"WooKaiNing"},"content":"                break;","lastModifiedDate":"2023-09-02"},{"lineNumber":77,"author":{"gitId":"WooKaiNing"},"content":"            } else {","lastModifiedDate":"2023-09-07"},{"lineNumber":78,"author":{"gitId":"WooKaiNing"},"content":"                try {","lastModifiedDate":"2023-09-08"},{"lineNumber":79,"author":{"gitId":"WooKaiNing"},"content":"                    CommandResponse.addTask(line, taskList);","lastModifiedDate":"2023-09-20"},{"lineNumber":80,"author":{"gitId":"WooKaiNing"},"content":"                } catch (LinguoBotException e) {","lastModifiedDate":"2023-09-08"},{"lineNumber":81,"author":{"gitId":"WooKaiNing"},"content":"                    CommandResponse.printLine();","lastModifiedDate":"2023-09-20"},{"lineNumber":82,"author":{"gitId":"WooKaiNing"},"content":"                    System.out.println(\"Error: \" + e.getMessage());","lastModifiedDate":"2023-09-08"},{"lineNumber":83,"author":{"gitId":"WooKaiNing"},"content":"                    CommandResponse.printLine();","lastModifiedDate":"2023-09-20"},{"lineNumber":84,"author":{"gitId":"WooKaiNing"},"content":"                }","lastModifiedDate":"2023-09-02"},{"lineNumber":85,"author":{"gitId":"WooKaiNing"},"content":"            }","lastModifiedDate":"2023-09-02"},{"lineNumber":86,"author":{"gitId":"WooKaiNing"},"content":"        }","lastModifiedDate":"2023-09-02"},{"lineNumber":87,"author":{"gitId":"WooKaiNing"},"content":"    }","lastModifiedDate":"2023-09-02"},{"lineNumber":88,"author":{"gitId":"WooKaiNing"},"content":"","lastModifiedDate":"2023-09-08"},{"lineNumber":89,"author":{"gitId":"WooKaiNing"},"content":"}","lastModifiedDate":"2023-09-08"}],"authorContributionMap":{"WooKaiNing":89}},{"path":"src/main/java/linguobot/command/CommandResponse.java","fileType":"java","lines":[{"lineNumber":1,"author":{"gitId":"WooKaiNing"},"content":"package linguobot.command;","lastModifiedDate":"2023-09-20"},{"lineNumber":2,"author":{"gitId":"WooKaiNing"},"content":"","lastModifiedDate":"2023-09-20"},{"lineNumber":3,"author":{"gitId":"WooKaiNing"},"content":"import linguobot.task.Deadline;","lastModifiedDate":"2023-09-20"},{"lineNumber":4,"author":{"gitId":"WooKaiNing"},"content":"import linguobot.task.Event;","lastModifiedDate":"2023-09-20"},{"lineNumber":5,"author":{"gitId":"WooKaiNing"},"content":"import linguobot.task.Task;","lastModifiedDate":"2023-09-20"},{"lineNumber":6,"author":{"gitId":"WooKaiNing"},"content":"import linguobot.task.Todo;","lastModifiedDate":"2023-09-20"},{"lineNumber":7,"author":{"gitId":"WooKaiNing"},"content":"","lastModifiedDate":"2023-09-20"},{"lineNumber":8,"author":{"gitId":"WooKaiNing"},"content":"import java.util.ArrayList;","lastModifiedDate":"2023-09-20"},{"lineNumber":9,"author":{"gitId":"WooKaiNing"},"content":"","lastModifiedDate":"2023-09-20"},{"lineNumber":10,"author":{"gitId":"WooKaiNing"},"content":"import static linguobot.file.TaskFile.saveTaskListToFile;","lastModifiedDate":"2023-09-20"},{"lineNumber":11,"author":{"gitId":"WooKaiNing"},"content":"","lastModifiedDate":"2023-09-20"},{"lineNumber":12,"author":{"gitId":"WooKaiNing"},"content":"public class CommandResponse {","lastModifiedDate":"2023-09-20"},{"lineNumber":13,"author":{"gitId":"WooKaiNing"},"content":"    public static void printLine() {","lastModifiedDate":"2023-09-20"},{"lineNumber":14,"author":{"gitId":"WooKaiNing"},"content":"        System.out.println(\"-------------------------\");","lastModifiedDate":"2023-09-20"},{"lineNumber":15,"author":{"gitId":"WooKaiNing"},"content":"    }","lastModifiedDate":"2023-09-20"},{"lineNumber":16,"author":{"gitId":"WooKaiNing"},"content":"","lastModifiedDate":"2023-09-20"},{"lineNumber":17,"author":{"gitId":"WooKaiNing"},"content":"    public static void printTaskList(ArrayList\u003cTask\u003e taskList) {","lastModifiedDate":"2023-09-20"},{"lineNumber":18,"author":{"gitId":"WooKaiNing"},"content":"        printLine();","lastModifiedDate":"2023-09-20"},{"lineNumber":19,"author":{"gitId":"WooKaiNing"},"content":"        System.out.println(\"Here are the tasks in your list:\");","lastModifiedDate":"2023-09-20"},{"lineNumber":20,"author":{"gitId":"WooKaiNing"},"content":"        for (int i \u003d 0; i \u003c taskList.size(); i++) {","lastModifiedDate":"2023-09-20"},{"lineNumber":21,"author":{"gitId":"WooKaiNing"},"content":"            System.out.print((i + 1) + \". \");","lastModifiedDate":"2023-09-20"},{"lineNumber":22,"author":{"gitId":"WooKaiNing"},"content":"            System.out.println(taskList.get(i));","lastModifiedDate":"2023-09-20"},{"lineNumber":23,"author":{"gitId":"WooKaiNing"},"content":"        }","lastModifiedDate":"2023-09-20"},{"lineNumber":24,"author":{"gitId":"WooKaiNing"},"content":"        printLine();","lastModifiedDate":"2023-09-20"},{"lineNumber":25,"author":{"gitId":"WooKaiNing"},"content":"    }","lastModifiedDate":"2023-09-20"},{"lineNumber":26,"author":{"gitId":"WooKaiNing"},"content":"","lastModifiedDate":"2023-09-20"},{"lineNumber":27,"author":{"gitId":"WooKaiNing"},"content":"    public static void markTaskAsDone(ArrayList\u003cTask\u003e taskList, int index) throws LinguoBotException {","lastModifiedDate":"2023-09-20"},{"lineNumber":28,"author":{"gitId":"WooKaiNing"},"content":"        if (index \u003e\u003d 0 \u0026\u0026 index \u003c taskList.size()) {","lastModifiedDate":"2023-09-20"},{"lineNumber":29,"author":{"gitId":"WooKaiNing"},"content":"            if (taskList.get(index).getStatusIcon().equals(\"X\")) {","lastModifiedDate":"2023-09-20"},{"lineNumber":30,"author":{"gitId":"WooKaiNing"},"content":"                throw new LinguoBotException(\"Task has already been marked.\");","lastModifiedDate":"2023-09-20"},{"lineNumber":31,"author":{"gitId":"WooKaiNing"},"content":"            } else {","lastModifiedDate":"2023-09-20"},{"lineNumber":32,"author":{"gitId":"WooKaiNing"},"content":"                taskList.get(index).markAsDone();","lastModifiedDate":"2023-09-20"},{"lineNumber":33,"author":{"gitId":"WooKaiNing"},"content":"                printLine();","lastModifiedDate":"2023-09-20"},{"lineNumber":34,"author":{"gitId":"WooKaiNing"},"content":"                System.out.println(\"Nice! I\u0027ve marked this task as done:\");","lastModifiedDate":"2023-09-20"},{"lineNumber":35,"author":{"gitId":"WooKaiNing"},"content":"                System.out.println(taskList.get(index));","lastModifiedDate":"2023-09-20"},{"lineNumber":36,"author":{"gitId":"WooKaiNing"},"content":"                printLine();","lastModifiedDate":"2023-09-20"},{"lineNumber":37,"author":{"gitId":"WooKaiNing"},"content":"                saveTaskListToFile(taskList);","lastModifiedDate":"2023-09-20"},{"lineNumber":38,"author":{"gitId":"WooKaiNing"},"content":"            }","lastModifiedDate":"2023-09-20"},{"lineNumber":39,"author":{"gitId":"WooKaiNing"},"content":"        } else {","lastModifiedDate":"2023-09-20"},{"lineNumber":40,"author":{"gitId":"WooKaiNing"},"content":"            throw new LinguoBotException(\"Invalid task index. Please provide valid task index\" + \" \u003c \" + (taskList.size() + 1));","lastModifiedDate":"2023-09-20"},{"lineNumber":41,"author":{"gitId":"WooKaiNing"},"content":"        }","lastModifiedDate":"2023-09-20"},{"lineNumber":42,"author":{"gitId":"WooKaiNing"},"content":"    }","lastModifiedDate":"2023-09-20"},{"lineNumber":43,"author":{"gitId":"WooKaiNing"},"content":"","lastModifiedDate":"2023-09-20"},{"lineNumber":44,"author":{"gitId":"WooKaiNing"},"content":"    public static void markTaskAsUndone(ArrayList\u003cTask\u003e taskList, int index) throws LinguoBotException {","lastModifiedDate":"2023-09-20"},{"lineNumber":45,"author":{"gitId":"WooKaiNing"},"content":"        if (index \u003e\u003d 0 \u0026\u0026 index \u003c taskList.size() \u0026\u0026 taskList.get(index) !\u003d null) {","lastModifiedDate":"2023-09-20"},{"lineNumber":46,"author":{"gitId":"WooKaiNing"},"content":"            if (taskList.get(index).getStatusIcon().equals(\" \")) {","lastModifiedDate":"2023-09-20"},{"lineNumber":47,"author":{"gitId":"WooKaiNing"},"content":"                throw new LinguoBotException(\"Task has already been unmarked.\");","lastModifiedDate":"2023-09-20"},{"lineNumber":48,"author":{"gitId":"WooKaiNing"},"content":"            } else {","lastModifiedDate":"2023-09-20"},{"lineNumber":49,"author":{"gitId":"WooKaiNing"},"content":"                taskList.get(index).markAsUndone();","lastModifiedDate":"2023-09-20"},{"lineNumber":50,"author":{"gitId":"WooKaiNing"},"content":"                printLine();","lastModifiedDate":"2023-09-20"},{"lineNumber":51,"author":{"gitId":"WooKaiNing"},"content":"                System.out.println(\"OK, I\u0027ve marked this task as not done yet:\");","lastModifiedDate":"2023-09-20"},{"lineNumber":52,"author":{"gitId":"WooKaiNing"},"content":"                System.out.println(taskList.get(index));","lastModifiedDate":"2023-09-20"},{"lineNumber":53,"author":{"gitId":"WooKaiNing"},"content":"                printLine();","lastModifiedDate":"2023-09-20"},{"lineNumber":54,"author":{"gitId":"WooKaiNing"},"content":"                saveTaskListToFile(taskList);","lastModifiedDate":"2023-09-20"},{"lineNumber":55,"author":{"gitId":"WooKaiNing"},"content":"            }","lastModifiedDate":"2023-09-20"},{"lineNumber":56,"author":{"gitId":"WooKaiNing"},"content":"        } else {","lastModifiedDate":"2023-09-20"},{"lineNumber":57,"author":{"gitId":"WooKaiNing"},"content":"            throw new LinguoBotException(\"Invalid task index. Please provide valid task index\" + \" \u003c \" + (taskList.size() + 1));","lastModifiedDate":"2023-09-20"},{"lineNumber":58,"author":{"gitId":"WooKaiNing"},"content":"        }","lastModifiedDate":"2023-09-20"},{"lineNumber":59,"author":{"gitId":"WooKaiNing"},"content":"    }","lastModifiedDate":"2023-09-20"},{"lineNumber":60,"author":{"gitId":"WooKaiNing"},"content":"","lastModifiedDate":"2023-09-20"},{"lineNumber":61,"author":{"gitId":"WooKaiNing"},"content":"    public static void deleteTask(ArrayList\u003cTask\u003e taskList, int index) throws LinguoBotException {","lastModifiedDate":"2023-09-20"},{"lineNumber":62,"author":{"gitId":"WooKaiNing"},"content":"        if (index \u003e\u003d 0 \u0026\u0026 index \u003c taskList.size()) {","lastModifiedDate":"2023-09-20"},{"lineNumber":63,"author":{"gitId":"WooKaiNing"},"content":"            printLine();","lastModifiedDate":"2023-09-20"},{"lineNumber":64,"author":{"gitId":"WooKaiNing"},"content":"            System.out.println(\"Noted. I\u0027ve removed this task:\");","lastModifiedDate":"2023-09-20"},{"lineNumber":65,"author":{"gitId":"WooKaiNing"},"content":"            System.out.println(taskList.get(index));","lastModifiedDate":"2023-09-20"},{"lineNumber":66,"author":{"gitId":"WooKaiNing"},"content":"            System.out.println(\"Now you have \" + (taskList.size() - 1) + \" task(s) in the list.\");","lastModifiedDate":"2023-09-20"},{"lineNumber":67,"author":{"gitId":"WooKaiNing"},"content":"            printLine();","lastModifiedDate":"2023-09-20"},{"lineNumber":68,"author":{"gitId":"WooKaiNing"},"content":"            taskList.remove(index);","lastModifiedDate":"2023-09-20"},{"lineNumber":69,"author":{"gitId":"WooKaiNing"},"content":"            saveTaskListToFile(taskList);","lastModifiedDate":"2023-09-20"},{"lineNumber":70,"author":{"gitId":"WooKaiNing"},"content":"        } else {","lastModifiedDate":"2023-09-20"},{"lineNumber":71,"author":{"gitId":"WooKaiNing"},"content":"            throw new LinguoBotException(\"Invalid task index. Please provide valid task index\" + \" \u003c \" + (taskList.size() + 1) + \" to delete task.\");","lastModifiedDate":"2023-09-20"},{"lineNumber":72,"author":{"gitId":"WooKaiNing"},"content":"        }","lastModifiedDate":"2023-09-20"},{"lineNumber":73,"author":{"gitId":"WooKaiNing"},"content":"    }","lastModifiedDate":"2023-09-20"},{"lineNumber":74,"author":{"gitId":"WooKaiNing"},"content":"    public static void addTask(String line, ArrayList\u003cTask\u003e taskList) throws LinguoBotException{","lastModifiedDate":"2023-09-20"},{"lineNumber":75,"author":{"gitId":"WooKaiNing"},"content":"        if (line.startsWith(\"todo\")) {","lastModifiedDate":"2023-09-20"},{"lineNumber":76,"author":{"gitId":"WooKaiNing"},"content":"            if (line.substring(4).isEmpty()) {","lastModifiedDate":"2023-09-20"},{"lineNumber":77,"author":{"gitId":"WooKaiNing"},"content":"                throw new LinguoBotException(\"Todo description cannot be empty.\");","lastModifiedDate":"2023-09-20"},{"lineNumber":78,"author":{"gitId":"WooKaiNing"},"content":"            }","lastModifiedDate":"2023-09-20"},{"lineNumber":79,"author":{"gitId":"WooKaiNing"},"content":"            taskList.add(new Todo(line.substring(4)));","lastModifiedDate":"2023-09-20"},{"lineNumber":80,"author":{"gitId":"WooKaiNing"},"content":"        } else if (line.startsWith(\"deadline\")) {","lastModifiedDate":"2023-09-20"},{"lineNumber":81,"author":{"gitId":"WooKaiNing"},"content":"            int indexBy \u003d line.indexOf(\"by\");","lastModifiedDate":"2023-09-20"},{"lineNumber":82,"author":{"gitId":"WooKaiNing"},"content":"            if (line.substring(8).isEmpty()) {","lastModifiedDate":"2023-09-20"},{"lineNumber":83,"author":{"gitId":"WooKaiNing"},"content":"                throw new LinguoBotException(\"Deadline description cannot be empty.\");","lastModifiedDate":"2023-09-20"},{"lineNumber":84,"author":{"gitId":"WooKaiNing"},"content":"            }","lastModifiedDate":"2023-09-20"},{"lineNumber":85,"author":{"gitId":"WooKaiNing"},"content":"            if (indexBy \u003d\u003d -1) {","lastModifiedDate":"2023-09-20"},{"lineNumber":86,"author":{"gitId":"WooKaiNing"},"content":"                throw new LinguoBotException(\"Invalid input. Please include \u0027by\u0027 for deadlines.\");","lastModifiedDate":"2023-09-20"},{"lineNumber":87,"author":{"gitId":"WooKaiNing"},"content":"            }","lastModifiedDate":"2023-09-20"},{"lineNumber":88,"author":{"gitId":"WooKaiNing"},"content":"            taskList.add(new Deadline(line.substring(8, indexBy - 1), line.substring(indexBy + 2)));","lastModifiedDate":"2023-09-20"},{"lineNumber":89,"author":{"gitId":"WooKaiNing"},"content":"        } else if (line.startsWith(\"event\")) {","lastModifiedDate":"2023-09-20"},{"lineNumber":90,"author":{"gitId":"WooKaiNing"},"content":"            int indexFrom \u003d line.indexOf(\"from\");","lastModifiedDate":"2023-09-20"},{"lineNumber":91,"author":{"gitId":"WooKaiNing"},"content":"            int indexTo \u003d line.indexOf(\"to\", indexFrom);","lastModifiedDate":"2023-09-20"},{"lineNumber":92,"author":{"gitId":"WooKaiNing"},"content":"            if (line.substring(5).isEmpty()) {","lastModifiedDate":"2023-09-20"},{"lineNumber":93,"author":{"gitId":"WooKaiNing"},"content":"                throw new LinguoBotException(\"Event description cannot be empty.\");","lastModifiedDate":"2023-09-20"},{"lineNumber":94,"author":{"gitId":"WooKaiNing"},"content":"            }","lastModifiedDate":"2023-09-20"},{"lineNumber":95,"author":{"gitId":"WooKaiNing"},"content":"            if (indexFrom \u003d\u003d -1 || indexTo \u003d\u003d -1) {","lastModifiedDate":"2023-09-20"},{"lineNumber":96,"author":{"gitId":"WooKaiNing"},"content":"                throw new LinguoBotException(\"Invalid input. Please include both \u0027from\u0027 and \u0027to\u0027 for events.\");","lastModifiedDate":"2023-09-20"},{"lineNumber":97,"author":{"gitId":"WooKaiNing"},"content":"            }","lastModifiedDate":"2023-09-20"},{"lineNumber":98,"author":{"gitId":"WooKaiNing"},"content":"            taskList.add(new Event(line.substring(5, indexFrom - 1), line.substring(indexFrom + 4, indexTo),","lastModifiedDate":"2023-09-20"},{"lineNumber":99,"author":{"gitId":"WooKaiNing"},"content":"                    line.substring(indexTo + 2)));","lastModifiedDate":"2023-09-20"},{"lineNumber":100,"author":{"gitId":"WooKaiNing"},"content":"        } else {","lastModifiedDate":"2023-09-20"},{"lineNumber":101,"author":{"gitId":"WooKaiNing"},"content":"            throw new LinguoBotException(\"☹ OOPS!!! I\u0027m sorry, but I don\u0027t know what that means. \" +","lastModifiedDate":"2023-09-20"},{"lineNumber":102,"author":{"gitId":"WooKaiNing"},"content":"                    \"\\nIf you wish to input a new task: \\n\" +","lastModifiedDate":"2023-09-20"},{"lineNumber":103,"author":{"gitId":"WooKaiNing"},"content":"                    \"Please include either \u0027todo\u0027, \u0027deadline\u0027 or \u0027event\u0027 in your input. \" +","lastModifiedDate":"2023-09-20"},{"lineNumber":104,"author":{"gitId":"WooKaiNing"},"content":"                    \"\\nOtherwise, if you wish to mark/unmark a task: \\n\" +","lastModifiedDate":"2023-09-20"},{"lineNumber":105,"author":{"gitId":"WooKaiNing"},"content":"                    \"Please include either \u0027mark\u0027 or \u0027unmark\u0027, followed by the task index in your input.\");","lastModifiedDate":"2023-09-20"},{"lineNumber":106,"author":{"gitId":"WooKaiNing"},"content":"        }","lastModifiedDate":"2023-09-20"},{"lineNumber":107,"author":{"gitId":"WooKaiNing"},"content":"        printLine();","lastModifiedDate":"2023-09-20"},{"lineNumber":108,"author":{"gitId":"WooKaiNing"},"content":"        System.out.println(\"Got it. I\u0027ve added this task:\");","lastModifiedDate":"2023-09-20"},{"lineNumber":109,"author":{"gitId":"WooKaiNing"},"content":"        System.out.println(taskList.get(taskList.size() - 1));","lastModifiedDate":"2023-09-20"},{"lineNumber":110,"author":{"gitId":"WooKaiNing"},"content":"        saveTaskListToFile(taskList);","lastModifiedDate":"2023-09-20"},{"lineNumber":111,"author":{"gitId":"WooKaiNing"},"content":"        System.out.println(\"Now you have \" + taskList.size() + \" task(s) in the list.\");","lastModifiedDate":"2023-09-20"},{"lineNumber":112,"author":{"gitId":"WooKaiNing"},"content":"        printLine();","lastModifiedDate":"2023-09-20"},{"lineNumber":113,"author":{"gitId":"WooKaiNing"},"content":"    }","lastModifiedDate":"2023-09-20"},{"lineNumber":114,"author":{"gitId":"WooKaiNing"},"content":"","lastModifiedDate":"2023-09-20"},{"lineNumber":115,"author":{"gitId":"WooKaiNing"},"content":"}","lastModifiedDate":"2023-09-20"}],"authorContributionMap":{"WooKaiNing":115}},{"path":"src/main/java/linguobot/command/LinguoBotException.java","fileType":"java","lines":[{"lineNumber":1,"author":{"gitId":"WooKaiNing"},"content":"package linguobot.command;","lastModifiedDate":"2023-09-10"},{"lineNumber":2,"author":{"gitId":"WooKaiNing"},"content":"public class LinguoBotException extends Exception {","lastModifiedDate":"2023-09-08"},{"lineNumber":3,"author":{"gitId":"WooKaiNing"},"content":"    public LinguoBotException(String message) {","lastModifiedDate":"2023-09-08"},{"lineNumber":4,"author":{"gitId":"WooKaiNing"},"content":"        super(message);","lastModifiedDate":"2023-09-08"},{"lineNumber":5,"author":{"gitId":"WooKaiNing"},"content":"    }","lastModifiedDate":"2023-09-08"},{"lineNumber":6,"author":{"gitId":"WooKaiNing"},"content":"}","lastModifiedDate":"2023-09-08"}],"authorContributionMap":{"WooKaiNing":6}},{"path":"src/main/java/linguobot/file/TaskFile.java","fileType":"java","lines":[{"lineNumber":1,"author":{"gitId":"WooKaiNing"},"content":"package linguobot.file;","lastModifiedDate":"2023-09-18"},{"lineNumber":2,"author":{"gitId":"WooKaiNing"},"content":"","lastModifiedDate":"2023-09-18"},{"lineNumber":3,"author":{"gitId":"WooKaiNing"},"content":"import linguobot.task.Deadline;","lastModifiedDate":"2023-09-18"},{"lineNumber":4,"author":{"gitId":"WooKaiNing"},"content":"import linguobot.task.Event;","lastModifiedDate":"2023-09-18"},{"lineNumber":5,"author":{"gitId":"WooKaiNing"},"content":"import linguobot.task.Task;","lastModifiedDate":"2023-09-18"},{"lineNumber":6,"author":{"gitId":"WooKaiNing"},"content":"import linguobot.task.Todo;","lastModifiedDate":"2023-09-18"},{"lineNumber":7,"author":{"gitId":"WooKaiNing"},"content":"","lastModifiedDate":"2023-09-18"},{"lineNumber":8,"author":{"gitId":"WooKaiNing"},"content":"import java.io.File;","lastModifiedDate":"2023-09-18"},{"lineNumber":9,"author":{"gitId":"WooKaiNing"},"content":"import java.io.FileNotFoundException;","lastModifiedDate":"2023-09-18"},{"lineNumber":10,"author":{"gitId":"WooKaiNing"},"content":"import java.io.FileWriter;","lastModifiedDate":"2023-09-18"},{"lineNumber":11,"author":{"gitId":"WooKaiNing"},"content":"import java.io.IOException;","lastModifiedDate":"2023-09-18"},{"lineNumber":12,"author":{"gitId":"WooKaiNing"},"content":"import java.util.ArrayList;","lastModifiedDate":"2023-09-18"},{"lineNumber":13,"author":{"gitId":"WooKaiNing"},"content":"import java.util.Scanner;","lastModifiedDate":"2023-09-18"},{"lineNumber":14,"author":{"gitId":"WooKaiNing"},"content":"","lastModifiedDate":"2023-09-18"},{"lineNumber":15,"author":{"gitId":"WooKaiNing"},"content":"public class TaskFile{","lastModifiedDate":"2023-09-20"},{"lineNumber":16,"author":{"gitId":"WooKaiNing"},"content":"    public static ArrayList\u003cTask\u003e loadTasksFromFile() throws FileNotFoundException {","lastModifiedDate":"2023-09-20"},{"lineNumber":17,"author":{"gitId":"WooKaiNing"},"content":"        ArrayList\u003cTask\u003e loadedTasks \u003d new ArrayList\u003c\u003e();","lastModifiedDate":"2023-09-18"},{"lineNumber":18,"author":{"gitId":"WooKaiNing"},"content":"        try {","lastModifiedDate":"2023-09-20"},{"lineNumber":19,"author":{"gitId":"WooKaiNing"},"content":"            File dataDirectory \u003d new File(\"./data\");","lastModifiedDate":"2023-09-20"},{"lineNumber":20,"author":{"gitId":"WooKaiNing"},"content":"            if (!dataDirectory.exists()) {","lastModifiedDate":"2023-09-20"},{"lineNumber":21,"author":{"gitId":"WooKaiNing"},"content":"                dataDirectory.mkdir();","lastModifiedDate":"2023-09-20"},{"lineNumber":22,"author":{"gitId":"WooKaiNing"},"content":"            }","lastModifiedDate":"2023-09-20"},{"lineNumber":23,"author":{"gitId":"WooKaiNing"},"content":"","lastModifiedDate":"2023-09-18"},{"lineNumber":24,"author":{"gitId":"WooKaiNing"},"content":"            File taskListFile \u003d new File(dataDirectory, \"tasks.txt\");","lastModifiedDate":"2023-09-20"},{"lineNumber":25,"author":{"gitId":"WooKaiNing"},"content":"            if (!taskListFile.exists()) {","lastModifiedDate":"2023-09-20"},{"lineNumber":26,"author":{"gitId":"WooKaiNing"},"content":"                taskListFile.createNewFile();","lastModifiedDate":"2023-09-20"},{"lineNumber":27,"author":{"gitId":"WooKaiNing"},"content":"            }","lastModifiedDate":"2023-09-20"},{"lineNumber":28,"author":{"gitId":"WooKaiNing"},"content":"            Scanner scanner \u003d new Scanner(taskListFile);","lastModifiedDate":"2023-09-20"},{"lineNumber":29,"author":{"gitId":"WooKaiNing"},"content":"            while(scanner.hasNextLine()) {","lastModifiedDate":"2023-09-18"},{"lineNumber":30,"author":{"gitId":"WooKaiNing"},"content":"                String line \u003d scanner.nextLine().trim();","lastModifiedDate":"2023-09-18"},{"lineNumber":31,"author":{"gitId":"WooKaiNing"},"content":"                // Parse each line to create a Task and add it to loadedTasks","lastModifiedDate":"2023-09-18"},{"lineNumber":32,"author":{"gitId":"WooKaiNing"},"content":"                Task task \u003d parseTaskFromString(line);","lastModifiedDate":"2023-09-18"},{"lineNumber":33,"author":{"gitId":"WooKaiNing"},"content":"                if (task !\u003d null) {","lastModifiedDate":"2023-09-18"},{"lineNumber":34,"author":{"gitId":"WooKaiNing"},"content":"                    loadedTasks.add(task);","lastModifiedDate":"2023-09-18"},{"lineNumber":35,"author":{"gitId":"WooKaiNing"},"content":"                }","lastModifiedDate":"2023-09-18"},{"lineNumber":36,"author":{"gitId":"WooKaiNing"},"content":"            }","lastModifiedDate":"2023-09-18"},{"lineNumber":37,"author":{"gitId":"WooKaiNing"},"content":"            printFileContents(taskListFile);","lastModifiedDate":"2023-09-20"},{"lineNumber":38,"author":{"gitId":"WooKaiNing"},"content":"        } catch (IOException e) {","lastModifiedDate":"2023-09-20"},{"lineNumber":39,"author":{"gitId":"WooKaiNing"},"content":"            System.out.println(\"File not found: \" + e.getMessage());","lastModifiedDate":"2023-09-20"},{"lineNumber":40,"author":{"gitId":"WooKaiNing"},"content":"        }","lastModifiedDate":"2023-09-18"},{"lineNumber":41,"author":{"gitId":"WooKaiNing"},"content":"        return loadedTasks;","lastModifiedDate":"2023-09-18"},{"lineNumber":42,"author":{"gitId":"WooKaiNing"},"content":"    }","lastModifiedDate":"2023-09-18"},{"lineNumber":43,"author":{"gitId":"WooKaiNing"},"content":"    public static Task parseTaskFromString(String taskString) {","lastModifiedDate":"2023-09-18"},{"lineNumber":44,"author":{"gitId":"WooKaiNing"},"content":"        String[] parts \u003d taskString.split(\"\\\\s*\\\\|\\\\s*\");","lastModifiedDate":"2023-09-18"},{"lineNumber":45,"author":{"gitId":"WooKaiNing"},"content":"        String taskType \u003d parts[0];","lastModifiedDate":"2023-09-18"},{"lineNumber":46,"author":{"gitId":"WooKaiNing"},"content":"        switch (taskType) {","lastModifiedDate":"2023-09-18"},{"lineNumber":47,"author":{"gitId":"WooKaiNing"},"content":"        case \"T\":","lastModifiedDate":"2023-09-18"},{"lineNumber":48,"author":{"gitId":"WooKaiNing"},"content":"            if (parts.length \u003e\u003d 3) {","lastModifiedDate":"2023-09-18"},{"lineNumber":49,"author":{"gitId":"WooKaiNing"},"content":"                return new Todo(parts[2]);","lastModifiedDate":"2023-09-18"},{"lineNumber":50,"author":{"gitId":"WooKaiNing"},"content":"            }","lastModifiedDate":"2023-09-18"},{"lineNumber":51,"author":{"gitId":"WooKaiNing"},"content":"            break;","lastModifiedDate":"2023-09-18"},{"lineNumber":52,"author":{"gitId":"WooKaiNing"},"content":"        case \"D\":","lastModifiedDate":"2023-09-18"},{"lineNumber":53,"author":{"gitId":"WooKaiNing"},"content":"            if (parts.length \u003e\u003d 4) {","lastModifiedDate":"2023-09-18"},{"lineNumber":54,"author":{"gitId":"WooKaiNing"},"content":"                return new Deadline(parts[2], parts[3]);","lastModifiedDate":"2023-09-18"},{"lineNumber":55,"author":{"gitId":"WooKaiNing"},"content":"            }","lastModifiedDate":"2023-09-18"},{"lineNumber":56,"author":{"gitId":"WooKaiNing"},"content":"            break;","lastModifiedDate":"2023-09-18"},{"lineNumber":57,"author":{"gitId":"WooKaiNing"},"content":"        case \"E\":","lastModifiedDate":"2023-09-18"},{"lineNumber":58,"author":{"gitId":"WooKaiNing"},"content":"            if (parts.length \u003e\u003d 4) {","lastModifiedDate":"2023-09-18"},{"lineNumber":59,"author":{"gitId":"WooKaiNing"},"content":"                if (parts[3].contains(\"to\")) {","lastModifiedDate":"2023-09-18"},{"lineNumber":60,"author":{"gitId":"WooKaiNing"},"content":"                    String[] eventParts \u003d parts[3].split(\"to\");","lastModifiedDate":"2023-09-18"},{"lineNumber":61,"author":{"gitId":"WooKaiNing"},"content":"                    return new Event(parts[2], eventParts[0], eventParts[1]);","lastModifiedDate":"2023-09-18"},{"lineNumber":62,"author":{"gitId":"WooKaiNing"},"content":"                }","lastModifiedDate":"2023-09-18"},{"lineNumber":63,"author":{"gitId":"WooKaiNing"},"content":"            }","lastModifiedDate":"2023-09-18"},{"lineNumber":64,"author":{"gitId":"WooKaiNing"},"content":"            break;","lastModifiedDate":"2023-09-18"},{"lineNumber":65,"author":{"gitId":"WooKaiNing"},"content":"        default:","lastModifiedDate":"2023-09-18"},{"lineNumber":66,"author":{"gitId":"WooKaiNing"},"content":"            // Invalid task type, return null","lastModifiedDate":"2023-09-18"},{"lineNumber":67,"author":{"gitId":"WooKaiNing"},"content":"            break;","lastModifiedDate":"2023-09-18"},{"lineNumber":68,"author":{"gitId":"WooKaiNing"},"content":"        }","lastModifiedDate":"2023-09-18"},{"lineNumber":69,"author":{"gitId":"WooKaiNing"},"content":"        return null;","lastModifiedDate":"2023-09-18"},{"lineNumber":70,"author":{"gitId":"WooKaiNing"},"content":"    }","lastModifiedDate":"2023-09-18"},{"lineNumber":71,"author":{"gitId":"WooKaiNing"},"content":"","lastModifiedDate":"2023-09-18"},{"lineNumber":72,"author":{"gitId":"WooKaiNing"},"content":"    public static void saveTaskListToFile(ArrayList\u003cTask\u003e taskList) {","lastModifiedDate":"2023-09-20"},{"lineNumber":73,"author":{"gitId":"WooKaiNing"},"content":"        try{","lastModifiedDate":"2023-09-20"},{"lineNumber":74,"author":{"gitId":"WooKaiNing"},"content":"            File dataDirectory \u003d new File(\"./data\");","lastModifiedDate":"2023-09-20"},{"lineNumber":75,"author":{"gitId":"WooKaiNing"},"content":"            if (!dataDirectory.exists()) {","lastModifiedDate":"2023-09-20"},{"lineNumber":76,"author":{"gitId":"WooKaiNing"},"content":"                dataDirectory.mkdir();","lastModifiedDate":"2023-09-20"},{"lineNumber":77,"author":{"gitId":"WooKaiNing"},"content":"            }","lastModifiedDate":"2023-09-20"},{"lineNumber":78,"author":{"gitId":"WooKaiNing"},"content":"","lastModifiedDate":"2023-09-20"},{"lineNumber":79,"author":{"gitId":"WooKaiNing"},"content":"            File taskListFile \u003d new File(dataDirectory, \"tasks.txt\");","lastModifiedDate":"2023-09-20"},{"lineNumber":80,"author":{"gitId":"WooKaiNing"},"content":"            if (!taskListFile.exists()) {","lastModifiedDate":"2023-09-20"},{"lineNumber":81,"author":{"gitId":"WooKaiNing"},"content":"                taskListFile.createNewFile();","lastModifiedDate":"2023-09-20"},{"lineNumber":82,"author":{"gitId":"WooKaiNing"},"content":"            }","lastModifiedDate":"2023-09-20"},{"lineNumber":83,"author":{"gitId":"WooKaiNing"},"content":"","lastModifiedDate":"2023-09-18"},{"lineNumber":84,"author":{"gitId":"WooKaiNing"},"content":"            FileWriter taskFile \u003d new FileWriter(taskListFile);","lastModifiedDate":"2023-09-20"},{"lineNumber":85,"author":{"gitId":"WooKaiNing"},"content":"            for (Task task : taskList) {","lastModifiedDate":"2023-09-18"},{"lineNumber":86,"author":{"gitId":"WooKaiNing"},"content":"                String taskString \u003d task.toFileString();","lastModifiedDate":"2023-09-18"},{"lineNumber":87,"author":{"gitId":"WooKaiNing"},"content":"                taskFile.write(taskString);","lastModifiedDate":"2023-09-18"},{"lineNumber":88,"author":{"gitId":"WooKaiNing"},"content":"                taskFile.write(System.lineSeparator());","lastModifiedDate":"2023-09-18"},{"lineNumber":89,"author":{"gitId":"WooKaiNing"},"content":"            }","lastModifiedDate":"2023-09-18"},{"lineNumber":90,"author":{"gitId":"WooKaiNing"},"content":"            taskFile.close();","lastModifiedDate":"2023-09-20"},{"lineNumber":91,"author":{"gitId":"WooKaiNing"},"content":"        } catch (IOException e) {","lastModifiedDate":"2023-09-18"},{"lineNumber":92,"author":{"gitId":"WooKaiNing"},"content":"            System.out.println(\"Something went wrong: \" + e.getMessage());","lastModifiedDate":"2023-09-18"},{"lineNumber":93,"author":{"gitId":"WooKaiNing"},"content":"        }","lastModifiedDate":"2023-09-18"},{"lineNumber":94,"author":{"gitId":"WooKaiNing"},"content":"    }","lastModifiedDate":"2023-09-18"},{"lineNumber":95,"author":{"gitId":"WooKaiNing"},"content":"","lastModifiedDate":"2023-09-18"},{"lineNumber":96,"author":{"gitId":"WooKaiNing"},"content":"    public static void printFileContents(File taskListFile) throws FileNotFoundException {","lastModifiedDate":"2023-09-20"},{"lineNumber":97,"author":{"gitId":"WooKaiNing"},"content":"        try {","lastModifiedDate":"2023-09-20"},{"lineNumber":98,"author":{"gitId":"WooKaiNing"},"content":"            Scanner s \u003d new Scanner(taskListFile); // Create a Scanner directly from the file","lastModifiedDate":"2023-09-20"},{"lineNumber":99,"author":{"gitId":"WooKaiNing"},"content":"            while (s.hasNextLine()) {","lastModifiedDate":"2023-09-20"},{"lineNumber":100,"author":{"gitId":"WooKaiNing"},"content":"                System.out.println(s.nextLine());","lastModifiedDate":"2023-09-18"},{"lineNumber":101,"author":{"gitId":"WooKaiNing"},"content":"            }","lastModifiedDate":"2023-09-18"},{"lineNumber":102,"author":{"gitId":"WooKaiNing"},"content":"            s.close(); // Close the Scanner when done","lastModifiedDate":"2023-09-20"},{"lineNumber":103,"author":{"gitId":"WooKaiNing"},"content":"        } catch (IOException e) {","lastModifiedDate":"2023-09-20"},{"lineNumber":104,"author":{"gitId":"WooKaiNing"},"content":"            System.out.println(\"Something went wrong: \" + e.getMessage());","lastModifiedDate":"2023-09-20"},{"lineNumber":105,"author":{"gitId":"WooKaiNing"},"content":"        }","lastModifiedDate":"2023-09-18"},{"lineNumber":106,"author":{"gitId":"WooKaiNing"},"content":"    }","lastModifiedDate":"2023-09-20"},{"lineNumber":107,"author":{"gitId":"WooKaiNing"},"content":"","lastModifiedDate":"2023-09-20"},{"lineNumber":108,"author":{"gitId":"WooKaiNing"},"content":"","lastModifiedDate":"2023-09-18"},{"lineNumber":109,"author":{"gitId":"WooKaiNing"},"content":"}","lastModifiedDate":"2023-09-18"}],"authorContributionMap":{"WooKaiNing":109}},{"path":"src/main/java/linguobot/task/Deadline.java","fileType":"java","lines":[{"lineNumber":1,"author":{"gitId":"WooKaiNing"},"content":"package linguobot.task;","lastModifiedDate":"2023-09-10"},{"lineNumber":2,"author":{"gitId":"WooKaiNing"},"content":"public class Deadline extends Task {","lastModifiedDate":"2023-09-03"},{"lineNumber":3,"author":{"gitId":"WooKaiNing"},"content":"    protected String date;","lastModifiedDate":"2023-09-03"},{"lineNumber":4,"author":{"gitId":"WooKaiNing"},"content":"    public Deadline (String description, String date) {","lastModifiedDate":"2023-09-03"},{"lineNumber":5,"author":{"gitId":"WooKaiNing"},"content":"        super(description);","lastModifiedDate":"2023-09-03"},{"lineNumber":6,"author":{"gitId":"WooKaiNing"},"content":"        this.date \u003d date;","lastModifiedDate":"2023-09-03"},{"lineNumber":7,"author":{"gitId":"WooKaiNing"},"content":"    }","lastModifiedDate":"2023-09-03"},{"lineNumber":8,"author":{"gitId":"WooKaiNing"},"content":"    public String getDate() {","lastModifiedDate":"2023-09-03"},{"lineNumber":9,"author":{"gitId":"WooKaiNing"},"content":"        return date;","lastModifiedDate":"2023-09-03"},{"lineNumber":10,"author":{"gitId":"WooKaiNing"},"content":"    }","lastModifiedDate":"2023-09-03"},{"lineNumber":11,"author":{"gitId":"WooKaiNing"},"content":"","lastModifiedDate":"2023-09-03"},{"lineNumber":12,"author":{"gitId":"WooKaiNing"},"content":"    @Override","lastModifiedDate":"2023-09-03"},{"lineNumber":13,"author":{"gitId":"WooKaiNing"},"content":"    public String toString() {","lastModifiedDate":"2023-09-03"},{"lineNumber":14,"author":{"gitId":"WooKaiNing"},"content":"        return \"[D][\" + getStatusIcon() + \"]\" + description + \" (by:\" + getDate()+ \")\";","lastModifiedDate":"2023-09-08"},{"lineNumber":15,"author":{"gitId":"WooKaiNing"},"content":"    }","lastModifiedDate":"2023-09-03"},{"lineNumber":16,"author":{"gitId":"WooKaiNing"},"content":"","lastModifiedDate":"2023-09-18"},{"lineNumber":17,"author":{"gitId":"WooKaiNing"},"content":"    @Override","lastModifiedDate":"2023-09-18"},{"lineNumber":18,"author":{"gitId":"WooKaiNing"},"content":"    public String toFileString() {","lastModifiedDate":"2023-09-18"},{"lineNumber":19,"author":{"gitId":"WooKaiNing"},"content":"        return \"D | \" + (isDone ? \"1\" : \"0\") + \" | \" + description +","lastModifiedDate":"2023-09-18"},{"lineNumber":20,"author":{"gitId":"WooKaiNing"},"content":"                \" | \" + getDate();","lastModifiedDate":"2023-09-18"},{"lineNumber":21,"author":{"gitId":"WooKaiNing"},"content":"    }","lastModifiedDate":"2023-09-18"},{"lineNumber":22,"author":{"gitId":"WooKaiNing"},"content":"}","lastModifiedDate":"2023-09-03"}],"authorContributionMap":{"WooKaiNing":22}},{"path":"src/main/java/linguobot/task/Event.java","fileType":"java","lines":[{"lineNumber":1,"author":{"gitId":"WooKaiNing"},"content":"package linguobot.task;","lastModifiedDate":"2023-09-10"},{"lineNumber":2,"author":{"gitId":"WooKaiNing"},"content":"","lastModifiedDate":"2023-09-09"},{"lineNumber":3,"author":{"gitId":"WooKaiNing"},"content":"public class Event extends Task {","lastModifiedDate":"2023-09-03"},{"lineNumber":4,"author":{"gitId":"WooKaiNing"},"content":"    protected String from;","lastModifiedDate":"2023-09-03"},{"lineNumber":5,"author":{"gitId":"WooKaiNing"},"content":"    protected String to;","lastModifiedDate":"2023-09-03"},{"lineNumber":6,"author":{"gitId":"WooKaiNing"},"content":"    public Event (String description, String from, String to) {","lastModifiedDate":"2023-09-03"},{"lineNumber":7,"author":{"gitId":"WooKaiNing"},"content":"        super(description);","lastModifiedDate":"2023-09-03"},{"lineNumber":8,"author":{"gitId":"WooKaiNing"},"content":"        this.from \u003d from;","lastModifiedDate":"2023-09-03"},{"lineNumber":9,"author":{"gitId":"WooKaiNing"},"content":"        this.to \u003d to;","lastModifiedDate":"2023-09-03"},{"lineNumber":10,"author":{"gitId":"WooKaiNing"},"content":"    }","lastModifiedDate":"2023-09-03"},{"lineNumber":11,"author":{"gitId":"WooKaiNing"},"content":"    public String getFrom() {","lastModifiedDate":"2023-09-03"},{"lineNumber":12,"author":{"gitId":"WooKaiNing"},"content":"        return from;","lastModifiedDate":"2023-09-03"},{"lineNumber":13,"author":{"gitId":"WooKaiNing"},"content":"    }","lastModifiedDate":"2023-09-03"},{"lineNumber":14,"author":{"gitId":"WooKaiNing"},"content":"","lastModifiedDate":"2023-09-03"},{"lineNumber":15,"author":{"gitId":"WooKaiNing"},"content":"    public String getTo() {","lastModifiedDate":"2023-09-03"},{"lineNumber":16,"author":{"gitId":"WooKaiNing"},"content":"        return to;","lastModifiedDate":"2023-09-03"},{"lineNumber":17,"author":{"gitId":"WooKaiNing"},"content":"    }","lastModifiedDate":"2023-09-03"},{"lineNumber":18,"author":{"gitId":"WooKaiNing"},"content":"","lastModifiedDate":"2023-09-03"},{"lineNumber":19,"author":{"gitId":"WooKaiNing"},"content":"    @Override","lastModifiedDate":"2023-09-03"},{"lineNumber":20,"author":{"gitId":"WooKaiNing"},"content":"    public String toString() {","lastModifiedDate":"2023-09-03"},{"lineNumber":21,"author":{"gitId":"WooKaiNing"},"content":"        return \"[E][\" + getStatusIcon() + \"]\" + description +","lastModifiedDate":"2023-09-08"},{"lineNumber":22,"author":{"gitId":"WooKaiNing"},"content":"                \" (from:\" + getFrom() + \"to:\" + getTo() + \")\";","lastModifiedDate":"2023-09-08"},{"lineNumber":23,"author":{"gitId":"WooKaiNing"},"content":"    }","lastModifiedDate":"2023-09-03"},{"lineNumber":24,"author":{"gitId":"WooKaiNing"},"content":"","lastModifiedDate":"2023-09-18"},{"lineNumber":25,"author":{"gitId":"WooKaiNing"},"content":"    @Override","lastModifiedDate":"2023-09-18"},{"lineNumber":26,"author":{"gitId":"WooKaiNing"},"content":"    public String toFileString() {","lastModifiedDate":"2023-09-18"},{"lineNumber":27,"author":{"gitId":"WooKaiNing"},"content":"        return \"E | \" + (isDone ? \"1\" : \"0\") + \" | \" + description +","lastModifiedDate":"2023-09-18"},{"lineNumber":28,"author":{"gitId":"WooKaiNing"},"content":"        \" | \" + getFrom() + \"to\" + getTo();","lastModifiedDate":"2023-09-18"},{"lineNumber":29,"author":{"gitId":"WooKaiNing"},"content":"    }","lastModifiedDate":"2023-09-18"},{"lineNumber":30,"author":{"gitId":"WooKaiNing"},"content":"}","lastModifiedDate":"2023-09-03"}],"authorContributionMap":{"WooKaiNing":30}},{"path":"src/main/java/linguobot/task/Task.java","fileType":"java","lines":[{"lineNumber":1,"author":{"gitId":"WooKaiNing"},"content":"package linguobot.task;","lastModifiedDate":"2023-09-10"},{"lineNumber":2,"author":{"gitId":"WooKaiNing"},"content":"public class Task {","lastModifiedDate":"2023-08-27"},{"lineNumber":3,"author":{"gitId":"WooKaiNing"},"content":"    protected String description;","lastModifiedDate":"2023-08-27"},{"lineNumber":4,"author":{"gitId":"WooKaiNing"},"content":"    protected boolean isDone;","lastModifiedDate":"2023-08-27"},{"lineNumber":5,"author":{"gitId":"WooKaiNing"},"content":"","lastModifiedDate":"2023-09-03"},{"lineNumber":6,"author":{"gitId":"WooKaiNing"},"content":"    public Task(String description) {","lastModifiedDate":"2023-08-27"},{"lineNumber":7,"author":{"gitId":"WooKaiNing"},"content":"        this.description \u003d description;","lastModifiedDate":"2023-08-27"},{"lineNumber":8,"author":{"gitId":"WooKaiNing"},"content":"        this.isDone \u003d false;","lastModifiedDate":"2023-08-27"},{"lineNumber":9,"author":{"gitId":"WooKaiNing"},"content":"    }","lastModifiedDate":"2023-08-27"},{"lineNumber":10,"author":{"gitId":"WooKaiNing"},"content":"","lastModifiedDate":"2023-08-27"},{"lineNumber":11,"author":{"gitId":"WooKaiNing"},"content":"    public String getStatusIcon() {","lastModifiedDate":"2023-08-27"},{"lineNumber":12,"author":{"gitId":"WooKaiNing"},"content":"        return (isDone ? \"X\" : \" \"); // mark done task with X","lastModifiedDate":"2023-08-27"},{"lineNumber":13,"author":{"gitId":"WooKaiNing"},"content":"    }","lastModifiedDate":"2023-08-27"},{"lineNumber":14,"author":{"gitId":"WooKaiNing"},"content":"","lastModifiedDate":"2023-08-27"},{"lineNumber":15,"author":{"gitId":"WooKaiNing"},"content":"    public void markAsDone() {","lastModifiedDate":"2023-08-27"},{"lineNumber":16,"author":{"gitId":"WooKaiNing"},"content":"        isDone \u003d true;","lastModifiedDate":"2023-08-27"},{"lineNumber":17,"author":{"gitId":"WooKaiNing"},"content":"    }","lastModifiedDate":"2023-08-27"},{"lineNumber":18,"author":{"gitId":"WooKaiNing"},"content":"","lastModifiedDate":"2023-08-27"},{"lineNumber":19,"author":{"gitId":"WooKaiNing"},"content":"    public void markAsUndone() {","lastModifiedDate":"2023-08-27"},{"lineNumber":20,"author":{"gitId":"WooKaiNing"},"content":"        isDone \u003d false;","lastModifiedDate":"2023-08-27"},{"lineNumber":21,"author":{"gitId":"WooKaiNing"},"content":"    }","lastModifiedDate":"2023-08-27"},{"lineNumber":22,"author":{"gitId":"WooKaiNing"},"content":"","lastModifiedDate":"2023-08-27"},{"lineNumber":23,"author":{"gitId":"WooKaiNing"},"content":"    public String toString() {","lastModifiedDate":"2023-09-03"},{"lineNumber":24,"author":{"gitId":"WooKaiNing"},"content":"        return \"[\" + getStatusIcon() + \"] \" + description;","lastModifiedDate":"2023-09-08"},{"lineNumber":25,"author":{"gitId":"WooKaiNing"},"content":"    }","lastModifiedDate":"2023-09-03"},{"lineNumber":26,"author":{"gitId":"WooKaiNing"},"content":"","lastModifiedDate":"2023-09-18"},{"lineNumber":27,"author":{"gitId":"WooKaiNing"},"content":"    public String toFileString() {","lastModifiedDate":"2023-09-18"},{"lineNumber":28,"author":{"gitId":"WooKaiNing"},"content":"        return \"\";","lastModifiedDate":"2023-09-18"},{"lineNumber":29,"author":{"gitId":"WooKaiNing"},"content":"    }","lastModifiedDate":"2023-09-18"},{"lineNumber":30,"author":{"gitId":"WooKaiNing"},"content":"}","lastModifiedDate":"2023-08-27"}],"authorContributionMap":{"WooKaiNing":30}},{"path":"src/main/java/linguobot/task/Todo.java","fileType":"java","lines":[{"lineNumber":1,"author":{"gitId":"WooKaiNing"},"content":"package linguobot.task;","lastModifiedDate":"2023-09-10"},{"lineNumber":2,"author":{"gitId":"WooKaiNing"},"content":"public class Todo extends Task{","lastModifiedDate":"2023-09-03"},{"lineNumber":3,"author":{"gitId":"WooKaiNing"},"content":"    public Todo (String description) {","lastModifiedDate":"2023-09-03"},{"lineNumber":4,"author":{"gitId":"WooKaiNing"},"content":"        super(description);","lastModifiedDate":"2023-09-03"},{"lineNumber":5,"author":{"gitId":"WooKaiNing"},"content":"    }","lastModifiedDate":"2023-09-03"},{"lineNumber":6,"author":{"gitId":"WooKaiNing"},"content":"","lastModifiedDate":"2023-09-03"},{"lineNumber":7,"author":{"gitId":"WooKaiNing"},"content":"    @Override","lastModifiedDate":"2023-09-03"},{"lineNumber":8,"author":{"gitId":"WooKaiNing"},"content":"    public String toString() {","lastModifiedDate":"2023-09-03"},{"lineNumber":9,"author":{"gitId":"WooKaiNing"},"content":"        return \"[T][\" + getStatusIcon() + \"]\" + description;","lastModifiedDate":"2023-09-08"},{"lineNumber":10,"author":{"gitId":"WooKaiNing"},"content":"    }","lastModifiedDate":"2023-09-03"},{"lineNumber":11,"author":{"gitId":"WooKaiNing"},"content":"","lastModifiedDate":"2023-09-18"},{"lineNumber":12,"author":{"gitId":"WooKaiNing"},"content":"    @Override","lastModifiedDate":"2023-09-18"},{"lineNumber":13,"author":{"gitId":"WooKaiNing"},"content":"    public String toFileString() {","lastModifiedDate":"2023-09-18"},{"lineNumber":14,"author":{"gitId":"WooKaiNing"},"content":"        return \"T | \" + (isDone ? \"1\" : \"0\") + \" | \" + description;","lastModifiedDate":"2023-09-18"},{"lineNumber":15,"author":{"gitId":"WooKaiNing"},"content":"    }","lastModifiedDate":"2023-09-18"},{"lineNumber":16,"author":{"gitId":"WooKaiNing"},"content":"}","lastModifiedDate":"2023-09-03"}],"authorContributionMap":{"WooKaiNing":16}}]
