[{"path":"src/main/java/Deadline.java","fileType":"java","lines":[{"lineNumber":1,"author":{"gitId":"WooKaiNing"},"content":"public class Deadline extends Task{","lastModifiedDate":"2023-09-03"},{"lineNumber":2,"author":{"gitId":"WooKaiNing"},"content":"    protected String date;","lastModifiedDate":"2023-09-03"},{"lineNumber":3,"author":{"gitId":"WooKaiNing"},"content":"    public Deadline (String description, String date) {","lastModifiedDate":"2023-09-03"},{"lineNumber":4,"author":{"gitId":"WooKaiNing"},"content":"        super(description);","lastModifiedDate":"2023-09-03"},{"lineNumber":5,"author":{"gitId":"WooKaiNing"},"content":"        this.date \u003d date;","lastModifiedDate":"2023-09-03"},{"lineNumber":6,"author":{"gitId":"WooKaiNing"},"content":"        Task.numberOfTasks ++;","lastModifiedDate":"2023-09-03"},{"lineNumber":7,"author":{"gitId":"WooKaiNing"},"content":"    }","lastModifiedDate":"2023-09-03"},{"lineNumber":8,"author":{"gitId":"WooKaiNing"},"content":"    public String getDate() {","lastModifiedDate":"2023-09-03"},{"lineNumber":9,"author":{"gitId":"WooKaiNing"},"content":"        return date;","lastModifiedDate":"2023-09-03"},{"lineNumber":10,"author":{"gitId":"WooKaiNing"},"content":"    }","lastModifiedDate":"2023-09-03"},{"lineNumber":11,"author":{"gitId":"WooKaiNing"},"content":"","lastModifiedDate":"2023-09-03"},{"lineNumber":12,"author":{"gitId":"WooKaiNing"},"content":"    @Override","lastModifiedDate":"2023-09-03"},{"lineNumber":13,"author":{"gitId":"WooKaiNing"},"content":"    public String toString() {","lastModifiedDate":"2023-09-03"},{"lineNumber":14,"author":{"gitId":"WooKaiNing"},"content":"        return super.toString() + System.lineSeparator() + \"[D][\" + getStatusIcon() + \"]\" + description","lastModifiedDate":"2023-09-04"},{"lineNumber":15,"author":{"gitId":"WooKaiNing"},"content":"                + \" (by:\" + getDate()+ \")\" + System.lineSeparator() + \"Now you have \" + getNumberOfTasks() + \" tasks in the list.\";","lastModifiedDate":"2023-09-04"},{"lineNumber":16,"author":{"gitId":"WooKaiNing"},"content":"    }","lastModifiedDate":"2023-09-03"},{"lineNumber":17,"author":{"gitId":"WooKaiNing"},"content":"}","lastModifiedDate":"2023-09-03"}],"authorContributionMap":{"WooKaiNing":17}},{"path":"src/main/java/Event.java","fileType":"java","lines":[{"lineNumber":1,"author":{"gitId":"WooKaiNing"},"content":"public class Event extends Task {","lastModifiedDate":"2023-09-03"},{"lineNumber":2,"author":{"gitId":"WooKaiNing"},"content":"    protected String from;","lastModifiedDate":"2023-09-03"},{"lineNumber":3,"author":{"gitId":"WooKaiNing"},"content":"    protected String to;","lastModifiedDate":"2023-09-03"},{"lineNumber":4,"author":{"gitId":"WooKaiNing"},"content":"    public Event (String description, String from, String to) {","lastModifiedDate":"2023-09-03"},{"lineNumber":5,"author":{"gitId":"WooKaiNing"},"content":"        super(description);","lastModifiedDate":"2023-09-03"},{"lineNumber":6,"author":{"gitId":"WooKaiNing"},"content":"        this.from \u003d from;","lastModifiedDate":"2023-09-03"},{"lineNumber":7,"author":{"gitId":"WooKaiNing"},"content":"        this.to \u003d to;","lastModifiedDate":"2023-09-03"},{"lineNumber":8,"author":{"gitId":"WooKaiNing"},"content":"","lastModifiedDate":"2023-09-03"},{"lineNumber":9,"author":{"gitId":"WooKaiNing"},"content":"        Task.numberOfTasks ++;","lastModifiedDate":"2023-09-03"},{"lineNumber":10,"author":{"gitId":"WooKaiNing"},"content":"    }","lastModifiedDate":"2023-09-03"},{"lineNumber":11,"author":{"gitId":"WooKaiNing"},"content":"    public String getFrom() {","lastModifiedDate":"2023-09-03"},{"lineNumber":12,"author":{"gitId":"WooKaiNing"},"content":"        return from;","lastModifiedDate":"2023-09-03"},{"lineNumber":13,"author":{"gitId":"WooKaiNing"},"content":"    }","lastModifiedDate":"2023-09-03"},{"lineNumber":14,"author":{"gitId":"WooKaiNing"},"content":"","lastModifiedDate":"2023-09-03"},{"lineNumber":15,"author":{"gitId":"WooKaiNing"},"content":"    public String getTo() {","lastModifiedDate":"2023-09-03"},{"lineNumber":16,"author":{"gitId":"WooKaiNing"},"content":"        return to;","lastModifiedDate":"2023-09-03"},{"lineNumber":17,"author":{"gitId":"WooKaiNing"},"content":"    }","lastModifiedDate":"2023-09-03"},{"lineNumber":18,"author":{"gitId":"WooKaiNing"},"content":"","lastModifiedDate":"2023-09-03"},{"lineNumber":19,"author":{"gitId":"WooKaiNing"},"content":"    @Override","lastModifiedDate":"2023-09-03"},{"lineNumber":20,"author":{"gitId":"WooKaiNing"},"content":"    public String toString() {","lastModifiedDate":"2023-09-03"},{"lineNumber":21,"author":{"gitId":"WooKaiNing"},"content":"        return super.toString() + System.lineSeparator() + \"[E][\" + getStatusIcon() + \"]\" + description","lastModifiedDate":"2023-09-04"},{"lineNumber":22,"author":{"gitId":"WooKaiNing"},"content":"                + \" (from:\" + getFrom() + \"to:\" + getTo() + \")\" + System.lineSeparator() + \"Now you have \" + getNumberOfTasks() + \" tasks in the list.\";","lastModifiedDate":"2023-09-04"},{"lineNumber":23,"author":{"gitId":"WooKaiNing"},"content":"    }","lastModifiedDate":"2023-09-03"},{"lineNumber":24,"author":{"gitId":"WooKaiNing"},"content":"}","lastModifiedDate":"2023-09-03"}],"authorContributionMap":{"WooKaiNing":24}},{"path":"src/main/java/LinguoBot.java","fileType":"java","lines":[{"lineNumber":1,"author":{"gitId":"WooKaiNing"},"content":"import java.util.Scanner;","lastModifiedDate":"2023-09-02"},{"lineNumber":2,"author":{"gitId":"WooKaiNing"},"content":"public class LinguoBot {","lastModifiedDate":"2023-09-02"},{"lineNumber":3,"author":{"gitId":"WooKaiNing"},"content":"    private static void printTaskList(Task[] taskList, int itemCount) {","lastModifiedDate":"2023-09-04"},{"lineNumber":4,"author":{"gitId":"WooKaiNing"},"content":"        System.out.println(\"-------------------------\");","lastModifiedDate":"2023-09-02"},{"lineNumber":5,"author":{"gitId":"WooKaiNing"},"content":"        System.out.println(\"Here are the tasks in your list:\");","lastModifiedDate":"2023-09-02"},{"lineNumber":6,"author":{"gitId":"WooKaiNing"},"content":"        for (int i \u003d 0; i \u003c itemCount; i++) {","lastModifiedDate":"2023-09-02"},{"lineNumber":7,"author":{"gitId":"WooKaiNing"},"content":"            Task task \u003d taskList[i];","lastModifiedDate":"2023-09-04"},{"lineNumber":8,"author":{"gitId":"WooKaiNing"},"content":"            String taskType \u003d task instanceof Todo ? \"T\" :","lastModifiedDate":"2023-09-04"},{"lineNumber":9,"author":{"gitId":"WooKaiNing"},"content":"                    task instanceof Deadline ? \"D\" : \"E\";","lastModifiedDate":"2023-09-04"},{"lineNumber":10,"author":{"gitId":"WooKaiNing"},"content":"            String taskStatus \u003d task.getStatusIcon();","lastModifiedDate":"2023-09-04"},{"lineNumber":11,"author":{"gitId":"WooKaiNing"},"content":"            String taskDescription \u003d task.getDescription();","lastModifiedDate":"2023-09-04"},{"lineNumber":12,"author":{"gitId":"WooKaiNing"},"content":"            String taskDetails \u003d \"\";","lastModifiedDate":"2023-09-03"},{"lineNumber":13,"author":{"gitId":"WooKaiNing"},"content":"","lastModifiedDate":"2023-09-03"},{"lineNumber":14,"author":{"gitId":"WooKaiNing"},"content":"            if (task instanceof Deadline) {","lastModifiedDate":"2023-09-04"},{"lineNumber":15,"author":{"gitId":"WooKaiNing"},"content":"                taskDetails \u003d \"(by:\" + ((Deadline)task).getDate() + \")\";","lastModifiedDate":"2023-09-04"},{"lineNumber":16,"author":{"gitId":"WooKaiNing"},"content":"            } else if (task instanceof Event) {","lastModifiedDate":"2023-09-04"},{"lineNumber":17,"author":{"gitId":"WooKaiNing"},"content":"                taskDetails \u003d \"(from:\" + ((Event)taskList[i]).getFrom() + \"to:\" + ((Event)taskList[i]).getTo() + \")\";","lastModifiedDate":"2023-09-03"},{"lineNumber":18,"author":{"gitId":"WooKaiNing"},"content":"//                        Event eventTask \u003d (Event)taskList[i];","lastModifiedDate":"2023-09-03"},{"lineNumber":19,"author":{"gitId":"WooKaiNing"},"content":"//                        taskDetails \u003d \"(from:\" + eventTask.getFrom() + \"to:\" + eventTask.getTo() + \")\";","lastModifiedDate":"2023-09-03"},{"lineNumber":20,"author":{"gitId":"WooKaiNing"},"content":"            }","lastModifiedDate":"2023-09-03"},{"lineNumber":21,"author":{"gitId":"WooKaiNing"},"content":"            System.out.println((i + 1) + \".[\" + taskType + \"][\" + taskStatus + \"]\" + taskDescription + \" \" + taskDetails);","lastModifiedDate":"2023-09-03"},{"lineNumber":22,"author":{"gitId":"WooKaiNing"},"content":"        }","lastModifiedDate":"2023-09-02"},{"lineNumber":23,"author":{"gitId":"WooKaiNing"},"content":"        System.out.println(\"-------------------------\");","lastModifiedDate":"2023-09-02"},{"lineNumber":24,"author":{"gitId":"WooKaiNing"},"content":"    }","lastModifiedDate":"2023-09-02"},{"lineNumber":25,"author":{"gitId":"WooKaiNing"},"content":"","lastModifiedDate":"2023-09-04"},{"lineNumber":26,"author":{"gitId":"WooKaiNing"},"content":"    private static void markTaskAsDone(Task[] taskList, int index) {","lastModifiedDate":"2023-09-04"},{"lineNumber":27,"author":{"gitId":"WooKaiNing"},"content":"        if (index \u003e\u003d 0 \u0026\u0026 index \u003c taskList.length \u0026\u0026 taskList[index] !\u003d null) {","lastModifiedDate":"2023-09-04"},{"lineNumber":28,"author":{"gitId":"WooKaiNing"},"content":"            taskList[index].markAsDone();","lastModifiedDate":"2023-09-04"},{"lineNumber":29,"author":{"gitId":"WooKaiNing"},"content":"            System.out.println(\"-------------------------\");","lastModifiedDate":"2023-09-02"},{"lineNumber":30,"author":{"gitId":"WooKaiNing"},"content":"            System.out.println(\"Nice! I\u0027ve marked this task as done:\");","lastModifiedDate":"2023-09-02"},{"lineNumber":31,"author":{"gitId":"WooKaiNing"},"content":"            System.out.println(\"[\" + taskList[index].getStatusIcon() + \"] \" + taskList[index].getDescription());","lastModifiedDate":"2023-09-04"},{"lineNumber":32,"author":{"gitId":"WooKaiNing"},"content":"            System.out.println(\"-------------------------\");","lastModifiedDate":"2023-09-02"},{"lineNumber":33,"author":{"gitId":"WooKaiNing"},"content":"        } else {","lastModifiedDate":"2023-09-02"},{"lineNumber":34,"author":{"gitId":"WooKaiNing"},"content":"            System.out.println(\"-------------------------\");","lastModifiedDate":"2023-09-02"},{"lineNumber":35,"author":{"gitId":"WooKaiNing"},"content":"            System.out.println(\"Invalid task index.\");","lastModifiedDate":"2023-09-02"},{"lineNumber":36,"author":{"gitId":"WooKaiNing"},"content":"            System.out.println(\"-------------------------\");","lastModifiedDate":"2023-09-02"},{"lineNumber":37,"author":{"gitId":"WooKaiNing"},"content":"        }","lastModifiedDate":"2023-09-02"},{"lineNumber":38,"author":{"gitId":"WooKaiNing"},"content":"    }","lastModifiedDate":"2023-09-02"},{"lineNumber":39,"author":{"gitId":"WooKaiNing"},"content":"","lastModifiedDate":"2023-09-04"},{"lineNumber":40,"author":{"gitId":"WooKaiNing"},"content":"    private static void markTaskAsUndone(Task[] taskList, int index) {","lastModifiedDate":"2023-09-04"},{"lineNumber":41,"author":{"gitId":"WooKaiNing"},"content":"        if (index \u003e\u003d 0 \u0026\u0026 index \u003c taskList.length \u0026\u0026 taskList[index] !\u003d null) {","lastModifiedDate":"2023-09-04"},{"lineNumber":42,"author":{"gitId":"WooKaiNing"},"content":"            taskList[index].markAsUndone();","lastModifiedDate":"2023-09-04"},{"lineNumber":43,"author":{"gitId":"WooKaiNing"},"content":"            System.out.println(\"-------------------------\");","lastModifiedDate":"2023-09-02"},{"lineNumber":44,"author":{"gitId":"WooKaiNing"},"content":"            System.out.println(\"OK, I\u0027ve marked this task as not done yet:\");","lastModifiedDate":"2023-09-02"},{"lineNumber":45,"author":{"gitId":"WooKaiNing"},"content":"            System.out.println(\"[\" + taskList[index].getStatusIcon() + \"] \" + taskList[index].getDescription());","lastModifiedDate":"2023-09-04"},{"lineNumber":46,"author":{"gitId":"WooKaiNing"},"content":"            System.out.println(\"-------------------------\");","lastModifiedDate":"2023-09-02"},{"lineNumber":47,"author":{"gitId":"WooKaiNing"},"content":"        } else {","lastModifiedDate":"2023-09-02"},{"lineNumber":48,"author":{"gitId":"WooKaiNing"},"content":"            System.out.println(\"-------------------------\");","lastModifiedDate":"2023-09-02"},{"lineNumber":49,"author":{"gitId":"WooKaiNing"},"content":"            System.out.println(\"Invalid task index.\");","lastModifiedDate":"2023-09-02"},{"lineNumber":50,"author":{"gitId":"WooKaiNing"},"content":"            System.out.println(\"-------------------------\");","lastModifiedDate":"2023-09-02"},{"lineNumber":51,"author":{"gitId":"WooKaiNing"},"content":"        }","lastModifiedDate":"2023-09-02"},{"lineNumber":52,"author":{"gitId":"WooKaiNing"},"content":"    }","lastModifiedDate":"2023-09-02"},{"lineNumber":53,"author":{"gitId":"WooKaiNing"},"content":"","lastModifiedDate":"2023-09-04"},{"lineNumber":54,"author":{"gitId":"WooKaiNing"},"content":"    public static void main(String[] args) {","lastModifiedDate":"2023-09-04"},{"lineNumber":55,"author":{"gitId":"WooKaiNing"},"content":"        String logo \u003d \" \\n\" +","lastModifiedDate":"2023-09-04"},{"lineNumber":56,"author":{"gitId":"WooKaiNing"},"content":"                \"                                       \\n\" +","lastModifiedDate":"2023-09-04"},{"lineNumber":57,"author":{"gitId":"WooKaiNing"},"content":"                \" __    _                 _____     _   \\n\" +","lastModifiedDate":"2023-09-04"},{"lineNumber":58,"author":{"gitId":"WooKaiNing"},"content":"                \"|  |  |_|___ ___ _ _ ___| __  |___| |_ \\n\" +","lastModifiedDate":"2023-09-04"},{"lineNumber":59,"author":{"gitId":"WooKaiNing"},"content":"                \"|  |__| |   | . | | | . | __ -| . |  _|\\n\" +","lastModifiedDate":"2023-09-04"},{"lineNumber":60,"author":{"gitId":"WooKaiNing"},"content":"                \"|_____|_|_|_|_  |___|___|_____|___|_|  \\n\" +","lastModifiedDate":"2023-09-04"},{"lineNumber":61,"author":{"gitId":"WooKaiNing"},"content":"                \"            |___|                      \\n\";","lastModifiedDate":"2023-09-04"},{"lineNumber":62,"author":{"gitId":"WooKaiNing"},"content":"","lastModifiedDate":"2023-09-04"},{"lineNumber":63,"author":{"gitId":"WooKaiNing"},"content":"        System.out.println(\"Hello I\u0027m \" + logo);","lastModifiedDate":"2023-09-04"},{"lineNumber":64,"author":{"gitId":"WooKaiNing"},"content":"        System.out.println(\"What can I do for you?\");","lastModifiedDate":"2023-09-04"},{"lineNumber":65,"author":{"gitId":"WooKaiNing"},"content":"","lastModifiedDate":"2023-09-04"},{"lineNumber":66,"author":{"gitId":"WooKaiNing"},"content":"        Scanner in \u003d new Scanner(System.in);","lastModifiedDate":"2023-09-04"},{"lineNumber":67,"author":{"gitId":"WooKaiNing"},"content":"","lastModifiedDate":"2023-09-04"},{"lineNumber":68,"author":{"gitId":"WooKaiNing"},"content":"        Task[] taskList \u003d new Task[100];","lastModifiedDate":"2023-09-04"},{"lineNumber":69,"author":{"gitId":"WooKaiNing"},"content":"        int itemCount \u003d 0;","lastModifiedDate":"2023-09-04"},{"lineNumber":70,"author":{"gitId":"WooKaiNing"},"content":"","lastModifiedDate":"2023-09-04"},{"lineNumber":71,"author":{"gitId":"WooKaiNing"},"content":"        while (true) {","lastModifiedDate":"2023-09-04"},{"lineNumber":72,"author":{"gitId":"WooKaiNing"},"content":"            String line \u003d in.nextLine();","lastModifiedDate":"2023-09-04"},{"lineNumber":73,"author":{"gitId":"WooKaiNing"},"content":"//            Task newTask \u003d new Task(line);","lastModifiedDate":"2023-09-04"},{"lineNumber":74,"author":{"gitId":"WooKaiNing"},"content":"","lastModifiedDate":"2023-09-04"},{"lineNumber":75,"author":{"gitId":"WooKaiNing"},"content":"            if (line.equals(\"list\")) {","lastModifiedDate":"2023-09-04"},{"lineNumber":76,"author":{"gitId":"WooKaiNing"},"content":"                printTaskList(taskList, itemCount);","lastModifiedDate":"2023-09-04"},{"lineNumber":77,"author":{"gitId":"WooKaiNing"},"content":"            } else if (line.startsWith(\"mark\")) {","lastModifiedDate":"2023-09-04"},{"lineNumber":78,"author":{"gitId":"WooKaiNing"},"content":"                int taskIndex \u003d Integer.parseInt(line.substring(5)) - 1;","lastModifiedDate":"2023-09-04"},{"lineNumber":79,"author":{"gitId":"WooKaiNing"},"content":"                markTaskAsDone(taskList, taskIndex);","lastModifiedDate":"2023-09-04"},{"lineNumber":80,"author":{"gitId":"WooKaiNing"},"content":"            } else if (line.startsWith(\"unmark\")) {","lastModifiedDate":"2023-09-04"},{"lineNumber":81,"author":{"gitId":"WooKaiNing"},"content":"                int taskIndex \u003d Integer.parseInt(line.substring(7)) - 1;","lastModifiedDate":"2023-09-04"},{"lineNumber":82,"author":{"gitId":"WooKaiNing"},"content":"                markTaskAsUndone(taskList, taskIndex);","lastModifiedDate":"2023-09-04"},{"lineNumber":83,"author":{"gitId":"WooKaiNing"},"content":"            } else if (line.contains(\"bye\")) {","lastModifiedDate":"2023-09-04"},{"lineNumber":84,"author":{"gitId":"WooKaiNing"},"content":"                System.out.println(\"-------------------------\");","lastModifiedDate":"2023-09-02"},{"lineNumber":85,"author":{"gitId":"WooKaiNing"},"content":"                System.out.println(\"Bye. Hope to see you again soon!\");","lastModifiedDate":"2023-09-02"},{"lineNumber":86,"author":{"gitId":"WooKaiNing"},"content":"                System.out.println(\"-------------------------\");","lastModifiedDate":"2023-09-02"},{"lineNumber":87,"author":{"gitId":"WooKaiNing"},"content":"                break;","lastModifiedDate":"2023-09-02"},{"lineNumber":88,"author":{"gitId":"WooKaiNing"},"content":"            } else if (!line.contains(\"list\") \u0026\u0026 !line.startsWith(\"mark\") \u0026\u0026 !line.startsWith(\"unmark\") \u0026\u0026 !line.contains(\"bye\")) {","lastModifiedDate":"2023-09-04"},{"lineNumber":89,"author":{"gitId":"WooKaiNing"},"content":"                if (line.startsWith(\"todo\")) {","lastModifiedDate":"2023-09-03"},{"lineNumber":90,"author":{"gitId":"WooKaiNing"},"content":"                    taskList[itemCount] \u003d new Todo(line.substring(4));","lastModifiedDate":"2023-09-03"},{"lineNumber":91,"author":{"gitId":"WooKaiNing"},"content":"                } else if (line.startsWith(\"deadline\")) {","lastModifiedDate":"2023-09-03"},{"lineNumber":92,"author":{"gitId":"WooKaiNing"},"content":"                    int index_by \u003d line.indexOf(\"by\");","lastModifiedDate":"2023-09-04"},{"lineNumber":93,"author":{"gitId":"WooKaiNing"},"content":"                    if (index_by \u003d\u003d -1) {","lastModifiedDate":"2023-09-04"},{"lineNumber":94,"author":{"gitId":"WooKaiNing"},"content":"                        // Handle the case when \"by\" is missing","lastModifiedDate":"2023-09-04"},{"lineNumber":95,"author":{"gitId":"WooKaiNing"},"content":"                        System.out.println(\"Invalid input. Please include \u0027by\u0027 for deadlines.\");","lastModifiedDate":"2023-09-04"},{"lineNumber":96,"author":{"gitId":"WooKaiNing"},"content":"                    }","lastModifiedDate":"2023-09-04"},{"lineNumber":97,"author":{"gitId":"WooKaiNing"},"content":"                    taskList[itemCount] \u003d new Deadline(line.substring(8, index_by - 1), line.substring(index_by + 2));","lastModifiedDate":"2023-09-04"},{"lineNumber":98,"author":{"gitId":"WooKaiNing"},"content":"                } else if (line.startsWith(\"event\")) {","lastModifiedDate":"2023-09-03"},{"lineNumber":99,"author":{"gitId":"WooKaiNing"},"content":"                    int index_from \u003d line.indexOf(\"from\");","lastModifiedDate":"2023-09-04"},{"lineNumber":100,"author":{"gitId":"WooKaiNing"},"content":"                    int index_to \u003d line.indexOf(\"to\", index_from);","lastModifiedDate":"2023-09-04"},{"lineNumber":101,"author":{"gitId":"WooKaiNing"},"content":"                    if (index_from \u003d\u003d -1 || index_to \u003d\u003d -1) {","lastModifiedDate":"2023-09-04"},{"lineNumber":102,"author":{"gitId":"WooKaiNing"},"content":"                        // Handle the case when \"from\" or \"to\" is missing","lastModifiedDate":"2023-09-04"},{"lineNumber":103,"author":{"gitId":"WooKaiNing"},"content":"                        System.out.println(\"Invalid input. Please include both \u0027from\u0027 and \u0027to\u0027 for events.\");","lastModifiedDate":"2023-09-04"},{"lineNumber":104,"author":{"gitId":"WooKaiNing"},"content":"                    }","lastModifiedDate":"2023-09-04"},{"lineNumber":105,"author":{"gitId":"WooKaiNing"},"content":"                    taskList[itemCount] \u003d new Event(line.substring(5, index_from - 1), line.substring(index_from + 4, index_to), line.substring(index_to + 2));","lastModifiedDate":"2023-09-04"},{"lineNumber":106,"author":{"gitId":"WooKaiNing"},"content":"                }","lastModifiedDate":"2023-09-03"},{"lineNumber":107,"author":{"gitId":"WooKaiNing"},"content":"                System.out.println(\"-------------------------\");","lastModifiedDate":"2023-09-02"},{"lineNumber":108,"author":{"gitId":"WooKaiNing"},"content":"                System.out.println(taskList[itemCount]);","lastModifiedDate":"2023-09-03"},{"lineNumber":109,"author":{"gitId":"WooKaiNing"},"content":"                System.out.println(\"-------------------------\");","lastModifiedDate":"2023-09-02"},{"lineNumber":110,"author":{"gitId":"WooKaiNing"},"content":"                itemCount++;","lastModifiedDate":"2023-09-02"},{"lineNumber":111,"author":{"gitId":"WooKaiNing"},"content":"            }","lastModifiedDate":"2023-09-02"},{"lineNumber":112,"author":{"gitId":"WooKaiNing"},"content":"        }","lastModifiedDate":"2023-09-02"},{"lineNumber":113,"author":{"gitId":"WooKaiNing"},"content":"    }","lastModifiedDate":"2023-09-02"},{"lineNumber":114,"author":{"gitId":"WooKaiNing"},"content":"}","lastModifiedDate":"2023-09-02"}],"authorContributionMap":{"WooKaiNing":114}},{"path":"src/main/java/Task.java","fileType":"java","lines":[{"lineNumber":1,"author":{"gitId":"WooKaiNing"},"content":"public class Task {","lastModifiedDate":"2023-08-27"},{"lineNumber":2,"author":{"gitId":"WooKaiNing"},"content":"    protected String description;","lastModifiedDate":"2023-08-27"},{"lineNumber":3,"author":{"gitId":"WooKaiNing"},"content":"    protected boolean isDone;","lastModifiedDate":"2023-08-27"},{"lineNumber":4,"author":{"gitId":"WooKaiNing"},"content":"    private int id;","lastModifiedDate":"2023-09-03"},{"lineNumber":5,"author":{"gitId":"WooKaiNing"},"content":"    public static int numberOfTasks \u003d 0;","lastModifiedDate":"2023-09-03"},{"lineNumber":6,"author":{"gitId":"WooKaiNing"},"content":"","lastModifiedDate":"2023-09-03"},{"lineNumber":7,"author":{"gitId":"WooKaiNing"},"content":"    public Task(String description) {","lastModifiedDate":"2023-08-27"},{"lineNumber":8,"author":{"gitId":"WooKaiNing"},"content":"        this.description \u003d description;","lastModifiedDate":"2023-08-27"},{"lineNumber":9,"author":{"gitId":"WooKaiNing"},"content":"        this.isDone \u003d false;","lastModifiedDate":"2023-08-27"},{"lineNumber":10,"author":{"gitId":"WooKaiNing"},"content":"","lastModifiedDate":"2023-09-03"},{"lineNumber":11,"author":{"gitId":"WooKaiNing"},"content":"//        numberOfTasks++;","lastModifiedDate":"2023-09-03"},{"lineNumber":12,"author":{"gitId":"WooKaiNing"},"content":"        id \u003d numberOfTasks;","lastModifiedDate":"2023-09-03"},{"lineNumber":13,"author":{"gitId":"WooKaiNing"},"content":"    }","lastModifiedDate":"2023-09-03"},{"lineNumber":14,"author":{"gitId":"WooKaiNing"},"content":"    public static int getNumberOfTasks() {","lastModifiedDate":"2023-09-03"},{"lineNumber":15,"author":{"gitId":"WooKaiNing"},"content":"        return numberOfTasks;","lastModifiedDate":"2023-09-03"},{"lineNumber":16,"author":{"gitId":"WooKaiNing"},"content":"    }","lastModifiedDate":"2023-08-27"},{"lineNumber":17,"author":{"gitId":"WooKaiNing"},"content":"","lastModifiedDate":"2023-08-27"},{"lineNumber":18,"author":{"gitId":"WooKaiNing"},"content":"    public String getStatusIcon() {","lastModifiedDate":"2023-08-27"},{"lineNumber":19,"author":{"gitId":"WooKaiNing"},"content":"        return (isDone ? \"X\" : \" \"); // mark done task with X","lastModifiedDate":"2023-08-27"},{"lineNumber":20,"author":{"gitId":"WooKaiNing"},"content":"    }","lastModifiedDate":"2023-08-27"},{"lineNumber":21,"author":{"gitId":"WooKaiNing"},"content":"","lastModifiedDate":"2023-08-27"},{"lineNumber":22,"author":{"gitId":"WooKaiNing"},"content":"    public String getDescription() {","lastModifiedDate":"2023-08-27"},{"lineNumber":23,"author":{"gitId":"WooKaiNing"},"content":"        return description;","lastModifiedDate":"2023-08-27"},{"lineNumber":24,"author":{"gitId":"WooKaiNing"},"content":"    }","lastModifiedDate":"2023-08-27"},{"lineNumber":25,"author":{"gitId":"WooKaiNing"},"content":"","lastModifiedDate":"2023-08-27"},{"lineNumber":26,"author":{"gitId":"WooKaiNing"},"content":"    public void markAsDone() {","lastModifiedDate":"2023-08-27"},{"lineNumber":27,"author":{"gitId":"WooKaiNing"},"content":"        isDone \u003d true;","lastModifiedDate":"2023-08-27"},{"lineNumber":28,"author":{"gitId":"WooKaiNing"},"content":"    }","lastModifiedDate":"2023-08-27"},{"lineNumber":29,"author":{"gitId":"WooKaiNing"},"content":"","lastModifiedDate":"2023-08-27"},{"lineNumber":30,"author":{"gitId":"WooKaiNing"},"content":"    public void markAsUndone() {","lastModifiedDate":"2023-08-27"},{"lineNumber":31,"author":{"gitId":"WooKaiNing"},"content":"        isDone \u003d false;","lastModifiedDate":"2023-08-27"},{"lineNumber":32,"author":{"gitId":"WooKaiNing"},"content":"    }","lastModifiedDate":"2023-08-27"},{"lineNumber":33,"author":{"gitId":"WooKaiNing"},"content":"","lastModifiedDate":"2023-08-27"},{"lineNumber":34,"author":{"gitId":"WooKaiNing"},"content":"    @Override","lastModifiedDate":"2023-09-03"},{"lineNumber":35,"author":{"gitId":"WooKaiNing"},"content":"    public String toString() {","lastModifiedDate":"2023-09-03"},{"lineNumber":36,"author":{"gitId":"WooKaiNing"},"content":"        return \"Got it. I\u0027ve added this task:\";","lastModifiedDate":"2023-09-03"},{"lineNumber":37,"author":{"gitId":"WooKaiNing"},"content":"    }","lastModifiedDate":"2023-09-03"},{"lineNumber":38,"author":{"gitId":"WooKaiNing"},"content":"}","lastModifiedDate":"2023-08-27"}],"authorContributionMap":{"WooKaiNing":38}},{"path":"src/main/java/Todo.java","fileType":"java","lines":[{"lineNumber":1,"author":{"gitId":"WooKaiNing"},"content":"public class Todo extends Task{","lastModifiedDate":"2023-09-03"},{"lineNumber":2,"author":{"gitId":"WooKaiNing"},"content":"    public Todo (String description) {","lastModifiedDate":"2023-09-03"},{"lineNumber":3,"author":{"gitId":"WooKaiNing"},"content":"        super(description);","lastModifiedDate":"2023-09-03"},{"lineNumber":4,"author":{"gitId":"WooKaiNing"},"content":"        Task.numberOfTasks ++;","lastModifiedDate":"2023-09-03"},{"lineNumber":5,"author":{"gitId":"WooKaiNing"},"content":"","lastModifiedDate":"2023-09-03"},{"lineNumber":6,"author":{"gitId":"WooKaiNing"},"content":"    }","lastModifiedDate":"2023-09-03"},{"lineNumber":7,"author":{"gitId":"WooKaiNing"},"content":"","lastModifiedDate":"2023-09-03"},{"lineNumber":8,"author":{"gitId":"WooKaiNing"},"content":"    @Override","lastModifiedDate":"2023-09-03"},{"lineNumber":9,"author":{"gitId":"WooKaiNing"},"content":"    public String toString() {","lastModifiedDate":"2023-09-03"},{"lineNumber":10,"author":{"gitId":"WooKaiNing"},"content":"        return super.toString() + System.lineSeparator() + \"[T][\" + getStatusIcon() + \"]\" + description","lastModifiedDate":"2023-09-04"},{"lineNumber":11,"author":{"gitId":"WooKaiNing"},"content":"                + System.lineSeparator() + \"Now you have \" + getNumberOfTasks() + \" tasks in the list.\";","lastModifiedDate":"2023-09-04"},{"lineNumber":12,"author":{"gitId":"WooKaiNing"},"content":"    }","lastModifiedDate":"2023-09-03"},{"lineNumber":13,"author":{"gitId":"WooKaiNing"},"content":"}","lastModifiedDate":"2023-09-03"}],"authorContributionMap":{"WooKaiNing":13}}]
