{"authorDailyContributionsMap":{"WooKaiNing":[{"date":"2023-08-23","commitResults":[{"hash":"ca943666109f39d19687adc09a7c37383e7569f1","isMergeCommit":false,"messageTitle":"Level 0- rename, add commands for greet and exit","messageBody":"","tags":["Level-0"],"fileTypesAndContributionMap":{"java":{"insertions":13,"deletions":6}}}]},{"date":"2023-08-27","commitResults":[{"hash":"b1dda71992a708596a06656a46ad4309f2172f9c","isMergeCommit":false,"messageTitle":"Add Echo to LinguoBot, Level 1","messageBody":"","tags":["Level-1"],"fileTypesAndContributionMap":{"java":{"insertions":19,"deletions":12}}},{"hash":"0726153cf5fbb5b03f2fd33c2443134328ec08dc","isMergeCommit":false,"messageTitle":"Add List to LinguoBot, Level 2","messageBody":"","tags":["Level-2"],"fileTypesAndContributionMap":{"java":{"insertions":20,"deletions":4}}},{"hash":"b03456711f3d176b89c184153d245cabe37f5886","isMergeCommit":false,"messageTitle":"Add Mark As Done to LinguoBot, Level 3","messageBody":"","tags":["Level-3"],"fileTypesAndContributionMap":{"java":{"insertions":42,"deletions":11}}},{"hash":"87d887fe7fdd89ae54fe13c6f369eae1dc5b7173","isMergeCommit":false,"messageTitle":"Add Task class, Level 3","messageBody":"","tags":["Level-3-v2"],"fileTypesAndContributionMap":{"java":{"insertions":25,"deletions":0}}}]},{"date":"2023-09-02","commitResults":[{"hash":"fe4527b43cddad6d1eaf3e283bf782579e40456a","isMergeCommit":false,"messageTitle":"Edit name and refine code","messageBody":"","tags":["Level-3-v3","A-CodingStandard"],"fileTypesAndContributionMap":{"java":{"insertions":75,"deletions":0}}},{"hash":"a65ec16389232ea1d5b390ecf3ef2bad86c4480e","isMergeCommit":false,"messageTitle":"delete Duke","messageBody":"","fileTypesAndContributionMap":{"java":{"insertions":0,"deletions":71}}}]},{"date":"2023-09-03","commitResults":[{"hash":"18d5a3bcdbfcd7506d45eee4be0a0004fd45063e","isMergeCommit":false,"messageTitle":"Add support for tracking 3 types of tasks","messageBody":"","tags":["Level-4"],"fileTypesAndContributionMap":{"java":{"insertions":95,"deletions":5}}}]},{"date":"2023-09-04","commitResults":[{"hash":"70316823fc7aeaaf686a2c4640e2ef4f65d41d7e","isMergeCommit":false,"messageTitle":"Refine code for LinguoBot","messageBody":"","tags":["Level-4-v2"],"fileTypesAndContributionMap":{"java":{"insertions":78,"deletions":62}}}]},{"date":"2023-09-07","commitResults":[{"hash":"2e9af9d8f68a0cf388db7c51806aa7586c6fb1d3","isMergeCommit":false,"messageTitle":"Extract printTask method from main and refine code","messageBody":"","fileTypesAndContributionMap":{"java":{"insertions":56,"deletions":66}}}]},{"date":"2023-09-08","commitResults":[{"hash":"30d8d859352cd209357525b770c07a85fc77b0ed","isMergeCommit":false,"messageTitle":"Edit code in LinguoBot and all classes","messageBody":"","tags":["Level-4-v3","A-CodeQuality"],"fileTypesAndContributionMap":{"java":{"insertions":15,"deletions":22}}},{"hash":"3bd7362fb2ecacca8e4da55bed9d24842022a90e","isMergeCommit":false,"messageTitle":"Add error handling and LinguoBotException class","messageBody":"","tags":["A-Exceptions"],"fileTypesAndContributionMap":{"java":{"insertions":48,"deletions":21}}}]},{"date":"2023-09-09","commitResults":[{"hash":"8547eca5b1b6673d0f881cdf02511794134d1eb8","isMergeCommit":false,"messageTitle":"To implement packages","messageBody":"","fileTypesAndContributionMap":{"java":{"insertions":7,"deletions":0}}},{"hash":"49accf80309f2e490521c9fcd3ac8f2d9963b77e","isMergeCommit":false,"messageTitle":"To implement packages","messageBody":"","fileTypesAndContributionMap":{"java":{"insertions":1,"deletions":0}}},{"hash":"87b41fe4349b4220064d6d9c2d30c95b8f463bce","isMergeCommit":true,"messageTitle":"Merge branch \u0027branch-Level-5\u0027","messageBody":"","tags":["Level-5"],"fileTypesAndContributionMap":{}}]},{"date":"2023-09-10","commitResults":[{"hash":"65a1fef561dd3dc4e80f5ec82ae45d4747a52490","isMergeCommit":false,"messageTitle":"Divide classes into multiple packages","messageBody":"","tags":["A-Packages"],"fileTypesAndContributionMap":{"java":{"insertions":37,"deletions":20}}}]},{"date":"2023-09-18","commitResults":[{"hash":"057523e64f7229895f0e0aefa83b541b826300ae","isMergeCommit":false,"messageTitle":"Add support for deleting tasks from the list","messageBody":"","fileTypesAndContributionMap":{"java":{"insertions":1,"deletions":0}}},{"hash":"574a3c56c21a86846590f9e0078a40d9399e6f76","isMergeCommit":false,"messageTitle":"Add support for deleting tasks from the list","messageBody":"","tags":["A-Collections"],"fileTypesAndContributionMap":{"java":{"insertions":72,"deletions":34}}},{"hash":"74aa05974ef29784e181bd9661943b6f3f23cdbd","isMergeCommit":false,"messageTitle":"Add file class and taskFile","messageBody":"","fileTypesAndContributionMap":{"txt":{"insertions":6,"deletions":0},"java":{"insertions":105,"deletions":3}}},{"hash":"ffd37e825b7e1a2d4a522d84ac8adf3cf0da694a","isMergeCommit":true,"messageTitle":"Merge branch \u0027branch-Level-6\u0027","messageBody":"","tags":["Level-6"],"fileTypesAndContributionMap":{}},{"hash":"541672a7b2447c6a31e59a91362651f61e28a540","isMergeCommit":true,"messageTitle":"Merge branch \u0027branch-Level-7\u0027","messageBody":"","tags":["Level-7"],"fileTypesAndContributionMap":{}}]},{"date":"2023-09-20","commitResults":[{"hash":"f012b1f14337fe148ad614fd1122b25c17cedd80","isMergeCommit":false,"messageTitle":"Reimplement taskFile and add CommandResponse class","messageBody":"","tags":["A-Jar"],"fileTypesAndContributionMap":{"txt":{"insertions":0,"deletions":6},"java":{"insertions":172,"deletions":137}}}]},{"date":"2023-09-24","commitResults":[{"hash":"cf791bf15065b98359d584eb81c7827d37ce5ff2","isMergeCommit":false,"messageTitle":"modify code for TaskFile","messageBody":"","fileTypesAndContributionMap":{"java":{"insertions":90,"deletions":68}}},{"hash":"3cfe9f9820f036dd7e31367b12f7413f23d7fa3f","isMergeCommit":false,"messageTitle":"Refactor code to make code more OOP","messageBody":"","tags":["A-MoreOOP"],"fileTypesAndContributionMap":{"java":{"insertions":180,"deletions":170}}}]},{"date":"2023-09-25","commitResults":[{"hash":"298d531b479690af019102abd6a61dd110fcb3fe","isMergeCommit":false,"messageTitle":"Add date and time for deadline task","messageBody":"","tags":["Level-8"],"fileTypesAndContributionMap":{"java":{"insertions":35,"deletions":6}}},{"hash":"52ac91c967d68f858f367cbe829d27504d5e9748","isMergeCommit":false,"messageTitle":"Add find function to LinguoBot","messageBody":"","fileTypesAndContributionMap":{"java":{"insertions":33,"deletions":5}}},{"hash":"028091df40396f3dcad5e3d3cb73f80f2097bd04","isMergeCommit":true,"messageTitle":"Merge pull request #1 from WooKaiNing/branch-Level-8","messageBody":"Add date and time for deadline task","fileTypesAndContributionMap":{}},{"hash":"52a314ea3da2892b43da92631dbe682debcbc3a5","isMergeCommit":true,"messageTitle":"Merge branch \u0027master\u0027 into branch-Level-9","messageBody":"","fileTypesAndContributionMap":{}},{"hash":"a6d8ef167802f7149918d789920c336833736393","isMergeCommit":true,"messageTitle":"Merge pull request #2 from WooKaiNing/branch-Level-9","messageBody":"Add find function to LinguoBot","tags":["Level-9"],"fileTypesAndContributionMap":{}},{"hash":"5c4eac8d95a0ecf1efae4a5ff210ca3608e25c02","isMergeCommit":false,"messageTitle":"Add find command to LinguoBot.java","messageBody":"","fileTypesAndContributionMap":{"java":{"insertions":2,"deletions":0}}}]},{"date":"2023-09-27","commitResults":[{"hash":"08360a42f5143d3ab4e9ae6958ad6636b2abc9bf","isMergeCommit":false,"messageTitle":"Add javaDoc comments for all classes","messageBody":"","fileTypesAndContributionMap":{"java":{"insertions":147,"deletions":17}}},{"hash":"7469dad1f2d3b852170d330e6cb2741f46ac35cd","isMergeCommit":true,"messageTitle":"Merge pull request #3 from WooKaiNing/A-JavaDoc","messageBody":"Add javaDoc comments for all classes","tags":["A-JavaDoc"],"fileTypesAndContributionMap":{}}]},{"date":"2023-09-29","commitResults":[{"hash":"f77206ef40a409d1c4548e640e6492721fc8d14f","isMergeCommit":false,"messageTitle":"Add User Guide","messageBody":"","tags":["A-UserGuide"],"fileTypesAndContributionMap":{"md":{"insertions":149,"deletions":13}}},{"hash":"6746b132b2c7d11432472e26fcf9a0e959cfdb9b","isMergeCommit":false,"messageTitle":"Edit User Guide and commit UItesting","messageBody":"","tags":["A-TextUiTesting"],"fileTypesAndContributionMap":{"txt":{"insertions":14,"deletions":0},"md":{"insertions":9,"deletions":9}}},{"hash":"50b0eabc20cc72ea77c0a5fda9d3f75278156ed6","isMergeCommit":false,"messageTitle":"Edit User Guide","messageBody":"","fileTypesAndContributionMap":{"md":{"insertions":1,"deletions":1}}}]},{"date":"2023-10-06","commitResults":[{"hash":"268b080e0a9f108340047f24617e1dfe9fe003aa","isMergeCommit":false,"messageTitle":"Refine code","messageBody":"","tags":["A-Release"],"fileTypesAndContributionMap":{"java":{"insertions":24,"deletions":10}}},{"hash":"0e07961519decc4421c7dd732eb7c8f9fe47c8e6","isMergeCommit":false,"messageTitle":"Edit README.md","messageBody":"","fileTypesAndContributionMap":{"md":{"insertions":8,"deletions":8}}},{"hash":"386638a8392ca02491f70ede0064168615411215","isMergeCommit":false,"messageTitle":"Edit User Guide","messageBody":"","fileTypesAndContributionMap":{"md":{"insertions":6,"deletions":6}}}]},{"date":"2023-10-22","commitResults":[{"hash":"c6ebf925fbb6c5e4bc545369053dec86c63bcfd8","isMergeCommit":false,"messageTitle":"Refactor code to extract out closely related classes","messageBody":"","fileTypesAndContributionMap":{"txt":{"insertions":9,"deletions":14},"java":{"insertions":551,"deletions":48},"bat":{"insertions":1,"deletions":1},"sh":{"insertions":2,"deletions":2}}}]}]},"authorFileTypeContributionMap":{"WooKaiNing":{"java":1151,"md":149,"fxml":0,"sh":2,"bat":1,"gradle":0,"txt":9}},"authorContributionVariance":{"WooKaiNing":12692.728},"authorDisplayNameMap":{"WooKaiNing":"CS2113-W12-2 WOO ..NING"}}
