{"authorDailyContributionsMap":{"WooKaiNing":[{"date":"2023-08-23","commitResults":[{"hash":"ca943666109f39d19687adc09a7c37383e7569f1","isMergeCommit":false,"messageTitle":"Level 0- rename, add commands for greet and exit","messageBody":"","tags":["Level-0"],"fileTypesAndContributionMap":{"java":{"insertions":13,"deletions":6}}}]},{"date":"2023-08-27","commitResults":[{"hash":"b1dda71992a708596a06656a46ad4309f2172f9c","isMergeCommit":false,"messageTitle":"Add Echo to LinguoBot, Level 1","messageBody":"","tags":["Level-1"],"fileTypesAndContributionMap":{"java":{"insertions":19,"deletions":12}}},{"hash":"0726153cf5fbb5b03f2fd33c2443134328ec08dc","isMergeCommit":false,"messageTitle":"Add List to LinguoBot, Level 2","messageBody":"","tags":["Level-2"],"fileTypesAndContributionMap":{"java":{"insertions":20,"deletions":4}}},{"hash":"b03456711f3d176b89c184153d245cabe37f5886","isMergeCommit":false,"messageTitle":"Add Mark As Done to LinguoBot, Level 3","messageBody":"","tags":["Level-3"],"fileTypesAndContributionMap":{"java":{"insertions":42,"deletions":11}}},{"hash":"87d887fe7fdd89ae54fe13c6f369eae1dc5b7173","isMergeCommit":false,"messageTitle":"Add Task class, Level 3","messageBody":"","tags":["Level-3-v2"],"fileTypesAndContributionMap":{"java":{"insertions":25,"deletions":0}}}]},{"date":"2023-09-02","commitResults":[{"hash":"fe4527b43cddad6d1eaf3e283bf782579e40456a","isMergeCommit":false,"messageTitle":"Edit name and refine code","messageBody":"","tags":["A-CodingStandard"],"fileTypesAndContributionMap":{"java":{"insertions":75,"deletions":0}}},{"hash":"a65ec16389232ea1d5b390ecf3ef2bad86c4480e","isMergeCommit":false,"messageTitle":"delete Duke","messageBody":"","fileTypesAndContributionMap":{"java":{"insertions":0,"deletions":71}}}]},{"date":"2023-09-03","commitResults":[{"hash":"18d5a3bcdbfcd7506d45eee4be0a0004fd45063e","isMergeCommit":false,"messageTitle":"Add support for tracking 3 types of tasks","messageBody":"","tags":["Level-4"],"fileTypesAndContributionMap":{"java":{"insertions":95,"deletions":5}}}]},{"date":"2023-09-04","commitResults":[{"hash":"70316823fc7aeaaf686a2c4640e2ef4f65d41d7e","isMergeCommit":false,"messageTitle":"Refine code for LinguoBot","messageBody":"","tags":["Level-4-v2"],"fileTypesAndContributionMap":{"java":{"insertions":78,"deletions":62}}}]},{"date":"2023-09-07","commitResults":[{"hash":"2e9af9d8f68a0cf388db7c51806aa7586c6fb1d3","isMergeCommit":false,"messageTitle":"Extract printTask method from main and refine code","messageBody":"","fileTypesAndContributionMap":{"java":{"insertions":56,"deletions":66}}}]},{"date":"2023-09-08","commitResults":[{"hash":"30d8d859352cd209357525b770c07a85fc77b0ed","isMergeCommit":false,"messageTitle":"Edit code in LinguoBot and all classes","messageBody":"","tags":["A-CodeQuality"],"fileTypesAndContributionMap":{"java":{"insertions":15,"deletions":22}}},{"hash":"3bd7362fb2ecacca8e4da55bed9d24842022a90e","isMergeCommit":false,"messageTitle":"Add error handling and LinguoBotException class","messageBody":"","tags":["A-Exceptions"],"fileTypesAndContributionMap":{"java":{"insertions":48,"deletions":21}}}]},{"date":"2023-09-09","commitResults":[{"hash":"8547eca5b1b6673d0f881cdf02511794134d1eb8","isMergeCommit":false,"messageTitle":"To implement packages","messageBody":"","fileTypesAndContributionMap":{"java":{"insertions":7,"deletions":0}}},{"hash":"49accf80309f2e490521c9fcd3ac8f2d9963b77e","isMergeCommit":false,"messageTitle":"To implement packages","messageBody":"","fileTypesAndContributionMap":{"java":{"insertions":1,"deletions":0}}},{"hash":"87b41fe4349b4220064d6d9c2d30c95b8f463bce","isMergeCommit":true,"messageTitle":"Merge branch \u0027branch-Level-5\u0027","messageBody":"","tags":["Level-5"],"fileTypesAndContributionMap":{}}]},{"date":"2023-09-10","commitResults":[{"hash":"65a1fef561dd3dc4e80f5ec82ae45d4747a52490","isMergeCommit":false,"messageTitle":"Divide classes into multiple packages","messageBody":"","tags":["A-Packages"],"fileTypesAndContributionMap":{"java":{"insertions":37,"deletions":20}}}]}]},"authorFileTypeContributionMap":{"WooKaiNing":{"java":241,"md":0,"fxml":0,"sh":0,"bat":0,"gradle":0,"txt":0}},"authorContributionVariance":{"WooKaiNing":2901.0676},"authorDisplayNameMap":{"WooKaiNing":"WOO ..NING"}}
