{"repoSenseVersion":"3bad16bb3d","reportGeneratedTime":"Mon Sep 18 08:09:21 2023 UTC+08:00","reportGenerationTime":" 12.89 second(s)","zoneId":"UTC+08:00","reportTitle":"CS2113 iP Code Dashboard","repos":[{"location":{"location":"https://github.com/sRanay/ip.git","repoName":"ip","organization":"sRanay","domainName":"github"},"branch":"master","displayName":"sRanay/ip[master]","outputFolderName":"sRanay_ip_master"},{"location":{"location":"https://github.com/mcmc101001/ip.git","repoName":"ip","organization":"mcmc101001","domainName":"github"},"branch":"master","displayName":"mcmc101001/ip[master]","outputFolderName":"mcmc101001_ip_master"},{"location":{"location":"https://github.com/Cheezeblokz/ip.git","repoName":"ip","organization":"Cheezeblokz","domainName":"github"},"branch":"master","displayName":"Cheezeblokz/ip[master]","outputFolderName":"Cheezeblokz_ip_master"},{"location":{"location":"https://github.com/aaronxujiachen/ip.git","repoName":"ip","organization":"aaronxujiachen","domainName":"github"},"branch":"master","displayName":"aaronxujiachen/ip[master]","outputFolderName":"aaronxujiachen_ip_master"},{"location":{"location":"https://github.com/yicheng-toh/ip.git","repoName":"ip","organization":"yicheng-toh","domainName":"github"},"branch":"master","displayName":"yicheng-toh/ip[master]","outputFolderName":"yicheng-toh_ip_master"},{"location":{"location":"https://github.com/nihalzp/ip.git","repoName":"ip","organization":"nihalzp","domainName":"github"},"branch":"master","displayName":"nihalzp/ip[master]","outputFolderName":"nihalzp_ip_master"},{"location":{"location":"https://github.com/bljhty/ip.git","repoName":"ip","organization":"bljhty","domainName":"github"},"branch":"master","displayName":"bljhty/ip[master]","outputFolderName":"bljhty_ip_master"},{"location":{"location":"https://github.com/Zhang-Zhitong/ip.git","repoName":"ip","organization":"Zhang-Zhitong","domainName":"github"},"branch":"master","displayName":"Zhang-Zhitong/ip[master]","outputFolderName":"Zhang-Zhitong_ip_master"},{"location":{"location":"https://github.com/limyuhching/ip.git","repoName":"ip","organization":"limyuhching","domainName":"github"},"branch":"master","displayName":"limyuhching/ip[master]","outputFolderName":"limyuhching_ip_master"},{"location":{"location":"https://github.com/NgLixuanNixon/ip.git","repoName":"ip","organization":"NgLixuanNixon","domainName":"github"},"branch":"master","displayName":"NgLixuanNixon/ip[master]","outputFolderName":"NgLixuanNixon_ip_master"},{"location":{"location":"https://github.com/DextheChik3n/ip.git","repoName":"ip","organization":"DextheChik3n","domainName":"github"},"branch":"master","displayName":"DextheChik3n/ip[master]","outputFolderName":"DextheChik3n_ip_master"},{"location":{"location":"https://github.com/farissirraj/ip.git","repoName":"ip","organization":"farissirraj","domainName":"github"},"branch":"master","displayName":"farissirraj/ip[master]","outputFolderName":"farissirraj_ip_master"},{"location":{"location":"https://github.com/ziyi105/ip.git","repoName":"ip","organization":"ziyi105","domainName":"github"},"branch":"master","displayName":"ziyi105/ip[master]","outputFolderName":"ziyi105_ip_master"},{"location":{"location":"https://github.com/StevenGX12/ip.git","repoName":"ip","organization":"StevenGX12","domainName":"github"},"branch":"master","displayName":"StevenGX12/ip[master]","outputFolderName":"StevenGX12_ip_master"},{"location":{"location":"https://github.com/onx001/ip.git","repoName":"ip","organization":"onx001","domainName":"github"},"branch":"master","displayName":"onx001/ip[master]","outputFolderName":"onx001_ip_master"},{"location":{"location":"https://github.com/BenedictChannn/ip.git","repoName":"ip","organization":"BenedictChannn","domainName":"github"},"branch":"master","displayName":"BenedictChannn/ip[master]","outputFolderName":"BenedictChannn_ip_master"},{"location":{"location":"https://github.com/yeo-menghan/ip.git","repoName":"ip","organization":"yeo-menghan","domainName":"github"},"branch":"master","displayName":"yeo-menghan/ip[master]","outputFolderName":"yeo-menghan_ip_master"},{"location":{"location":"https://github.com/TongZhengHong/ip.git","repoName":"ip","organization":"TongZhengHong","domainName":"github"},"branch":"master","displayName":"TongZhengHong/ip[master]","outputFolderName":"TongZhengHong_ip_master"},{"location":{"location":"https://github.com/ken-ruster/ip.git","repoName":"ip","organization":"ken-ruster","domainName":"github"},"branch":"master","displayName":"ken-ruster/ip[master]","outputFolderName":"ken-ruster_ip_master"},{"location":{"location":"https://github.com/TeoHaoZhi/ip.git","repoName":"ip","organization":"TeoHaoZhi","domainName":"github"},"branch":"master","displayName":"TeoHaoZhi/ip[master]","outputFolderName":"TeoHaoZhi_ip_master"},{"location":{"location":"https://github.com/NeoMinWei/ip.git","repoName":"ip","organization":"NeoMinWei","domainName":"github"},"branch":"master","displayName":"NeoMinWei/ip[master]","outputFolderName":"NeoMinWei_ip_master"},{"location":{"location":"https://github.com/wwweert123/ip.git","repoName":"ip","organization":"wwweert123","domainName":"github"},"branch":"master","displayName":"wwweert123/ip[master]","outputFolderName":"wwweert123_ip_master"},{"location":{"location":"https://github.com/SebasFok/ip.git","repoName":"ip","organization":"SebasFok","domainName":"github"},"branch":"master","displayName":"SebasFok/ip[master]","outputFolderName":"SebasFok_ip_master"},{"location":{"location":"https://github.com/DaDevChia/ip.git","repoName":"ip","organization":"DaDevChia","domainName":"github"},"branch":"master","displayName":"DaDevChia/ip[master]","outputFolderName":"DaDevChia_ip_master"},{"location":{"location":"https://github.com/Jonoans/ip.git","repoName":"ip","organization":"Jonoans","domainName":"github"},"branch":"master","displayName":"Jonoans/ip[master]","outputFolderName":"Jonoans_ip_master"},{"location":{"location":"https://github.com/ChoonSiang/ip.git","repoName":"ip","organization":"ChoonSiang","domainName":"github"},"branch":"master","displayName":"ChoonSiang/ip[master]","outputFolderName":"ChoonSiang_ip_master"},{"location":{"location":"https://github.com/Cazh1/ip.git","repoName":"ip","organization":"Cazh1","domainName":"github"},"branch":"master","displayName":"Cazh1/ip[master]","outputFolderName":"Cazh1_ip_master"},{"location":{"location":"https://github.com/ryan1604/ip.git","repoName":"ip","organization":"ryan1604","domainName":"github"},"branch":"master","displayName":"ryan1604/ip[master]","outputFolderName":"ryan1604_ip_master"},{"location":{"location":"https://github.com/kaijie0102/ip.git","repoName":"ip","organization":"kaijie0102","domainName":"github"},"branch":"master","displayName":"kaijie0102/ip[master]","outputFolderName":"kaijie0102_ip_master"},{"location":{"location":"https://github.com/J0shuaLeong/ip.git","repoName":"ip","organization":"J0shuaLeong","domainName":"github"},"branch":"master","displayName":"J0shuaLeong/ip[master]","outputFolderName":"J0shuaLeong_ip_master"},{"location":{"location":"https://github.com/azfarulmatin/ip.git","repoName":"ip","organization":"azfarulmatin","domainName":"github"},"branch":"master","displayName":"azfarulmatin/ip[master]","outputFolderName":"azfarulmatin_ip_master"},{"location":{"location":"https://github.com/ShaniceTang/ip.git","repoName":"ip","organization":"ShaniceTang","domainName":"github"},"branch":"master","displayName":"ShaniceTang/ip[master]","outputFolderName":"ShaniceTang_ip_master"},{"location":{"location":"https://github.com/NaychiMin/ip.git","repoName":"ip","organization":"NaychiMin","domainName":"github"},"branch":"master","displayName":"NaychiMin/ip[master]","outputFolderName":"NaychiMin_ip_master"},{"location":{"location":"https://github.com/James-Hong-Jey/ip.git","repoName":"ip","organization":"James-Hong-Jey","domainName":"github"},"branch":"master","displayName":"James-Hong-Jey/ip[master]","outputFolderName":"James-Hong-Jey_ip_master"},{"location":{"location":"https://github.com/rohitcube/ip.git","repoName":"ip","organization":"rohitcube","domainName":"github"},"branch":"master","displayName":"rohitcube/ip[master]","outputFolderName":"rohitcube_ip_master"},{"location":{"location":"https://github.com/WooKaiNing/ip.git","repoName":"ip","organization":"WooKaiNing","domainName":"github"},"branch":"master","displayName":"WooKaiNing/ip[master]","outputFolderName":"WooKaiNing_ip_master"},{"location":{"location":"https://github.com/janelleenqi/ip.git","repoName":"ip","organization":"janelleenqi","domainName":"github"},"branch":"master","displayName":"janelleenqi/ip[master]","outputFolderName":"janelleenqi_ip_master"},{"location":{"location":"https://github.com/spinoandraptos/ip.git","repoName":"ip","organization":"spinoandraptos","domainName":"github"},"branch":"master","displayName":"spinoandraptos/ip[master]","outputFolderName":"spinoandraptos_ip_master"},{"location":{"location":"https://github.com/YFshadaow/ip.git","repoName":"ip","organization":"YFshadaow","domainName":"github"},"branch":"master","displayName":"YFshadaow/ip[master]","outputFolderName":"YFshadaow_ip_master"},{"location":{"location":"https://github.com/ryanlohyr/ip.git","repoName":"ip","organization":"ryanlohyr","domainName":"github"},"branch":"master","displayName":"ryanlohyr/ip[master]","outputFolderName":"ryanlohyr_ip_master"},{"location":{"location":"https://github.com/charkty/ip.git","repoName":"ip","organization":"charkty","domainName":"github"},"branch":"master","displayName":"charkty/ip[master]","outputFolderName":"charkty_ip_master"},{"location":{"location":"https://github.com/Barbaracwx/ip.git","repoName":"ip","organization":"Barbaracwx","domainName":"github"},"branch":"master","displayName":"Barbaracwx/ip[master]","outputFolderName":"Barbaracwx_ip_master"},{"location":{"location":"https://github.com/karishma-t/ip.git","repoName":"ip","organization":"karishma-t","domainName":"github"},"branch":"master","displayName":"karishma-t/ip[master]","outputFolderName":"karishma-t_ip_master"},{"location":{"location":"https://github.com/Xuan127/ip.git","repoName":"ip","organization":"Xuan127","domainName":"github"},"branch":"master","displayName":"Xuan127/ip[master]","outputFolderName":"Xuan127_ip_master"},{"location":{"location":"https://github.com/TriciaBK/ip.git","repoName":"ip","organization":"TriciaBK","domainName":"github"},"branch":"master","displayName":"TriciaBK/ip[master]","outputFolderName":"TriciaBK_ip_master"},{"location":{"location":"https://github.com/hooami/ip.git","repoName":"ip","organization":"hooami","domainName":"github"},"branch":"master","displayName":"hooami/ip[master]","outputFolderName":"hooami_ip_master"},{"location":{"location":"https://github.com/lckjosh/ip.git","repoName":"ip","organization":"lckjosh","domainName":"github"},"branch":"master","displayName":"lckjosh/ip[master]","outputFolderName":"lckjosh_ip_master"},{"location":{"location":"https://github.com/StanleyW00/ip.git","repoName":"ip","organization":"StanleyW00","domainName":"github"},"branch":"master","displayName":"StanleyW00/ip[master]","outputFolderName":"StanleyW00_ip_master"},{"location":{"location":"https://github.com/Hongzhii/ip.git","repoName":"ip","organization":"Hongzhii","domainName":"github"},"branch":"master","displayName":"Hongzhii/ip[master]","outputFolderName":"Hongzhii_ip_master"},{"location":{"location":"https://github.com/danielpappa/ip.git","repoName":"ip","organization":"danielpappa","domainName":"github"},"branch":"master","displayName":"danielpappa/ip[master]","outputFolderName":"danielpappa_ip_master"},{"location":{"location":"https://github.com/AlWo223/ip.git","repoName":"ip","organization":"AlWo223","domainName":"github"},"branch":"master","displayName":"AlWo223/ip[master]","outputFolderName":"AlWo223_ip_master"},{"location":{"location":"https://github.com/KenCheung18/ip.git","repoName":"ip","organization":"KenCheung18","domainName":"github"},"branch":"master","displayName":"KenCheung18/ip[master]","outputFolderName":"KenCheung18_ip_master"},{"location":{"location":"https://github.com/skylee03/ip.git","repoName":"ip","organization":"skylee03","domainName":"github"},"branch":"master","displayName":"skylee03/ip[master]","outputFolderName":"skylee03_ip_master"},{"location":{"location":"https://github.com/wendelinwemhoener/ip.git","repoName":"ip","organization":"wendelinwemhoener","domainName":"github"},"branch":"master","displayName":"wendelinwemhoener/ip[master]","outputFolderName":"wendelinwemhoener_ip_master"},{"location":{"location":"https://github.com/J-Y-Yan/ip.git","repoName":"ip","organization":"J-Y-Yan","domainName":"github"},"branch":"master","displayName":"J-Y-Yan/ip[master]","outputFolderName":"J-Y-Yan_ip_master"},{"location":{"location":"https://github.com/spaceman03/ip.git","repoName":"ip","organization":"spaceman03","domainName":"github"},"branch":"master","displayName":"spaceman03/ip[master]","outputFolderName":"spaceman03_ip_master"},{"location":{"location":"https://github.com/kevinz420/ip.git","repoName":"ip","organization":"kevinz420","domainName":"github"},"branch":"master","displayName":"kevinz420/ip[master]","outputFolderName":"kevinz420_ip_master"},{"location":{"location":"https://github.com/MrOPPA1/ip.git","repoName":"ip","organization":"MrOPPA1","domainName":"github"},"branch":"master","displayName":"MrOPPA1/ip[master]","outputFolderName":"MrOPPA1_ip_master"},{"location":{"location":"https://github.com/ICubE-/ip.git","repoName":"ip","organization":"ICubE-","domainName":"github"},"branch":"master","displayName":"ICubE-/ip[master]","outputFolderName":"ICubE-_ip_master"},{"location":{"location":"https://github.com/hshiah/ip.git","repoName":"ip","organization":"hshiah","domainName":"github"},"branch":"master","displayName":"hshiah/ip[master]","outputFolderName":"hshiah_ip_master"},{"location":{"location":"https://github.com/junhyeong0411/ip.git","repoName":"ip","organization":"junhyeong0411","domainName":"github"},"branch":"master","displayName":"junhyeong0411/ip[master]","outputFolderName":"junhyeong0411_ip_master"},{"location":{"location":"https://github.com/antrikshdhand/ip.git","repoName":"ip","organization":"antrikshdhand","domainName":"github"},"branch":"master","displayName":"antrikshdhand/ip[master]","outputFolderName":"antrikshdhand_ip_master"},{"location":{"location":"https://github.com/Haoyuli2002/ip.git","repoName":"ip","organization":"Haoyuli2002","domainName":"github"},"branch":"master","displayName":"Haoyuli2002/ip[master]","outputFolderName":"Haoyuli2002_ip_master"},{"location":{"location":"https://github.com/vvhuiling/ip.git","repoName":"ip","organization":"vvhuiling","domainName":"github"},"branch":"master","displayName":"vvhuiling/ip[master]","outputFolderName":"vvhuiling_ip_master"},{"location":{"location":"https://github.com/martinschnder/ip.git","repoName":"ip","organization":"martinschnder","domainName":"github"},"branch":"master","displayName":"martinschnder/ip[master]","outputFolderName":"martinschnder_ip_master"},{"location":{"location":"https://github.com/Remy9926/ip.git","repoName":"ip","organization":"Remy9926","domainName":"github"},"branch":"master","displayName":"Remy9926/ip[master]","outputFolderName":"Remy9926_ip_master"},{"location":{"location":"https://github.com/marklin2234/ip.git","repoName":"ip","organization":"marklin2234","domainName":"github"},"branch":"master","displayName":"marklin2234/ip[master]","outputFolderName":"marklin2234_ip_master"},{"location":{"location":"https://github.com/CerIsaiah/ip.git","repoName":"ip","organization":"CerIsaiah","domainName":"github"},"branch":"master","displayName":"CerIsaiah/ip[master]","outputFolderName":"CerIsaiah_ip_master"},{"location":{"location":"https://github.com/itayrefaely/ip.git","repoName":"ip","organization":"itayrefaely","domainName":"github"},"branch":"master","displayName":"itayrefaely/ip[master]","outputFolderName":"itayrefaely_ip_master"},{"location":{"location":"https://github.com/Brian030601/ip.git","repoName":"ip","organization":"Brian030601","domainName":"github"},"branch":"master","displayName":"Brian030601/ip[master]","outputFolderName":"Brian030601_ip_master"},{"location":{"location":"https://github.com/woodenclock/ip.git","repoName":"ip","organization":"woodenclock","domainName":"github"},"branch":"master","displayName":"woodenclock/ip[master]","outputFolderName":"woodenclock_ip_master"},{"location":{"location":"https://github.com/tangzhenen/ip.git","repoName":"ip","organization":"tangzhenen","domainName":"github"},"branch":"master","displayName":"tangzhenen/ip[master]","outputFolderName":"tangzhenen_ip_master"},{"location":{"location":"https://github.com/imaginarys96/ip.git","repoName":"ip","organization":"imaginarys96","domainName":"github"},"branch":"master","displayName":"imaginarys96/ip[master]","outputFolderName":"imaginarys96_ip_master"},{"location":{"location":"https://github.com/choonkit-nus/ip.git","repoName":"ip","organization":"choonkit-nus","domainName":"github"},"branch":"master","displayName":"choonkit-nus/ip[master]","outputFolderName":"choonkit-nus_ip_master"},{"location":{"location":"https://github.com/lctxct/ip.git","repoName":"ip","organization":"lctxct","domainName":"github"},"branch":"master","displayName":"lctxct/ip[master]","outputFolderName":"lctxct_ip_master"},{"location":{"location":"https://github.com/bnjm2000/ip.git","repoName":"ip","organization":"bnjm2000","domainName":"github"},"branch":"master","displayName":"bnjm2000/ip[master]","outputFolderName":"bnjm2000_ip_master"},{"location":{"location":"https://github.com/DavinciDelta/ip.git","repoName":"ip","organization":"DavinciDelta","domainName":"github"},"branch":"master","displayName":"DavinciDelta/ip[master]","outputFolderName":"DavinciDelta_ip_master"},{"location":{"location":"https://github.com/lisizhuang-0121/ip.git","repoName":"ip","organization":"lisizhuang-0121","domainName":"github"},"branch":"master","displayName":"lisizhuang-0121/ip[master]","outputFolderName":"lisizhuang-0121_ip_master"},{"location":{"location":"https://github.com/yingx9/ip.git","repoName":"ip","organization":"yingx9","domainName":"github"},"branch":"master","displayName":"yingx9/ip[master]","outputFolderName":"yingx9_ip_master"},{"location":{"location":"https://github.com/JoanneJo/ip.git","repoName":"ip","organization":"JoanneJo","domainName":"github"},"branch":"master","displayName":"JoanneJo/ip[master]","outputFolderName":"JoanneJo_ip_master"},{"location":{"location":"https://github.com/000verflow/ip.git","repoName":"ip","organization":"000verflow","domainName":"github"},"branch":"master","displayName":"000verflow/ip[master]","outputFolderName":"000verflow_ip_master"}],"errorSet":[],"sinceDate":"2023-08-18","untilDate":"2023-09-18","isSinceDateProvided":true,"isUntilDateProvided":false,"supportedDomainUrlMap":{"NOT_RECOGNIZED":{"BRANCH":"","REPO_URL":"UNSUPPORTED","BASE_URL":"UNSUPPORTED","HISTORY_PATH":"","COMMIT_PATH":"","BLAME_PATH":""},"github":{"BRANCH":"tree/$BRANCH","REPO_URL":"https://github.com/$ORGANIZATION/$REPO_NAME/","BASE_URL":"https://github.com/","HISTORY_PATH":"commits/$BRANCH/$FILE_PATH","COMMIT_PATH":"commit/$COMMIT_HASH","BLAME_PATH":"blame/$BRANCH/$FILE_PATH"}}}
