[{"path":"README.md","fileType":"md","lines":[{"lineNumber":1,"author":{"gitId":"antrikshdhand"},"content":"# Project Herbert","lastModifiedDate":"2023-09-13"},{"lineNumber":2,"author":{"gitId":"-"},"content":"","lastModifiedDate":"2020-05-25"},{"lineNumber":3,"author":{"gitId":"antrikshdhand"},"content":"```","lastModifiedDate":"2023-09-13"},{"lineNumber":4,"author":{"gitId":"antrikshdhand"},"content":" __   __  _______  ______    _______  _______  ______    _______ ","lastModifiedDate":"2023-09-13"},{"lineNumber":5,"author":{"gitId":"antrikshdhand"},"content":"|  | |  ||       ||    _ |  |  _    ||       ||    _ |  |       |","lastModifiedDate":"2023-09-13"},{"lineNumber":6,"author":{"gitId":"antrikshdhand"},"content":"|  |_|  ||    ___||   | ||  | |_|   ||    ___||   | ||  |_     _|","lastModifiedDate":"2023-09-13"},{"lineNumber":7,"author":{"gitId":"antrikshdhand"},"content":"|       ||   |___ |   |_||_ |       ||   |___ |   |_||_   |   |  ","lastModifiedDate":"2023-09-13"},{"lineNumber":8,"author":{"gitId":"antrikshdhand"},"content":"|       ||    ___||    __  ||  _   | |    ___||    __  |  |   |  ","lastModifiedDate":"2023-09-13"},{"lineNumber":9,"author":{"gitId":"antrikshdhand"},"content":"|   _   ||   |___ |   |  | || |_|   ||   |___ |   |  | |  |   |  ","lastModifiedDate":"2023-09-13"},{"lineNumber":10,"author":{"gitId":"antrikshdhand"},"content":"|__| |__||_______||___|  |_||_______||_______||___|  |_|  |___|  ","lastModifiedDate":"2023-09-13"},{"lineNumber":11,"author":{"gitId":"antrikshdhand"},"content":"```","lastModifiedDate":"2023-09-13"},{"lineNumber":12,"author":{"gitId":"antrikshdhand"},"content":"","lastModifiedDate":"2023-09-13"},{"lineNumber":13,"author":{"gitId":"antrikshdhand"},"content":"Welcome to Herbert, the newest and friendliest AI assistant on the market.","lastModifiedDate":"2023-09-13"},{"lineNumber":14,"author":{"gitId":"-"},"content":"","lastModifiedDate":"2020-05-25"},{"lineNumber":15,"author":{"gitId":"-"},"content":"","lastModifiedDate":"2020-05-25"},{"lineNumber":16,"author":{"gitId":"antrikshdhand"},"content":"## Commands","lastModifiedDate":"2023-09-13"},{"lineNumber":17,"author":{"gitId":"-"},"content":"","lastModifiedDate":"2020-05-25"},{"lineNumber":18,"author":{"gitId":"-"},"content":"```","lastModifiedDate":"2020-05-25"},{"lineNumber":19,"author":{"gitId":"antrikshdhand"},"content":"* list","lastModifiedDate":"2023-09-13"},{"lineNumber":20,"author":{"gitId":"antrikshdhand"},"content":"List all current tasks.","lastModifiedDate":"2023-09-13"},{"lineNumber":21,"author":{"gitId":"antrikshdhand"},"content":"Usage: list","lastModifiedDate":"2023-09-13"},{"lineNumber":22,"author":{"gitId":"antrikshdhand"},"content":"","lastModifiedDate":"2023-09-13"},{"lineNumber":23,"author":{"gitId":"antrikshdhand"},"content":"* mark","lastModifiedDate":"2023-09-13"},{"lineNumber":24,"author":{"gitId":"antrikshdhand"},"content":"  Mark a task as completed.","lastModifiedDate":"2023-09-13"},{"lineNumber":25,"author":{"gitId":"antrikshdhand"},"content":"  Usage: mark \u003ctask number\u003e","lastModifiedDate":"2023-09-13"},{"lineNumber":26,"author":{"gitId":"antrikshdhand"},"content":"","lastModifiedDate":"2023-09-13"},{"lineNumber":27,"author":{"gitId":"antrikshdhand"},"content":"* unmark","lastModifiedDate":"2023-09-13"},{"lineNumber":28,"author":{"gitId":"antrikshdhand"},"content":"  Mark a task as incomplete.","lastModifiedDate":"2023-09-13"},{"lineNumber":29,"author":{"gitId":"antrikshdhand"},"content":"  Usage: unmark \u003ctask number\u003e","lastModifiedDate":"2023-09-13"},{"lineNumber":30,"author":{"gitId":"antrikshdhand"},"content":"","lastModifiedDate":"2023-09-13"},{"lineNumber":31,"author":{"gitId":"antrikshdhand"},"content":"* todo","lastModifiedDate":"2023-09-13"},{"lineNumber":32,"author":{"gitId":"antrikshdhand"},"content":"  Add a new todo to your list of tasks.","lastModifiedDate":"2023-09-13"},{"lineNumber":33,"author":{"gitId":"antrikshdhand"},"content":"  Usage: todo \u003ctask description\u003e","lastModifiedDate":"2023-09-13"},{"lineNumber":34,"author":{"gitId":"antrikshdhand"},"content":"","lastModifiedDate":"2023-09-13"},{"lineNumber":35,"author":{"gitId":"antrikshdhand"},"content":"* deadline","lastModifiedDate":"2023-09-13"},{"lineNumber":36,"author":{"gitId":"antrikshdhand"},"content":"  Add a new deadline to your list of tasks.","lastModifiedDate":"2023-09-13"},{"lineNumber":37,"author":{"gitId":"antrikshdhand"},"content":"  Usage: deadline \u003ctask description\u003e /by \u003cdue date\u003e","lastModifiedDate":"2023-09-13"},{"lineNumber":38,"author":{"gitId":"antrikshdhand"},"content":"","lastModifiedDate":"2023-09-13"},{"lineNumber":39,"author":{"gitId":"antrikshdhand"},"content":"* event","lastModifiedDate":"2023-09-13"},{"lineNumber":40,"author":{"gitId":"antrikshdhand"},"content":"  Add a new event to your list of tasks.","lastModifiedDate":"2023-09-13"},{"lineNumber":41,"author":{"gitId":"antrikshdhand"},"content":"  Usage: event \u003ctask description\u003e /from \u003cstart\u003e /to \u003cend\u003e","lastModifiedDate":"2023-09-13"},{"lineNumber":42,"author":{"gitId":"antrikshdhand"},"content":"","lastModifiedDate":"2023-09-13"},{"lineNumber":43,"author":{"gitId":"antrikshdhand"},"content":"* help","lastModifiedDate":"2023-09-13"},{"lineNumber":44,"author":{"gitId":"antrikshdhand"},"content":"  Show this help menu.","lastModifiedDate":"2023-09-13"},{"lineNumber":45,"author":{"gitId":"antrikshdhand"},"content":"  Usage: help","lastModifiedDate":"2023-09-13"},{"lineNumber":46,"author":{"gitId":"antrikshdhand"},"content":"","lastModifiedDate":"2023-09-13"},{"lineNumber":47,"author":{"gitId":"antrikshdhand"},"content":"* bye","lastModifiedDate":"2023-09-13"},{"lineNumber":48,"author":{"gitId":"antrikshdhand"},"content":"  Exit the Herbert application.","lastModifiedDate":"2023-09-13"},{"lineNumber":49,"author":{"gitId":"antrikshdhand"},"content":"  Usage: bye","lastModifiedDate":"2023-09-13"},{"lineNumber":50,"author":{"gitId":"-"},"content":"```","lastModifiedDate":"2020-05-25"}],"authorContributionMap":{"antrikshdhand":44,"-":6}},{"path":"src/main/java/duke/Command.java","fileType":"java","lines":[{"lineNumber":1,"author":{"gitId":"antrikshdhand"},"content":"package duke;","lastModifiedDate":"2023-09-13"},{"lineNumber":2,"author":{"gitId":"antrikshdhand"},"content":"","lastModifiedDate":"2023-09-13"},{"lineNumber":3,"author":{"gitId":"antrikshdhand"},"content":"public enum Command {","lastModifiedDate":"2023-09-06"},{"lineNumber":4,"author":{"gitId":"antrikshdhand"},"content":"    LIST {","lastModifiedDate":"2023-09-06"},{"lineNumber":5,"author":{"gitId":"antrikshdhand"},"content":"        @Override","lastModifiedDate":"2023-09-06"},{"lineNumber":6,"author":{"gitId":"antrikshdhand"},"content":"        public String toString() {","lastModifiedDate":"2023-09-06"},{"lineNumber":7,"author":{"gitId":"antrikshdhand"},"content":"            return \"\\tList all current tasks.\"","lastModifiedDate":"2023-09-06"},{"lineNumber":8,"author":{"gitId":"antrikshdhand"},"content":"                    + System.lineSeparator()","lastModifiedDate":"2023-09-06"},{"lineNumber":9,"author":{"gitId":"antrikshdhand"},"content":"                    + \"\\tUsage: list\";","lastModifiedDate":"2023-09-06"},{"lineNumber":10,"author":{"gitId":"antrikshdhand"},"content":"        }","lastModifiedDate":"2023-09-06"},{"lineNumber":11,"author":{"gitId":"antrikshdhand"},"content":"    },","lastModifiedDate":"2023-09-06"},{"lineNumber":12,"author":{"gitId":"antrikshdhand"},"content":"    MARK {","lastModifiedDate":"2023-09-06"},{"lineNumber":13,"author":{"gitId":"antrikshdhand"},"content":"        @Override","lastModifiedDate":"2023-09-06"},{"lineNumber":14,"author":{"gitId":"antrikshdhand"},"content":"        public String toString() {","lastModifiedDate":"2023-09-06"},{"lineNumber":15,"author":{"gitId":"antrikshdhand"},"content":"            return \"\\tMark a task as completed.\"","lastModifiedDate":"2023-09-06"},{"lineNumber":16,"author":{"gitId":"antrikshdhand"},"content":"                    + System.lineSeparator()","lastModifiedDate":"2023-09-06"},{"lineNumber":17,"author":{"gitId":"antrikshdhand"},"content":"                    + \"\\tUsage: mark \u003ctask number\u003e\";","lastModifiedDate":"2023-09-06"},{"lineNumber":18,"author":{"gitId":"antrikshdhand"},"content":"        }","lastModifiedDate":"2023-09-06"},{"lineNumber":19,"author":{"gitId":"antrikshdhand"},"content":"    },","lastModifiedDate":"2023-09-06"},{"lineNumber":20,"author":{"gitId":"antrikshdhand"},"content":"    UNMARK {","lastModifiedDate":"2023-09-06"},{"lineNumber":21,"author":{"gitId":"antrikshdhand"},"content":"        @Override","lastModifiedDate":"2023-09-06"},{"lineNumber":22,"author":{"gitId":"antrikshdhand"},"content":"        public String toString() {","lastModifiedDate":"2023-09-06"},{"lineNumber":23,"author":{"gitId":"antrikshdhand"},"content":"            return \"\\tMark a task as incomplete.\"","lastModifiedDate":"2023-09-06"},{"lineNumber":24,"author":{"gitId":"antrikshdhand"},"content":"                    + System.lineSeparator()","lastModifiedDate":"2023-09-06"},{"lineNumber":25,"author":{"gitId":"antrikshdhand"},"content":"                    + \"\\tUsage: unmark \u003ctask number\u003e\";","lastModifiedDate":"2023-09-06"},{"lineNumber":26,"author":{"gitId":"antrikshdhand"},"content":"        }","lastModifiedDate":"2023-09-06"},{"lineNumber":27,"author":{"gitId":"antrikshdhand"},"content":"    },","lastModifiedDate":"2023-09-06"},{"lineNumber":28,"author":{"gitId":"antrikshdhand"},"content":"    DELETE {","lastModifiedDate":"2023-09-20"},{"lineNumber":29,"author":{"gitId":"antrikshdhand"},"content":"        @Override","lastModifiedDate":"2023-09-20"},{"lineNumber":30,"author":{"gitId":"antrikshdhand"},"content":"        public String toString() {","lastModifiedDate":"2023-09-20"},{"lineNumber":31,"author":{"gitId":"antrikshdhand"},"content":"            return \"\\tDelete a task from your list.\"","lastModifiedDate":"2023-09-20"},{"lineNumber":32,"author":{"gitId":"antrikshdhand"},"content":"                    + System.lineSeparator()","lastModifiedDate":"2023-09-20"},{"lineNumber":33,"author":{"gitId":"antrikshdhand"},"content":"                    + \"\\tUsage: delete \u003ctask number\u003e\";","lastModifiedDate":"2023-09-20"},{"lineNumber":34,"author":{"gitId":"antrikshdhand"},"content":"        }","lastModifiedDate":"2023-09-20"},{"lineNumber":35,"author":{"gitId":"antrikshdhand"},"content":"    },","lastModifiedDate":"2023-09-20"},{"lineNumber":36,"author":{"gitId":"antrikshdhand"},"content":"    TODO {","lastModifiedDate":"2023-09-06"},{"lineNumber":37,"author":{"gitId":"antrikshdhand"},"content":"        @Override","lastModifiedDate":"2023-09-06"},{"lineNumber":38,"author":{"gitId":"antrikshdhand"},"content":"        public String toString() {","lastModifiedDate":"2023-09-06"},{"lineNumber":39,"author":{"gitId":"antrikshdhand"},"content":"            return \"\\tAdd a new todo to your list of tasks.\"","lastModifiedDate":"2023-09-06"},{"lineNumber":40,"author":{"gitId":"antrikshdhand"},"content":"                    + System.lineSeparator()","lastModifiedDate":"2023-09-06"},{"lineNumber":41,"author":{"gitId":"antrikshdhand"},"content":"                    + \"\\tUsage: todo \u003ctask description\u003e\";","lastModifiedDate":"2023-09-06"},{"lineNumber":42,"author":{"gitId":"antrikshdhand"},"content":"        }","lastModifiedDate":"2023-09-06"},{"lineNumber":43,"author":{"gitId":"antrikshdhand"},"content":"    },","lastModifiedDate":"2023-09-06"},{"lineNumber":44,"author":{"gitId":"antrikshdhand"},"content":"    DEADLINE {","lastModifiedDate":"2023-09-06"},{"lineNumber":45,"author":{"gitId":"antrikshdhand"},"content":"        @Override","lastModifiedDate":"2023-09-06"},{"lineNumber":46,"author":{"gitId":"antrikshdhand"},"content":"        public String toString() {","lastModifiedDate":"2023-09-06"},{"lineNumber":47,"author":{"gitId":"antrikshdhand"},"content":"            return \"\\tAdd a new deadline to your list of tasks.\"","lastModifiedDate":"2023-09-06"},{"lineNumber":48,"author":{"gitId":"antrikshdhand"},"content":"                    + System.lineSeparator()","lastModifiedDate":"2023-09-06"},{"lineNumber":49,"author":{"gitId":"antrikshdhand"},"content":"                    + \"\\tUsage: deadline \u003ctask description\u003e /by \u003cdue date\u003e\";","lastModifiedDate":"2023-09-06"},{"lineNumber":50,"author":{"gitId":"antrikshdhand"},"content":"        }","lastModifiedDate":"2023-09-06"},{"lineNumber":51,"author":{"gitId":"antrikshdhand"},"content":"    },","lastModifiedDate":"2023-09-06"},{"lineNumber":52,"author":{"gitId":"antrikshdhand"},"content":"    EVENT {","lastModifiedDate":"2023-09-06"},{"lineNumber":53,"author":{"gitId":"antrikshdhand"},"content":"        @Override","lastModifiedDate":"2023-09-06"},{"lineNumber":54,"author":{"gitId":"antrikshdhand"},"content":"        public String toString() {","lastModifiedDate":"2023-09-06"},{"lineNumber":55,"author":{"gitId":"antrikshdhand"},"content":"            return \"\\tAdd a new event to your list of tasks.\"","lastModifiedDate":"2023-09-06"},{"lineNumber":56,"author":{"gitId":"antrikshdhand"},"content":"                    + System.lineSeparator()","lastModifiedDate":"2023-09-06"},{"lineNumber":57,"author":{"gitId":"antrikshdhand"},"content":"                    + \"\\tUsage: event \u003ctask description\u003e /from \u003cstart\u003e /to \u003cend\u003e\";","lastModifiedDate":"2023-09-06"},{"lineNumber":58,"author":{"gitId":"antrikshdhand"},"content":"        }","lastModifiedDate":"2023-09-06"},{"lineNumber":59,"author":{"gitId":"antrikshdhand"},"content":"    },","lastModifiedDate":"2023-09-06"},{"lineNumber":60,"author":{"gitId":"antrikshdhand"},"content":"    HELP {","lastModifiedDate":"2023-09-06"},{"lineNumber":61,"author":{"gitId":"antrikshdhand"},"content":"        @Override","lastModifiedDate":"2023-09-06"},{"lineNumber":62,"author":{"gitId":"antrikshdhand"},"content":"        public String toString() {","lastModifiedDate":"2023-09-06"},{"lineNumber":63,"author":{"gitId":"antrikshdhand"},"content":"            return \"\\tShow this help menu.\"","lastModifiedDate":"2023-09-06"},{"lineNumber":64,"author":{"gitId":"antrikshdhand"},"content":"                    + System.lineSeparator()","lastModifiedDate":"2023-09-06"},{"lineNumber":65,"author":{"gitId":"antrikshdhand"},"content":"                    + \"\\tUsage: help\";","lastModifiedDate":"2023-09-06"},{"lineNumber":66,"author":{"gitId":"antrikshdhand"},"content":"        }","lastModifiedDate":"2023-09-06"},{"lineNumber":67,"author":{"gitId":"antrikshdhand"},"content":"    },","lastModifiedDate":"2023-09-06"},{"lineNumber":68,"author":{"gitId":"antrikshdhand"},"content":"    BYE {","lastModifiedDate":"2023-09-06"},{"lineNumber":69,"author":{"gitId":"antrikshdhand"},"content":"        @Override","lastModifiedDate":"2023-09-06"},{"lineNumber":70,"author":{"gitId":"antrikshdhand"},"content":"        public String toString() {","lastModifiedDate":"2023-09-06"},{"lineNumber":71,"author":{"gitId":"antrikshdhand"},"content":"            return \"\\tExit the Herbert application.\"","lastModifiedDate":"2023-09-06"},{"lineNumber":72,"author":{"gitId":"antrikshdhand"},"content":"                    + System.lineSeparator()","lastModifiedDate":"2023-09-06"},{"lineNumber":73,"author":{"gitId":"antrikshdhand"},"content":"                    + \"\\tUsage: bye\";","lastModifiedDate":"2023-09-06"},{"lineNumber":74,"author":{"gitId":"antrikshdhand"},"content":"        }","lastModifiedDate":"2023-09-06"},{"lineNumber":75,"author":{"gitId":"antrikshdhand"},"content":"    }","lastModifiedDate":"2023-09-06"},{"lineNumber":76,"author":{"gitId":"antrikshdhand"},"content":"}","lastModifiedDate":"2023-09-06"}],"authorContributionMap":{"antrikshdhand":76}},{"path":"src/main/java/duke/DukeException.java","fileType":"java","lines":[{"lineNumber":1,"author":{"gitId":"antrikshdhand"},"content":"package duke;","lastModifiedDate":"2023-09-13"},{"lineNumber":2,"author":{"gitId":"antrikshdhand"},"content":"","lastModifiedDate":"2023-09-13"},{"lineNumber":3,"author":{"gitId":"antrikshdhand"},"content":"public class DukeException extends Exception {","lastModifiedDate":"2023-09-13"},{"lineNumber":4,"author":{"gitId":"antrikshdhand"},"content":"    public DukeException(String errorMessage) {","lastModifiedDate":"2023-09-13"},{"lineNumber":5,"author":{"gitId":"antrikshdhand"},"content":"        super(errorMessage);","lastModifiedDate":"2023-09-13"},{"lineNumber":6,"author":{"gitId":"antrikshdhand"},"content":"    }","lastModifiedDate":"2023-09-13"},{"lineNumber":7,"author":{"gitId":"antrikshdhand"},"content":"}","lastModifiedDate":"2023-09-13"}],"authorContributionMap":{"antrikshdhand":7}},{"path":"src/main/java/duke/Herbert.java","fileType":"java","lines":[{"lineNumber":1,"author":{"gitId":"antrikshdhand"},"content":"package duke;","lastModifiedDate":"2023-09-13"},{"lineNumber":2,"author":{"gitId":"antrikshdhand"},"content":"","lastModifiedDate":"2023-09-13"},{"lineNumber":3,"author":{"gitId":"antrikshdhand"},"content":"import task.*;","lastModifiedDate":"2023-09-13"},{"lineNumber":4,"author":{"gitId":"antrikshdhand"},"content":"","lastModifiedDate":"2023-09-13"},{"lineNumber":5,"author":{"gitId":"antrikshdhand"},"content":"import java.util.ArrayList;","lastModifiedDate":"2023-08-29"},{"lineNumber":6,"author":{"gitId":"antrikshdhand"},"content":"import java.util.regex.Matcher;","lastModifiedDate":"2023-09-06"},{"lineNumber":7,"author":{"gitId":"antrikshdhand"},"content":"import java.util.regex.Pattern;","lastModifiedDate":"2023-09-06"},{"lineNumber":8,"author":{"gitId":"antrikshdhand"},"content":"","lastModifiedDate":"2023-08-24"},{"lineNumber":9,"author":{"gitId":"antrikshdhand"},"content":"public class Herbert {","lastModifiedDate":"2023-08-24"},{"lineNumber":10,"author":{"gitId":"antrikshdhand"},"content":"","lastModifiedDate":"2023-08-24"},{"lineNumber":11,"author":{"gitId":"antrikshdhand"},"content":"    private ArrayList\u003cTask\u003e tasks;","lastModifiedDate":"2023-08-30"},{"lineNumber":12,"author":{"gitId":"antrikshdhand"},"content":"","lastModifiedDate":"2023-08-29"},{"lineNumber":13,"author":{"gitId":"antrikshdhand"},"content":"    public Herbert() {","lastModifiedDate":"2023-08-29"},{"lineNumber":14,"author":{"gitId":"antrikshdhand"},"content":"        this.tasks \u003d new ArrayList\u003c\u003e();","lastModifiedDate":"2023-08-30"},{"lineNumber":15,"author":{"gitId":"antrikshdhand"},"content":"        this.sayHello();","lastModifiedDate":"2023-08-29"},{"lineNumber":16,"author":{"gitId":"antrikshdhand"},"content":"    }","lastModifiedDate":"2023-08-29"},{"lineNumber":17,"author":{"gitId":"antrikshdhand"},"content":"","lastModifiedDate":"2023-08-29"},{"lineNumber":18,"author":{"gitId":"antrikshdhand"},"content":"    private void sayHello() {","lastModifiedDate":"2023-09-13"},{"lineNumber":19,"author":{"gitId":"antrikshdhand"},"content":"        String logo \u003d \" __   __  _______  ______    _______  _______  ______    _______ \\n\"","lastModifiedDate":"2023-09-13"},{"lineNumber":20,"author":{"gitId":"antrikshdhand"},"content":"                + \"|  | |  ||       ||    _ |  |  _    ||       ||    _ |  |       |\\n\"","lastModifiedDate":"2023-09-13"},{"lineNumber":21,"author":{"gitId":"antrikshdhand"},"content":"                + \"|  |_|  ||    ___||   | ||  | |_|   ||    ___||   | ||  |_     _|\\n\"","lastModifiedDate":"2023-09-13"},{"lineNumber":22,"author":{"gitId":"antrikshdhand"},"content":"                + \"|       ||   |___ |   |_||_ |       ||   |___ |   |_||_   |   |  \\n\"","lastModifiedDate":"2023-09-13"},{"lineNumber":23,"author":{"gitId":"antrikshdhand"},"content":"                + \"|       ||    ___||    __  ||  _   | |    ___||    __  |  |   |  \\n\"","lastModifiedDate":"2023-09-13"},{"lineNumber":24,"author":{"gitId":"antrikshdhand"},"content":"                + \"|   _   ||   |___ |   |  | || |_|   ||   |___ |   |  | |  |   |  \\n\"","lastModifiedDate":"2023-09-13"},{"lineNumber":25,"author":{"gitId":"antrikshdhand"},"content":"                + \"|__| |__||_______||___|  |_||_______||_______||___|  |_|  |___|  \";","lastModifiedDate":"2023-09-13"},{"lineNumber":26,"author":{"gitId":"antrikshdhand"},"content":"","lastModifiedDate":"2023-08-24"},{"lineNumber":27,"author":{"gitId":"antrikshdhand"},"content":"        System.out.println(System.lineSeparator() + logo);","lastModifiedDate":"2023-08-29"},{"lineNumber":28,"author":{"gitId":"antrikshdhand"},"content":"        System.out.println(\"___________________________________________________________________________\");","lastModifiedDate":"2023-08-24"},{"lineNumber":29,"author":{"gitId":"antrikshdhand"},"content":"        System.out.println(\"\\tHello! I\u0027m Herbert.\" + System.lineSeparator() + \"\\tWhat can I do for you?\");","lastModifiedDate":"2023-09-06"},{"lineNumber":30,"author":{"gitId":"antrikshdhand"},"content":"        System.out.println(System.lineSeparator() + \"\\tYou may choose from the following commands:\");","lastModifiedDate":"2023-09-06"},{"lineNumber":31,"author":{"gitId":"antrikshdhand"},"content":"        for (Command s : Command.values()) {","lastModifiedDate":"2023-09-06"},{"lineNumber":32,"author":{"gitId":"antrikshdhand"},"content":"            System.out.println(\"\\t- \" + s.name().toLowerCase());","lastModifiedDate":"2023-09-06"},{"lineNumber":33,"author":{"gitId":"antrikshdhand"},"content":"        }","lastModifiedDate":"2023-09-06"},{"lineNumber":34,"author":{"gitId":"antrikshdhand"},"content":"        System.out.println(\"___________________________________________________________________________\");","lastModifiedDate":"2023-08-24"},{"lineNumber":35,"author":{"gitId":"antrikshdhand"},"content":"    }","lastModifiedDate":"2023-08-29"},{"lineNumber":36,"author":{"gitId":"antrikshdhand"},"content":"","lastModifiedDate":"2023-08-24"},{"lineNumber":37,"author":{"gitId":"antrikshdhand"},"content":"    private void sayGoodbye() {","lastModifiedDate":"2023-09-13"},{"lineNumber":38,"author":{"gitId":"antrikshdhand"},"content":"        System.out.println(\"___________________________________________________________________________\");","lastModifiedDate":"2023-08-29"},{"lineNumber":39,"author":{"gitId":"antrikshdhand"},"content":"        System.out.println(\"\\tBye. Hope to see you again soon!\");","lastModifiedDate":"2023-08-29"},{"lineNumber":40,"author":{"gitId":"antrikshdhand"},"content":"        System.out.println(\"___________________________________________________________________________\");","lastModifiedDate":"2023-08-29"},{"lineNumber":41,"author":{"gitId":"antrikshdhand"},"content":"    }","lastModifiedDate":"2023-08-24"},{"lineNumber":42,"author":{"gitId":"antrikshdhand"},"content":"","lastModifiedDate":"2023-08-24"},{"lineNumber":43,"author":{"gitId":"antrikshdhand"},"content":"    private void displayHelp() {","lastModifiedDate":"2023-09-13"},{"lineNumber":44,"author":{"gitId":"antrikshdhand"},"content":"        System.out.println(\"###########################################################################\");","lastModifiedDate":"2023-09-06"},{"lineNumber":45,"author":{"gitId":"antrikshdhand"},"content":"        System.out.println(\"\\tWelcome to the Herbert Helpline!\" + System.lineSeparator());","lastModifiedDate":"2023-09-06"},{"lineNumber":46,"author":{"gitId":"antrikshdhand"},"content":"        System.out.println(\"\\tCOMMANDS\");","lastModifiedDate":"2023-09-06"},{"lineNumber":47,"author":{"gitId":"antrikshdhand"},"content":"        for (Command s : Command.values()) {","lastModifiedDate":"2023-09-06"},{"lineNumber":48,"author":{"gitId":"antrikshdhand"},"content":"            System.out.println(\"\\t* \" + s.name().toLowerCase());","lastModifiedDate":"2023-09-06"},{"lineNumber":49,"author":{"gitId":"antrikshdhand"},"content":"            System.out.println(s);","lastModifiedDate":"2023-09-06"},{"lineNumber":50,"author":{"gitId":"antrikshdhand"},"content":"            System.out.println();","lastModifiedDate":"2023-09-06"},{"lineNumber":51,"author":{"gitId":"antrikshdhand"},"content":"        }","lastModifiedDate":"2023-09-06"},{"lineNumber":52,"author":{"gitId":"antrikshdhand"},"content":"        System.out.println(\"###########################################################################\");","lastModifiedDate":"2023-09-06"},{"lineNumber":53,"author":{"gitId":"antrikshdhand"},"content":"    }","lastModifiedDate":"2023-09-06"},{"lineNumber":54,"author":{"gitId":"antrikshdhand"},"content":"","lastModifiedDate":"2023-09-06"},{"lineNumber":55,"author":{"gitId":"antrikshdhand"},"content":"    public int processLine(String line) {","lastModifiedDate":"2023-08-29"},{"lineNumber":56,"author":{"gitId":"antrikshdhand"},"content":"        line \u003d line.strip();","lastModifiedDate":"2023-08-30"},{"lineNumber":57,"author":{"gitId":"antrikshdhand"},"content":"        if (line.isEmpty()) {","lastModifiedDate":"2023-09-13"},{"lineNumber":58,"author":{"gitId":"antrikshdhand"},"content":"            printMessageInvalidInput(\"Please enter a command!\");","lastModifiedDate":"2023-09-13"},{"lineNumber":59,"author":{"gitId":"antrikshdhand"},"content":"            return -1;","lastModifiedDate":"2023-09-13"},{"lineNumber":60,"author":{"gitId":"antrikshdhand"},"content":"        }","lastModifiedDate":"2023-09-13"},{"lineNumber":61,"author":{"gitId":"antrikshdhand"},"content":"","lastModifiedDate":"2023-09-13"},{"lineNumber":62,"author":{"gitId":"antrikshdhand"},"content":"        String lowerLine \u003d line.toLowerCase();","lastModifiedDate":"2023-09-13"},{"lineNumber":63,"author":{"gitId":"antrikshdhand"},"content":"","lastModifiedDate":"2023-09-13"},{"lineNumber":64,"author":{"gitId":"antrikshdhand"},"content":"        if (lowerLine.equals(\"bye\")) {","lastModifiedDate":"2023-09-13"},{"lineNumber":65,"author":{"gitId":"antrikshdhand"},"content":"            sayGoodbye();","lastModifiedDate":"2023-08-29"},{"lineNumber":66,"author":{"gitId":"antrikshdhand"},"content":"            return 1;","lastModifiedDate":"2023-08-29"},{"lineNumber":67,"author":{"gitId":"antrikshdhand"},"content":"        } else if (lowerLine.equals(\"list\")) {","lastModifiedDate":"2023-09-13"},{"lineNumber":68,"author":{"gitId":"antrikshdhand"},"content":"            listTasks();","lastModifiedDate":"2023-09-13"},{"lineNumber":69,"author":{"gitId":"antrikshdhand"},"content":"        } else if (lowerLine.equals(\"help\")) {","lastModifiedDate":"2023-09-13"},{"lineNumber":70,"author":{"gitId":"antrikshdhand"},"content":"            displayHelp();","lastModifiedDate":"2023-09-06"},{"lineNumber":71,"author":{"gitId":"antrikshdhand"},"content":"        } else if (lowerLine.startsWith(\"todo\") || lowerLine.startsWith(\"deadline\") || lowerLine.startsWith(\"event\")) {","lastModifiedDate":"2023-09-13"},{"lineNumber":72,"author":{"gitId":"antrikshdhand"},"content":"            addTask(line);","lastModifiedDate":"2023-09-06"},{"lineNumber":73,"author":{"gitId":"antrikshdhand"},"content":"        } else if (lowerLine.startsWith(\"delete\")) {","lastModifiedDate":"2023-09-20"},{"lineNumber":74,"author":{"gitId":"antrikshdhand"},"content":"            deleteTask(line);","lastModifiedDate":"2023-09-20"},{"lineNumber":75,"author":{"gitId":"antrikshdhand"},"content":"        } else if (lowerLine.startsWith(\"mark\")) {","lastModifiedDate":"2023-09-13"},{"lineNumber":76,"author":{"gitId":"antrikshdhand"},"content":"            markTask(line, true);","lastModifiedDate":"2023-08-30"},{"lineNumber":77,"author":{"gitId":"antrikshdhand"},"content":"        } else if (lowerLine.startsWith(\"unmark\")) {","lastModifiedDate":"2023-09-13"},{"lineNumber":78,"author":{"gitId":"antrikshdhand"},"content":"            markTask(line, false);","lastModifiedDate":"2023-08-30"},{"lineNumber":79,"author":{"gitId":"antrikshdhand"},"content":"        } else {","lastModifiedDate":"2023-08-30"},{"lineNumber":80,"author":{"gitId":"antrikshdhand"},"content":"            printMessageUnknownCommand(line);","lastModifiedDate":"2023-09-13"},{"lineNumber":81,"author":{"gitId":"antrikshdhand"},"content":"        }","lastModifiedDate":"2023-08-30"},{"lineNumber":82,"author":{"gitId":"antrikshdhand"},"content":"","lastModifiedDate":"2023-08-30"},{"lineNumber":83,"author":{"gitId":"antrikshdhand"},"content":"        return 0;","lastModifiedDate":"2023-08-30"},{"lineNumber":84,"author":{"gitId":"antrikshdhand"},"content":"    }","lastModifiedDate":"2023-08-30"},{"lineNumber":85,"author":{"gitId":"antrikshdhand"},"content":"","lastModifiedDate":"2023-08-30"},{"lineNumber":86,"author":{"gitId":"antrikshdhand"},"content":"    private void markTask(String line, boolean completed) {","lastModifiedDate":"2023-09-13"},{"lineNumber":87,"author":{"gitId":"antrikshdhand"},"content":"        // Check for valid user input","lastModifiedDate":"2023-09-13"},{"lineNumber":88,"author":{"gitId":"antrikshdhand"},"content":"        if (checkInputTaskIndex(line) \u003d\u003d -1) {","lastModifiedDate":"2023-09-20"},{"lineNumber":89,"author":{"gitId":"antrikshdhand"},"content":"            return;","lastModifiedDate":"2023-09-06"},{"lineNumber":90,"author":{"gitId":"antrikshdhand"},"content":"        }","lastModifiedDate":"2023-09-06"},{"lineNumber":91,"author":{"gitId":"antrikshdhand"},"content":"","lastModifiedDate":"2023-09-06"},{"lineNumber":92,"author":{"gitId":"antrikshdhand"},"content":"        // Extract task index and mark the task as completed","lastModifiedDate":"2023-09-13"},{"lineNumber":93,"author":{"gitId":"antrikshdhand"},"content":"        int taskIndex \u003d extractTaskIndex(line);","lastModifiedDate":"2023-09-13"},{"lineNumber":94,"author":{"gitId":"antrikshdhand"},"content":"        if (taskIndex \u003d\u003d -1) {","lastModifiedDate":"2023-09-13"},{"lineNumber":95,"author":{"gitId":"antrikshdhand"},"content":"            return;","lastModifiedDate":"2023-09-06"},{"lineNumber":96,"author":{"gitId":"antrikshdhand"},"content":"        }","lastModifiedDate":"2023-09-13"},{"lineNumber":97,"author":{"gitId":"antrikshdhand"},"content":"        int verify \u003d verifyTaskIndex(taskIndex);","lastModifiedDate":"2023-09-13"},{"lineNumber":98,"author":{"gitId":"antrikshdhand"},"content":"        if (verify \u003d\u003d -1) {","lastModifiedDate":"2023-09-13"},{"lineNumber":99,"author":{"gitId":"antrikshdhand"},"content":"            return;","lastModifiedDate":"2023-09-06"},{"lineNumber":100,"author":{"gitId":"antrikshdhand"},"content":"        }","lastModifiedDate":"2023-08-30"},{"lineNumber":101,"author":{"gitId":"antrikshdhand"},"content":"        Task task \u003d tasks.get(taskIndex);","lastModifiedDate":"2023-09-06"},{"lineNumber":102,"author":{"gitId":"antrikshdhand"},"content":"        task.setCompleted(completed);","lastModifiedDate":"2023-09-06"},{"lineNumber":103,"author":{"gitId":"antrikshdhand"},"content":"","lastModifiedDate":"2023-08-30"},{"lineNumber":104,"author":{"gitId":"antrikshdhand"},"content":"        // Print result message to user","lastModifiedDate":"2023-09-13"},{"lineNumber":105,"author":{"gitId":"antrikshdhand"},"content":"        printMessageMarkTask(task, completed);","lastModifiedDate":"2023-09-13"},{"lineNumber":106,"author":{"gitId":"antrikshdhand"},"content":"    }","lastModifiedDate":"2023-08-30"},{"lineNumber":107,"author":{"gitId":"antrikshdhand"},"content":"","lastModifiedDate":"2023-09-13"},{"lineNumber":108,"author":{"gitId":"antrikshdhand"},"content":"    private int checkInputTaskIndex(String line) {","lastModifiedDate":"2023-09-20"},{"lineNumber":109,"author":{"gitId":"antrikshdhand"},"content":"        if (line.split(\" \").length !\u003d 2) {","lastModifiedDate":"2023-09-13"},{"lineNumber":110,"author":{"gitId":"antrikshdhand"},"content":"            printMessageInvalidInput(\"Please enter the task number you wish to change the status of.\");","lastModifiedDate":"2023-09-13"},{"lineNumber":111,"author":{"gitId":"antrikshdhand"},"content":"            return -1;","lastModifiedDate":"2023-09-13"},{"lineNumber":112,"author":{"gitId":"antrikshdhand"},"content":"        }","lastModifiedDate":"2023-08-29"},{"lineNumber":113,"author":{"gitId":"antrikshdhand"},"content":"","lastModifiedDate":"2023-08-29"},{"lineNumber":114,"author":{"gitId":"antrikshdhand"},"content":"        return 0;","lastModifiedDate":"2023-09-13"},{"lineNumber":115,"author":{"gitId":"antrikshdhand"},"content":"    }","lastModifiedDate":"2023-09-13"},{"lineNumber":116,"author":{"gitId":"antrikshdhand"},"content":"","lastModifiedDate":"2023-09-06"},{"lineNumber":117,"author":{"gitId":"antrikshdhand"},"content":"    private int extractTaskIndex(String line) {","lastModifiedDate":"2023-09-13"},{"lineNumber":118,"author":{"gitId":"antrikshdhand"},"content":"        int taskIndex;","lastModifiedDate":"2023-09-13"},{"lineNumber":119,"author":{"gitId":"antrikshdhand"},"content":"        try {","lastModifiedDate":"2023-09-13"},{"lineNumber":120,"author":{"gitId":"antrikshdhand"},"content":"            taskIndex \u003d Integer.parseInt(line.split(\" \")[1]) - 1;","lastModifiedDate":"2023-09-13"},{"lineNumber":121,"author":{"gitId":"antrikshdhand"},"content":"        } catch (NumberFormatException e) {","lastModifiedDate":"2023-09-13"},{"lineNumber":122,"author":{"gitId":"antrikshdhand"},"content":"            printMessageInvalidInput(\"Task index must be a positive integer.\");","lastModifiedDate":"2023-09-13"},{"lineNumber":123,"author":{"gitId":"antrikshdhand"},"content":"            return -1;","lastModifiedDate":"2023-09-13"},{"lineNumber":124,"author":{"gitId":"antrikshdhand"},"content":"        }","lastModifiedDate":"2023-09-13"},{"lineNumber":125,"author":{"gitId":"antrikshdhand"},"content":"","lastModifiedDate":"2023-09-13"},{"lineNumber":126,"author":{"gitId":"antrikshdhand"},"content":"        return taskIndex;","lastModifiedDate":"2023-09-13"},{"lineNumber":127,"author":{"gitId":"antrikshdhand"},"content":"    }","lastModifiedDate":"2023-09-13"},{"lineNumber":128,"author":{"gitId":"antrikshdhand"},"content":"","lastModifiedDate":"2023-09-13"},{"lineNumber":129,"author":{"gitId":"antrikshdhand"},"content":"    private int verifyTaskIndex(int taskIndex) {","lastModifiedDate":"2023-09-13"},{"lineNumber":130,"author":{"gitId":"antrikshdhand"},"content":"        if (taskIndex \u003e\u003d tasks.size()) {","lastModifiedDate":"2023-09-13"},{"lineNumber":131,"author":{"gitId":"antrikshdhand"},"content":"            printMessageInvalidInput(\"No such task exists!\");","lastModifiedDate":"2023-09-13"},{"lineNumber":132,"author":{"gitId":"antrikshdhand"},"content":"            return -1;","lastModifiedDate":"2023-09-13"},{"lineNumber":133,"author":{"gitId":"antrikshdhand"},"content":"        }","lastModifiedDate":"2023-09-13"},{"lineNumber":134,"author":{"gitId":"antrikshdhand"},"content":"        if (taskIndex \u003c 0) {","lastModifiedDate":"2023-09-13"},{"lineNumber":135,"author":{"gitId":"antrikshdhand"},"content":"            printMessageInvalidInput(\"Task index must be a positive integer.\");","lastModifiedDate":"2023-09-13"},{"lineNumber":136,"author":{"gitId":"antrikshdhand"},"content":"            return -1;","lastModifiedDate":"2023-09-13"},{"lineNumber":137,"author":{"gitId":"antrikshdhand"},"content":"        }","lastModifiedDate":"2023-09-13"},{"lineNumber":138,"author":{"gitId":"antrikshdhand"},"content":"        return 0;","lastModifiedDate":"2023-09-13"},{"lineNumber":139,"author":{"gitId":"antrikshdhand"},"content":"    }","lastModifiedDate":"2023-09-13"},{"lineNumber":140,"author":{"gitId":"antrikshdhand"},"content":"","lastModifiedDate":"2023-09-13"},{"lineNumber":141,"author":{"gitId":"antrikshdhand"},"content":"    private void addTask(String line) {","lastModifiedDate":"2023-09-13"},{"lineNumber":142,"author":{"gitId":"antrikshdhand"},"content":"        if (checkInputAddTask(line) \u003d\u003d -1) {","lastModifiedDate":"2023-09-13"},{"lineNumber":143,"author":{"gitId":"antrikshdhand"},"content":"            return;","lastModifiedDate":"2023-09-06"},{"lineNumber":144,"author":{"gitId":"antrikshdhand"},"content":"        }","lastModifiedDate":"2023-09-06"},{"lineNumber":145,"author":{"gitId":"antrikshdhand"},"content":"","lastModifiedDate":"2023-09-06"},{"lineNumber":146,"author":{"gitId":"antrikshdhand"},"content":"        String[] words \u003d line.split(\" \");","lastModifiedDate":"2023-09-13"},{"lineNumber":147,"author":{"gitId":"antrikshdhand"},"content":"        switch (words[0]) {","lastModifiedDate":"2023-09-06"},{"lineNumber":148,"author":{"gitId":"antrikshdhand"},"content":"        case \"todo\": {","lastModifiedDate":"2023-09-06"},{"lineNumber":149,"author":{"gitId":"antrikshdhand"},"content":"            // Get details","lastModifiedDate":"2023-09-13"},{"lineNumber":150,"author":{"gitId":"antrikshdhand"},"content":"            String description \u003d line.substring(line.indexOf(\" \") + 1);","lastModifiedDate":"2023-09-13"},{"lineNumber":151,"author":{"gitId":"antrikshdhand"},"content":"","lastModifiedDate":"2023-09-06"},{"lineNumber":152,"author":{"gitId":"antrikshdhand"},"content":"            // Create and add task","lastModifiedDate":"2023-09-13"},{"lineNumber":153,"author":{"gitId":"antrikshdhand"},"content":"            Todo td \u003d new Todo(description);","lastModifiedDate":"2023-09-06"},{"lineNumber":154,"author":{"gitId":"antrikshdhand"},"content":"            this.tasks.add(td);","lastModifiedDate":"2023-09-06"},{"lineNumber":155,"author":{"gitId":"antrikshdhand"},"content":"","lastModifiedDate":"2023-09-06"},{"lineNumber":156,"author":{"gitId":"antrikshdhand"},"content":"            // Print success message","lastModifiedDate":"2023-09-13"},{"lineNumber":157,"author":{"gitId":"antrikshdhand"},"content":"            printMessageAddTask(td);","lastModifiedDate":"2023-09-13"},{"lineNumber":158,"author":{"gitId":"antrikshdhand"},"content":"","lastModifiedDate":"2023-09-06"},{"lineNumber":159,"author":{"gitId":"antrikshdhand"},"content":"            break;","lastModifiedDate":"2023-09-06"},{"lineNumber":160,"author":{"gitId":"antrikshdhand"},"content":"        }","lastModifiedDate":"2023-09-06"},{"lineNumber":161,"author":{"gitId":"antrikshdhand"},"content":"        case \"deadline\": {","lastModifiedDate":"2023-09-06"},{"lineNumber":162,"author":{"gitId":"antrikshdhand"},"content":"            // Get details","lastModifiedDate":"2023-09-13"},{"lineNumber":163,"author":{"gitId":"antrikshdhand"},"content":"            String[] dlDetails \u003d getDeadlineDetails(line);","lastModifiedDate":"2023-09-13"},{"lineNumber":164,"author":{"gitId":"antrikshdhand"},"content":"            if (dlDetails \u003d\u003d null) {","lastModifiedDate":"2023-09-13"},{"lineNumber":165,"author":{"gitId":"antrikshdhand"},"content":"                return;","lastModifiedDate":"2023-09-06"},{"lineNumber":166,"author":{"gitId":"antrikshdhand"},"content":"            }","lastModifiedDate":"2023-09-06"},{"lineNumber":167,"author":{"gitId":"antrikshdhand"},"content":"","lastModifiedDate":"2023-09-06"},{"lineNumber":168,"author":{"gitId":"antrikshdhand"},"content":"            // Create and add task","lastModifiedDate":"2023-09-13"},{"lineNumber":169,"author":{"gitId":"antrikshdhand"},"content":"            Deadline dl \u003d new Deadline(dlDetails);","lastModifiedDate":"2023-09-13"},{"lineNumber":170,"author":{"gitId":"antrikshdhand"},"content":"            tasks.add(dl);","lastModifiedDate":"2023-09-06"},{"lineNumber":171,"author":{"gitId":"antrikshdhand"},"content":"","lastModifiedDate":"2023-08-30"},{"lineNumber":172,"author":{"gitId":"antrikshdhand"},"content":"            // Print success message","lastModifiedDate":"2023-09-13"},{"lineNumber":173,"author":{"gitId":"antrikshdhand"},"content":"            printMessageAddTask(dl);","lastModifiedDate":"2023-09-13"},{"lineNumber":174,"author":{"gitId":"antrikshdhand"},"content":"            break;","lastModifiedDate":"2023-09-06"},{"lineNumber":175,"author":{"gitId":"antrikshdhand"},"content":"        }","lastModifiedDate":"2023-09-06"},{"lineNumber":176,"author":{"gitId":"antrikshdhand"},"content":"        case \"event\":","lastModifiedDate":"2023-09-06"},{"lineNumber":177,"author":{"gitId":"antrikshdhand"},"content":"            // Get details","lastModifiedDate":"2023-09-13"},{"lineNumber":178,"author":{"gitId":"antrikshdhand"},"content":"            String[] evDetails \u003d getEventDetails(line);","lastModifiedDate":"2023-09-13"},{"lineNumber":179,"author":{"gitId":"antrikshdhand"},"content":"            if (evDetails \u003d\u003d null) {","lastModifiedDate":"2023-09-13"},{"lineNumber":180,"author":{"gitId":"antrikshdhand"},"content":"                return;","lastModifiedDate":"2023-09-13"},{"lineNumber":181,"author":{"gitId":"antrikshdhand"},"content":"            }","lastModifiedDate":"2023-09-13"},{"lineNumber":182,"author":{"gitId":"antrikshdhand"},"content":"","lastModifiedDate":"2023-09-13"},{"lineNumber":183,"author":{"gitId":"antrikshdhand"},"content":"            // Create and add task","lastModifiedDate":"2023-09-13"},{"lineNumber":184,"author":{"gitId":"antrikshdhand"},"content":"            Event ev \u003d new Event(evDetails);","lastModifiedDate":"2023-09-13"},{"lineNumber":185,"author":{"gitId":"antrikshdhand"},"content":"            tasks.add(ev);","lastModifiedDate":"2023-09-13"},{"lineNumber":186,"author":{"gitId":"antrikshdhand"},"content":"","lastModifiedDate":"2023-09-13"},{"lineNumber":187,"author":{"gitId":"antrikshdhand"},"content":"            // Print success message","lastModifiedDate":"2023-09-13"},{"lineNumber":188,"author":{"gitId":"antrikshdhand"},"content":"            printMessageAddTask(ev);","lastModifiedDate":"2023-09-13"},{"lineNumber":189,"author":{"gitId":"antrikshdhand"},"content":"            break;","lastModifiedDate":"2023-09-13"},{"lineNumber":190,"author":{"gitId":"antrikshdhand"},"content":"        }","lastModifiedDate":"2023-09-13"},{"lineNumber":191,"author":{"gitId":"antrikshdhand"},"content":"    }","lastModifiedDate":"2023-09-13"},{"lineNumber":192,"author":{"gitId":"antrikshdhand"},"content":"","lastModifiedDate":"2023-09-13"},{"lineNumber":193,"author":{"gitId":"antrikshdhand"},"content":"    private void deleteTask(String line) {","lastModifiedDate":"2023-09-20"},{"lineNumber":194,"author":{"gitId":"antrikshdhand"},"content":"        if (checkInputTaskIndex(line) \u003d\u003d -1) {","lastModifiedDate":"2023-09-20"},{"lineNumber":195,"author":{"gitId":"antrikshdhand"},"content":"           return;","lastModifiedDate":"2023-09-20"},{"lineNumber":196,"author":{"gitId":"antrikshdhand"},"content":"        }","lastModifiedDate":"2023-09-20"},{"lineNumber":197,"author":{"gitId":"antrikshdhand"},"content":"","lastModifiedDate":"2023-09-20"},{"lineNumber":198,"author":{"gitId":"antrikshdhand"},"content":"        int taskIndex \u003d extractTaskIndex(line);","lastModifiedDate":"2023-09-20"},{"lineNumber":199,"author":{"gitId":"antrikshdhand"},"content":"        if (taskIndex \u003d\u003d -1) {","lastModifiedDate":"2023-09-20"},{"lineNumber":200,"author":{"gitId":"antrikshdhand"},"content":"            return;","lastModifiedDate":"2023-09-20"},{"lineNumber":201,"author":{"gitId":"antrikshdhand"},"content":"        }","lastModifiedDate":"2023-09-20"},{"lineNumber":202,"author":{"gitId":"antrikshdhand"},"content":"        int verify \u003d verifyTaskIndex(taskIndex);","lastModifiedDate":"2023-09-20"},{"lineNumber":203,"author":{"gitId":"antrikshdhand"},"content":"        if (verify \u003d\u003d -1) {","lastModifiedDate":"2023-09-20"},{"lineNumber":204,"author":{"gitId":"antrikshdhand"},"content":"            return;","lastModifiedDate":"2023-09-20"},{"lineNumber":205,"author":{"gitId":"antrikshdhand"},"content":"        }","lastModifiedDate":"2023-09-20"},{"lineNumber":206,"author":{"gitId":"antrikshdhand"},"content":"","lastModifiedDate":"2023-09-20"},{"lineNumber":207,"author":{"gitId":"antrikshdhand"},"content":"        Task taskCopy \u003d tasks.get(taskIndex);","lastModifiedDate":"2023-09-20"},{"lineNumber":208,"author":{"gitId":"antrikshdhand"},"content":"        tasks.remove(taskIndex);","lastModifiedDate":"2023-09-20"},{"lineNumber":209,"author":{"gitId":"antrikshdhand"},"content":"        printMessageDeleteTask(taskCopy);","lastModifiedDate":"2023-09-20"},{"lineNumber":210,"author":{"gitId":"antrikshdhand"},"content":"    }","lastModifiedDate":"2023-09-20"},{"lineNumber":211,"author":{"gitId":"antrikshdhand"},"content":"","lastModifiedDate":"2023-09-20"},{"lineNumber":212,"author":{"gitId":"antrikshdhand"},"content":"    private int checkInputAddTask(String line) {","lastModifiedDate":"2023-09-13"},{"lineNumber":213,"author":{"gitId":"antrikshdhand"},"content":"        String[] words \u003d line.split(\" \");","lastModifiedDate":"2023-09-13"},{"lineNumber":214,"author":{"gitId":"antrikshdhand"},"content":"        if (words.length \u003c 2) {","lastModifiedDate":"2023-09-13"},{"lineNumber":215,"author":{"gitId":"antrikshdhand"},"content":"            printMessageInvalidInput();","lastModifiedDate":"2023-09-13"},{"lineNumber":216,"author":{"gitId":"antrikshdhand"},"content":"            return -1;","lastModifiedDate":"2023-09-13"},{"lineNumber":217,"author":{"gitId":"antrikshdhand"},"content":"        }","lastModifiedDate":"2023-09-13"},{"lineNumber":218,"author":{"gitId":"antrikshdhand"},"content":"        return 0;","lastModifiedDate":"2023-09-13"},{"lineNumber":219,"author":{"gitId":"antrikshdhand"},"content":"    }","lastModifiedDate":"2023-09-13"},{"lineNumber":220,"author":{"gitId":"antrikshdhand"},"content":"","lastModifiedDate":"2023-09-13"},{"lineNumber":221,"author":{"gitId":"antrikshdhand"},"content":"    private String[] getDeadlineDetails(String line) {","lastModifiedDate":"2023-09-13"},{"lineNumber":222,"author":{"gitId":"antrikshdhand"},"content":"        String patternString \u003d \"^deadline\\\\s+(.+?)\\\\s+/by\\\\s+(.+)$\";","lastModifiedDate":"2023-09-13"},{"lineNumber":223,"author":{"gitId":"antrikshdhand"},"content":"        Pattern pattern \u003d Pattern.compile(patternString);","lastModifiedDate":"2023-09-06"},{"lineNumber":224,"author":{"gitId":"antrikshdhand"},"content":"        Matcher matcher \u003d pattern.matcher(line);","lastModifiedDate":"2023-09-06"},{"lineNumber":225,"author":{"gitId":"antrikshdhand"},"content":"","lastModifiedDate":"2023-09-06"},{"lineNumber":226,"author":{"gitId":"antrikshdhand"},"content":"        if (!matcher.find()) {","lastModifiedDate":"2023-09-06"},{"lineNumber":227,"author":{"gitId":"antrikshdhand"},"content":"            printMessageInvalidInput();","lastModifiedDate":"2023-09-13"},{"lineNumber":228,"author":{"gitId":"antrikshdhand"},"content":"            return null;","lastModifiedDate":"2023-09-13"},{"lineNumber":229,"author":{"gitId":"antrikshdhand"},"content":"        }","lastModifiedDate":"2023-09-06"},{"lineNumber":230,"author":{"gitId":"antrikshdhand"},"content":"","lastModifiedDate":"2023-09-06"},{"lineNumber":231,"author":{"gitId":"antrikshdhand"},"content":"        return new String[] {matcher.group(1), matcher.group(2)};","lastModifiedDate":"2023-09-13"},{"lineNumber":232,"author":{"gitId":"antrikshdhand"},"content":"    }","lastModifiedDate":"2023-09-13"},{"lineNumber":233,"author":{"gitId":"antrikshdhand"},"content":"","lastModifiedDate":"2023-09-06"},{"lineNumber":234,"author":{"gitId":"antrikshdhand"},"content":"    private String[] getEventDetails(String line) {","lastModifiedDate":"2023-09-13"},{"lineNumber":235,"author":{"gitId":"antrikshdhand"},"content":"        String patternString \u003d \"^event\\\\s+(.+?)\\\\s+/from\\\\s+(.+?)\\\\s+/to\\\\s+(.+)$\";","lastModifiedDate":"2023-09-13"},{"lineNumber":236,"author":{"gitId":"antrikshdhand"},"content":"        Pattern pattern \u003d Pattern.compile(patternString);","lastModifiedDate":"2023-09-13"},{"lineNumber":237,"author":{"gitId":"antrikshdhand"},"content":"        Matcher matcher \u003d pattern.matcher(line);","lastModifiedDate":"2023-09-13"},{"lineNumber":238,"author":{"gitId":"antrikshdhand"},"content":"","lastModifiedDate":"2023-09-06"},{"lineNumber":239,"author":{"gitId":"antrikshdhand"},"content":"        if (!matcher.find()) {","lastModifiedDate":"2023-09-13"},{"lineNumber":240,"author":{"gitId":"antrikshdhand"},"content":"            printMessageInvalidInput();","lastModifiedDate":"2023-09-13"},{"lineNumber":241,"author":{"gitId":"antrikshdhand"},"content":"            return null;","lastModifiedDate":"2023-09-13"},{"lineNumber":242,"author":{"gitId":"antrikshdhand"},"content":"        }","lastModifiedDate":"2023-09-06"},{"lineNumber":243,"author":{"gitId":"antrikshdhand"},"content":"","lastModifiedDate":"2023-09-13"},{"lineNumber":244,"author":{"gitId":"antrikshdhand"},"content":"        return new String[] {matcher.group(1), matcher.group(2), matcher.group(3)};","lastModifiedDate":"2023-09-13"},{"lineNumber":245,"author":{"gitId":"antrikshdhand"},"content":"    }","lastModifiedDate":"2023-08-29"},{"lineNumber":246,"author":{"gitId":"antrikshdhand"},"content":"","lastModifiedDate":"2023-08-29"},{"lineNumber":247,"author":{"gitId":"antrikshdhand"},"content":"    public void listTasks() {","lastModifiedDate":"2023-09-13"},{"lineNumber":248,"author":{"gitId":"antrikshdhand"},"content":"        System.out.println(\"___________________________________________________________________________\");","lastModifiedDate":"2023-08-29"},{"lineNumber":249,"author":{"gitId":"antrikshdhand"},"content":"","lastModifiedDate":"2023-09-06"},{"lineNumber":250,"author":{"gitId":"antrikshdhand"},"content":"        if (tasks.size() \u003d\u003d 0) {","lastModifiedDate":"2023-09-06"},{"lineNumber":251,"author":{"gitId":"antrikshdhand"},"content":"            System.out.println(\"\\tThere are no tasks in your list! Sit back, relax, and enjoy.\");","lastModifiedDate":"2023-09-06"},{"lineNumber":252,"author":{"gitId":"antrikshdhand"},"content":"            System.out.println(\"___________________________________________________________________________\");","lastModifiedDate":"2023-09-06"},{"lineNumber":253,"author":{"gitId":"antrikshdhand"},"content":"            return;","lastModifiedDate":"2023-09-06"},{"lineNumber":254,"author":{"gitId":"antrikshdhand"},"content":"        }","lastModifiedDate":"2023-09-06"},{"lineNumber":255,"author":{"gitId":"antrikshdhand"},"content":"","lastModifiedDate":"2023-09-06"},{"lineNumber":256,"author":{"gitId":"antrikshdhand"},"content":"        System.out.println(\"\\tHere are the tasks in your list:\");","lastModifiedDate":"2023-08-30"},{"lineNumber":257,"author":{"gitId":"antrikshdhand"},"content":"        for (int i \u003d 0; i \u003c tasks.size(); i++) {","lastModifiedDate":"2023-08-30"},{"lineNumber":258,"author":{"gitId":"antrikshdhand"},"content":"            System.out.printf(\"\\t%d. [%s][%s] %s\\n\",","lastModifiedDate":"2023-09-06"},{"lineNumber":259,"author":{"gitId":"antrikshdhand"},"content":"                    (i + 1),","lastModifiedDate":"2023-09-06"},{"lineNumber":260,"author":{"gitId":"antrikshdhand"},"content":"                    tasks.get(i).getCode(),","lastModifiedDate":"2023-09-06"},{"lineNumber":261,"author":{"gitId":"antrikshdhand"},"content":"                    tasks.get(i).getStatusIcon(),","lastModifiedDate":"2023-09-06"},{"lineNumber":262,"author":{"gitId":"antrikshdhand"},"content":"                    tasks.get(i).getDescription()","lastModifiedDate":"2023-09-06"},{"lineNumber":263,"author":{"gitId":"antrikshdhand"},"content":"            );","lastModifiedDate":"2023-09-06"},{"lineNumber":264,"author":{"gitId":"antrikshdhand"},"content":"        }","lastModifiedDate":"2023-08-29"},{"lineNumber":265,"author":{"gitId":"antrikshdhand"},"content":"","lastModifiedDate":"2023-09-06"},{"lineNumber":266,"author":{"gitId":"antrikshdhand"},"content":"        System.out.println(\"___________________________________________________________________________\");","lastModifiedDate":"2023-08-29"},{"lineNumber":267,"author":{"gitId":"antrikshdhand"},"content":"    }","lastModifiedDate":"2023-08-24"},{"lineNumber":268,"author":{"gitId":"antrikshdhand"},"content":"","lastModifiedDate":"2023-08-29"},{"lineNumber":269,"author":{"gitId":"antrikshdhand"},"content":"    //region Message methods","lastModifiedDate":"2023-09-13"},{"lineNumber":270,"author":{"gitId":"antrikshdhand"},"content":"    private void printMessageInvalidInput(String errorMessage) {","lastModifiedDate":"2023-09-13"},{"lineNumber":271,"author":{"gitId":"antrikshdhand"},"content":"        System.out.println(\"___________________________________________________________________________\");","lastModifiedDate":"2023-09-13"},{"lineNumber":272,"author":{"gitId":"antrikshdhand"},"content":"        System.out.printf(\"\\t%s\\n\", errorMessage);","lastModifiedDate":"2023-09-13"},{"lineNumber":273,"author":{"gitId":"antrikshdhand"},"content":"        System.out.println(\"\\tUse \u0027help\u0027 for usage instructions.\");","lastModifiedDate":"2023-09-13"},{"lineNumber":274,"author":{"gitId":"antrikshdhand"},"content":"        System.out.println(\"___________________________________________________________________________\");","lastModifiedDate":"2023-09-13"},{"lineNumber":275,"author":{"gitId":"antrikshdhand"},"content":"    }","lastModifiedDate":"2023-09-13"},{"lineNumber":276,"author":{"gitId":"antrikshdhand"},"content":"","lastModifiedDate":"2023-09-13"},{"lineNumber":277,"author":{"gitId":"antrikshdhand"},"content":"    private void printMessageInvalidInput() {","lastModifiedDate":"2023-09-13"},{"lineNumber":278,"author":{"gitId":"antrikshdhand"},"content":"        System.out.println(\"___________________________________________________________________________\");","lastModifiedDate":"2023-09-06"},{"lineNumber":279,"author":{"gitId":"antrikshdhand"},"content":"        System.out.println(\"\\tInvalid input. Use \u0027help\u0027 for usage instructions.\");","lastModifiedDate":"2023-09-06"},{"lineNumber":280,"author":{"gitId":"antrikshdhand"},"content":"        System.out.println(\"___________________________________________________________________________\");","lastModifiedDate":"2023-09-06"},{"lineNumber":281,"author":{"gitId":"antrikshdhand"},"content":"    }","lastModifiedDate":"2023-09-13"},{"lineNumber":282,"author":{"gitId":"antrikshdhand"},"content":"","lastModifiedDate":"2023-09-13"},{"lineNumber":283,"author":{"gitId":"antrikshdhand"},"content":"    private void printMessageUnknownCommand(String userInput) {","lastModifiedDate":"2023-09-13"},{"lineNumber":284,"author":{"gitId":"antrikshdhand"},"content":"        System.out.println(\"___________________________________________________________________________\");","lastModifiedDate":"2023-09-13"},{"lineNumber":285,"author":{"gitId":"antrikshdhand"},"content":"        System.out.printf(\"\\tUnknown command \u0027%s\u0027. Use \u0027help\u0027 for a full list of user commands.\\n\", userInput);","lastModifiedDate":"2023-09-13"},{"lineNumber":286,"author":{"gitId":"antrikshdhand"},"content":"        System.out.println(\"___________________________________________________________________________\");","lastModifiedDate":"2023-09-13"},{"lineNumber":287,"author":{"gitId":"antrikshdhand"},"content":"    }","lastModifiedDate":"2023-09-13"},{"lineNumber":288,"author":{"gitId":"antrikshdhand"},"content":"","lastModifiedDate":"2023-09-13"},{"lineNumber":289,"author":{"gitId":"antrikshdhand"},"content":"    private void printMessageMarkTask(Task task, boolean completed) {","lastModifiedDate":"2023-09-13"},{"lineNumber":290,"author":{"gitId":"antrikshdhand"},"content":"        System.out.println(\"___________________________________________________________________________\");","lastModifiedDate":"2023-09-13"},{"lineNumber":291,"author":{"gitId":"antrikshdhand"},"content":"        if (completed) {","lastModifiedDate":"2023-09-13"},{"lineNumber":292,"author":{"gitId":"antrikshdhand"},"content":"            System.out.println(\"\\tLovely! I\u0027ve marked this task as done:\");","lastModifiedDate":"2023-09-13"},{"lineNumber":293,"author":{"gitId":"antrikshdhand"},"content":"        } else {","lastModifiedDate":"2023-09-13"},{"lineNumber":294,"author":{"gitId":"antrikshdhand"},"content":"            System.out.println(\"\\tOkay, I\u0027ve unmarked this task for you:\");","lastModifiedDate":"2023-09-13"},{"lineNumber":295,"author":{"gitId":"antrikshdhand"},"content":"        }","lastModifiedDate":"2023-09-13"},{"lineNumber":296,"author":{"gitId":"antrikshdhand"},"content":"        System.out.println(\"\\t\\t[\" + task.getStatusIcon() + \"] \" + task.getDescription());","lastModifiedDate":"2023-09-13"},{"lineNumber":297,"author":{"gitId":"antrikshdhand"},"content":"        System.out.println(\"___________________________________________________________________________\");","lastModifiedDate":"2023-09-13"},{"lineNumber":298,"author":{"gitId":"antrikshdhand"},"content":"    }","lastModifiedDate":"2023-09-06"},{"lineNumber":299,"author":{"gitId":"antrikshdhand"},"content":"","lastModifiedDate":"2023-09-13"},{"lineNumber":300,"author":{"gitId":"antrikshdhand"},"content":"    private void printMessageAddTask(Task t) {","lastModifiedDate":"2023-09-13"},{"lineNumber":301,"author":{"gitId":"antrikshdhand"},"content":"        System.out.println(\"___________________________________________________________________________\");","lastModifiedDate":"2023-09-13"},{"lineNumber":302,"author":{"gitId":"antrikshdhand"},"content":"        System.out.println(\"\\tOkay, I\u0027ve added this to your task list:\");","lastModifiedDate":"2023-09-13"},{"lineNumber":303,"author":{"gitId":"antrikshdhand"},"content":"        System.out.printf(\"\\t\\t[%s][%s] %s\\n\", t.getCode(), t.getStatusIcon(), t);","lastModifiedDate":"2023-09-13"},{"lineNumber":304,"author":{"gitId":"antrikshdhand"},"content":"        System.out.printf(\"\\tNow you have %d task(s) in your list.\\n\", tasks.size());","lastModifiedDate":"2023-09-13"},{"lineNumber":305,"author":{"gitId":"antrikshdhand"},"content":"        System.out.println(\"___________________________________________________________________________\");","lastModifiedDate":"2023-09-13"},{"lineNumber":306,"author":{"gitId":"antrikshdhand"},"content":"    }","lastModifiedDate":"2023-09-13"},{"lineNumber":307,"author":{"gitId":"antrikshdhand"},"content":"","lastModifiedDate":"2023-09-20"},{"lineNumber":308,"author":{"gitId":"antrikshdhand"},"content":"    private void printMessageDeleteTask(Task t) {","lastModifiedDate":"2023-09-20"},{"lineNumber":309,"author":{"gitId":"antrikshdhand"},"content":"        System.out.println(\"___________________________________________________________________________\");","lastModifiedDate":"2023-09-20"},{"lineNumber":310,"author":{"gitId":"antrikshdhand"},"content":"        System.out.println(\"\\tNoted. I\u0027ve removed this task from your list:\");","lastModifiedDate":"2023-09-20"},{"lineNumber":311,"author":{"gitId":"antrikshdhand"},"content":"        System.out.printf(\"\\t\\t[%s][%s] %s\\n\", t.getCode(), t.getStatusIcon(), t);","lastModifiedDate":"2023-09-20"},{"lineNumber":312,"author":{"gitId":"antrikshdhand"},"content":"        System.out.printf(\"\\tNow you have %d task(s) in your list.\\n\", tasks.size());","lastModifiedDate":"2023-09-20"},{"lineNumber":313,"author":{"gitId":"antrikshdhand"},"content":"        System.out.println(\"___________________________________________________________________________\");","lastModifiedDate":"2023-09-20"},{"lineNumber":314,"author":{"gitId":"antrikshdhand"},"content":"    }","lastModifiedDate":"2023-09-20"},{"lineNumber":315,"author":{"gitId":"antrikshdhand"},"content":"    //endregion","lastModifiedDate":"2023-09-13"},{"lineNumber":316,"author":{"gitId":"antrikshdhand"},"content":"","lastModifiedDate":"2023-09-13"},{"lineNumber":317,"author":{"gitId":"antrikshdhand"},"content":"}","lastModifiedDate":"2023-08-24"},{"lineNumber":318,"author":{"gitId":"antrikshdhand"},"content":"","lastModifiedDate":"2023-08-24"},{"lineNumber":319,"author":{"gitId":"antrikshdhand"},"content":"","lastModifiedDate":"2023-09-06"},{"lineNumber":320,"author":{"gitId":"antrikshdhand"},"content":"","lastModifiedDate":"2023-09-06"}],"authorContributionMap":{"antrikshdhand":320}},{"path":"src/main/java/duke/Main.java","fileType":"java","lines":[{"lineNumber":1,"author":{"gitId":"antrikshdhand"},"content":"package duke;","lastModifiedDate":"2023-09-13"},{"lineNumber":2,"author":{"gitId":"antrikshdhand"},"content":"","lastModifiedDate":"2023-09-13"},{"lineNumber":3,"author":{"gitId":"antrikshdhand"},"content":"import java.util.Scanner;","lastModifiedDate":"2023-08-29"},{"lineNumber":4,"author":{"gitId":"antrikshdhand"},"content":"","lastModifiedDate":"2023-08-29"},{"lineNumber":5,"author":{"gitId":"antrikshdhand"},"content":"public class Main {","lastModifiedDate":"2023-08-29"},{"lineNumber":6,"author":{"gitId":"antrikshdhand"},"content":"","lastModifiedDate":"2023-08-29"},{"lineNumber":7,"author":{"gitId":"antrikshdhand"},"content":"    public static void main(String[] args) {","lastModifiedDate":"2023-08-29"},{"lineNumber":8,"author":{"gitId":"antrikshdhand"},"content":"        Herbert herbert \u003d new Herbert();","lastModifiedDate":"2023-08-29"},{"lineNumber":9,"author":{"gitId":"antrikshdhand"},"content":"        Scanner scan \u003d new Scanner(System.in);","lastModifiedDate":"2023-08-29"},{"lineNumber":10,"author":{"gitId":"antrikshdhand"},"content":"","lastModifiedDate":"2023-08-29"},{"lineNumber":11,"author":{"gitId":"antrikshdhand"},"content":"        String line;","lastModifiedDate":"2023-08-29"},{"lineNumber":12,"author":{"gitId":"antrikshdhand"},"content":"        while (scan.hasNextLine()) {","lastModifiedDate":"2023-08-29"},{"lineNumber":13,"author":{"gitId":"antrikshdhand"},"content":"            line \u003d scan.nextLine();","lastModifiedDate":"2023-08-29"},{"lineNumber":14,"author":{"gitId":"antrikshdhand"},"content":"            System.out.println();","lastModifiedDate":"2023-09-06"},{"lineNumber":15,"author":{"gitId":"antrikshdhand"},"content":"","lastModifiedDate":"2023-08-29"},{"lineNumber":16,"author":{"gitId":"antrikshdhand"},"content":"            int process \u003d herbert.processLine(line);","lastModifiedDate":"2023-09-13"},{"lineNumber":17,"author":{"gitId":"antrikshdhand"},"content":"            if (process \u003d\u003d 1) {","lastModifiedDate":"2023-09-13"},{"lineNumber":18,"author":{"gitId":"antrikshdhand"},"content":"                // User has inputted \"bye\"","lastModifiedDate":"2023-09-06"},{"lineNumber":19,"author":{"gitId":"antrikshdhand"},"content":"                break;","lastModifiedDate":"2023-09-06"},{"lineNumber":20,"author":{"gitId":"antrikshdhand"},"content":"            }","lastModifiedDate":"2023-09-06"},{"lineNumber":21,"author":{"gitId":"antrikshdhand"},"content":"        }","lastModifiedDate":"2023-08-29"},{"lineNumber":22,"author":{"gitId":"antrikshdhand"},"content":"    }","lastModifiedDate":"2023-08-29"},{"lineNumber":23,"author":{"gitId":"antrikshdhand"},"content":"","lastModifiedDate":"2023-08-29"},{"lineNumber":24,"author":{"gitId":"antrikshdhand"},"content":"}","lastModifiedDate":"2023-08-29"}],"authorContributionMap":{"antrikshdhand":24}},{"path":"src/main/java/task/Deadline.java","fileType":"java","lines":[{"lineNumber":1,"author":{"gitId":"antrikshdhand"},"content":"package task;","lastModifiedDate":"2023-09-13"},{"lineNumber":2,"author":{"gitId":"antrikshdhand"},"content":"","lastModifiedDate":"2023-09-13"},{"lineNumber":3,"author":{"gitId":"antrikshdhand"},"content":"public class Deadline extends Task {","lastModifiedDate":"2023-09-06"},{"lineNumber":4,"author":{"gitId":"antrikshdhand"},"content":"","lastModifiedDate":"2023-09-06"},{"lineNumber":5,"author":{"gitId":"antrikshdhand"},"content":"    protected String dueDate;","lastModifiedDate":"2023-09-06"},{"lineNumber":6,"author":{"gitId":"antrikshdhand"},"content":"","lastModifiedDate":"2023-09-06"},{"lineNumber":7,"author":{"gitId":"antrikshdhand"},"content":"    public Deadline(String description, String dueDate) {","lastModifiedDate":"2023-09-06"},{"lineNumber":8,"author":{"gitId":"antrikshdhand"},"content":"        super(description);","lastModifiedDate":"2023-09-06"},{"lineNumber":9,"author":{"gitId":"antrikshdhand"},"content":"        this.dueDate \u003d dueDate;","lastModifiedDate":"2023-09-06"},{"lineNumber":10,"author":{"gitId":"antrikshdhand"},"content":"    }","lastModifiedDate":"2023-09-06"},{"lineNumber":11,"author":{"gitId":"antrikshdhand"},"content":"","lastModifiedDate":"2023-09-06"},{"lineNumber":12,"author":{"gitId":"antrikshdhand"},"content":"    public Deadline(String[] details) {","lastModifiedDate":"2023-09-13"},{"lineNumber":13,"author":{"gitId":"antrikshdhand"},"content":"        super(details[0]);","lastModifiedDate":"2023-09-13"},{"lineNumber":14,"author":{"gitId":"antrikshdhand"},"content":"        this.dueDate \u003d details[1];","lastModifiedDate":"2023-09-13"},{"lineNumber":15,"author":{"gitId":"antrikshdhand"},"content":"    }","lastModifiedDate":"2023-09-13"},{"lineNumber":16,"author":{"gitId":"antrikshdhand"},"content":"","lastModifiedDate":"2023-09-13"},{"lineNumber":17,"author":{"gitId":"antrikshdhand"},"content":"    public String getCode() {","lastModifiedDate":"2023-09-06"},{"lineNumber":18,"author":{"gitId":"antrikshdhand"},"content":"        return \"D\";","lastModifiedDate":"2023-09-06"},{"lineNumber":19,"author":{"gitId":"antrikshdhand"},"content":"    }","lastModifiedDate":"2023-09-06"},{"lineNumber":20,"author":{"gitId":"antrikshdhand"},"content":"","lastModifiedDate":"2023-09-06"},{"lineNumber":21,"author":{"gitId":"antrikshdhand"},"content":"    @Override","lastModifiedDate":"2023-09-06"},{"lineNumber":22,"author":{"gitId":"antrikshdhand"},"content":"    public String toString() {","lastModifiedDate":"2023-09-06"},{"lineNumber":23,"author":{"gitId":"antrikshdhand"},"content":"        return super.toString() + \" (by: \" + this.dueDate + \")\";","lastModifiedDate":"2023-09-06"},{"lineNumber":24,"author":{"gitId":"antrikshdhand"},"content":"    }","lastModifiedDate":"2023-09-06"},{"lineNumber":25,"author":{"gitId":"antrikshdhand"},"content":"}","lastModifiedDate":"2023-09-06"}],"authorContributionMap":{"antrikshdhand":25}},{"path":"src/main/java/task/Event.java","fileType":"java","lines":[{"lineNumber":1,"author":{"gitId":"antrikshdhand"},"content":"package task;","lastModifiedDate":"2023-09-13"},{"lineNumber":2,"author":{"gitId":"antrikshdhand"},"content":"","lastModifiedDate":"2023-09-13"},{"lineNumber":3,"author":{"gitId":"antrikshdhand"},"content":"public class Event extends Task {","lastModifiedDate":"2023-09-06"},{"lineNumber":4,"author":{"gitId":"antrikshdhand"},"content":"","lastModifiedDate":"2023-09-06"},{"lineNumber":5,"author":{"gitId":"antrikshdhand"},"content":"    protected String from;","lastModifiedDate":"2023-09-06"},{"lineNumber":6,"author":{"gitId":"antrikshdhand"},"content":"    protected String to;","lastModifiedDate":"2023-09-06"},{"lineNumber":7,"author":{"gitId":"antrikshdhand"},"content":"","lastModifiedDate":"2023-09-06"},{"lineNumber":8,"author":{"gitId":"antrikshdhand"},"content":"    public Event(String description, String from, String to) {","lastModifiedDate":"2023-09-06"},{"lineNumber":9,"author":{"gitId":"antrikshdhand"},"content":"        super(description);","lastModifiedDate":"2023-09-06"},{"lineNumber":10,"author":{"gitId":"antrikshdhand"},"content":"        this.from \u003d from;","lastModifiedDate":"2023-09-06"},{"lineNumber":11,"author":{"gitId":"antrikshdhand"},"content":"        this.to \u003d to;","lastModifiedDate":"2023-09-06"},{"lineNumber":12,"author":{"gitId":"antrikshdhand"},"content":"    }","lastModifiedDate":"2023-09-06"},{"lineNumber":13,"author":{"gitId":"antrikshdhand"},"content":"","lastModifiedDate":"2023-09-06"},{"lineNumber":14,"author":{"gitId":"antrikshdhand"},"content":"    public Event(String[] details) {","lastModifiedDate":"2023-09-13"},{"lineNumber":15,"author":{"gitId":"antrikshdhand"},"content":"        super(details[0]);","lastModifiedDate":"2023-09-13"},{"lineNumber":16,"author":{"gitId":"antrikshdhand"},"content":"        this.from \u003d details[1];","lastModifiedDate":"2023-09-13"},{"lineNumber":17,"author":{"gitId":"antrikshdhand"},"content":"        this.to \u003d details[2];","lastModifiedDate":"2023-09-13"},{"lineNumber":18,"author":{"gitId":"antrikshdhand"},"content":"    }","lastModifiedDate":"2023-09-13"},{"lineNumber":19,"author":{"gitId":"antrikshdhand"},"content":"","lastModifiedDate":"2023-09-13"},{"lineNumber":20,"author":{"gitId":"antrikshdhand"},"content":"    public String getCode() {","lastModifiedDate":"2023-09-06"},{"lineNumber":21,"author":{"gitId":"antrikshdhand"},"content":"        return \"E\";","lastModifiedDate":"2023-09-06"},{"lineNumber":22,"author":{"gitId":"antrikshdhand"},"content":"    }","lastModifiedDate":"2023-09-06"},{"lineNumber":23,"author":{"gitId":"antrikshdhand"},"content":"","lastModifiedDate":"2023-09-06"},{"lineNumber":24,"author":{"gitId":"antrikshdhand"},"content":"    @Override","lastModifiedDate":"2023-09-06"},{"lineNumber":25,"author":{"gitId":"antrikshdhand"},"content":"    public String toString() {","lastModifiedDate":"2023-09-06"},{"lineNumber":26,"author":{"gitId":"antrikshdhand"},"content":"        return super.toString() + \" (from: \" + this.from + \" to: \" + this.to + \")\";","lastModifiedDate":"2023-09-06"},{"lineNumber":27,"author":{"gitId":"antrikshdhand"},"content":"    }","lastModifiedDate":"2023-09-06"},{"lineNumber":28,"author":{"gitId":"antrikshdhand"},"content":"}","lastModifiedDate":"2023-09-06"}],"authorContributionMap":{"antrikshdhand":28}},{"path":"src/main/java/task/Task.java","fileType":"java","lines":[{"lineNumber":1,"author":{"gitId":"antrikshdhand"},"content":"package task;","lastModifiedDate":"2023-09-13"},{"lineNumber":2,"author":{"gitId":"antrikshdhand"},"content":"","lastModifiedDate":"2023-09-13"},{"lineNumber":3,"author":{"gitId":"antrikshdhand"},"content":"public abstract class Task {","lastModifiedDate":"2023-09-06"},{"lineNumber":4,"author":{"gitId":"antrikshdhand"},"content":"","lastModifiedDate":"2023-08-30"},{"lineNumber":5,"author":{"gitId":"antrikshdhand"},"content":"    protected String description;","lastModifiedDate":"2023-09-06"},{"lineNumber":6,"author":{"gitId":"antrikshdhand"},"content":"    protected boolean completed;","lastModifiedDate":"2023-09-06"},{"lineNumber":7,"author":{"gitId":"antrikshdhand"},"content":"","lastModifiedDate":"2023-08-30"},{"lineNumber":8,"author":{"gitId":"antrikshdhand"},"content":"    public Task(String description) {","lastModifiedDate":"2023-08-30"},{"lineNumber":9,"author":{"gitId":"antrikshdhand"},"content":"        this.description \u003d description;","lastModifiedDate":"2023-08-30"},{"lineNumber":10,"author":{"gitId":"antrikshdhand"},"content":"        this.completed \u003d false;","lastModifiedDate":"2023-08-30"},{"lineNumber":11,"author":{"gitId":"antrikshdhand"},"content":"    }","lastModifiedDate":"2023-08-30"},{"lineNumber":12,"author":{"gitId":"antrikshdhand"},"content":"","lastModifiedDate":"2023-08-30"},{"lineNumber":13,"author":{"gitId":"antrikshdhand"},"content":"    public String getStatusIcon() {","lastModifiedDate":"2023-08-30"},{"lineNumber":14,"author":{"gitId":"antrikshdhand"},"content":"        return (completed ? \"X\" : \" \");","lastModifiedDate":"2023-08-30"},{"lineNumber":15,"author":{"gitId":"antrikshdhand"},"content":"    }","lastModifiedDate":"2023-08-30"},{"lineNumber":16,"author":{"gitId":"antrikshdhand"},"content":"","lastModifiedDate":"2023-08-30"},{"lineNumber":17,"author":{"gitId":"antrikshdhand"},"content":"    public String getDescription() {","lastModifiedDate":"2023-08-30"},{"lineNumber":18,"author":{"gitId":"antrikshdhand"},"content":"        return description;","lastModifiedDate":"2023-08-30"},{"lineNumber":19,"author":{"gitId":"antrikshdhand"},"content":"    }","lastModifiedDate":"2023-08-30"},{"lineNumber":20,"author":{"gitId":"antrikshdhand"},"content":"","lastModifiedDate":"2023-08-30"},{"lineNumber":21,"author":{"gitId":"antrikshdhand"},"content":"    public void setDescription(String description) {","lastModifiedDate":"2023-08-30"},{"lineNumber":22,"author":{"gitId":"antrikshdhand"},"content":"        this.description \u003d description;","lastModifiedDate":"2023-08-30"},{"lineNumber":23,"author":{"gitId":"antrikshdhand"},"content":"    }","lastModifiedDate":"2023-08-30"},{"lineNumber":24,"author":{"gitId":"antrikshdhand"},"content":"","lastModifiedDate":"2023-08-30"},{"lineNumber":25,"author":{"gitId":"antrikshdhand"},"content":"    public boolean isCompleted() {","lastModifiedDate":"2023-08-30"},{"lineNumber":26,"author":{"gitId":"antrikshdhand"},"content":"        return completed;","lastModifiedDate":"2023-08-30"},{"lineNumber":27,"author":{"gitId":"antrikshdhand"},"content":"    }","lastModifiedDate":"2023-08-30"},{"lineNumber":28,"author":{"gitId":"antrikshdhand"},"content":"","lastModifiedDate":"2023-08-30"},{"lineNumber":29,"author":{"gitId":"antrikshdhand"},"content":"    public void setCompleted(boolean completed) {","lastModifiedDate":"2023-08-30"},{"lineNumber":30,"author":{"gitId":"antrikshdhand"},"content":"        this.completed \u003d completed;","lastModifiedDate":"2023-08-30"},{"lineNumber":31,"author":{"gitId":"antrikshdhand"},"content":"    }","lastModifiedDate":"2023-08-30"},{"lineNumber":32,"author":{"gitId":"antrikshdhand"},"content":"","lastModifiedDate":"2023-09-06"},{"lineNumber":33,"author":{"gitId":"antrikshdhand"},"content":"    @Override","lastModifiedDate":"2023-09-06"},{"lineNumber":34,"author":{"gitId":"antrikshdhand"},"content":"    public String toString() {","lastModifiedDate":"2023-09-06"},{"lineNumber":35,"author":{"gitId":"antrikshdhand"},"content":"        return this.description;","lastModifiedDate":"2023-09-06"},{"lineNumber":36,"author":{"gitId":"antrikshdhand"},"content":"    }","lastModifiedDate":"2023-09-06"},{"lineNumber":37,"author":{"gitId":"antrikshdhand"},"content":"","lastModifiedDate":"2023-09-06"},{"lineNumber":38,"author":{"gitId":"antrikshdhand"},"content":"    public abstract String getCode();","lastModifiedDate":"2023-09-06"},{"lineNumber":39,"author":{"gitId":"antrikshdhand"},"content":"}","lastModifiedDate":"2023-08-30"}],"authorContributionMap":{"antrikshdhand":39}},{"path":"src/main/java/task/Todo.java","fileType":"java","lines":[{"lineNumber":1,"author":{"gitId":"antrikshdhand"},"content":"package task;","lastModifiedDate":"2023-09-13"},{"lineNumber":2,"author":{"gitId":"antrikshdhand"},"content":"","lastModifiedDate":"2023-09-13"},{"lineNumber":3,"author":{"gitId":"antrikshdhand"},"content":"public class Todo extends Task {","lastModifiedDate":"2023-09-06"},{"lineNumber":4,"author":{"gitId":"antrikshdhand"},"content":"","lastModifiedDate":"2023-09-06"},{"lineNumber":5,"author":{"gitId":"antrikshdhand"},"content":"    public Todo(String description) {","lastModifiedDate":"2023-09-06"},{"lineNumber":6,"author":{"gitId":"antrikshdhand"},"content":"        super(description);","lastModifiedDate":"2023-09-06"},{"lineNumber":7,"author":{"gitId":"antrikshdhand"},"content":"    }","lastModifiedDate":"2023-09-06"},{"lineNumber":8,"author":{"gitId":"antrikshdhand"},"content":"","lastModifiedDate":"2023-09-06"},{"lineNumber":9,"author":{"gitId":"antrikshdhand"},"content":"    public String getCode() {","lastModifiedDate":"2023-09-06"},{"lineNumber":10,"author":{"gitId":"antrikshdhand"},"content":"        return \"T\";","lastModifiedDate":"2023-09-06"},{"lineNumber":11,"author":{"gitId":"antrikshdhand"},"content":"    }","lastModifiedDate":"2023-09-06"},{"lineNumber":12,"author":{"gitId":"antrikshdhand"},"content":"}","lastModifiedDate":"2023-09-06"}],"authorContributionMap":{"antrikshdhand":12}}]
