[{"path":"src/main/java/Command.java","fileType":"java","lines":[{"lineNumber":1,"author":{"gitId":"antrikshdhand"},"content":"public enum Command {","lastModifiedDate":"2023-09-06"},{"lineNumber":2,"author":{"gitId":"antrikshdhand"},"content":"    LIST {","lastModifiedDate":"2023-09-06"},{"lineNumber":3,"author":{"gitId":"antrikshdhand"},"content":"        @Override","lastModifiedDate":"2023-09-06"},{"lineNumber":4,"author":{"gitId":"antrikshdhand"},"content":"        public String toString() {","lastModifiedDate":"2023-09-06"},{"lineNumber":5,"author":{"gitId":"antrikshdhand"},"content":"            return \"\\tList all current tasks.\"","lastModifiedDate":"2023-09-06"},{"lineNumber":6,"author":{"gitId":"antrikshdhand"},"content":"                    + System.lineSeparator()","lastModifiedDate":"2023-09-06"},{"lineNumber":7,"author":{"gitId":"antrikshdhand"},"content":"                    + \"\\tUsage: list\";","lastModifiedDate":"2023-09-06"},{"lineNumber":8,"author":{"gitId":"antrikshdhand"},"content":"        }","lastModifiedDate":"2023-09-06"},{"lineNumber":9,"author":{"gitId":"antrikshdhand"},"content":"    },","lastModifiedDate":"2023-09-06"},{"lineNumber":10,"author":{"gitId":"antrikshdhand"},"content":"    MARK {","lastModifiedDate":"2023-09-06"},{"lineNumber":11,"author":{"gitId":"antrikshdhand"},"content":"        @Override","lastModifiedDate":"2023-09-06"},{"lineNumber":12,"author":{"gitId":"antrikshdhand"},"content":"        public String toString() {","lastModifiedDate":"2023-09-06"},{"lineNumber":13,"author":{"gitId":"antrikshdhand"},"content":"            return \"\\tMark a task as completed.\"","lastModifiedDate":"2023-09-06"},{"lineNumber":14,"author":{"gitId":"antrikshdhand"},"content":"                    + System.lineSeparator()","lastModifiedDate":"2023-09-06"},{"lineNumber":15,"author":{"gitId":"antrikshdhand"},"content":"                    + \"\\tUsage: mark \u003ctask number\u003e\";","lastModifiedDate":"2023-09-06"},{"lineNumber":16,"author":{"gitId":"antrikshdhand"},"content":"        }","lastModifiedDate":"2023-09-06"},{"lineNumber":17,"author":{"gitId":"antrikshdhand"},"content":"    },","lastModifiedDate":"2023-09-06"},{"lineNumber":18,"author":{"gitId":"antrikshdhand"},"content":"    UNMARK {","lastModifiedDate":"2023-09-06"},{"lineNumber":19,"author":{"gitId":"antrikshdhand"},"content":"        @Override","lastModifiedDate":"2023-09-06"},{"lineNumber":20,"author":{"gitId":"antrikshdhand"},"content":"        public String toString() {","lastModifiedDate":"2023-09-06"},{"lineNumber":21,"author":{"gitId":"antrikshdhand"},"content":"            return \"\\tMark a task as incomplete.\"","lastModifiedDate":"2023-09-06"},{"lineNumber":22,"author":{"gitId":"antrikshdhand"},"content":"                    + System.lineSeparator()","lastModifiedDate":"2023-09-06"},{"lineNumber":23,"author":{"gitId":"antrikshdhand"},"content":"                    + \"\\tUsage: unmark \u003ctask number\u003e\";","lastModifiedDate":"2023-09-06"},{"lineNumber":24,"author":{"gitId":"antrikshdhand"},"content":"        }","lastModifiedDate":"2023-09-06"},{"lineNumber":25,"author":{"gitId":"antrikshdhand"},"content":"    },","lastModifiedDate":"2023-09-06"},{"lineNumber":26,"author":{"gitId":"antrikshdhand"},"content":"    TODO {","lastModifiedDate":"2023-09-06"},{"lineNumber":27,"author":{"gitId":"antrikshdhand"},"content":"        @Override","lastModifiedDate":"2023-09-06"},{"lineNumber":28,"author":{"gitId":"antrikshdhand"},"content":"        public String toString() {","lastModifiedDate":"2023-09-06"},{"lineNumber":29,"author":{"gitId":"antrikshdhand"},"content":"            return \"\\tAdd a new todo to your list of tasks.\"","lastModifiedDate":"2023-09-06"},{"lineNumber":30,"author":{"gitId":"antrikshdhand"},"content":"                    + System.lineSeparator()","lastModifiedDate":"2023-09-06"},{"lineNumber":31,"author":{"gitId":"antrikshdhand"},"content":"                    + \"\\tUsage: todo \u003ctask description\u003e\";","lastModifiedDate":"2023-09-06"},{"lineNumber":32,"author":{"gitId":"antrikshdhand"},"content":"        }","lastModifiedDate":"2023-09-06"},{"lineNumber":33,"author":{"gitId":"antrikshdhand"},"content":"    },","lastModifiedDate":"2023-09-06"},{"lineNumber":34,"author":{"gitId":"antrikshdhand"},"content":"    DEADLINE {","lastModifiedDate":"2023-09-06"},{"lineNumber":35,"author":{"gitId":"antrikshdhand"},"content":"        @Override","lastModifiedDate":"2023-09-06"},{"lineNumber":36,"author":{"gitId":"antrikshdhand"},"content":"        public String toString() {","lastModifiedDate":"2023-09-06"},{"lineNumber":37,"author":{"gitId":"antrikshdhand"},"content":"            return \"\\tAdd a new deadline to your list of tasks.\"","lastModifiedDate":"2023-09-06"},{"lineNumber":38,"author":{"gitId":"antrikshdhand"},"content":"                    + System.lineSeparator()","lastModifiedDate":"2023-09-06"},{"lineNumber":39,"author":{"gitId":"antrikshdhand"},"content":"                    + \"\\tUsage: deadline \u003ctask description\u003e /by \u003cdue date\u003e\";","lastModifiedDate":"2023-09-06"},{"lineNumber":40,"author":{"gitId":"antrikshdhand"},"content":"        }","lastModifiedDate":"2023-09-06"},{"lineNumber":41,"author":{"gitId":"antrikshdhand"},"content":"    },","lastModifiedDate":"2023-09-06"},{"lineNumber":42,"author":{"gitId":"antrikshdhand"},"content":"    EVENT {","lastModifiedDate":"2023-09-06"},{"lineNumber":43,"author":{"gitId":"antrikshdhand"},"content":"        @Override","lastModifiedDate":"2023-09-06"},{"lineNumber":44,"author":{"gitId":"antrikshdhand"},"content":"        public String toString() {","lastModifiedDate":"2023-09-06"},{"lineNumber":45,"author":{"gitId":"antrikshdhand"},"content":"            return \"\\tAdd a new event to your list of tasks.\"","lastModifiedDate":"2023-09-06"},{"lineNumber":46,"author":{"gitId":"antrikshdhand"},"content":"                    + System.lineSeparator()","lastModifiedDate":"2023-09-06"},{"lineNumber":47,"author":{"gitId":"antrikshdhand"},"content":"                    + \"\\tUsage: event \u003ctask description\u003e /from \u003cstart\u003e /to \u003cend\u003e\";","lastModifiedDate":"2023-09-06"},{"lineNumber":48,"author":{"gitId":"antrikshdhand"},"content":"        }","lastModifiedDate":"2023-09-06"},{"lineNumber":49,"author":{"gitId":"antrikshdhand"},"content":"    },","lastModifiedDate":"2023-09-06"},{"lineNumber":50,"author":{"gitId":"antrikshdhand"},"content":"    HELP {","lastModifiedDate":"2023-09-06"},{"lineNumber":51,"author":{"gitId":"antrikshdhand"},"content":"        @Override","lastModifiedDate":"2023-09-06"},{"lineNumber":52,"author":{"gitId":"antrikshdhand"},"content":"        public String toString() {","lastModifiedDate":"2023-09-06"},{"lineNumber":53,"author":{"gitId":"antrikshdhand"},"content":"            return \"\\tShow this help menu.\"","lastModifiedDate":"2023-09-06"},{"lineNumber":54,"author":{"gitId":"antrikshdhand"},"content":"                    + System.lineSeparator()","lastModifiedDate":"2023-09-06"},{"lineNumber":55,"author":{"gitId":"antrikshdhand"},"content":"                    + \"\\tUsage: help\";","lastModifiedDate":"2023-09-06"},{"lineNumber":56,"author":{"gitId":"antrikshdhand"},"content":"        }","lastModifiedDate":"2023-09-06"},{"lineNumber":57,"author":{"gitId":"antrikshdhand"},"content":"    },","lastModifiedDate":"2023-09-06"},{"lineNumber":58,"author":{"gitId":"antrikshdhand"},"content":"    BYE {","lastModifiedDate":"2023-09-06"},{"lineNumber":59,"author":{"gitId":"antrikshdhand"},"content":"        @Override","lastModifiedDate":"2023-09-06"},{"lineNumber":60,"author":{"gitId":"antrikshdhand"},"content":"        public String toString() {","lastModifiedDate":"2023-09-06"},{"lineNumber":61,"author":{"gitId":"antrikshdhand"},"content":"            return \"\\tExit the Herbert application.\"","lastModifiedDate":"2023-09-06"},{"lineNumber":62,"author":{"gitId":"antrikshdhand"},"content":"                    + System.lineSeparator()","lastModifiedDate":"2023-09-06"},{"lineNumber":63,"author":{"gitId":"antrikshdhand"},"content":"                    + \"\\tUsage: bye\";","lastModifiedDate":"2023-09-06"},{"lineNumber":64,"author":{"gitId":"antrikshdhand"},"content":"        }","lastModifiedDate":"2023-09-06"},{"lineNumber":65,"author":{"gitId":"antrikshdhand"},"content":"    }","lastModifiedDate":"2023-09-06"},{"lineNumber":66,"author":{"gitId":"antrikshdhand"},"content":"}","lastModifiedDate":"2023-09-06"}],"authorContributionMap":{"antrikshdhand":66}},{"path":"src/main/java/Deadline.java","fileType":"java","lines":[{"lineNumber":1,"author":{"gitId":"antrikshdhand"},"content":"public class Deadline extends Task {","lastModifiedDate":"2023-09-06"},{"lineNumber":2,"author":{"gitId":"antrikshdhand"},"content":"","lastModifiedDate":"2023-09-06"},{"lineNumber":3,"author":{"gitId":"antrikshdhand"},"content":"    protected String dueDate;","lastModifiedDate":"2023-09-06"},{"lineNumber":4,"author":{"gitId":"antrikshdhand"},"content":"","lastModifiedDate":"2023-09-06"},{"lineNumber":5,"author":{"gitId":"antrikshdhand"},"content":"    public Deadline(String description, String dueDate) {","lastModifiedDate":"2023-09-06"},{"lineNumber":6,"author":{"gitId":"antrikshdhand"},"content":"        super(description);","lastModifiedDate":"2023-09-06"},{"lineNumber":7,"author":{"gitId":"antrikshdhand"},"content":"        this.dueDate \u003d dueDate;","lastModifiedDate":"2023-09-06"},{"lineNumber":8,"author":{"gitId":"antrikshdhand"},"content":"    }","lastModifiedDate":"2023-09-06"},{"lineNumber":9,"author":{"gitId":"antrikshdhand"},"content":"","lastModifiedDate":"2023-09-06"},{"lineNumber":10,"author":{"gitId":"antrikshdhand"},"content":"    public String getCode() {","lastModifiedDate":"2023-09-06"},{"lineNumber":11,"author":{"gitId":"antrikshdhand"},"content":"        return \"D\";","lastModifiedDate":"2023-09-06"},{"lineNumber":12,"author":{"gitId":"antrikshdhand"},"content":"    }","lastModifiedDate":"2023-09-06"},{"lineNumber":13,"author":{"gitId":"antrikshdhand"},"content":"","lastModifiedDate":"2023-09-06"},{"lineNumber":14,"author":{"gitId":"antrikshdhand"},"content":"    @Override","lastModifiedDate":"2023-09-06"},{"lineNumber":15,"author":{"gitId":"antrikshdhand"},"content":"    public String toString() {","lastModifiedDate":"2023-09-06"},{"lineNumber":16,"author":{"gitId":"antrikshdhand"},"content":"        return super.toString() + \" (by: \" + this.dueDate + \")\";","lastModifiedDate":"2023-09-06"},{"lineNumber":17,"author":{"gitId":"antrikshdhand"},"content":"    }","lastModifiedDate":"2023-09-06"},{"lineNumber":18,"author":{"gitId":"antrikshdhand"},"content":"}","lastModifiedDate":"2023-09-06"}],"authorContributionMap":{"antrikshdhand":18}},{"path":"src/main/java/Event.java","fileType":"java","lines":[{"lineNumber":1,"author":{"gitId":"antrikshdhand"},"content":"public class Event extends Task {","lastModifiedDate":"2023-09-06"},{"lineNumber":2,"author":{"gitId":"antrikshdhand"},"content":"","lastModifiedDate":"2023-09-06"},{"lineNumber":3,"author":{"gitId":"antrikshdhand"},"content":"    protected String from;","lastModifiedDate":"2023-09-06"},{"lineNumber":4,"author":{"gitId":"antrikshdhand"},"content":"    protected String to;","lastModifiedDate":"2023-09-06"},{"lineNumber":5,"author":{"gitId":"antrikshdhand"},"content":"","lastModifiedDate":"2023-09-06"},{"lineNumber":6,"author":{"gitId":"antrikshdhand"},"content":"    public Event(String description, String from, String to) {","lastModifiedDate":"2023-09-06"},{"lineNumber":7,"author":{"gitId":"antrikshdhand"},"content":"        super(description);","lastModifiedDate":"2023-09-06"},{"lineNumber":8,"author":{"gitId":"antrikshdhand"},"content":"        this.from \u003d from;","lastModifiedDate":"2023-09-06"},{"lineNumber":9,"author":{"gitId":"antrikshdhand"},"content":"        this.to \u003d to;","lastModifiedDate":"2023-09-06"},{"lineNumber":10,"author":{"gitId":"antrikshdhand"},"content":"    }","lastModifiedDate":"2023-09-06"},{"lineNumber":11,"author":{"gitId":"antrikshdhand"},"content":"","lastModifiedDate":"2023-09-06"},{"lineNumber":12,"author":{"gitId":"antrikshdhand"},"content":"    public String getCode() {","lastModifiedDate":"2023-09-06"},{"lineNumber":13,"author":{"gitId":"antrikshdhand"},"content":"        return \"E\";","lastModifiedDate":"2023-09-06"},{"lineNumber":14,"author":{"gitId":"antrikshdhand"},"content":"    }","lastModifiedDate":"2023-09-06"},{"lineNumber":15,"author":{"gitId":"antrikshdhand"},"content":"","lastModifiedDate":"2023-09-06"},{"lineNumber":16,"author":{"gitId":"antrikshdhand"},"content":"    @Override","lastModifiedDate":"2023-09-06"},{"lineNumber":17,"author":{"gitId":"antrikshdhand"},"content":"    public String toString() {","lastModifiedDate":"2023-09-06"},{"lineNumber":18,"author":{"gitId":"antrikshdhand"},"content":"        return super.toString() + \" (from: \" + this.from + \" to: \" + this.to + \")\";","lastModifiedDate":"2023-09-06"},{"lineNumber":19,"author":{"gitId":"antrikshdhand"},"content":"    }","lastModifiedDate":"2023-09-06"},{"lineNumber":20,"author":{"gitId":"antrikshdhand"},"content":"}","lastModifiedDate":"2023-09-06"}],"authorContributionMap":{"antrikshdhand":20}},{"path":"src/main/java/Herbert.java","fileType":"java","lines":[{"lineNumber":1,"author":{"gitId":"antrikshdhand"},"content":"import java.util.ArrayList;","lastModifiedDate":"2023-08-29"},{"lineNumber":2,"author":{"gitId":"antrikshdhand"},"content":"import java.util.Arrays;","lastModifiedDate":"2023-09-06"},{"lineNumber":3,"author":{"gitId":"antrikshdhand"},"content":"import java.util.regex.Matcher;","lastModifiedDate":"2023-09-06"},{"lineNumber":4,"author":{"gitId":"antrikshdhand"},"content":"import java.util.regex.Pattern;","lastModifiedDate":"2023-09-06"},{"lineNumber":5,"author":{"gitId":"antrikshdhand"},"content":"","lastModifiedDate":"2023-08-24"},{"lineNumber":6,"author":{"gitId":"antrikshdhand"},"content":"public class Herbert {","lastModifiedDate":"2023-08-24"},{"lineNumber":7,"author":{"gitId":"antrikshdhand"},"content":"","lastModifiedDate":"2023-08-24"},{"lineNumber":8,"author":{"gitId":"antrikshdhand"},"content":"    private ArrayList\u003cTask\u003e tasks;","lastModifiedDate":"2023-08-30"},{"lineNumber":9,"author":{"gitId":"antrikshdhand"},"content":"","lastModifiedDate":"2023-08-29"},{"lineNumber":10,"author":{"gitId":"antrikshdhand"},"content":"    public Herbert() {","lastModifiedDate":"2023-08-29"},{"lineNumber":11,"author":{"gitId":"antrikshdhand"},"content":"        this.tasks \u003d new ArrayList\u003c\u003e();","lastModifiedDate":"2023-08-30"},{"lineNumber":12,"author":{"gitId":"antrikshdhand"},"content":"        this.sayHello();","lastModifiedDate":"2023-08-29"},{"lineNumber":13,"author":{"gitId":"antrikshdhand"},"content":"    }","lastModifiedDate":"2023-08-29"},{"lineNumber":14,"author":{"gitId":"antrikshdhand"},"content":"","lastModifiedDate":"2023-08-29"},{"lineNumber":15,"author":{"gitId":"antrikshdhand"},"content":"    public void sayHello() {","lastModifiedDate":"2023-08-29"},{"lineNumber":16,"author":{"gitId":"antrikshdhand"},"content":"        String logo \u003d \"(   )                           (   )                          (   )       \\n\"","lastModifiedDate":"2023-08-24"},{"lineNumber":17,"author":{"gitId":"antrikshdhand"},"content":"                + \" | | .-.     .--.    ___ .-.     | |.-.     .--.    ___ .-.     | |_       \\n\"","lastModifiedDate":"2023-08-24"},{"lineNumber":18,"author":{"gitId":"antrikshdhand"},"content":"                + \" | |/   \\\\   /    \\\\  (   )   \\\\    | /   \\\\   /    \\\\  (   )   \\\\   (   __)     \\n\"","lastModifiedDate":"2023-08-24"},{"lineNumber":19,"author":{"gitId":"antrikshdhand"},"content":"                + \" |  .-. .  |  .-. ;  | \u0027 .-. ;   |  .-. | |  .-. ;  | \u0027 .-. ;   | |        \\n\"","lastModifiedDate":"2023-08-24"},{"lineNumber":20,"author":{"gitId":"antrikshdhand"},"content":"                + \" | |  | |  |  | | |  |  / (___)  | |  | | |  | | |  |  / (___)  | | ___    \\n\"","lastModifiedDate":"2023-08-24"},{"lineNumber":21,"author":{"gitId":"antrikshdhand"},"content":"                + \" | |  | |  |  |/  |  | |         | |  | | |  |/  |  | |         | |(   )   \\n\"","lastModifiedDate":"2023-08-24"},{"lineNumber":22,"author":{"gitId":"antrikshdhand"},"content":"                + \" | |  | |  |  \u0027 _.\u0027  | |         | |  | | |  \u0027 _.\u0027  | |         | | | |    \\n\"","lastModifiedDate":"2023-08-24"},{"lineNumber":23,"author":{"gitId":"antrikshdhand"},"content":"                + \" | |  | |  |  .\u0027.-.  | |         | \u0027  | | |  .\u0027.-.  | |         | \u0027 | |    \\n\"","lastModifiedDate":"2023-08-24"},{"lineNumber":24,"author":{"gitId":"antrikshdhand"},"content":"                + \" | |  | |  \u0027  `-\u0027 /  | |         \u0027 `-\u0027 ;  \u0027  `-\u0027 /  | |         \u0027 `-\u0027 ;    \\n\"","lastModifiedDate":"2023-08-24"},{"lineNumber":25,"author":{"gitId":"antrikshdhand"},"content":"                + \"(___)(___)  `.__.\u0027  (___)         `.__.    `.__.\u0027  (___)         `.__.     \\n\";","lastModifiedDate":"2023-08-24"},{"lineNumber":26,"author":{"gitId":"antrikshdhand"},"content":"","lastModifiedDate":"2023-08-24"},{"lineNumber":27,"author":{"gitId":"antrikshdhand"},"content":"","lastModifiedDate":"2023-08-24"},{"lineNumber":28,"author":{"gitId":"antrikshdhand"},"content":"        System.out.println(System.lineSeparator() + logo);","lastModifiedDate":"2023-08-29"},{"lineNumber":29,"author":{"gitId":"antrikshdhand"},"content":"        System.out.println(\"___________________________________________________________________________\");","lastModifiedDate":"2023-08-24"},{"lineNumber":30,"author":{"gitId":"antrikshdhand"},"content":"        System.out.println(\"\\tHello! I\u0027m Herbert.\" + System.lineSeparator() + \"\\tWhat can I do for you?\");","lastModifiedDate":"2023-09-06"},{"lineNumber":31,"author":{"gitId":"antrikshdhand"},"content":"        System.out.println(System.lineSeparator() + \"\\tYou may choose from the following commands:\");","lastModifiedDate":"2023-09-06"},{"lineNumber":32,"author":{"gitId":"antrikshdhand"},"content":"        for (Command s : Command.values()) {","lastModifiedDate":"2023-09-06"},{"lineNumber":33,"author":{"gitId":"antrikshdhand"},"content":"            System.out.println(\"\\t- \" + s.name().toLowerCase());","lastModifiedDate":"2023-09-06"},{"lineNumber":34,"author":{"gitId":"antrikshdhand"},"content":"        }","lastModifiedDate":"2023-09-06"},{"lineNumber":35,"author":{"gitId":"antrikshdhand"},"content":"        System.out.println(\"___________________________________________________________________________\");","lastModifiedDate":"2023-08-24"},{"lineNumber":36,"author":{"gitId":"antrikshdhand"},"content":"    }","lastModifiedDate":"2023-08-29"},{"lineNumber":37,"author":{"gitId":"antrikshdhand"},"content":"","lastModifiedDate":"2023-08-24"},{"lineNumber":38,"author":{"gitId":"antrikshdhand"},"content":"    public void sayGoodbye() {","lastModifiedDate":"2023-08-29"},{"lineNumber":39,"author":{"gitId":"antrikshdhand"},"content":"        System.out.println(\"___________________________________________________________________________\");","lastModifiedDate":"2023-08-29"},{"lineNumber":40,"author":{"gitId":"antrikshdhand"},"content":"        System.out.println(\"\\tBye. Hope to see you again soon!\");","lastModifiedDate":"2023-08-29"},{"lineNumber":41,"author":{"gitId":"antrikshdhand"},"content":"        System.out.println(\"___________________________________________________________________________\");","lastModifiedDate":"2023-08-29"},{"lineNumber":42,"author":{"gitId":"antrikshdhand"},"content":"    }","lastModifiedDate":"2023-08-24"},{"lineNumber":43,"author":{"gitId":"antrikshdhand"},"content":"","lastModifiedDate":"2023-08-24"},{"lineNumber":44,"author":{"gitId":"antrikshdhand"},"content":"    public void displayHelp() {","lastModifiedDate":"2023-09-06"},{"lineNumber":45,"author":{"gitId":"antrikshdhand"},"content":"        System.out.println(\"###########################################################################\");","lastModifiedDate":"2023-09-06"},{"lineNumber":46,"author":{"gitId":"antrikshdhand"},"content":"        System.out.println(\"\\tWelcome to the Herbert Helpline!\" + System.lineSeparator());","lastModifiedDate":"2023-09-06"},{"lineNumber":47,"author":{"gitId":"antrikshdhand"},"content":"        System.out.println(\"\\tCOMMANDS\");","lastModifiedDate":"2023-09-06"},{"lineNumber":48,"author":{"gitId":"antrikshdhand"},"content":"        for (Command s : Command.values()) {","lastModifiedDate":"2023-09-06"},{"lineNumber":49,"author":{"gitId":"antrikshdhand"},"content":"            System.out.println(\"\\t* \" + s.name().toLowerCase());","lastModifiedDate":"2023-09-06"},{"lineNumber":50,"author":{"gitId":"antrikshdhand"},"content":"            System.out.println(s);","lastModifiedDate":"2023-09-06"},{"lineNumber":51,"author":{"gitId":"antrikshdhand"},"content":"            System.out.println();","lastModifiedDate":"2023-09-06"},{"lineNumber":52,"author":{"gitId":"antrikshdhand"},"content":"        }","lastModifiedDate":"2023-09-06"},{"lineNumber":53,"author":{"gitId":"antrikshdhand"},"content":"        System.out.println(\"###########################################################################\");","lastModifiedDate":"2023-09-06"},{"lineNumber":54,"author":{"gitId":"antrikshdhand"},"content":"    }","lastModifiedDate":"2023-09-06"},{"lineNumber":55,"author":{"gitId":"antrikshdhand"},"content":"","lastModifiedDate":"2023-09-06"},{"lineNumber":56,"author":{"gitId":"antrikshdhand"},"content":"    public int processLine(String line) {","lastModifiedDate":"2023-08-29"},{"lineNumber":57,"author":{"gitId":"antrikshdhand"},"content":"        line \u003d line.strip();","lastModifiedDate":"2023-08-30"},{"lineNumber":58,"author":{"gitId":"antrikshdhand"},"content":"        line \u003d line.toLowerCase();","lastModifiedDate":"2023-08-30"},{"lineNumber":59,"author":{"gitId":"antrikshdhand"},"content":"","lastModifiedDate":"2023-08-30"},{"lineNumber":60,"author":{"gitId":"antrikshdhand"},"content":"        if (line.equals(\"bye\")) {","lastModifiedDate":"2023-08-30"},{"lineNumber":61,"author":{"gitId":"antrikshdhand"},"content":"            sayGoodbye();","lastModifiedDate":"2023-08-29"},{"lineNumber":62,"author":{"gitId":"antrikshdhand"},"content":"            return 1;","lastModifiedDate":"2023-08-29"},{"lineNumber":63,"author":{"gitId":"antrikshdhand"},"content":"        } else if (line.equals(\"list\")) {","lastModifiedDate":"2023-08-30"},{"lineNumber":64,"author":{"gitId":"antrikshdhand"},"content":"            list();","lastModifiedDate":"2023-08-29"},{"lineNumber":65,"author":{"gitId":"antrikshdhand"},"content":"        } else if (line.equals(\"help\")) {","lastModifiedDate":"2023-09-06"},{"lineNumber":66,"author":{"gitId":"antrikshdhand"},"content":"            displayHelp();","lastModifiedDate":"2023-09-06"},{"lineNumber":67,"author":{"gitId":"antrikshdhand"},"content":"        } else if (line.startsWith(\"todo\") || line.startsWith(\"deadline\") || line.startsWith(\"event\")) {","lastModifiedDate":"2023-09-06"},{"lineNumber":68,"author":{"gitId":"antrikshdhand"},"content":"            addTask(line);","lastModifiedDate":"2023-09-06"},{"lineNumber":69,"author":{"gitId":"antrikshdhand"},"content":"        } else if (line.startsWith(\"mark\")) {","lastModifiedDate":"2023-08-30"},{"lineNumber":70,"author":{"gitId":"antrikshdhand"},"content":"            markTask(line, true);","lastModifiedDate":"2023-08-30"},{"lineNumber":71,"author":{"gitId":"antrikshdhand"},"content":"        } else if (line.startsWith(\"unmark\")) {","lastModifiedDate":"2023-08-30"},{"lineNumber":72,"author":{"gitId":"antrikshdhand"},"content":"            markTask(line, false);","lastModifiedDate":"2023-08-30"},{"lineNumber":73,"author":{"gitId":"antrikshdhand"},"content":"        } else {","lastModifiedDate":"2023-08-30"},{"lineNumber":74,"author":{"gitId":"antrikshdhand"},"content":"            printInvalidInputMessage();","lastModifiedDate":"2023-09-06"},{"lineNumber":75,"author":{"gitId":"antrikshdhand"},"content":"        }","lastModifiedDate":"2023-08-30"},{"lineNumber":76,"author":{"gitId":"antrikshdhand"},"content":"","lastModifiedDate":"2023-08-30"},{"lineNumber":77,"author":{"gitId":"antrikshdhand"},"content":"        return 0;","lastModifiedDate":"2023-08-30"},{"lineNumber":78,"author":{"gitId":"antrikshdhand"},"content":"    }","lastModifiedDate":"2023-08-30"},{"lineNumber":79,"author":{"gitId":"antrikshdhand"},"content":"","lastModifiedDate":"2023-08-30"},{"lineNumber":80,"author":{"gitId":"antrikshdhand"},"content":"    public void markTask(String line, boolean completed) {","lastModifiedDate":"2023-08-30"},{"lineNumber":81,"author":{"gitId":"antrikshdhand"},"content":"        if (line.split(\" \").length !\u003d 2) {","lastModifiedDate":"2023-08-30"},{"lineNumber":82,"author":{"gitId":"antrikshdhand"},"content":"            printInvalidInputMessage();","lastModifiedDate":"2023-09-06"},{"lineNumber":83,"author":{"gitId":"antrikshdhand"},"content":"            return;","lastModifiedDate":"2023-09-06"},{"lineNumber":84,"author":{"gitId":"antrikshdhand"},"content":"        }","lastModifiedDate":"2023-09-06"},{"lineNumber":85,"author":{"gitId":"antrikshdhand"},"content":"","lastModifiedDate":"2023-09-06"},{"lineNumber":86,"author":{"gitId":"antrikshdhand"},"content":"        // Extract which task the user wishes to (un)mark","lastModifiedDate":"2023-09-06"},{"lineNumber":87,"author":{"gitId":"antrikshdhand"},"content":"        int taskIndex;","lastModifiedDate":"2023-09-06"},{"lineNumber":88,"author":{"gitId":"antrikshdhand"},"content":"        try {","lastModifiedDate":"2023-09-06"},{"lineNumber":89,"author":{"gitId":"antrikshdhand"},"content":"            taskIndex \u003d Integer.parseInt(line.split(\" \")[1]) - 1;","lastModifiedDate":"2023-09-06"},{"lineNumber":90,"author":{"gitId":"antrikshdhand"},"content":"            if (taskIndex \u003c 0) {","lastModifiedDate":"2023-09-06"},{"lineNumber":91,"author":{"gitId":"antrikshdhand"},"content":"                throw new IllegalArgumentException(\"The second argument must be a positive integer.\");","lastModifiedDate":"2023-09-06"},{"lineNumber":92,"author":{"gitId":"antrikshdhand"},"content":"            }","lastModifiedDate":"2023-08-30"},{"lineNumber":93,"author":{"gitId":"antrikshdhand"},"content":"        } catch (NumberFormatException e) {","lastModifiedDate":"2023-09-06"},{"lineNumber":94,"author":{"gitId":"antrikshdhand"},"content":"            System.out.printf(\"The second argument must be numeric (%s)\\n\", e);","lastModifiedDate":"2023-09-06"},{"lineNumber":95,"author":{"gitId":"antrikshdhand"},"content":"            printInvalidInputMessage();","lastModifiedDate":"2023-09-06"},{"lineNumber":96,"author":{"gitId":"antrikshdhand"},"content":"            return;","lastModifiedDate":"2023-09-06"},{"lineNumber":97,"author":{"gitId":"antrikshdhand"},"content":"        } catch (IllegalArgumentException e) {","lastModifiedDate":"2023-09-06"},{"lineNumber":98,"author":{"gitId":"antrikshdhand"},"content":"            System.out.println(e);","lastModifiedDate":"2023-09-06"},{"lineNumber":99,"author":{"gitId":"antrikshdhand"},"content":"            printInvalidInputMessage();","lastModifiedDate":"2023-09-06"},{"lineNumber":100,"author":{"gitId":"antrikshdhand"},"content":"            return;","lastModifiedDate":"2023-09-06"},{"lineNumber":101,"author":{"gitId":"antrikshdhand"},"content":"        }","lastModifiedDate":"2023-08-30"},{"lineNumber":102,"author":{"gitId":"antrikshdhand"},"content":"","lastModifiedDate":"2023-08-30"},{"lineNumber":103,"author":{"gitId":"antrikshdhand"},"content":"        Task task \u003d tasks.get(taskIndex);","lastModifiedDate":"2023-09-06"},{"lineNumber":104,"author":{"gitId":"antrikshdhand"},"content":"","lastModifiedDate":"2023-08-30"},{"lineNumber":105,"author":{"gitId":"antrikshdhand"},"content":"        task.setCompleted(completed);","lastModifiedDate":"2023-09-06"},{"lineNumber":106,"author":{"gitId":"antrikshdhand"},"content":"","lastModifiedDate":"2023-08-30"},{"lineNumber":107,"author":{"gitId":"antrikshdhand"},"content":"        System.out.println(\"___________________________________________________________________________\");","lastModifiedDate":"2023-08-29"},{"lineNumber":108,"author":{"gitId":"antrikshdhand"},"content":"        if (completed) {","lastModifiedDate":"2023-08-30"},{"lineNumber":109,"author":{"gitId":"antrikshdhand"},"content":"            System.out.println(\"\\tLovely! I\u0027ve marked this task as done:\");","lastModifiedDate":"2023-08-30"},{"lineNumber":110,"author":{"gitId":"antrikshdhand"},"content":"        } else {","lastModifiedDate":"2023-08-30"},{"lineNumber":111,"author":{"gitId":"antrikshdhand"},"content":"            System.out.println(\"\\tOkay, I\u0027ve unmarked this task for you:\");","lastModifiedDate":"2023-08-30"},{"lineNumber":112,"author":{"gitId":"antrikshdhand"},"content":"        }","lastModifiedDate":"2023-08-30"},{"lineNumber":113,"author":{"gitId":"antrikshdhand"},"content":"        System.out.println(\"\\t\\t[\" + task.getStatusIcon() + \"] \" + task.getDescription());","lastModifiedDate":"2023-09-06"},{"lineNumber":114,"author":{"gitId":"antrikshdhand"},"content":"        System.out.println(\"___________________________________________________________________________\");","lastModifiedDate":"2023-08-29"},{"lineNumber":115,"author":{"gitId":"antrikshdhand"},"content":"    }","lastModifiedDate":"2023-08-29"},{"lineNumber":116,"author":{"gitId":"antrikshdhand"},"content":"","lastModifiedDate":"2023-08-29"},{"lineNumber":117,"author":{"gitId":"antrikshdhand"},"content":"    public void addTask(String line) {","lastModifiedDate":"2023-08-30"},{"lineNumber":118,"author":{"gitId":"antrikshdhand"},"content":"        String[] words \u003d line.split(\" \");","lastModifiedDate":"2023-09-06"},{"lineNumber":119,"author":{"gitId":"antrikshdhand"},"content":"","lastModifiedDate":"2023-09-06"},{"lineNumber":120,"author":{"gitId":"antrikshdhand"},"content":"        if (words.length \u003c 2) {","lastModifiedDate":"2023-09-06"},{"lineNumber":121,"author":{"gitId":"antrikshdhand"},"content":"            printInvalidInputMessage();","lastModifiedDate":"2023-09-06"},{"lineNumber":122,"author":{"gitId":"antrikshdhand"},"content":"            return;","lastModifiedDate":"2023-09-06"},{"lineNumber":123,"author":{"gitId":"antrikshdhand"},"content":"        }","lastModifiedDate":"2023-09-06"},{"lineNumber":124,"author":{"gitId":"antrikshdhand"},"content":"","lastModifiedDate":"2023-09-06"},{"lineNumber":125,"author":{"gitId":"antrikshdhand"},"content":"        switch (words[0]) {","lastModifiedDate":"2023-09-06"},{"lineNumber":126,"author":{"gitId":"antrikshdhand"},"content":"        case \"todo\": {","lastModifiedDate":"2023-09-06"},{"lineNumber":127,"author":{"gitId":"antrikshdhand"},"content":"            // TODO","lastModifiedDate":"2023-09-06"},{"lineNumber":128,"author":{"gitId":"antrikshdhand"},"content":"            String[] todoArray \u003d Arrays.copyOfRange(words, 1, words.length);","lastModifiedDate":"2023-09-06"},{"lineNumber":129,"author":{"gitId":"antrikshdhand"},"content":"            String description \u003d String.join(\" \", todoArray);","lastModifiedDate":"2023-09-06"},{"lineNumber":130,"author":{"gitId":"antrikshdhand"},"content":"","lastModifiedDate":"2023-09-06"},{"lineNumber":131,"author":{"gitId":"antrikshdhand"},"content":"            Todo td \u003d new Todo(description);","lastModifiedDate":"2023-09-06"},{"lineNumber":132,"author":{"gitId":"antrikshdhand"},"content":"            this.tasks.add(td);","lastModifiedDate":"2023-09-06"},{"lineNumber":133,"author":{"gitId":"antrikshdhand"},"content":"","lastModifiedDate":"2023-09-06"},{"lineNumber":134,"author":{"gitId":"antrikshdhand"},"content":"            System.out.println(\"___________________________________________________________________________\");","lastModifiedDate":"2023-09-06"},{"lineNumber":135,"author":{"gitId":"antrikshdhand"},"content":"            System.out.println(\"\\tOkay, I\u0027ve added this todo to your task list:\");","lastModifiedDate":"2023-09-06"},{"lineNumber":136,"author":{"gitId":"antrikshdhand"},"content":"            System.out.printf(\"\\t\\t[%s][%s] %s\\n\", td.getCode(), td.getStatusIcon(), td);","lastModifiedDate":"2023-09-06"},{"lineNumber":137,"author":{"gitId":"antrikshdhand"},"content":"            System.out.printf(\"\\tNow you have %d task(s) in your list.\\n\", tasks.size());","lastModifiedDate":"2023-09-06"},{"lineNumber":138,"author":{"gitId":"antrikshdhand"},"content":"            System.out.println(\"___________________________________________________________________________\");","lastModifiedDate":"2023-09-06"},{"lineNumber":139,"author":{"gitId":"antrikshdhand"},"content":"","lastModifiedDate":"2023-09-06"},{"lineNumber":140,"author":{"gitId":"antrikshdhand"},"content":"            break;","lastModifiedDate":"2023-09-06"},{"lineNumber":141,"author":{"gitId":"antrikshdhand"},"content":"        }","lastModifiedDate":"2023-09-06"},{"lineNumber":142,"author":{"gitId":"antrikshdhand"},"content":"        case \"deadline\": {","lastModifiedDate":"2023-09-06"},{"lineNumber":143,"author":{"gitId":"antrikshdhand"},"content":"            String patternString \u003d \"^deadline\\\\s+(.+?)\\\\s+/by\\\\s+(.+)$\";","lastModifiedDate":"2023-09-06"},{"lineNumber":144,"author":{"gitId":"antrikshdhand"},"content":"            Pattern pattern \u003d Pattern.compile(patternString);","lastModifiedDate":"2023-09-06"},{"lineNumber":145,"author":{"gitId":"antrikshdhand"},"content":"            Matcher matcher \u003d pattern.matcher(line);","lastModifiedDate":"2023-09-06"},{"lineNumber":146,"author":{"gitId":"antrikshdhand"},"content":"","lastModifiedDate":"2023-09-06"},{"lineNumber":147,"author":{"gitId":"antrikshdhand"},"content":"            if (!matcher.find()) {","lastModifiedDate":"2023-09-06"},{"lineNumber":148,"author":{"gitId":"antrikshdhand"},"content":"                printInvalidInputMessage();","lastModifiedDate":"2023-09-06"},{"lineNumber":149,"author":{"gitId":"antrikshdhand"},"content":"                return;","lastModifiedDate":"2023-09-06"},{"lineNumber":150,"author":{"gitId":"antrikshdhand"},"content":"            }","lastModifiedDate":"2023-09-06"},{"lineNumber":151,"author":{"gitId":"antrikshdhand"},"content":"","lastModifiedDate":"2023-09-06"},{"lineNumber":152,"author":{"gitId":"antrikshdhand"},"content":"            String description \u003d matcher.group(1);","lastModifiedDate":"2023-09-06"},{"lineNumber":153,"author":{"gitId":"antrikshdhand"},"content":"            String date \u003d matcher.group(2);","lastModifiedDate":"2023-09-06"},{"lineNumber":154,"author":{"gitId":"antrikshdhand"},"content":"","lastModifiedDate":"2023-09-06"},{"lineNumber":155,"author":{"gitId":"antrikshdhand"},"content":"            Deadline dl \u003d new Deadline(description, date);","lastModifiedDate":"2023-09-06"},{"lineNumber":156,"author":{"gitId":"antrikshdhand"},"content":"            tasks.add(dl);","lastModifiedDate":"2023-09-06"},{"lineNumber":157,"author":{"gitId":"antrikshdhand"},"content":"","lastModifiedDate":"2023-08-30"},{"lineNumber":158,"author":{"gitId":"antrikshdhand"},"content":"            System.out.println(\"___________________________________________________________________________\");","lastModifiedDate":"2023-08-30"},{"lineNumber":159,"author":{"gitId":"antrikshdhand"},"content":"            System.out.println(\"\\tOkay, I\u0027ve added this deadline to your task list:\");","lastModifiedDate":"2023-09-06"},{"lineNumber":160,"author":{"gitId":"antrikshdhand"},"content":"            System.out.printf(\"\\t\\t[%s][%s] %s\\n\", dl.getCode(), dl.getStatusIcon(), dl);","lastModifiedDate":"2023-09-06"},{"lineNumber":161,"author":{"gitId":"antrikshdhand"},"content":"            System.out.printf(\"\\tNow you have %d task(s) in your list.\\n\", tasks.size());","lastModifiedDate":"2023-09-06"},{"lineNumber":162,"author":{"gitId":"antrikshdhand"},"content":"            System.out.println(\"___________________________________________________________________________\");","lastModifiedDate":"2023-08-30"},{"lineNumber":163,"author":{"gitId":"antrikshdhand"},"content":"            break;","lastModifiedDate":"2023-09-06"},{"lineNumber":164,"author":{"gitId":"antrikshdhand"},"content":"        }","lastModifiedDate":"2023-09-06"},{"lineNumber":165,"author":{"gitId":"antrikshdhand"},"content":"        case \"event\":","lastModifiedDate":"2023-09-06"},{"lineNumber":166,"author":{"gitId":"antrikshdhand"},"content":"            String patternString \u003d \"^event\\\\s+(.+?)\\\\s+/from\\\\s+(.+?)\\\\s+/to\\\\s+(.+)$\";","lastModifiedDate":"2023-09-06"},{"lineNumber":167,"author":{"gitId":"antrikshdhand"},"content":"            Pattern pattern \u003d Pattern.compile(patternString);","lastModifiedDate":"2023-09-06"},{"lineNumber":168,"author":{"gitId":"antrikshdhand"},"content":"            Matcher matcher \u003d pattern.matcher(line);","lastModifiedDate":"2023-09-06"},{"lineNumber":169,"author":{"gitId":"antrikshdhand"},"content":"","lastModifiedDate":"2023-09-06"},{"lineNumber":170,"author":{"gitId":"antrikshdhand"},"content":"            if (!matcher.find()) {","lastModifiedDate":"2023-09-06"},{"lineNumber":171,"author":{"gitId":"antrikshdhand"},"content":"                printInvalidInputMessage();","lastModifiedDate":"2023-09-06"},{"lineNumber":172,"author":{"gitId":"antrikshdhand"},"content":"                return;","lastModifiedDate":"2023-09-06"},{"lineNumber":173,"author":{"gitId":"antrikshdhand"},"content":"            }","lastModifiedDate":"2023-09-06"},{"lineNumber":174,"author":{"gitId":"antrikshdhand"},"content":"","lastModifiedDate":"2023-09-06"},{"lineNumber":175,"author":{"gitId":"antrikshdhand"},"content":"            String description \u003d matcher.group(1);","lastModifiedDate":"2023-09-06"},{"lineNumber":176,"author":{"gitId":"antrikshdhand"},"content":"            String from \u003d matcher.group(2);","lastModifiedDate":"2023-09-06"},{"lineNumber":177,"author":{"gitId":"antrikshdhand"},"content":"            String to \u003d matcher.group(3);","lastModifiedDate":"2023-09-06"},{"lineNumber":178,"author":{"gitId":"antrikshdhand"},"content":"","lastModifiedDate":"2023-09-06"},{"lineNumber":179,"author":{"gitId":"antrikshdhand"},"content":"            Event e \u003d new Event(description, from, to);","lastModifiedDate":"2023-09-06"},{"lineNumber":180,"author":{"gitId":"antrikshdhand"},"content":"            tasks.add(e);","lastModifiedDate":"2023-09-06"},{"lineNumber":181,"author":{"gitId":"antrikshdhand"},"content":"","lastModifiedDate":"2023-09-06"},{"lineNumber":182,"author":{"gitId":"antrikshdhand"},"content":"            System.out.println(\"___________________________________________________________________________\");","lastModifiedDate":"2023-09-06"},{"lineNumber":183,"author":{"gitId":"antrikshdhand"},"content":"            System.out.println(\"\\tOkay, I\u0027ve added this event to your task list:\");","lastModifiedDate":"2023-09-06"},{"lineNumber":184,"author":{"gitId":"antrikshdhand"},"content":"            System.out.printf(\"\\t\\t[%s][%s] %s\\n\", e.getCode(), e.getStatusIcon(), e);","lastModifiedDate":"2023-09-06"},{"lineNumber":185,"author":{"gitId":"antrikshdhand"},"content":"            System.out.printf(\"\\tNow you have %d task(s) in your list.\\n\", tasks.size());","lastModifiedDate":"2023-09-06"},{"lineNumber":186,"author":{"gitId":"antrikshdhand"},"content":"            System.out.println(\"___________________________________________________________________________\");","lastModifiedDate":"2023-09-06"},{"lineNumber":187,"author":{"gitId":"antrikshdhand"},"content":"            break;","lastModifiedDate":"2023-09-06"},{"lineNumber":188,"author":{"gitId":"antrikshdhand"},"content":"        }","lastModifiedDate":"2023-09-06"},{"lineNumber":189,"author":{"gitId":"antrikshdhand"},"content":"    }","lastModifiedDate":"2023-08-29"},{"lineNumber":190,"author":{"gitId":"antrikshdhand"},"content":"","lastModifiedDate":"2023-08-29"},{"lineNumber":191,"author":{"gitId":"antrikshdhand"},"content":"    public void list() {","lastModifiedDate":"2023-08-29"},{"lineNumber":192,"author":{"gitId":"antrikshdhand"},"content":"        System.out.println(\"___________________________________________________________________________\");","lastModifiedDate":"2023-08-29"},{"lineNumber":193,"author":{"gitId":"antrikshdhand"},"content":"","lastModifiedDate":"2023-09-06"},{"lineNumber":194,"author":{"gitId":"antrikshdhand"},"content":"        if (tasks.size() \u003d\u003d 0) {","lastModifiedDate":"2023-09-06"},{"lineNumber":195,"author":{"gitId":"antrikshdhand"},"content":"            System.out.println(\"\\tThere are no tasks in your list! Sit back, relax, and enjoy.\");","lastModifiedDate":"2023-09-06"},{"lineNumber":196,"author":{"gitId":"antrikshdhand"},"content":"            System.out.println(\"___________________________________________________________________________\");","lastModifiedDate":"2023-09-06"},{"lineNumber":197,"author":{"gitId":"antrikshdhand"},"content":"            return;","lastModifiedDate":"2023-09-06"},{"lineNumber":198,"author":{"gitId":"antrikshdhand"},"content":"        }","lastModifiedDate":"2023-09-06"},{"lineNumber":199,"author":{"gitId":"antrikshdhand"},"content":"","lastModifiedDate":"2023-09-06"},{"lineNumber":200,"author":{"gitId":"antrikshdhand"},"content":"        System.out.println(\"\\tHere are the tasks in your list:\");","lastModifiedDate":"2023-08-30"},{"lineNumber":201,"author":{"gitId":"antrikshdhand"},"content":"        for (int i \u003d 0; i \u003c tasks.size(); i++) {","lastModifiedDate":"2023-08-30"},{"lineNumber":202,"author":{"gitId":"antrikshdhand"},"content":"            System.out.printf(\"\\t%d. [%s][%s] %s\\n\",","lastModifiedDate":"2023-09-06"},{"lineNumber":203,"author":{"gitId":"antrikshdhand"},"content":"                    (i + 1),","lastModifiedDate":"2023-09-06"},{"lineNumber":204,"author":{"gitId":"antrikshdhand"},"content":"                    tasks.get(i).getCode(),","lastModifiedDate":"2023-09-06"},{"lineNumber":205,"author":{"gitId":"antrikshdhand"},"content":"                    tasks.get(i).getStatusIcon(),","lastModifiedDate":"2023-09-06"},{"lineNumber":206,"author":{"gitId":"antrikshdhand"},"content":"                    tasks.get(i).getDescription()","lastModifiedDate":"2023-09-06"},{"lineNumber":207,"author":{"gitId":"antrikshdhand"},"content":"            );","lastModifiedDate":"2023-09-06"},{"lineNumber":208,"author":{"gitId":"antrikshdhand"},"content":"        }","lastModifiedDate":"2023-08-29"},{"lineNumber":209,"author":{"gitId":"antrikshdhand"},"content":"","lastModifiedDate":"2023-09-06"},{"lineNumber":210,"author":{"gitId":"antrikshdhand"},"content":"        System.out.println(\"___________________________________________________________________________\");","lastModifiedDate":"2023-08-29"},{"lineNumber":211,"author":{"gitId":"antrikshdhand"},"content":"    }","lastModifiedDate":"2023-08-24"},{"lineNumber":212,"author":{"gitId":"antrikshdhand"},"content":"","lastModifiedDate":"2023-08-29"},{"lineNumber":213,"author":{"gitId":"antrikshdhand"},"content":"    public void printInvalidInputMessage() {","lastModifiedDate":"2023-09-06"},{"lineNumber":214,"author":{"gitId":"antrikshdhand"},"content":"        System.out.println(\"___________________________________________________________________________\");","lastModifiedDate":"2023-09-06"},{"lineNumber":215,"author":{"gitId":"antrikshdhand"},"content":"        System.out.println(\"\\tInvalid input. Use \u0027help\u0027 for usage instructions.\");","lastModifiedDate":"2023-09-06"},{"lineNumber":216,"author":{"gitId":"antrikshdhand"},"content":"        System.out.println(\"___________________________________________________________________________\");","lastModifiedDate":"2023-09-06"},{"lineNumber":217,"author":{"gitId":"antrikshdhand"},"content":"    }","lastModifiedDate":"2023-09-06"},{"lineNumber":218,"author":{"gitId":"antrikshdhand"},"content":"}","lastModifiedDate":"2023-08-24"},{"lineNumber":219,"author":{"gitId":"antrikshdhand"},"content":"","lastModifiedDate":"2023-08-24"},{"lineNumber":220,"author":{"gitId":"antrikshdhand"},"content":"","lastModifiedDate":"2023-09-06"},{"lineNumber":221,"author":{"gitId":"antrikshdhand"},"content":"","lastModifiedDate":"2023-09-06"}],"authorContributionMap":{"antrikshdhand":221}},{"path":"src/main/java/Main.java","fileType":"java","lines":[{"lineNumber":1,"author":{"gitId":"antrikshdhand"},"content":"import java.util.Scanner;","lastModifiedDate":"2023-08-29"},{"lineNumber":2,"author":{"gitId":"antrikshdhand"},"content":"","lastModifiedDate":"2023-08-29"},{"lineNumber":3,"author":{"gitId":"antrikshdhand"},"content":"public class Main {","lastModifiedDate":"2023-08-29"},{"lineNumber":4,"author":{"gitId":"antrikshdhand"},"content":"","lastModifiedDate":"2023-08-29"},{"lineNumber":5,"author":{"gitId":"antrikshdhand"},"content":"    public static void main(String[] args) {","lastModifiedDate":"2023-08-29"},{"lineNumber":6,"author":{"gitId":"antrikshdhand"},"content":"","lastModifiedDate":"2023-08-29"},{"lineNumber":7,"author":{"gitId":"antrikshdhand"},"content":"        Herbert herbert \u003d new Herbert();","lastModifiedDate":"2023-08-29"},{"lineNumber":8,"author":{"gitId":"antrikshdhand"},"content":"","lastModifiedDate":"2023-08-29"},{"lineNumber":9,"author":{"gitId":"antrikshdhand"},"content":"        Scanner scan \u003d new Scanner(System.in);","lastModifiedDate":"2023-08-29"},{"lineNumber":10,"author":{"gitId":"antrikshdhand"},"content":"","lastModifiedDate":"2023-08-29"},{"lineNumber":11,"author":{"gitId":"antrikshdhand"},"content":"        String line;","lastModifiedDate":"2023-08-29"},{"lineNumber":12,"author":{"gitId":"antrikshdhand"},"content":"        while (scan.hasNextLine()) {","lastModifiedDate":"2023-08-29"},{"lineNumber":13,"author":{"gitId":"antrikshdhand"},"content":"            line \u003d scan.nextLine();","lastModifiedDate":"2023-08-29"},{"lineNumber":14,"author":{"gitId":"antrikshdhand"},"content":"            System.out.println();","lastModifiedDate":"2023-09-06"},{"lineNumber":15,"author":{"gitId":"antrikshdhand"},"content":"","lastModifiedDate":"2023-08-29"},{"lineNumber":16,"author":{"gitId":"antrikshdhand"},"content":"            // User has inputted \"bye\"","lastModifiedDate":"2023-09-06"},{"lineNumber":17,"author":{"gitId":"antrikshdhand"},"content":"            if (herbert.processLine(line) \u003d\u003d 1) {","lastModifiedDate":"2023-09-06"},{"lineNumber":18,"author":{"gitId":"antrikshdhand"},"content":"                break;","lastModifiedDate":"2023-09-06"},{"lineNumber":19,"author":{"gitId":"antrikshdhand"},"content":"            }","lastModifiedDate":"2023-09-06"},{"lineNumber":20,"author":{"gitId":"antrikshdhand"},"content":"        }","lastModifiedDate":"2023-08-29"},{"lineNumber":21,"author":{"gitId":"antrikshdhand"},"content":"    }","lastModifiedDate":"2023-08-29"},{"lineNumber":22,"author":{"gitId":"antrikshdhand"},"content":"","lastModifiedDate":"2023-08-29"},{"lineNumber":23,"author":{"gitId":"antrikshdhand"},"content":"}","lastModifiedDate":"2023-08-29"}],"authorContributionMap":{"antrikshdhand":23}},{"path":"src/main/java/Task.java","fileType":"java","lines":[{"lineNumber":1,"author":{"gitId":"antrikshdhand"},"content":"public abstract class Task {","lastModifiedDate":"2023-09-06"},{"lineNumber":2,"author":{"gitId":"antrikshdhand"},"content":"","lastModifiedDate":"2023-08-30"},{"lineNumber":3,"author":{"gitId":"antrikshdhand"},"content":"    protected String description;","lastModifiedDate":"2023-09-06"},{"lineNumber":4,"author":{"gitId":"antrikshdhand"},"content":"    protected boolean completed;","lastModifiedDate":"2023-09-06"},{"lineNumber":5,"author":{"gitId":"antrikshdhand"},"content":"","lastModifiedDate":"2023-08-30"},{"lineNumber":6,"author":{"gitId":"antrikshdhand"},"content":"    public Task(String description) {","lastModifiedDate":"2023-08-30"},{"lineNumber":7,"author":{"gitId":"antrikshdhand"},"content":"        this.description \u003d description;","lastModifiedDate":"2023-08-30"},{"lineNumber":8,"author":{"gitId":"antrikshdhand"},"content":"        this.completed \u003d false;","lastModifiedDate":"2023-08-30"},{"lineNumber":9,"author":{"gitId":"antrikshdhand"},"content":"    }","lastModifiedDate":"2023-08-30"},{"lineNumber":10,"author":{"gitId":"antrikshdhand"},"content":"","lastModifiedDate":"2023-08-30"},{"lineNumber":11,"author":{"gitId":"antrikshdhand"},"content":"    public String getStatusIcon() {","lastModifiedDate":"2023-08-30"},{"lineNumber":12,"author":{"gitId":"antrikshdhand"},"content":"        return (completed ? \"X\" : \" \");","lastModifiedDate":"2023-08-30"},{"lineNumber":13,"author":{"gitId":"antrikshdhand"},"content":"    }","lastModifiedDate":"2023-08-30"},{"lineNumber":14,"author":{"gitId":"antrikshdhand"},"content":"","lastModifiedDate":"2023-08-30"},{"lineNumber":15,"author":{"gitId":"antrikshdhand"},"content":"    public String getDescription() {","lastModifiedDate":"2023-08-30"},{"lineNumber":16,"author":{"gitId":"antrikshdhand"},"content":"        return description;","lastModifiedDate":"2023-08-30"},{"lineNumber":17,"author":{"gitId":"antrikshdhand"},"content":"    }","lastModifiedDate":"2023-08-30"},{"lineNumber":18,"author":{"gitId":"antrikshdhand"},"content":"","lastModifiedDate":"2023-08-30"},{"lineNumber":19,"author":{"gitId":"antrikshdhand"},"content":"    public void setDescription(String description) {","lastModifiedDate":"2023-08-30"},{"lineNumber":20,"author":{"gitId":"antrikshdhand"},"content":"        this.description \u003d description;","lastModifiedDate":"2023-08-30"},{"lineNumber":21,"author":{"gitId":"antrikshdhand"},"content":"    }","lastModifiedDate":"2023-08-30"},{"lineNumber":22,"author":{"gitId":"antrikshdhand"},"content":"","lastModifiedDate":"2023-08-30"},{"lineNumber":23,"author":{"gitId":"antrikshdhand"},"content":"    public boolean isCompleted() {","lastModifiedDate":"2023-08-30"},{"lineNumber":24,"author":{"gitId":"antrikshdhand"},"content":"        return completed;","lastModifiedDate":"2023-08-30"},{"lineNumber":25,"author":{"gitId":"antrikshdhand"},"content":"    }","lastModifiedDate":"2023-08-30"},{"lineNumber":26,"author":{"gitId":"antrikshdhand"},"content":"","lastModifiedDate":"2023-08-30"},{"lineNumber":27,"author":{"gitId":"antrikshdhand"},"content":"    public void setCompleted(boolean completed) {","lastModifiedDate":"2023-08-30"},{"lineNumber":28,"author":{"gitId":"antrikshdhand"},"content":"        this.completed \u003d completed;","lastModifiedDate":"2023-08-30"},{"lineNumber":29,"author":{"gitId":"antrikshdhand"},"content":"    }","lastModifiedDate":"2023-08-30"},{"lineNumber":30,"author":{"gitId":"antrikshdhand"},"content":"","lastModifiedDate":"2023-09-06"},{"lineNumber":31,"author":{"gitId":"antrikshdhand"},"content":"    @Override","lastModifiedDate":"2023-09-06"},{"lineNumber":32,"author":{"gitId":"antrikshdhand"},"content":"    public String toString() {","lastModifiedDate":"2023-09-06"},{"lineNumber":33,"author":{"gitId":"antrikshdhand"},"content":"        return this.description;","lastModifiedDate":"2023-09-06"},{"lineNumber":34,"author":{"gitId":"antrikshdhand"},"content":"    }","lastModifiedDate":"2023-09-06"},{"lineNumber":35,"author":{"gitId":"antrikshdhand"},"content":"","lastModifiedDate":"2023-09-06"},{"lineNumber":36,"author":{"gitId":"antrikshdhand"},"content":"    public abstract String getCode();","lastModifiedDate":"2023-09-06"},{"lineNumber":37,"author":{"gitId":"antrikshdhand"},"content":"}","lastModifiedDate":"2023-08-30"}],"authorContributionMap":{"antrikshdhand":37}},{"path":"src/main/java/Todo.java","fileType":"java","lines":[{"lineNumber":1,"author":{"gitId":"antrikshdhand"},"content":"public class Todo extends Task {","lastModifiedDate":"2023-09-06"},{"lineNumber":2,"author":{"gitId":"antrikshdhand"},"content":"","lastModifiedDate":"2023-09-06"},{"lineNumber":3,"author":{"gitId":"antrikshdhand"},"content":"    public Todo(String description) {","lastModifiedDate":"2023-09-06"},{"lineNumber":4,"author":{"gitId":"antrikshdhand"},"content":"        super(description);","lastModifiedDate":"2023-09-06"},{"lineNumber":5,"author":{"gitId":"antrikshdhand"},"content":"    }","lastModifiedDate":"2023-09-06"},{"lineNumber":6,"author":{"gitId":"antrikshdhand"},"content":"","lastModifiedDate":"2023-09-06"},{"lineNumber":7,"author":{"gitId":"antrikshdhand"},"content":"    public String getCode() {","lastModifiedDate":"2023-09-06"},{"lineNumber":8,"author":{"gitId":"antrikshdhand"},"content":"        return \"T\";","lastModifiedDate":"2023-09-06"},{"lineNumber":9,"author":{"gitId":"antrikshdhand"},"content":"    }","lastModifiedDate":"2023-09-06"},{"lineNumber":10,"author":{"gitId":"antrikshdhand"},"content":"}","lastModifiedDate":"2023-09-06"}],"authorContributionMap":{"antrikshdhand":10}}]
