{"authorDailyContributionsMap":{"antrikshdhand":[{"date":"2023-08-24","commitResults":[{"hash":"0d5d223569277598ed584709a5bb2ed85ecb4dc9","isMergeCommit":false,"messageTitle":"Update name and add greeting","messageBody":"","tags":["Level-0"],"fileTypesAndContributionMap":{"java":{"insertions":32,"deletions":10}}}]},{"date":"2023-08-29","commitResults":[{"hash":"68f27438074ef7d42ed15b763fb7db2ebe42e7ef","isMergeCommit":false,"messageTitle":"Add echo function and exit functionality","messageBody":"","tags":["Level-1"],"fileTypesAndContributionMap":{"java":{"insertions":26,"deletions":6}}},{"hash":"d49c61b591e47308fda53dcbb4b504611c1fae3e","isMergeCommit":false,"messageTitle":"Add list functionality and improve structure","messageBody":"","tags":["Level-2"],"fileTypesAndContributionMap":{"java":{"insertions":50,"deletions":20}}}]},{"date":"2023-08-30","commitResults":[{"hash":"93a262a948376c897594ebe0a0a61e6fb7e31dbc","isMergeCommit":false,"messageTitle":"Add task completion feature","messageBody":"","tags":["Level-3","A-CodingStandard"],"fileTypesAndContributionMap":{"java":{"insertions":85,"deletions":11}}}]},{"date":"2023-09-06","commitResults":[{"hash":"0160070c50a09ea26e6acc1c90d2a03a001ddcd5","isMergeCommit":false,"messageTitle":"Add Todo, Deadline, and Event functionality","messageBody":"","tags":["Level-4","A-CodeQuality"],"fileTypesAndContributionMap":{"java":{"insertions":266,"deletions":27}}}]},{"date":"2023-09-13","commitResults":[{"hash":"39066db38eaed3b88143b116b6dbfd0dbc819109","isMergeCommit":false,"messageTitle":"Modularise code and handle errors","messageBody":"","fileTypesAndContributionMap":{"java":{"insertions":170,"deletions":86}}},{"hash":"1e8e89cbe8073b51e73afcff43cb87d48328db5d","isMergeCommit":false,"messageTitle":"Handle blank input","messageBody":"","fileTypesAndContributionMap":{"java":{"insertions":7,"deletions":5}}},{"hash":"7497866dfac64cf773a1c387e04dd825e9ef991d","isMergeCommit":true,"messageTitle":"Merge branch \u0027branch-Level-5\u0027","messageBody":"","tags":["Level-5","A-Exceptions"],"fileTypesAndContributionMap":{}},{"hash":"53fe1c1e4b06149dda7b5172d953db27604dd2eb","isMergeCommit":false,"messageTitle":"Update logo and README","messageBody":"","fileTypesAndContributionMap":{"java":{"insertions":7,"deletions":12},"md":{"insertions":50,"deletions":24}}},{"hash":"573753f0e867ee25ddb18bf94afb5141f66290df","isMergeCommit":false,"messageTitle":"Divide classes into packages","messageBody":"","fileTypesAndContributionMap":{"java":{"insertions":18,"deletions":0}}},{"hash":"2f26c3eaa1bc67c246f1a3fbd060433a02526181","isMergeCommit":true,"messageTitle":"Merge branch \u0027branch-A-Packages\u0027","messageBody":"","tags":["A-Packages"],"fileTypesAndContributionMap":{}}]}]},"authorFileTypeContributionMap":{"antrikshdhand":{"java":494,"md":44,"fxml":0,"sh":0,"bat":0,"gradle":0,"txt":0}},"authorContributionVariance":{"antrikshdhand":8150.6914},"authorDisplayNameMap":{"antrikshdhand":"CS2113-T18-1 DHAN..IKSH"}}
