{"authorDailyContributionsMap":{"SebasFok":[{"date":"2023-08-31","commitResults":[{"hash":"4fafd49fefef6ef8fef0684a45c2a0b0d11719cc","isMergeCommit":false,"messageTitle":"Add name and greeting","messageBody":"","tags":["Level-0"],"fileTypesAndContributionMap":{"java":{"insertions":6,"deletions":6}}}]},{"date":"2023-09-02","commitResults":[{"hash":"78de5a19f2a2325e19fc983faad7c09433e9e2ea","isMergeCommit":false,"messageTitle":"Add echo","messageBody":"","tags":["Level-1"],"fileTypesAndContributionMap":{"java":{"insertions":19,"deletions":4}}},{"hash":"26ede5337b908500aa5a17f45611b1373151f1c1","isMergeCommit":false,"messageTitle":"Add \u0027add\u0027 and \u0027list\u0027 behaviour","messageBody":"","tags":["Level-2"],"fileTypesAndContributionMap":{"java":{"insertions":20,"deletions":5}}}]},{"date":"2023-09-03","commitResults":[{"hash":"9e2f501117e4f59a9dff33bea02f46aa7ee66f62","isMergeCommit":false,"messageTitle":"Add Task class","messageBody":"","fileTypesAndContributionMap":{"java":{"insertions":35,"deletions":0}}},{"hash":"c69b24afe97ec95c03a0ffb33b286db95cb817a6","isMergeCommit":false,"messageTitle":"Add \u0027Mark as Done\u0027 behaviour","messageBody":"","tags":["Level-3","A-CodingStandard"],"fileTypesAndContributionMap":{"java":{"insertions":27,"deletions":10}}}]},{"date":"2023-09-08","commitResults":[{"hash":"6f3a17b82e91c3b35690221f2dd7a07ab19a4b01","isMergeCommit":false,"messageTitle":"Add Deadline Class","messageBody":"","fileTypesAndContributionMap":{"java":{"insertions":14,"deletions":0}}},{"hash":"3e5877455b83c04fe6e3bd1d587e4922fb29afcb","isMergeCommit":false,"messageTitle":"Add Event class","messageBody":"","fileTypesAndContributionMap":{"java":{"insertions":16,"deletions":0}}},{"hash":"8da226f32a4f4ba572f67f01ee3fb92ed5843f84","isMergeCommit":false,"messageTitle":"Add Todo class","messageBody":"","fileTypesAndContributionMap":{"java":{"insertions":11,"deletions":0}}},{"hash":"20cb8bcdccccb057e0cce692fbc58771a8201d97","isMergeCommit":false,"messageTitle":"Override toString() method in Task class","messageBody":"","fileTypesAndContributionMap":{"java":{"insertions":4,"deletions":0}}},{"hash":"a83ab0ab3a3d19ebc30263ea9ea658414569fdbf","isMergeCommit":false,"messageTitle":"Add \u0027ToDos, Events, Deadlines\u0027 behaviour","messageBody":"","tags":["Level-4"],"fileTypesAndContributionMap":{"java":{"insertions":40,"deletions":2}}},{"hash":"32d1be661e6b65f6274e5fd5d0d97234e261b334","isMergeCommit":false,"messageTitle":"Abstract functions from main to other methods","messageBody":"","tags":["A-CodeQuality"],"fileTypesAndContributionMap":{"java":{"insertions":105,"deletions":57}}},{"hash":"bf7df65cad29305b8b65060715847a05645ee003","isMergeCommit":false,"messageTitle":"Remove\u0027int id\u0027 and \u0027getId()\u0027 from Task class","messageBody":"","fileTypesAndContributionMap":{"java":{"insertions":0,"deletions":5}}},{"hash":"36afef6f9e81270100eea0b4a224fc924bf80e1a","isMergeCommit":false,"messageTitle":"Revert \"Removed \u0027int id\u0027 and \u0027getId()\u0027 from Task class\"","messageBody":"This reverts commit 5f68d00b81384af4171bef1611dff0a6b50e4f93.\n","fileTypesAndContributionMap":{"java":{"insertions":5,"deletions":0}}},{"hash":"7c2cc52b75f63d1949dd88766214701f9511ac6f","isMergeCommit":false,"messageTitle":"Remove \u0027int id\u0027 relevant methods in Task class","messageBody":"","fileTypesAndContributionMap":{"java":{"insertions":0,"deletions":5}}}]},{"date":"2023-09-14","commitResults":[{"hash":"3a063647f711faa871c5465a053260850d6962e6","isMergeCommit":false,"messageTitle":"Add ability to handle error for missing description for \u0027todo\u0027 and unknown input","messageBody":"","fileTypesAndContributionMap":{"java":{"insertions":21,"deletions":11}}},{"hash":"446b1dd41795cc58ce2cb19aba79bdec6aca1382","isMergeCommit":false,"messageTitle":"Improve error handling for \u0027todo\u0027","messageBody":"","fileTypesAndContributionMap":{"java":{"insertions":44,"deletions":37}}},{"hash":"2919c780bfc0a3d8bff19ae560684f09e646557b","isMergeCommit":false,"messageTitle":"Fix spacing","messageBody":"","fileTypesAndContributionMap":{"java":{"insertions":1,"deletions":1}}},{"hash":"5f466fc25f84d2240d9490c2dd26de7cafe8168d","isMergeCommit":true,"messageTitle":"Merge branch \u0027branch-Level-5\u0027","messageBody":"","tags":["Level-5"],"fileTypesAndContributionMap":{}}]},{"date":"2023-09-16","commitResults":[{"hash":"15d89f8eb89b8cd6ca07dbe2d952fb6d8da8d4c7","isMergeCommit":false,"messageTitle":"Add error handling more cases","messageBody":"","fileTypesAndContributionMap":{"java":{"insertions":164,"deletions":96}}},{"hash":"c369ad9be93f023559ee794c038457d17149a40a","isMergeCommit":false,"messageTitle":"Shift main to top and methods to the bottom","messageBody":"","fileTypesAndContributionMap":{"java":{"insertions":22,"deletions":21}}},{"hash":"fa670e6414635755fc2a418c14069e7ca14103a7","isMergeCommit":false,"messageTitle":"Add SimonException class","messageBody":"","tags":["A-Exceptions"],"fileTypesAndContributionMap":{"java":{"insertions":2,"deletions":0}}},{"hash":"bf594c6a04061ed8de1ed52f2f6bafc33ac7d72b","isMergeCommit":false,"messageTitle":"Fix bug for deadline and event","messageBody":"","fileTypesAndContributionMap":{"java":{"insertions":104,"deletions":83}}}]},{"date":"2023-09-17","commitResults":[{"hash":"df7930044cf7e80860a1b50015b271271f870fd7","isMergeCommit":false,"messageTitle":"Updated variable names to follow coding standards","messageBody":"","fileTypesAndContributionMap":{"java":{"insertions":2,"deletions":9}}}]},{"date":"2023-09-20","commitResults":[{"hash":"182fb29cb3b41beb4a967ee49daed9376fd04e2f","isMergeCommit":false,"messageTitle":"Add packages","messageBody":"","fileTypesAndContributionMap":{"java":{"insertions":278,"deletions":243},"bat":{"insertions":1,"deletions":1}}},{"hash":"555ac9fba70aeab83b5160b72c463781c5b6b876","isMergeCommit":true,"messageTitle":"Merge branch \u0027branch-A-packages\u0027","messageBody":"","tags":["A-Packages"],"fileTypesAndContributionMap":{}}]},{"date":"2023-09-21","commitResults":[{"hash":"493698d126f9986c994ff95ed93649b8899d4359","isMergeCommit":false,"messageTitle":"Add ArrayList for storing tasks","messageBody":"","tags":["A-Collections"],"fileTypesAndContributionMap":{"java":{"insertions":35,"deletions":43}}},{"hash":"f91301edf149a5fcd68def47d5e077793e16d099","isMergeCommit":false,"messageTitle":"Add \u0027Delete\u0027 behaviour","messageBody":"","fileTypesAndContributionMap":{"java":{"insertions":30,"deletions":4}}},{"hash":"feb703c1efa73a75b42848aadb95735f2bc71884","isMergeCommit":false,"messageTitle":"Revert \"Add \u0027Delete\u0027 behaviour\"","messageBody":"This reverts commit f91301edf149a5fcd68def47d5e077793e16d099.\n","fileTypesAndContributionMap":{"java":{"insertions":4,"deletions":30}}},{"hash":"95b745f677f25d9a677f9ba0e8ce60f342525178","isMergeCommit":true,"messageTitle":"Merge branch \u0027branch-A-Collections\u0027","messageBody":"","fileTypesAndContributionMap":{}},{"hash":"d0ea3046d41539a6d91c2a27eddd14adf6ef8864","isMergeCommit":false,"messageTitle":"Add \u0027delete\u0027 behaviour","messageBody":"","fileTypesAndContributionMap":{"java":{"insertions":26,"deletions":0}}},{"hash":"6f0ad40848be89fc43eb93db76f3ddecfd9293f4","isMergeCommit":false,"messageTitle":"Add \u0027Save\u0027 behaviour","messageBody":"","tags":["Level-7"],"fileTypesAndContributionMap":{"txt":{"insertions":3,"deletions":0},"java":{"insertions":169,"deletions":3}}},{"hash":"38d13042ca29edd5692cb54fb24c63aced9a4316","isMergeCommit":true,"messageTitle":"Merge branch \u0027branch-Level-6\u0027","messageBody":"","tags":["Level-6","A-Jar"],"fileTypesAndContributionMap":{}}]},{"date":"2023-09-22","commitResults":[{"hash":"0f7caed3451b97ad2f68ca2d90cb708eab02d1e1","isMergeCommit":false,"messageTitle":"Incorporate delete to save behaviour","messageBody":"","fileTypesAndContributionMap":{"txt":{"insertions":3,"deletions":3},"java":{"insertions":50,"deletions":3}}},{"hash":"5756d21af979ce99e9d55288e4ccf63455c930a3","isMergeCommit":false,"messageTitle":"Ignore simon.txt","messageBody":"","fileTypesAndContributionMap":{"txt":{"insertions":0,"deletions":3}}}]}]},"authorFileTypeContributionMap":{"SebasFok":{"java":586,"md":0,"fxml":0,"sh":0,"bat":1,"gradle":0,"txt":0}},"authorContributionVariance":{"SebasFok":17370.219},"authorDisplayNameMap":{"SebasFok":"CS2113-T17-4 SEBA..HUNG"}}
