{"authorDailyContributionsMap":{"SebasFok":[{"date":"2023-08-31","commitResults":[{"hash":"4fafd49fefef6ef8fef0684a45c2a0b0d11719cc","isMergeCommit":false,"messageTitle":"Add name and greeting","messageBody":"","tags":["Level-0"],"fileTypesAndContributionMap":{"java":{"insertions":6,"deletions":6}}}]},{"date":"2023-09-02","commitResults":[{"hash":"78de5a19f2a2325e19fc983faad7c09433e9e2ea","isMergeCommit":false,"messageTitle":"Add echo","messageBody":"","tags":["Level-1"],"fileTypesAndContributionMap":{"java":{"insertions":19,"deletions":4}}},{"hash":"26ede5337b908500aa5a17f45611b1373151f1c1","isMergeCommit":false,"messageTitle":"Add \u0027add\u0027 and \u0027list\u0027 behaviour","messageBody":"","tags":["Level-2"],"fileTypesAndContributionMap":{"java":{"insertions":20,"deletions":5}}}]},{"date":"2023-09-03","commitResults":[{"hash":"9e2f501117e4f59a9dff33bea02f46aa7ee66f62","isMergeCommit":false,"messageTitle":"Add Task class","messageBody":"","fileTypesAndContributionMap":{"java":{"insertions":35,"deletions":0}}},{"hash":"c69b24afe97ec95c03a0ffb33b286db95cb817a6","isMergeCommit":false,"messageTitle":"Add \u0027Mark as Done\u0027 behaviour","messageBody":"","tags":["Level-3"],"fileTypesAndContributionMap":{"java":{"insertions":27,"deletions":10}}}]}]},"authorFileTypeContributionMap":{"SebasFok":{"java":88,"md":0,"fxml":0,"sh":0,"bat":0,"gradle":0,"txt":0}},"authorContributionVariance":{"SebasFok":388.65048},"authorDisplayNameMap":{"SebasFok":"SEBA..HUNG"}}
