[{"path":"src/main/java/Duchess/CommandHandler.java","fileType":"java","lines":[{"lineNumber":1,"author":{"gitId":"onx001"},"content":"package Duchess;","lastModifiedDate":"2023-09-01"},{"lineNumber":2,"author":{"gitId":"onx001"},"content":"","lastModifiedDate":"2023-09-01"},{"lineNumber":3,"author":{"gitId":"onx001"},"content":"","lastModifiedDate":"2023-09-01"},{"lineNumber":4,"author":{"gitId":"onx001"},"content":"/** Class to handle commands and to return exit conditions */","lastModifiedDate":"2023-09-01"},{"lineNumber":5,"author":{"gitId":"onx001"},"content":"public class CommandHandler {","lastModifiedDate":"2023-09-01"},{"lineNumber":6,"author":{"gitId":"onx001"},"content":"","lastModifiedDate":"2023-09-01"},{"lineNumber":7,"author":{"gitId":"onx001"},"content":"    /** List of tasks user needs to keep track of */","lastModifiedDate":"2023-09-02"},{"lineNumber":8,"author":{"gitId":"onx001"},"content":"    private static TaskList taskList \u003d new TaskList();","lastModifiedDate":"2023-09-02"},{"lineNumber":9,"author":{"gitId":"onx001"},"content":"","lastModifiedDate":"2023-09-01"},{"lineNumber":10,"author":{"gitId":"onx001"},"content":"    /** Constructor class to be declared. */","lastModifiedDate":"2023-09-01"},{"lineNumber":11,"author":{"gitId":"onx001"},"content":"    public CommandHandler(){","lastModifiedDate":"2023-09-01"},{"lineNumber":12,"author":{"gitId":"onx001"},"content":"    }","lastModifiedDate":"2023-09-01"},{"lineNumber":13,"author":{"gitId":"onx001"},"content":"    ","lastModifiedDate":"2023-09-01"},{"lineNumber":14,"author":{"gitId":"onx001"},"content":"    ","lastModifiedDate":"2023-09-01"},{"lineNumber":15,"author":{"gitId":"onx001"},"content":"    /**","lastModifiedDate":"2023-09-01"},{"lineNumber":16,"author":{"gitId":"onx001"},"content":"    * Echoes input message as default command.","lastModifiedDate":"2023-09-01"},{"lineNumber":17,"author":{"gitId":"onx001"},"content":"    * If exit command is parsed, return flag to trigger exit condition.","lastModifiedDate":"2023-09-01"},{"lineNumber":18,"author":{"gitId":"onx001"},"content":"    *","lastModifiedDate":"2023-09-01"},{"lineNumber":19,"author":{"gitId":"onx001"},"content":"    * @param command Command to be handled.","lastModifiedDate":"2023-09-01"},{"lineNumber":20,"author":{"gitId":"onx001"},"content":"    * @method ","lastModifiedDate":"2023-09-01"},{"lineNumber":21,"author":{"gitId":"onx001"},"content":"    * @return Flag to initiate exit of program.","lastModifiedDate":"2023-09-01"},{"lineNumber":22,"author":{"gitId":"onx001"},"content":"    * @see Message echoed in console.","lastModifiedDate":"2023-09-01"},{"lineNumber":23,"author":{"gitId":"onx001"},"content":"    */","lastModifiedDate":"2023-09-01"},{"lineNumber":24,"author":{"gitId":"onx001"},"content":"    public int ParseCommand(String command) {","lastModifiedDate":"2023-09-01"},{"lineNumber":25,"author":{"gitId":"onx001"},"content":"        String[] commandArray \u003d command.split(\" \"); // Split input into array of strings","lastModifiedDate":"2023-09-02"},{"lineNumber":26,"author":{"gitId":"onx001"},"content":"        switch (commandArray[0]) { // Check first word of input for command","lastModifiedDate":"2023-09-02"},{"lineNumber":27,"author":{"gitId":"onx001"},"content":"","lastModifiedDate":"2023-09-02"},{"lineNumber":28,"author":{"gitId":"onx001"},"content":"            /**Checks for command keywords","lastModifiedDate":"2023-09-02"},{"lineNumber":29,"author":{"gitId":"onx001"},"content":"             * and executes corresponding methods","lastModifiedDate":"2023-09-02"},{"lineNumber":30,"author":{"gitId":"onx001"},"content":"             * from TaskList class if found.","lastModifiedDate":"2023-09-02"},{"lineNumber":31,"author":{"gitId":"onx001"},"content":"             */","lastModifiedDate":"2023-09-02"},{"lineNumber":32,"author":{"gitId":"onx001"},"content":"","lastModifiedDate":"2023-09-01"},{"lineNumber":33,"author":{"gitId":"onx001"},"content":"            case Constants.endCommand:","lastModifiedDate":"2023-09-01"},{"lineNumber":34,"author":{"gitId":"onx001"},"content":"                System.out.println(DefaultStrings.endString);","lastModifiedDate":"2023-09-01"},{"lineNumber":35,"author":{"gitId":"onx001"},"content":"                return Constants.exitFlag; // Exit program","lastModifiedDate":"2023-09-02"},{"lineNumber":36,"author":{"gitId":"onx001"},"content":"","lastModifiedDate":"2023-09-02"},{"lineNumber":37,"author":{"gitId":"onx001"},"content":"            case Constants.listCommand:","lastModifiedDate":"2023-09-02"},{"lineNumber":38,"author":{"gitId":"onx001"},"content":"                taskList.listTasks();","lastModifiedDate":"2023-09-02"},{"lineNumber":39,"author":{"gitId":"onx001"},"content":"                break;","lastModifiedDate":"2023-09-04"},{"lineNumber":40,"author":{"gitId":"onx001"},"content":"","lastModifiedDate":"2023-09-01"},{"lineNumber":41,"author":{"gitId":"onx001"},"content":"            case Constants.markCommand:","lastModifiedDate":"2023-09-02"},{"lineNumber":42,"author":{"gitId":"onx001"},"content":"                int taskNumber \u003d Integer.parseInt(commandArray[1]);","lastModifiedDate":"2023-09-02"},{"lineNumber":43,"author":{"gitId":"onx001"},"content":"                taskList.markTask(taskNumber);","lastModifiedDate":"2023-09-02"},{"lineNumber":44,"author":{"gitId":"onx001"},"content":"                break;","lastModifiedDate":"2023-09-04"},{"lineNumber":45,"author":{"gitId":"onx001"},"content":"","lastModifiedDate":"2023-09-02"},{"lineNumber":46,"author":{"gitId":"onx001"},"content":"            case Constants.unmarkCommand:","lastModifiedDate":"2023-09-02"},{"lineNumber":47,"author":{"gitId":"onx001"},"content":"                taskNumber \u003d Integer.parseInt(commandArray[1]);","lastModifiedDate":"2023-09-02"},{"lineNumber":48,"author":{"gitId":"onx001"},"content":"                taskList.unmarkTask(taskNumber);","lastModifiedDate":"2023-09-02"},{"lineNumber":49,"author":{"gitId":"onx001"},"content":"                break;","lastModifiedDate":"2023-09-04"},{"lineNumber":50,"author":{"gitId":"onx001"},"content":"","lastModifiedDate":"2023-09-04"},{"lineNumber":51,"author":{"gitId":"onx001"},"content":"            case Constants.todoCommand:","lastModifiedDate":"2023-09-04"},{"lineNumber":52,"author":{"gitId":"onx001"},"content":"                String toDoName \u003d command.substring(5);","lastModifiedDate":"2023-09-04"},{"lineNumber":53,"author":{"gitId":"onx001"},"content":"                Task newToDo \u003d new ToDo(toDoName);","lastModifiedDate":"2023-09-04"},{"lineNumber":54,"author":{"gitId":"onx001"},"content":"                taskList.addTask(newToDo);","lastModifiedDate":"2023-09-04"},{"lineNumber":55,"author":{"gitId":"onx001"},"content":"                System.out.println(DefaultStrings.addedString + newToDo.toString());","lastModifiedDate":"2023-09-04"},{"lineNumber":56,"author":{"gitId":"onx001"},"content":"                System.out.println(DefaultStrings.splittingLine);","lastModifiedDate":"2023-09-04"},{"lineNumber":57,"author":{"gitId":"onx001"},"content":"                break;","lastModifiedDate":"2023-09-04"},{"lineNumber":58,"author":{"gitId":"onx001"},"content":"","lastModifiedDate":"2023-09-04"},{"lineNumber":59,"author":{"gitId":"onx001"},"content":"            case Constants.deadlineCommand:","lastModifiedDate":"2023-09-04"},{"lineNumber":60,"author":{"gitId":"onx001"},"content":"                String deadlineName \u003d command.substring(9, command.indexOf(Constants.deadlineTime) - 1);","lastModifiedDate":"2023-09-04"},{"lineNumber":61,"author":{"gitId":"onx001"},"content":"                String deadlineTime \u003d command.substring(command.indexOf(Constants.deadlineTime) + 4);","lastModifiedDate":"2023-09-04"},{"lineNumber":62,"author":{"gitId":"onx001"},"content":"                Task newDeadline \u003d new Deadline(deadlineName, deadlineTime);","lastModifiedDate":"2023-09-04"},{"lineNumber":63,"author":{"gitId":"onx001"},"content":"                taskList.addTask(newDeadline);","lastModifiedDate":"2023-09-04"},{"lineNumber":64,"author":{"gitId":"onx001"},"content":"                System.out.println(DefaultStrings.addedString + newDeadline.toString());","lastModifiedDate":"2023-09-04"},{"lineNumber":65,"author":{"gitId":"onx001"},"content":"                System.out.println(DefaultStrings.splittingLine);","lastModifiedDate":"2023-09-04"},{"lineNumber":66,"author":{"gitId":"onx001"},"content":"                break;","lastModifiedDate":"2023-09-04"},{"lineNumber":67,"author":{"gitId":"onx001"},"content":"","lastModifiedDate":"2023-09-04"},{"lineNumber":68,"author":{"gitId":"onx001"},"content":"            case Constants.eventCommand:","lastModifiedDate":"2023-09-04"},{"lineNumber":69,"author":{"gitId":"onx001"},"content":"                String eventName \u003d command.substring(6, command.indexOf(Constants.eventStartTime) - 1);","lastModifiedDate":"2023-09-04"},{"lineNumber":70,"author":{"gitId":"onx001"},"content":"                String eventStartTime \u003d command.substring(command.indexOf(Constants.eventStartTime) + 6, command.indexOf(Constants.eventEndTime) - 1);","lastModifiedDate":"2023-09-04"},{"lineNumber":71,"author":{"gitId":"onx001"},"content":"                String eventEndTime \u003d command.substring(command.indexOf(Constants.eventEndTime) + 4);","lastModifiedDate":"2023-09-04"},{"lineNumber":72,"author":{"gitId":"onx001"},"content":"                Task newEvent \u003d new Event(eventName, eventStartTime, eventEndTime);","lastModifiedDate":"2023-09-04"},{"lineNumber":73,"author":{"gitId":"onx001"},"content":"                taskList.addTask(newEvent);","lastModifiedDate":"2023-09-04"},{"lineNumber":74,"author":{"gitId":"onx001"},"content":"                System.out.println(DefaultStrings.addedString + newEvent.toString());","lastModifiedDate":"2023-09-04"},{"lineNumber":75,"author":{"gitId":"onx001"},"content":"                System.out.println(DefaultStrings.splittingLine);","lastModifiedDate":"2023-09-04"},{"lineNumber":76,"author":{"gitId":"onx001"},"content":"                break;","lastModifiedDate":"2023-09-04"},{"lineNumber":77,"author":{"gitId":"onx001"},"content":"            ","lastModifiedDate":"2023-09-04"},{"lineNumber":78,"author":{"gitId":"onx001"},"content":"            default: // Add task","lastModifiedDate":"2023-09-04"},{"lineNumber":79,"author":{"gitId":"onx001"},"content":"                Task newTask \u003d new Task(command);","lastModifiedDate":"2023-09-04"},{"lineNumber":80,"author":{"gitId":"onx001"},"content":"                taskList.addTask(newTask);","lastModifiedDate":"2023-09-04"},{"lineNumber":81,"author":{"gitId":"onx001"},"content":"                System.out.println(DefaultStrings.addedString + command);","lastModifiedDate":"2023-09-04"},{"lineNumber":82,"author":{"gitId":"onx001"},"content":"                System.out.println(DefaultStrings.splittingLine);","lastModifiedDate":"2023-09-04"},{"lineNumber":83,"author":{"gitId":"onx001"},"content":"                break;","lastModifiedDate":"2023-09-04"},{"lineNumber":84,"author":{"gitId":"onx001"},"content":"        } ","lastModifiedDate":"2023-09-01"},{"lineNumber":85,"author":{"gitId":"onx001"},"content":"","lastModifiedDate":"2023-09-02"},{"lineNumber":86,"author":{"gitId":"onx001"},"content":"        return Constants.stayFlag; // Continue program","lastModifiedDate":"2023-09-02"},{"lineNumber":87,"author":{"gitId":"onx001"},"content":"","lastModifiedDate":"2023-09-02"},{"lineNumber":88,"author":{"gitId":"onx001"},"content":"    }   ","lastModifiedDate":"2023-09-01"},{"lineNumber":89,"author":{"gitId":"onx001"},"content":"}","lastModifiedDate":"2023-09-01"}],"authorContributionMap":{"onx001":89}},{"path":"src/main/java/Duchess/Constants.java","fileType":"java","lines":[{"lineNumber":1,"author":{"gitId":"onx001"},"content":"package Duchess;","lastModifiedDate":"2023-09-04"},{"lineNumber":2,"author":{"gitId":"onx001"},"content":"","lastModifiedDate":"2023-09-04"},{"lineNumber":3,"author":{"gitId":"onx001"},"content":"/**","lastModifiedDate":"2023-09-01"},{"lineNumber":4,"author":{"gitId":"onx001"},"content":" * Defines constants used in commands and","lastModifiedDate":"2023-09-01"},{"lineNumber":5,"author":{"gitId":"onx001"},"content":" * other miscellaneous contexts.","lastModifiedDate":"2023-09-01"},{"lineNumber":6,"author":{"gitId":"onx001"},"content":" */","lastModifiedDate":"2023-09-01"},{"lineNumber":7,"author":{"gitId":"onx001"},"content":"","lastModifiedDate":"2023-09-01"},{"lineNumber":8,"author":{"gitId":"onx001"},"content":"","lastModifiedDate":"2023-09-01"},{"lineNumber":9,"author":{"gitId":"onx001"},"content":"public class Constants {","lastModifiedDate":"2023-09-01"},{"lineNumber":10,"author":{"gitId":"onx001"},"content":"    public static final String endCommand \u003d \"bye\";","lastModifiedDate":"2023-09-01"},{"lineNumber":11,"author":{"gitId":"onx001"},"content":"    public static final String listCommand \u003d \"list\";","lastModifiedDate":"2023-09-02"},{"lineNumber":12,"author":{"gitId":"onx001"},"content":"    public static final String markCommand \u003d \"mark\";","lastModifiedDate":"2023-09-02"},{"lineNumber":13,"author":{"gitId":"onx001"},"content":"    public static final String unmarkCommand \u003d \"unmark\";","lastModifiedDate":"2023-09-02"},{"lineNumber":14,"author":{"gitId":"onx001"},"content":"    public static final String todoCommand \u003d \"todo\";","lastModifiedDate":"2023-09-04"},{"lineNumber":15,"author":{"gitId":"onx001"},"content":"    public static final String deadlineCommand \u003d \"deadline\";","lastModifiedDate":"2023-09-04"},{"lineNumber":16,"author":{"gitId":"onx001"},"content":"    public static final String eventCommand \u003d \"event\";","lastModifiedDate":"2023-09-04"},{"lineNumber":17,"author":{"gitId":"onx001"},"content":"    public static final String deadlineTime \u003d \"/by\";","lastModifiedDate":"2023-09-04"},{"lineNumber":18,"author":{"gitId":"onx001"},"content":"    public static final String eventStartTime \u003d \"/from\";","lastModifiedDate":"2023-09-04"},{"lineNumber":19,"author":{"gitId":"onx001"},"content":"    public static final String eventEndTime \u003d \"/to\";","lastModifiedDate":"2023-09-04"},{"lineNumber":20,"author":{"gitId":"onx001"},"content":"    public static final int exitFlag \u003d 1;","lastModifiedDate":"2023-09-02"},{"lineNumber":21,"author":{"gitId":"onx001"},"content":"    public static final int stayFlag \u003d 0;","lastModifiedDate":"2023-09-02"},{"lineNumber":22,"author":{"gitId":"onx001"},"content":"}","lastModifiedDate":"2023-09-01"}],"authorContributionMap":{"onx001":22}},{"path":"src/main/java/Duchess/Deadline.java","fileType":"java","lines":[{"lineNumber":1,"author":{"gitId":"onx001"},"content":"package Duchess;","lastModifiedDate":"2023-09-04"},{"lineNumber":2,"author":{"gitId":"onx001"},"content":"","lastModifiedDate":"2023-09-04"},{"lineNumber":3,"author":{"gitId":"onx001"},"content":"public class Deadline extends Task {","lastModifiedDate":"2023-09-04"},{"lineNumber":4,"author":{"gitId":"onx001"},"content":"","lastModifiedDate":"2023-09-04"},{"lineNumber":5,"author":{"gitId":"onx001"},"content":"    private String deadline;","lastModifiedDate":"2023-09-04"},{"lineNumber":6,"author":{"gitId":"onx001"},"content":"","lastModifiedDate":"2023-09-04"},{"lineNumber":7,"author":{"gitId":"onx001"},"content":"    public Deadline() {","lastModifiedDate":"2023-09-04"},{"lineNumber":8,"author":{"gitId":"onx001"},"content":"        super();","lastModifiedDate":"2023-09-04"},{"lineNumber":9,"author":{"gitId":"onx001"},"content":"    }","lastModifiedDate":"2023-09-04"},{"lineNumber":10,"author":{"gitId":"onx001"},"content":"","lastModifiedDate":"2023-09-04"},{"lineNumber":11,"author":{"gitId":"onx001"},"content":"    public Deadline(String name, String deadline) {","lastModifiedDate":"2023-09-04"},{"lineNumber":12,"author":{"gitId":"onx001"},"content":"        super(name);","lastModifiedDate":"2023-09-04"},{"lineNumber":13,"author":{"gitId":"onx001"},"content":"        this.deadline \u003d deadline;","lastModifiedDate":"2023-09-04"},{"lineNumber":14,"author":{"gitId":"onx001"},"content":"    }","lastModifiedDate":"2023-09-04"},{"lineNumber":15,"author":{"gitId":"onx001"},"content":"","lastModifiedDate":"2023-09-04"},{"lineNumber":16,"author":{"gitId":"onx001"},"content":"    @Override","lastModifiedDate":"2023-09-04"},{"lineNumber":17,"author":{"gitId":"onx001"},"content":"    public String toString() {","lastModifiedDate":"2023-09-04"},{"lineNumber":18,"author":{"gitId":"onx001"},"content":"        return \"[D]\" + super.toString() + \" (by: \" + this.deadline + \")\";","lastModifiedDate":"2023-09-04"},{"lineNumber":19,"author":{"gitId":"onx001"},"content":"    }","lastModifiedDate":"2023-09-04"},{"lineNumber":20,"author":{"gitId":"onx001"},"content":"}    ","lastModifiedDate":"2023-09-04"}],"authorContributionMap":{"onx001":20}},{"path":"src/main/java/Duchess/DefaultStrings.java","fileType":"java","lines":[{"lineNumber":1,"author":{"gitId":"onx001"},"content":"package Duchess;","lastModifiedDate":"2023-09-01"},{"lineNumber":2,"author":{"gitId":"onx001"},"content":"","lastModifiedDate":"2023-09-01"},{"lineNumber":3,"author":{"gitId":"onx001"},"content":"","lastModifiedDate":"2023-09-01"},{"lineNumber":4,"author":{"gitId":"onx001"},"content":"/** Class to define commonly used or long strings for other classes. */","lastModifiedDate":"2023-09-01"},{"lineNumber":5,"author":{"gitId":"onx001"},"content":"public class DefaultStrings {","lastModifiedDate":"2023-09-01"},{"lineNumber":6,"author":{"gitId":"onx001"},"content":"    public static final String splittingLine \u003d \"\\t____________________________________________________________\\n\";","lastModifiedDate":"2023-09-02"},{"lineNumber":7,"author":{"gitId":"onx001"},"content":"    public static final String logo \u003d splittingLine +","lastModifiedDate":"2023-09-02"},{"lineNumber":8,"author":{"gitId":"onx001"},"content":"            \"\\t Hewwo! I\u0027m Duchess-sama\\n\" +","lastModifiedDate":"2023-09-01"},{"lineNumber":9,"author":{"gitId":"onx001"},"content":"            \"\\t What can I do for youwu?\\n\" +","lastModifiedDate":"2023-09-01"},{"lineNumber":10,"author":{"gitId":"onx001"},"content":"            splittingLine;","lastModifiedDate":"2023-09-01"},{"lineNumber":11,"author":{"gitId":"onx001"},"content":"    public static final String endString \u003d splittingLine + \"\\t Bye. I know you don\\\u0027t want me. Never come back.\\n\" + splittingLine;","lastModifiedDate":"2023-09-02"},{"lineNumber":12,"author":{"gitId":"onx001"},"content":"    public static final String addedString \u003d splittingLine + \"\\t At your command, goshujin-sama: \";","lastModifiedDate":"2023-09-02"},{"lineNumber":13,"author":{"gitId":"onx001"},"content":"    public static final String markedString \u003d splittingLine + \"\\t Congwats on finishing za tawsk: \";","lastModifiedDate":"2023-09-02"},{"lineNumber":14,"author":{"gitId":"onx001"},"content":"    public static final String unmarkedString \u003d splittingLine + \"\\t WHY HAVE YOU FORSAKEN ME\";","lastModifiedDate":"2023-09-02"},{"lineNumber":15,"author":{"gitId":"onx001"},"content":"}","lastModifiedDate":"2023-09-01"}],"authorContributionMap":{"onx001":15}},{"path":"src/main/java/Duchess/Duchess.java","fileType":"java","lines":[{"lineNumber":1,"author":{"gitId":"onx001"},"content":"package Duchess;","lastModifiedDate":"2023-09-01"},{"lineNumber":2,"author":{"gitId":"onx001"},"content":"import java.util.Scanner;","lastModifiedDate":"2023-09-01"},{"lineNumber":3,"author":{"gitId":"onx001"},"content":"","lastModifiedDate":"2023-09-01"},{"lineNumber":4,"author":{"gitId":"onx001"},"content":"/** Main class to run for increment 1. ","lastModifiedDate":"2023-09-02"},{"lineNumber":5,"author":{"gitId":"onx001"},"content":" * Follows - A-CodingStandard","lastModifiedDate":"2023-09-02"},{"lineNumber":6,"author":{"gitId":"onx001"},"content":"*/","lastModifiedDate":"2023-09-02"},{"lineNumber":7,"author":{"gitId":"onx001"},"content":"public class Duchess {","lastModifiedDate":"2023-09-01"},{"lineNumber":8,"author":{"gitId":"onx001"},"content":"","lastModifiedDate":"2023-09-01"},{"lineNumber":9,"author":{"gitId":"onx001"},"content":"","lastModifiedDate":"2023-09-01"},{"lineNumber":10,"author":{"gitId":"onx001"},"content":"    /** Main method that instantiates CommandHandler object and take","lastModifiedDate":"2023-09-01"},{"lineNumber":11,"author":{"gitId":"onx001"},"content":"     * input from the user to echo.","lastModifiedDate":"2023-09-01"},{"lineNumber":12,"author":{"gitId":"onx001"},"content":"     */","lastModifiedDate":"2023-09-01"},{"lineNumber":13,"author":{"gitId":"onx001"},"content":"    public static void main(String[] args) {","lastModifiedDate":"2023-09-01"},{"lineNumber":14,"author":{"gitId":"onx001"},"content":"","lastModifiedDate":"2023-09-01"},{"lineNumber":15,"author":{"gitId":"onx001"},"content":"        System.out.println(DefaultStrings.logo);","lastModifiedDate":"2023-09-01"},{"lineNumber":16,"author":{"gitId":"onx001"},"content":"        CommandHandler ActiveCommandHandler \u003d new CommandHandler();","lastModifiedDate":"2023-09-01"},{"lineNumber":17,"author":{"gitId":"onx001"},"content":"        Scanner sc \u003d new Scanner(System.in);","lastModifiedDate":"2023-09-01"},{"lineNumber":18,"author":{"gitId":"onx001"},"content":"        int endProgram \u003d Constants.stayFlag;","lastModifiedDate":"2023-09-02"},{"lineNumber":19,"author":{"gitId":"onx001"},"content":"","lastModifiedDate":"2023-09-01"},{"lineNumber":20,"author":{"gitId":"onx001"},"content":"        while (endProgram \u003d\u003d Constants.stayFlag) {","lastModifiedDate":"2023-09-02"},{"lineNumber":21,"author":{"gitId":"onx001"},"content":"            String command \u003d sc.nextLine();","lastModifiedDate":"2023-09-01"},{"lineNumber":22,"author":{"gitId":"onx001"},"content":"            endProgram \u003d ActiveCommandHandler.ParseCommand(command);","lastModifiedDate":"2023-09-01"},{"lineNumber":23,"author":{"gitId":"onx001"},"content":"        }","lastModifiedDate":"2023-09-01"},{"lineNumber":24,"author":{"gitId":"onx001"},"content":"","lastModifiedDate":"2023-09-01"},{"lineNumber":25,"author":{"gitId":"onx001"},"content":"        sc.close();","lastModifiedDate":"2023-09-01"},{"lineNumber":26,"author":{"gitId":"onx001"},"content":"","lastModifiedDate":"2023-09-01"},{"lineNumber":27,"author":{"gitId":"onx001"},"content":"","lastModifiedDate":"2023-09-01"},{"lineNumber":28,"author":{"gitId":"onx001"},"content":"    }","lastModifiedDate":"2023-09-01"},{"lineNumber":29,"author":{"gitId":"onx001"},"content":"","lastModifiedDate":"2023-09-01"},{"lineNumber":30,"author":{"gitId":"onx001"},"content":"}","lastModifiedDate":"2023-09-01"},{"lineNumber":31,"author":{"gitId":"onx001"},"content":"","lastModifiedDate":"2023-09-01"}],"authorContributionMap":{"onx001":31}},{"path":"src/main/java/Duchess/Event.java","fileType":"java","lines":[{"lineNumber":1,"author":{"gitId":"onx001"},"content":"package Duchess;","lastModifiedDate":"2023-09-04"},{"lineNumber":2,"author":{"gitId":"onx001"},"content":"","lastModifiedDate":"2023-09-04"},{"lineNumber":3,"author":{"gitId":"onx001"},"content":"public class Event extends Task{","lastModifiedDate":"2023-09-04"},{"lineNumber":4,"author":{"gitId":"onx001"},"content":"    private String Starttime, endTime;","lastModifiedDate":"2023-09-04"},{"lineNumber":5,"author":{"gitId":"onx001"},"content":"","lastModifiedDate":"2023-09-04"},{"lineNumber":6,"author":{"gitId":"onx001"},"content":"    public Event() {","lastModifiedDate":"2023-09-04"},{"lineNumber":7,"author":{"gitId":"onx001"},"content":"        super();","lastModifiedDate":"2023-09-04"},{"lineNumber":8,"author":{"gitId":"onx001"},"content":"    }","lastModifiedDate":"2023-09-04"},{"lineNumber":9,"author":{"gitId":"onx001"},"content":"","lastModifiedDate":"2023-09-04"},{"lineNumber":10,"author":{"gitId":"onx001"},"content":"    public Event(String name, String Starttime, String endTime) {","lastModifiedDate":"2023-09-04"},{"lineNumber":11,"author":{"gitId":"onx001"},"content":"        super(name);","lastModifiedDate":"2023-09-04"},{"lineNumber":12,"author":{"gitId":"onx001"},"content":"        this.Starttime \u003d Starttime;","lastModifiedDate":"2023-09-04"},{"lineNumber":13,"author":{"gitId":"onx001"},"content":"        this.endTime \u003d endTime;","lastModifiedDate":"2023-09-04"},{"lineNumber":14,"author":{"gitId":"onx001"},"content":"    }","lastModifiedDate":"2023-09-04"},{"lineNumber":15,"author":{"gitId":"onx001"},"content":"","lastModifiedDate":"2023-09-04"},{"lineNumber":16,"author":{"gitId":"onx001"},"content":"    @Override","lastModifiedDate":"2023-09-04"},{"lineNumber":17,"author":{"gitId":"onx001"},"content":"    public String toString() {","lastModifiedDate":"2023-09-04"},{"lineNumber":18,"author":{"gitId":"onx001"},"content":"        return \"[E]\" + super.toString() + \" (from: \" + this.Starttime + \" to: \" + this.endTime + \")\";","lastModifiedDate":"2023-09-04"},{"lineNumber":19,"author":{"gitId":"onx001"},"content":"    }","lastModifiedDate":"2023-09-04"},{"lineNumber":20,"author":{"gitId":"onx001"},"content":"","lastModifiedDate":"2023-09-04"},{"lineNumber":21,"author":{"gitId":"onx001"},"content":"}","lastModifiedDate":"2023-09-04"}],"authorContributionMap":{"onx001":21}},{"path":"src/main/java/Duchess/Task.java","fileType":"java","lines":[{"lineNumber":1,"author":{"gitId":"onx001"},"content":"package Duchess;","lastModifiedDate":"2023-09-02"},{"lineNumber":2,"author":{"gitId":"onx001"},"content":"","lastModifiedDate":"2023-09-02"},{"lineNumber":3,"author":{"gitId":"onx001"},"content":"public class Task {","lastModifiedDate":"2023-09-02"},{"lineNumber":4,"author":{"gitId":"onx001"},"content":"    ","lastModifiedDate":"2023-09-02"},{"lineNumber":5,"author":{"gitId":"onx001"},"content":"    /**Done condition and","lastModifiedDate":"2023-09-02"},{"lineNumber":6,"author":{"gitId":"onx001"},"content":"     * Name to be accessed as task */","lastModifiedDate":"2023-09-02"},{"lineNumber":7,"author":{"gitId":"onx001"},"content":"    private boolean done \u003d false;","lastModifiedDate":"2023-09-02"},{"lineNumber":8,"author":{"gitId":"onx001"},"content":"    private String name \u003d \"\";","lastModifiedDate":"2023-09-02"},{"lineNumber":9,"author":{"gitId":"onx001"},"content":"","lastModifiedDate":"2023-09-02"},{"lineNumber":10,"author":{"gitId":"onx001"},"content":"    /** Constructor class to be declared */","lastModifiedDate":"2023-09-02"},{"lineNumber":11,"author":{"gitId":"onx001"},"content":"    public Task(){","lastModifiedDate":"2023-09-02"},{"lineNumber":12,"author":{"gitId":"onx001"},"content":"    }","lastModifiedDate":"2023-09-02"},{"lineNumber":13,"author":{"gitId":"onx001"},"content":"","lastModifiedDate":"2023-09-02"},{"lineNumber":14,"author":{"gitId":"onx001"},"content":"    /** Constructor class to be declared","lastModifiedDate":"2023-09-04"},{"lineNumber":15,"author":{"gitId":"onx001"},"content":"     * @param name Name of task to be set","lastModifiedDate":"2023-09-04"},{"lineNumber":16,"author":{"gitId":"onx001"},"content":"     */","lastModifiedDate":"2023-09-04"},{"lineNumber":17,"author":{"gitId":"onx001"},"content":"","lastModifiedDate":"2023-09-04"},{"lineNumber":18,"author":{"gitId":"onx001"},"content":"    public Task(String name){","lastModifiedDate":"2023-09-04"},{"lineNumber":19,"author":{"gitId":"onx001"},"content":"        this.name \u003d name;","lastModifiedDate":"2023-09-04"},{"lineNumber":20,"author":{"gitId":"onx001"},"content":"    }","lastModifiedDate":"2023-09-04"},{"lineNumber":21,"author":{"gitId":"onx001"},"content":"","lastModifiedDate":"2023-09-04"},{"lineNumber":22,"author":{"gitId":"onx001"},"content":"    /** Sets name","lastModifiedDate":"2023-09-02"},{"lineNumber":23,"author":{"gitId":"onx001"},"content":"     * @param name Name of task to be set","lastModifiedDate":"2023-09-02"},{"lineNumber":24,"author":{"gitId":"onx001"},"content":"    */","lastModifiedDate":"2023-09-02"},{"lineNumber":25,"author":{"gitId":"onx001"},"content":"    public void setName(String name){","lastModifiedDate":"2023-09-02"},{"lineNumber":26,"author":{"gitId":"onx001"},"content":"        this.name \u003d name;","lastModifiedDate":"2023-09-02"},{"lineNumber":27,"author":{"gitId":"onx001"},"content":"    }","lastModifiedDate":"2023-09-02"},{"lineNumber":28,"author":{"gitId":"onx001"},"content":"","lastModifiedDate":"2023-09-02"},{"lineNumber":29,"author":{"gitId":"onx001"},"content":"    /** Marks as done */","lastModifiedDate":"2023-09-02"},{"lineNumber":30,"author":{"gitId":"onx001"},"content":"    public void markAsDone(){","lastModifiedDate":"2023-09-02"},{"lineNumber":31,"author":{"gitId":"onx001"},"content":"        this.done \u003d true;","lastModifiedDate":"2023-09-02"},{"lineNumber":32,"author":{"gitId":"onx001"},"content":"    }","lastModifiedDate":"2023-09-02"},{"lineNumber":33,"author":{"gitId":"onx001"},"content":"","lastModifiedDate":"2023-09-02"},{"lineNumber":34,"author":{"gitId":"onx001"},"content":"    /** Marks as undone */","lastModifiedDate":"2023-09-02"},{"lineNumber":35,"author":{"gitId":"onx001"},"content":"    public void markAsUndone(){","lastModifiedDate":"2023-09-02"},{"lineNumber":36,"author":{"gitId":"onx001"},"content":"        this.done \u003d false;","lastModifiedDate":"2023-09-02"},{"lineNumber":37,"author":{"gitId":"onx001"},"content":"    }","lastModifiedDate":"2023-09-02"},{"lineNumber":38,"author":{"gitId":"onx001"},"content":"","lastModifiedDate":"2023-09-02"},{"lineNumber":39,"author":{"gitId":"onx001"},"content":"    /** Gets name","lastModifiedDate":"2023-09-02"},{"lineNumber":40,"author":{"gitId":"onx001"},"content":"     * @return name Name of task","lastModifiedDate":"2023-09-02"},{"lineNumber":41,"author":{"gitId":"onx001"},"content":"     */","lastModifiedDate":"2023-09-02"},{"lineNumber":42,"author":{"gitId":"onx001"},"content":"    public String getName(){","lastModifiedDate":"2023-09-02"},{"lineNumber":43,"author":{"gitId":"onx001"},"content":"        return this.name;","lastModifiedDate":"2023-09-02"},{"lineNumber":44,"author":{"gitId":"onx001"},"content":"    }","lastModifiedDate":"2023-09-02"},{"lineNumber":45,"author":{"gitId":"onx001"},"content":"","lastModifiedDate":"2023-09-02"},{"lineNumber":46,"author":{"gitId":"onx001"},"content":"    /** Gets done condition","lastModifiedDate":"2023-09-02"},{"lineNumber":47,"author":{"gitId":"onx001"},"content":"     * @return done Done condition of task","lastModifiedDate":"2023-09-02"},{"lineNumber":48,"author":{"gitId":"onx001"},"content":"     */","lastModifiedDate":"2023-09-02"},{"lineNumber":49,"author":{"gitId":"onx001"},"content":"    public boolean getDone(){","lastModifiedDate":"2023-09-02"},{"lineNumber":50,"author":{"gitId":"onx001"},"content":"        return this.done;","lastModifiedDate":"2023-09-02"},{"lineNumber":51,"author":{"gitId":"onx001"},"content":"    }","lastModifiedDate":"2023-09-02"},{"lineNumber":52,"author":{"gitId":"onx001"},"content":"","lastModifiedDate":"2023-09-02"},{"lineNumber":53,"author":{"gitId":"onx001"},"content":"    /** Gets task as string","lastModifiedDate":"2023-09-04"},{"lineNumber":54,"author":{"gitId":"onx001"},"content":"     * @return name Name of task","lastModifiedDate":"2023-09-04"},{"lineNumber":55,"author":{"gitId":"onx001"},"content":"     */","lastModifiedDate":"2023-09-04"},{"lineNumber":56,"author":{"gitId":"onx001"},"content":"    @Override","lastModifiedDate":"2023-09-04"},{"lineNumber":57,"author":{"gitId":"onx001"},"content":"    public String toString(){","lastModifiedDate":"2023-09-04"},{"lineNumber":58,"author":{"gitId":"onx001"},"content":"        if (this.done){","lastModifiedDate":"2023-09-02"},{"lineNumber":59,"author":{"gitId":"onx001"},"content":"            return (\"[X] \" + this.name);","lastModifiedDate":"2023-09-04"},{"lineNumber":60,"author":{"gitId":"onx001"},"content":"        } else {","lastModifiedDate":"2023-09-02"},{"lineNumber":61,"author":{"gitId":"onx001"},"content":"            return (\"[ ] \" + this.name);","lastModifiedDate":"2023-09-04"},{"lineNumber":62,"author":{"gitId":"onx001"},"content":"        }","lastModifiedDate":"2023-09-02"},{"lineNumber":63,"author":{"gitId":"onx001"},"content":"    }","lastModifiedDate":"2023-09-02"},{"lineNumber":64,"author":{"gitId":"onx001"},"content":"}","lastModifiedDate":"2023-09-02"}],"authorContributionMap":{"onx001":64}},{"path":"src/main/java/Duchess/TaskList.java","fileType":"java","lines":[{"lineNumber":1,"author":{"gitId":"onx001"},"content":"package Duchess;","lastModifiedDate":"2023-09-02"},{"lineNumber":2,"author":{"gitId":"onx001"},"content":"","lastModifiedDate":"2023-09-02"},{"lineNumber":3,"author":{"gitId":"onx001"},"content":"import java.util.ArrayList;","lastModifiedDate":"2023-09-02"},{"lineNumber":4,"author":{"gitId":"onx001"},"content":"","lastModifiedDate":"2023-09-02"},{"lineNumber":5,"author":{"gitId":"onx001"},"content":"","lastModifiedDate":"2023-09-02"},{"lineNumber":6,"author":{"gitId":"onx001"},"content":"public class TaskList {","lastModifiedDate":"2023-09-02"},{"lineNumber":7,"author":{"gitId":"onx001"},"content":"","lastModifiedDate":"2023-09-02"},{"lineNumber":8,"author":{"gitId":"onx001"},"content":"    private ArrayList\u003cTask\u003e tasks;","lastModifiedDate":"2023-09-02"},{"lineNumber":9,"author":{"gitId":"onx001"},"content":"    ","lastModifiedDate":"2023-09-02"},{"lineNumber":10,"author":{"gitId":"onx001"},"content":"    public TaskList(){","lastModifiedDate":"2023-09-02"},{"lineNumber":11,"author":{"gitId":"onx001"},"content":"        this.tasks \u003d new ArrayList\u003cTask\u003e();","lastModifiedDate":"2023-09-02"},{"lineNumber":12,"author":{"gitId":"onx001"},"content":"    }","lastModifiedDate":"2023-09-02"},{"lineNumber":13,"author":{"gitId":"onx001"},"content":"","lastModifiedDate":"2023-09-02"},{"lineNumber":14,"author":{"gitId":"onx001"},"content":"    public void addTask(Task task){","lastModifiedDate":"2023-09-02"},{"lineNumber":15,"author":{"gitId":"onx001"},"content":"        this.tasks.add(task);","lastModifiedDate":"2023-09-02"},{"lineNumber":16,"author":{"gitId":"onx001"},"content":"    }","lastModifiedDate":"2023-09-02"},{"lineNumber":17,"author":{"gitId":"onx001"},"content":"","lastModifiedDate":"2023-09-02"},{"lineNumber":18,"author":{"gitId":"onx001"},"content":"    public void listTasks(){","lastModifiedDate":"2023-09-02"},{"lineNumber":19,"author":{"gitId":"onx001"},"content":"        System.out.print(DefaultStrings.splittingLine);","lastModifiedDate":"2023-09-02"},{"lineNumber":20,"author":{"gitId":"onx001"},"content":"        for (int i \u003d 1; i \u003c\u003d this.tasks.size(); i++){","lastModifiedDate":"2023-09-02"},{"lineNumber":21,"author":{"gitId":"onx001"},"content":"            System.out.println(i + \". \" + this.tasks.get(i-1).toString());","lastModifiedDate":"2023-09-04"},{"lineNumber":22,"author":{"gitId":"onx001"},"content":"        }","lastModifiedDate":"2023-09-02"},{"lineNumber":23,"author":{"gitId":"onx001"},"content":"        System.out.println(DefaultStrings.splittingLine);","lastModifiedDate":"2023-09-02"},{"lineNumber":24,"author":{"gitId":"onx001"},"content":"    }","lastModifiedDate":"2023-09-02"},{"lineNumber":25,"author":{"gitId":"onx001"},"content":"","lastModifiedDate":"2023-09-02"},{"lineNumber":26,"author":{"gitId":"onx001"},"content":"    public void markTask(int taskNumber){","lastModifiedDate":"2023-09-02"},{"lineNumber":27,"author":{"gitId":"onx001"},"content":"        this.tasks.get(taskNumber-1).markAsDone();","lastModifiedDate":"2023-09-02"},{"lineNumber":28,"author":{"gitId":"onx001"},"content":"        printTaskSkeleton(taskNumber, DefaultStrings.markedString);","lastModifiedDate":"2023-09-04"},{"lineNumber":29,"author":{"gitId":"onx001"},"content":"    }","lastModifiedDate":"2023-09-02"},{"lineNumber":30,"author":{"gitId":"onx001"},"content":"","lastModifiedDate":"2023-09-02"},{"lineNumber":31,"author":{"gitId":"onx001"},"content":"    public void unmarkTask(int taskNumber){","lastModifiedDate":"2023-09-02"},{"lineNumber":32,"author":{"gitId":"onx001"},"content":"        this.tasks.get(taskNumber-1).markAsUndone();","lastModifiedDate":"2023-09-02"},{"lineNumber":33,"author":{"gitId":"onx001"},"content":"        printTaskSkeleton(taskNumber, DefaultStrings.unmarkedString);","lastModifiedDate":"2023-09-04"},{"lineNumber":34,"author":{"gitId":"onx001"},"content":"    }","lastModifiedDate":"2023-09-04"},{"lineNumber":35,"author":{"gitId":"onx001"},"content":"","lastModifiedDate":"2023-09-04"},{"lineNumber":36,"author":{"gitId":"onx001"},"content":"    private void printTaskSkeleton(int taskNumber, String isMarkedString){","lastModifiedDate":"2023-09-04"},{"lineNumber":37,"author":{"gitId":"onx001"},"content":"        System.out.println(isMarkedString + taskNumber + \". \"","lastModifiedDate":"2023-09-04"},{"lineNumber":38,"author":{"gitId":"onx001"},"content":"                + \"\\n\" + this.tasks.get(taskNumber-1).toString()","lastModifiedDate":"2023-09-04"},{"lineNumber":39,"author":{"gitId":"onx001"},"content":"                + \"\\n\" + DefaultStrings.splittingLine);","lastModifiedDate":"2023-09-04"},{"lineNumber":40,"author":{"gitId":"onx001"},"content":"    }","lastModifiedDate":"2023-09-02"},{"lineNumber":41,"author":{"gitId":"onx001"},"content":"","lastModifiedDate":"2023-09-02"},{"lineNumber":42,"author":{"gitId":"onx001"},"content":"}","lastModifiedDate":"2023-09-02"}],"authorContributionMap":{"onx001":42}},{"path":"src/main/java/Duchess/ToDo.java","fileType":"java","lines":[{"lineNumber":1,"author":{"gitId":"onx001"},"content":"package Duchess;","lastModifiedDate":"2023-09-04"},{"lineNumber":2,"author":{"gitId":"onx001"},"content":"","lastModifiedDate":"2023-09-04"},{"lineNumber":3,"author":{"gitId":"onx001"},"content":"public class ToDo extends Task {","lastModifiedDate":"2023-09-04"},{"lineNumber":4,"author":{"gitId":"onx001"},"content":"    ","lastModifiedDate":"2023-09-04"},{"lineNumber":5,"author":{"gitId":"onx001"},"content":"    public ToDo() {","lastModifiedDate":"2023-09-04"},{"lineNumber":6,"author":{"gitId":"onx001"},"content":"        super();","lastModifiedDate":"2023-09-04"},{"lineNumber":7,"author":{"gitId":"onx001"},"content":"    }","lastModifiedDate":"2023-09-04"},{"lineNumber":8,"author":{"gitId":"onx001"},"content":"","lastModifiedDate":"2023-09-04"},{"lineNumber":9,"author":{"gitId":"onx001"},"content":"    public ToDo(String name) {","lastModifiedDate":"2023-09-04"},{"lineNumber":10,"author":{"gitId":"onx001"},"content":"        super(name);","lastModifiedDate":"2023-09-04"},{"lineNumber":11,"author":{"gitId":"onx001"},"content":"    }","lastModifiedDate":"2023-09-04"},{"lineNumber":12,"author":{"gitId":"onx001"},"content":"","lastModifiedDate":"2023-09-04"},{"lineNumber":13,"author":{"gitId":"onx001"},"content":"    @Override","lastModifiedDate":"2023-09-04"},{"lineNumber":14,"author":{"gitId":"onx001"},"content":"    public String toString() {","lastModifiedDate":"2023-09-04"},{"lineNumber":15,"author":{"gitId":"onx001"},"content":"        return \"[T]\" + super.toString();","lastModifiedDate":"2023-09-04"},{"lineNumber":16,"author":{"gitId":"onx001"},"content":"    }","lastModifiedDate":"2023-09-04"},{"lineNumber":17,"author":{"gitId":"onx001"},"content":"}    ","lastModifiedDate":"2023-09-04"}],"authorContributionMap":{"onx001":17}}]
