{"authorDailyContributionsMap":{"onx001":[{"date":"2023-08-19","commitResults":[{"hash":"9868e9bc454695d5649e2fea41c7ca28d9b89cf7","isMergeCommit":false,"messageTitle":"Complete week 2 assignments","messageBody":"Rename Duke and complete Greeter exercise\nUpdate gitignore\n","fileTypesAndContributionMap":{"java":{"insertions":33,"deletions":10}}}]},{"date":"2023-08-22","commitResults":[{"hash":"67c8d4b67728e4d890c6716a354ade04e9e3dc83","isMergeCommit":false,"messageTitle":"Increment lvl-0","messageBody":"Complete week 2 assignments\n\nRename Duke and complete Greeter exercise\nUpdate gitignore\n","tags":["Level-0"],"fileTypesAndContributionMap":{"java":{"insertions":33,"deletions":10}}},{"hash":"4ab399b195aa4eada4eed130681dede600bfabca","isMergeCommit":true,"messageTitle":"Merge remote-tracking branch \u0027origin/add-gradle-support\u0027","messageBody":"","fileTypesAndContributionMap":{}}]},{"date":"2023-09-01","commitResults":[{"hash":"5ade057fe89830069c5144d38f2389bd3147b51b","isMergeCommit":false,"messageTitle":"Add Level 1 to coding standards","messageBody":"There are several classes required to handle commands. In some cases, there are inputs and returns.\n\nLet\u0027s,\n *Adhere to coding standards for the CS2113 AY23/24 S1 course.\n *Flesh out javadocs.\n *Add functionality and personality to Duchess.\n","tags":["Level-1"],"fileTypesAndContributionMap":{"java":{"insertions":90,"deletions":33}}}]},{"date":"2023-09-02","commitResults":[{"hash":"f6d148394da70563d869341d215037ee21c20aa5","isMergeCommit":false,"messageTitle":"Add level 2 functionality","messageBody":"Duchess needs to understand and add to a list of tasks.\n\nLets,\n *Create a task class to store task specific data\n *Create a task list class to unify functionality of methods such as listing\n *Add more personality to Duchess\n","tags":["Level-2"],"fileTypesAndContributionMap":{"java":{"insertions":71,"deletions":11}}},{"hash":"acbfedf647236ce61c8e19f5fc4b017ed2d60d7d","isMergeCommit":false,"messageTitle":"Change task list index","messageBody":"Humans tend to start listing from 1. Let\u0027s change the first number in the list to 1.\n","fileTypesAndContributionMap":{"java":{"insertions":1,"deletions":1}}},{"hash":"d9ddebf2c4660108f1211054b3cf1f1e7d809b10","isMergeCommit":false,"messageTitle":"Add level 3 functionality","messageBody":"Duchess needs a way to understand commands. Some commands target specific tasks and we should identify them.\n\nLet\u0027s also separate printing functions in anticipation of different types of tasks.\n","tags":["Level-3"],"fileTypesAndContributionMap":{"java":{"insertions":66,"deletions":5}}},{"hash":"a9cb1c0711ef7b1b723c93065bd9850c3df583cc","isMergeCommit":false,"messageTitle":"Follow Coding Standard","messageBody":"The instinct is to code for functionality first, rather than readability.\n\nCoding an incremental chatbot to allow for future changes requires standardisation, especially for different developers.\n\nLet\u0027s follow the conventions laid out as per se-education.org to remain on the same page and allow for easy understanding and maintaining of code.\n\nThis helps not only with future or current differing developers, but also the main developer as code is often forgotten.\n","tags":["A-CodingStandard"],"fileTypesAndContributionMap":{"java":{"insertions":3,"deletions":1}}},{"hash":"7eca6f7d1a1dea1719fab9690facd3d8276ba18c","isMergeCommit":false,"messageTitle":"Refactor code","messageBody":"Current code repeats the continue return condition multiple times.\n\nLet\u0027s bring it out of the switch case to avoid repetitive code fragments and improve readability.\n","fileTypesAndContributionMap":{"java":{"insertions":15,"deletions":12}}}]},{"date":"2023-09-04","commitResults":[{"hash":"71c1b3ccb729eea4ce3f8a0870c50d7e12a59b86","isMergeCommit":false,"messageTitle":"Add level 4 functionality","messageBody":"There is simple task handling including adding, marking, and unmarking tasks.\n\nAdding more types of tasks will help Duchess become a more useful helper.\n\nLet\u0027s,\n *Add To-Do tasks, the simplest form commonly used to indicate something to be done\n *Add deadline tasks, when there is something to be done by a specific time\n *Add events, which happen in a certain timeframe\n *Use inheritance from the Task class to reduce code duplication via centralising common behaviours\n","tags":["Level-4"],"fileTypesAndContributionMap":{"java":{"insertions":129,"deletions":24}}},{"hash":"6dfab0e1fb3b84ff5e549aaa3959dffe68d21460","isMergeCommit":false,"messageTitle":"Add TextUITesting","messageBody":"Automate test cases and edit in \"input.txt\" file\n\nTyping in test cases repetitively can be tiring.\n\nLet\u0027s automate this process with external input and output file checking.\n","tags":["A-TextUiTesting"],"fileTypesAndContributionMap":{"txt":{"insertions":13,"deletions":0},"sh":{"insertions":37,"deletions":0}}}]},{"date":"2023-09-07","commitResults":[{"hash":"d606fcff03b175ddf8079b6e1913addbe03a0ebf","isMergeCommit":false,"messageTitle":"Improve A-CodeQuality","messageBody":"Manually setting string positions for commands to be processed can be confusing.\n\nLet\u0027s relate it to the constants file to allow for easier future manipulation and understanding.\n","fileTypesAndContributionMap":{"java":{"insertions":4,"deletions":3}}},{"hash":"40e77bec4a8a3d6e09c90d00f9d7c079e731a2a1","isMergeCommit":false,"messageTitle":"Fix default case","messageBody":"Entering an unknown command should not create a base Task object.\n\nLet\u0027s set the default case to print a statement for the user, saying that the command was unrecognised.\n","fileTypesAndContributionMap":{"java":{"insertions":4,"deletions":5}}}]},{"date":"2023-09-17","commitResults":[{"hash":"a99698c143d266331a47e1f53b3bfc66049a4a59","isMergeCommit":false,"messageTitle":"Add increment Level 5 to separate branch","messageBody":"Users might input incomplete tasks, which need to be filtered.\n\nLet\u0027s add error handling to the addition of tasks.\n","tags":["Level-5"],"fileTypesAndContributionMap":{"java":{"insertions":35,"deletions":15}}},{"hash":"1fc82f59b4d30f3dc5e4c33ebc5270172cceee48","isMergeCommit":false,"messageTitle":"Revert \"Add increment Level 5 to separate branch\"","messageBody":"This reverts commit a99698c143d266331a47e1f53b3bfc66049a4a59.\n","fileTypesAndContributionMap":{"java":{"insertions":15,"deletions":35}}},{"hash":"ab9d484d44129826abbb1138a3911973c6771548","isMergeCommit":false,"messageTitle":"Revert \"Revert \"Add increment Level 5 to separate branch\"\"","messageBody":"This reverts commit 1fc82f59b4d30f3dc5e4c33ebc5270172cceee48.\n","fileTypesAndContributionMap":{"java":{"insertions":35,"deletions":15}}},{"hash":"27d8481d274f4689b400915bf5463a9e925100f2","isMergeCommit":false,"messageTitle":"Revert \"Revert \"Revert \"Add increment Level 5 to separate branch\"\"\"","messageBody":"This reverts commit ab9d484d44129826abbb1138a3911973c6771548.\n","fileTypesAndContributionMap":{"java":{"insertions":15,"deletions":35}}},{"hash":"2de1c6986e3fa5b55bae1fa440a68fff13bd3473","isMergeCommit":false,"messageTitle":"Update Duchess.java","messageBody":"Add commit for merging exercise\n","fileTypesAndContributionMap":{"java":{"insertions":1,"deletions":1}}},{"hash":"c3be90caed5e9e0cf43d827b640482dbff4b1036","isMergeCommit":true,"messageTitle":"Merge branch \u0027branch-Level-5\u0027","messageBody":"","fileTypesAndContributionMap":{}},{"hash":"464dfd57002232e4f797f10b2963b375885df224","isMergeCommit":false,"messageTitle":"Organize into packages","messageBody":"Different class objects have different purposes, some of which can be grouped.\n\nLet\u0027s formalise the groupings by introducing 3 packages.\n","fileTypesAndContributionMap":{"java":{"insertions":21,"deletions":8}}},{"hash":"ce46476ba621db139fb11c8a92d1382a1ecdab57","isMergeCommit":true,"messageTitle":"Merge branch \u0027branch-A-Packages\u0027","messageBody":"","fileTypesAndContributionMap":{}},{"hash":"c1979862b099a0724174ec5898e1050e0bb1f517","isMergeCommit":false,"messageTitle":"Revert \"Revert \"Revert \"Revert \"Add increment Level 5 to separate branch\"\"\"\"","messageBody":"This reverts commit 27d8481d274f4689b400915bf5463a9e925100f2.\n","fileTypesAndContributionMap":{"java":{"insertions":35,"deletions":15}}},{"hash":"e65eadc7dad5fa1113053af9b07246985ad29418","isMergeCommit":false,"messageTitle":"Use Exceptions to handle errors","messageBody":"Printing error handling messages by the command handler can be messy.\n\nLet\u0027s create a separate error handling mechanism to help make complex future tasks easier to manage individually.\n","tags":["A-Exceptions"],"fileTypesAndContributionMap":{"java":{"insertions":32,"deletions":9}}}]},{"date":"2023-09-18","commitResults":[{"hash":"af91fe64107c8e4836a56a88887cab1cf3409389","isMergeCommit":false,"messageTitle":"Refactor for string handler","messageBody":"In the command handler class, there are multiple instances of string manipulation.\n\nLet\u0027s collate these instances and refactor them into a new class called StringHandler.\n","tags":["A-CodeQuality"],"fileTypesAndContributionMap":{"java":{"insertions":208,"deletions":29}}},{"hash":"a5fa28c3a9b1afde8ec63ce6c4ab596e7cec829d","isMergeCommit":false,"messageTitle":"Add support for deleting tasks from list","messageBody":"Sometimes, the user adds tasks they do not intend to do.\n\nLet\u0027s add a \"delete task\" function to allow for users who wish to streamline their lists.\n","fileTypesAndContributionMap":{"java":{"insertions":41,"deletions":0}}},{"hash":"fca164f81b1c84b0b148791a6f98dfb71be48cb1","isMergeCommit":false,"messageTitle":"Use Java Collections classes","messageBody":"Highlight areas where java collections classes is being used.\n","tags":["A-Collections"],"fileTypesAndContributionMap":{"java":{"insertions":1,"deletions":0}}},{"hash":"30bbdccc15b4c13ba32d8cc1dadf2c52c6383eb3","isMergeCommit":false,"messageTitle":"Add save fuction","messageBody":"Users might want to save tasks in the hard disk automatically and reuse the program over a span of time.\n\nLet\u0027s read and write the tasks for long term storage so that the program can be used in separate sessions without losing data.\n","fileTypesAndContributionMap":{"txt":{"insertions":2,"deletions":0},"java":{"insertions":108,"deletions":11}}},{"hash":"4cc67889496c958ac4e538d9cc240fa796f85b12","isMergeCommit":false,"messageTitle":"Handle non-existence case","messageBody":"The file might not be created by new users manually.\n\nLet\u0027s create a new file for them automatically.\n","fileTypesAndContributionMap":{"txt":{"insertions":0,"deletions":2},"java":{"insertions":12,"deletions":1}}},{"hash":"794ecd4881edeec69cd23b77988fed079a587502","isMergeCommit":true,"messageTitle":"Merge branch \u0027branch-Level-6\u0027","messageBody":"","tags":["Level-6"],"fileTypesAndContributionMap":{}},{"hash":"7d2f68655a8b085e208fc711f089ca6cd0e9c4c7","isMergeCommit":true,"messageTitle":"Merge branch \u0027branch-Level-7\u0027","messageBody":"","tags":["Level-7"],"fileTypesAndContributionMap":{}},{"hash":"06e9cc887d27ac7e549e33d069117195993b0b68","isMergeCommit":false,"messageTitle":"Edit git ignore for jar file","messageBody":"Binaries are not typically committed in git projects.\n\nLet\u0027s exclude the file.\n","tags":["A-Jar"],"fileTypesAndContributionMap":{"txt":{"insertions":2,"deletions":0}}}]},{"date":"2023-09-26","commitResults":[{"hash":"b90d4414c4ebab58c8f6607386be1e3ce00dfa6e","isMergeCommit":false,"messageTitle":"A-MoreOOP","messageBody":"Consolidation of functions into classes is useful for debugging and adding new features.\n\nLet\u0027s add a UI class to handle most of the print statements.\n\nIn the future, let\u0027s also move UI functions from the TaskList class into the new UI class.\n","tags":["A-MoreOOP"],"fileTypesAndContributionMap":{"java":{"insertions":113,"deletions":73}}}]},{"date":"2023-09-28","commitResults":[{"hash":"3747b85a74a3d1caa3c9535f0ac4635b5e1e1ccd","isMergeCommit":false,"messageTitle":"Add date and time functionality","messageBody":"Deadlines and events sometimes need to be operated on as numerical quantities.\n\nLet\u0027s add date and time functionality to Duchess tasks for additional future features.\n","tags":["Level-8"],"fileTypesAndContributionMap":{"java":{"insertions":72,"deletions":10}}},{"hash":"ddb4196f2b17516dbd1475d2583415cec74c831f","isMergeCommit":false,"messageTitle":"Add find functionality","messageBody":"Searching for related tasks is important for any tracker, especially when there are many tasks.\n\nLet\u0027s add a search function to allow users to look for tasks.\n","tags":["Level-9"],"fileTypesAndContributionMap":{"java":{"insertions":43,"deletions":3}}}]},{"date":"2023-10-03","commitResults":[{"hash":"6ca809a76625c2bf067cf06ac3c98f5524288853","isMergeCommit":false,"messageTitle":"A-JavaDoc","messageBody":"Class and function descriptors are important for quick and easy reference.\n\nLet\u0027s add javadocs to public methods and classes for easy further development.\n","tags":["A-JavaDoc"],"fileTypesAndContributionMap":{"java":{"insertions":248,"deletions":28}}}]},{"date":"2023-10-04","commitResults":[{"hash":"351334c62a035c2ada4346072092c33926dcf78c","isMergeCommit":true,"messageTitle":"Merge pull request #1 from onx001/branch-Level-8","messageBody":"Add date and time functionality","fileTypesAndContributionMap":{}},{"hash":"8d703d416415eaeefa9222ee0e24ed4bfb40a30d","isMergeCommit":true,"messageTitle":"Merge branch \u0027master\u0027 into branch-Level-9","messageBody":"","fileTypesAndContributionMap":{}},{"hash":"60aebc4c5b8cac17a9d6b1d4f86b2a1976b9c0b3","isMergeCommit":true,"messageTitle":"Merge pull request #2 from onx001/branch-Level-9","messageBody":"Add find functionality","fileTypesAndContributionMap":{}},{"hash":"6d95ce468c6bb61f771d0be53adf77ae546e3e0a","isMergeCommit":true,"messageTitle":"Merge branch \u0027master\u0027 into branch-A-JavaDoc","messageBody":"","fileTypesAndContributionMap":{}},{"hash":"9692866e2c918b4d51a0430b3c8cf3230d471bb0","isMergeCommit":true,"messageTitle":"Merge pull request #3 from onx001/branch-A-JavaDoc","messageBody":"A-JavaDoc","fileTypesAndContributionMap":{}}]}]},"authorFileTypeContributionMap":{"onx001":{"java":1075,"md":0,"fxml":0,"sh":37,"bat":0,"gradle":0,"txt":15}},"authorContributionVariance":{"onx001":8770.125},"authorDisplayNameMap":{"onx001":"CS2113-T18-1 OU N..IANG"}}
