{"authorDailyContributionsMap":{"onx001":[{"date":"2023-08-19","commitResults":[{"hash":"9868e9bc454695d5649e2fea41c7ca28d9b89cf7","isMergeCommit":false,"messageTitle":"Complete week 2 assignments","messageBody":"Rename Duke and complete Greeter exercise\nUpdate gitignore\n","fileTypesAndContributionMap":{"java":{"insertions":33,"deletions":10}}}]},{"date":"2023-08-22","commitResults":[{"hash":"67c8d4b67728e4d890c6716a354ade04e9e3dc83","isMergeCommit":false,"messageTitle":"Increment lvl-0","messageBody":"Complete week 2 assignments\n\nRename Duke and complete Greeter exercise\nUpdate gitignore\n","tags":["Level-0"],"fileTypesAndContributionMap":{"java":{"insertions":33,"deletions":10}}},{"hash":"4ab399b195aa4eada4eed130681dede600bfabca","isMergeCommit":true,"messageTitle":"Merge remote-tracking branch \u0027origin/add-gradle-support\u0027","messageBody":"","fileTypesAndContributionMap":{}}]},{"date":"2023-09-01","commitResults":[{"hash":"5ade057fe89830069c5144d38f2389bd3147b51b","isMergeCommit":false,"messageTitle":"Add Level 1 to coding standards","messageBody":"There are several classes required to handle commands. In some cases, there are inputs and returns.\n\nLet\u0027s,\n *Adhere to coding standards for the CS2113 AY23/24 S1 course.\n *Flesh out javadocs.\n *Add functionality and personality to Duchess.\n","tags":["Level-1"],"fileTypesAndContributionMap":{"java":{"insertions":90,"deletions":33}}}]},{"date":"2023-09-02","commitResults":[{"hash":"f6d148394da70563d869341d215037ee21c20aa5","isMergeCommit":false,"messageTitle":"Add level 2 functionality","messageBody":"Duchess needs to understand and add to a list of tasks.\n\nLets,\n *Create a task class to store task specific data\n *Create a task list class to unify functionality of methods such as listing\n *Add more personality to Duchess\n","tags":["Level-2"],"fileTypesAndContributionMap":{"java":{"insertions":71,"deletions":11}}},{"hash":"acbfedf647236ce61c8e19f5fc4b017ed2d60d7d","isMergeCommit":false,"messageTitle":"Change task list index","messageBody":"Humans tend to start listing from 1. Let\u0027s change the first number in the list to 1.\n","fileTypesAndContributionMap":{"java":{"insertions":1,"deletions":1}}},{"hash":"d9ddebf2c4660108f1211054b3cf1f1e7d809b10","isMergeCommit":false,"messageTitle":"Add level 3 functionality","messageBody":"Duchess needs a way to understand commands. Some commands target specific tasks and we should identify them.\n\nLet\u0027s also separate printing functions in anticipation of different types of tasks.\n","tags":["Level-3"],"fileTypesAndContributionMap":{"java":{"insertions":66,"deletions":5}}},{"hash":"a9cb1c0711ef7b1b723c93065bd9850c3df583cc","isMergeCommit":false,"messageTitle":"Follow Coding Standard","messageBody":"The instinct is to code for functionality first, rather than readability.\n\nCoding an incremental chatbot to allow for future changes requires standardisation, especially for different developers.\n\nLet\u0027s follow the conventions laid out as per se-education.org to remain on the same page and allow for easy understanding and maintaining of code.\n\nThis helps not only with future or current differing developers, but also the main developer as code is often forgotten.\n","tags":["A-CodingStandard"],"fileTypesAndContributionMap":{"java":{"insertions":3,"deletions":1}}},{"hash":"7eca6f7d1a1dea1719fab9690facd3d8276ba18c","isMergeCommit":false,"messageTitle":"Refactor code","messageBody":"Current code repeats the continue return condition multiple times.\n\nLet\u0027s bring it out of the switch case to avoid repetitive code fragments and improve readability.\n","fileTypesAndContributionMap":{"java":{"insertions":15,"deletions":12}}}]},{"date":"2023-09-04","commitResults":[{"hash":"71c1b3ccb729eea4ce3f8a0870c50d7e12a59b86","isMergeCommit":false,"messageTitle":"Add level 4 functionality","messageBody":"There is simple task handling including adding, marking, and unmarking tasks.\n\nAdding more types of tasks will help Duchess become a more useful helper.\n\nLet\u0027s,\n *Add To-Do tasks, the simplest form commonly used to indicate something to be done\n *Add deadline tasks, when there is something to be done by a specific time\n *Add events, which happen in a certain timeframe\n *Use inheritance from the Task class to reduce code duplication via centralising common behaviours\n","tags":["Level-4"],"fileTypesAndContributionMap":{"java":{"insertions":129,"deletions":24}}}]}]},"authorFileTypeContributionMap":{"onx001":{"java":321,"md":0,"fxml":0,"sh":0,"bat":0,"gradle":0,"txt":0}},"authorContributionVariance":{"onx001":3341.5803},"authorDisplayNameMap":{"onx001":"OU N..IANG"}}
