{"authorDailyContributionsMap":{"MrOPPA1":[{"date":"2023-09-05","commitResults":[{"hash":"f60e3ca04fbb0e11af1178e7e8814dfddbb8ff5d","isMergeCommit":false,"messageTitle":"20230905test","messageBody":"","fileTypesAndContributionMap":{"md":{"insertions":1,"deletions":0}}}]},{"date":"2023-09-08","commitResults":[{"hash":"cd27c6067f4ff1975a0bd9372c2966b380a51f59","isMergeCommit":false,"messageTitle":"20230908","messageBody":"","fileTypesAndContributionMap":{"java":{"insertions":3,"deletions":0}}},{"hash":"018f4504c683ed235bd37ec8048aa98aa881ddaa","isMergeCommit":false,"messageTitle":"20230908","messageBody":"","fileTypesAndContributionMap":{"java":{"insertions":190,"deletions":1}}},{"hash":"49bc539408bc11decd1492b63300e6527af9db14","isMergeCommit":false,"messageTitle":"20230908","messageBody":"","fileTypesAndContributionMap":{"java":{"insertions":6,"deletions":4}}}]},{"date":"2023-09-24","commitResults":[{"hash":"6d4e19078eb0c49d0f0f6adb14ef77b0c577e981","isMergeCommit":false,"messageTitle":"202309024","messageBody":"","fileTypesAndContributionMap":{"java":{"insertions":639,"deletions":145}}}]}]},"authorFileTypeContributionMap":{"MrOPPA1":{"java":698,"md":1,"fxml":0,"sh":0,"bat":0,"gradle":0,"txt":0}},"authorContributionVariance":{"MrOPPA1":16592.973},"authorDisplayNameMap":{"MrOPPA1":"CS2113-F11-1 FENG..GYAO"}}
