[{"path":"src/duke/Duke.java","fileType":"java","lines":[{"lineNumber":1,"author":{"gitId":"lctxct"},"content":"package duke;","lastModifiedDate":"2023-09-16"},{"lineNumber":2,"author":{"gitId":"lctxct"},"content":"","lastModifiedDate":"2023-09-16"},{"lineNumber":3,"author":{"gitId":"lctxct"},"content":"import duke.todo.Todo;","lastModifiedDate":"2023-09-16"},{"lineNumber":4,"author":{"gitId":"lctxct"},"content":"import duke.task.Task;","lastModifiedDate":"2023-09-16"},{"lineNumber":5,"author":{"gitId":"lctxct"},"content":"import duke.event.Event;","lastModifiedDate":"2023-09-16"},{"lineNumber":6,"author":{"gitId":"lctxct"},"content":"import duke.deadline.Deadline;","lastModifiedDate":"2023-09-16"},{"lineNumber":7,"author":{"gitId":"lctxct"},"content":"","lastModifiedDate":"2023-09-16"},{"lineNumber":8,"author":{"gitId":"lctxct"},"content":"import java.util.Scanner;","lastModifiedDate":"2023-08-22"},{"lineNumber":9,"author":{"gitId":"lctxct"},"content":"","lastModifiedDate":"2023-08-22"},{"lineNumber":10,"author":{"gitId":"-"},"content":"public class Duke {","lastModifiedDate":"2019-07-29"},{"lineNumber":11,"author":{"gitId":"lctxct"},"content":"","lastModifiedDate":"2023-08-22"},{"lineNumber":12,"author":{"gitId":"lctxct"},"content":"    private static final String LINE \u003d \"____________________________________________________________\";","lastModifiedDate":"2023-09-06"},{"lineNumber":13,"author":{"gitId":"lctxct"},"content":"    private static Task[] listItems \u003d new Task[100];","lastModifiedDate":"2023-09-06"},{"lineNumber":14,"author":{"gitId":"lctxct"},"content":"    private static int listIdx \u003d 0;","lastModifiedDate":"2023-09-06"},{"lineNumber":15,"author":{"gitId":"lctxct"},"content":"","lastModifiedDate":"2023-08-22"},{"lineNumber":16,"author":{"gitId":"lctxct"},"content":"    public static void println(String line) {","lastModifiedDate":"2023-08-23"},{"lineNumber":17,"author":{"gitId":"lctxct"},"content":"        System.out.println(\"\\t\" + line);","lastModifiedDate":"2023-08-23"},{"lineNumber":18,"author":{"gitId":"lctxct"},"content":"    }","lastModifiedDate":"2023-08-23"},{"lineNumber":19,"author":{"gitId":"lctxct"},"content":"    public static void printWelcome() {","lastModifiedDate":"2023-08-22"},{"lineNumber":20,"author":{"gitId":"lctxct"},"content":"","lastModifiedDate":"2023-08-22"},{"lineNumber":21,"author":{"gitId":"lctxct"},"content":"        String BOB \u003d \"\\t   ___    ___  ___ \\n\"","lastModifiedDate":"2023-09-06"},{"lineNumber":22,"author":{"gitId":"lctxct"},"content":"                + \"\\t  / __\\\\  /___\\\\/ __\\\\\\n\"","lastModifiedDate":"2023-08-22"},{"lineNumber":23,"author":{"gitId":"lctxct"},"content":"                + \"\\t /__\\\\// //  //__\\\\/\\\\\\n\"","lastModifiedDate":"2023-08-22"},{"lineNumber":24,"author":{"gitId":"lctxct"},"content":"                + \"\\t/ \\\\/  \\\\/ \\\\_// \\\\/  \\\\\\n\"","lastModifiedDate":"2023-08-22"},{"lineNumber":25,"author":{"gitId":"lctxct"},"content":"                + \"\\t\\\\_____/\\\\___/\\\\_____/\\n\";","lastModifiedDate":"2023-08-22"},{"lineNumber":26,"author":{"gitId":"lctxct"},"content":"","lastModifiedDate":"2023-08-22"},{"lineNumber":27,"author":{"gitId":"lctxct"},"content":"        println(LINE);","lastModifiedDate":"2023-08-23"},{"lineNumber":28,"author":{"gitId":"lctxct"},"content":"        println(\"Hello! I\u0027m\\n\" + BOB);","lastModifiedDate":"2023-09-06"},{"lineNumber":29,"author":{"gitId":"lctxct"},"content":"        println(\"What can I do for you?\");","lastModifiedDate":"2023-08-23"},{"lineNumber":30,"author":{"gitId":"lctxct"},"content":"        println(LINE);","lastModifiedDate":"2023-08-23"},{"lineNumber":31,"author":{"gitId":"lctxct"},"content":"    }","lastModifiedDate":"2023-08-22"},{"lineNumber":32,"author":{"gitId":"lctxct"},"content":"","lastModifiedDate":"2023-08-22"},{"lineNumber":33,"author":{"gitId":"lctxct"},"content":"    public static void printFarewell() {","lastModifiedDate":"2023-08-22"},{"lineNumber":34,"author":{"gitId":"lctxct"},"content":"        println(\"Bye. Hope to see you again soon!\");","lastModifiedDate":"2023-08-23"},{"lineNumber":35,"author":{"gitId":"lctxct"},"content":"        println(LINE);","lastModifiedDate":"2023-08-23"},{"lineNumber":36,"author":{"gitId":"lctxct"},"content":"    }","lastModifiedDate":"2023-08-22"},{"lineNumber":37,"author":{"gitId":"lctxct"},"content":"","lastModifiedDate":"2023-08-22"},{"lineNumber":38,"author":{"gitId":"lctxct"},"content":"    public static void printList() {","lastModifiedDate":"2023-09-06"},{"lineNumber":39,"author":{"gitId":"lctxct"},"content":"        for (int i \u003d 0; i \u003c listIdx; i++) {","lastModifiedDate":"2023-08-22"},{"lineNumber":40,"author":{"gitId":"lctxct"},"content":"            println(String.format(\"%d. %s\", i+1, listItems[i].getTask()));","lastModifiedDate":"2023-08-23"},{"lineNumber":41,"author":{"gitId":"lctxct"},"content":"        }","lastModifiedDate":"2023-08-22"},{"lineNumber":42,"author":{"gitId":"lctxct"},"content":"    }","lastModifiedDate":"2023-09-06"},{"lineNumber":43,"author":{"gitId":"lctxct"},"content":"","lastModifiedDate":"2023-08-28"},{"lineNumber":44,"author":{"gitId":"lctxct"},"content":"    public static int getMarkIdx(String line) {","lastModifiedDate":"2023-09-06"},{"lineNumber":45,"author":{"gitId":"lctxct"},"content":"        return Integer.parseInt(line.split(\" \")[1]) - 1;","lastModifiedDate":"2023-09-06"},{"lineNumber":46,"author":{"gitId":"lctxct"},"content":"    }","lastModifiedDate":"2023-09-06"},{"lineNumber":47,"author":{"gitId":"lctxct"},"content":"","lastModifiedDate":"2023-08-28"},{"lineNumber":48,"author":{"gitId":"lctxct"},"content":"    public static void markItem(String line) {","lastModifiedDate":"2023-09-06"},{"lineNumber":49,"author":{"gitId":"lctxct"},"content":"        int markIdx \u003d getMarkIdx(line);","lastModifiedDate":"2023-09-06"},{"lineNumber":50,"author":{"gitId":"lctxct"},"content":"        listItems[markIdx].setIsDone(true);","lastModifiedDate":"2023-08-23"},{"lineNumber":51,"author":{"gitId":"lctxct"},"content":"","lastModifiedDate":"2023-08-23"},{"lineNumber":52,"author":{"gitId":"lctxct"},"content":"        println(\"Nice! I\u0027ve marked this task as done: \");","lastModifiedDate":"2023-08-23"},{"lineNumber":53,"author":{"gitId":"lctxct"},"content":"        println(listItems[markIdx].getTask());","lastModifiedDate":"2023-08-23"},{"lineNumber":54,"author":{"gitId":"lctxct"},"content":"    }","lastModifiedDate":"2023-09-06"},{"lineNumber":55,"author":{"gitId":"lctxct"},"content":"","lastModifiedDate":"2023-08-28"},{"lineNumber":56,"author":{"gitId":"lctxct"},"content":"    public static void unmarkItem(String line) {","lastModifiedDate":"2023-09-06"},{"lineNumber":57,"author":{"gitId":"lctxct"},"content":"        int markIdx \u003d getMarkIdx(line);","lastModifiedDate":"2023-09-06"},{"lineNumber":58,"author":{"gitId":"lctxct"},"content":"        listItems[markIdx].setIsDone(false);","lastModifiedDate":"2023-08-23"},{"lineNumber":59,"author":{"gitId":"lctxct"},"content":"","lastModifiedDate":"2023-08-23"},{"lineNumber":60,"author":{"gitId":"lctxct"},"content":"        println(\"Nice! I\u0027ve marked this task as undone: \");","lastModifiedDate":"2023-08-23"},{"lineNumber":61,"author":{"gitId":"lctxct"},"content":"        println(listItems[markIdx].getTask());","lastModifiedDate":"2023-08-23"},{"lineNumber":62,"author":{"gitId":"lctxct"},"content":"    }","lastModifiedDate":"2023-09-06"},{"lineNumber":63,"author":{"gitId":"lctxct"},"content":"","lastModifiedDate":"2023-08-28"},{"lineNumber":64,"author":{"gitId":"lctxct"},"content":"    public static void handleCreateTodo(String line) throws DukeException {","lastModifiedDate":"2023-09-16"},{"lineNumber":65,"author":{"gitId":"lctxct"},"content":"        int spaceIdx \u003d line.indexOf(\" \");","lastModifiedDate":"2023-09-16"},{"lineNumber":66,"author":{"gitId":"lctxct"},"content":"        if (spaceIdx \u003d\u003d -1) {","lastModifiedDate":"2023-09-16"},{"lineNumber":67,"author":{"gitId":"lctxct"},"content":"            throw new DukeException(\"The description of a todo cannot be empty\");","lastModifiedDate":"2023-09-16"},{"lineNumber":68,"author":{"gitId":"lctxct"},"content":"        }","lastModifiedDate":"2023-09-16"},{"lineNumber":69,"author":{"gitId":"lctxct"},"content":"","lastModifiedDate":"2023-09-06"},{"lineNumber":70,"author":{"gitId":"lctxct"},"content":"        String description \u003d line.substring(spaceIdx+1);","lastModifiedDate":"2023-09-16"},{"lineNumber":71,"author":{"gitId":"lctxct"},"content":"        if (description.trim().length() \u003d\u003d 0) {","lastModifiedDate":"2023-09-16"},{"lineNumber":72,"author":{"gitId":"lctxct"},"content":"            throw new DukeException(\"The description of a todo cannot be empty\");","lastModifiedDate":"2023-09-16"},{"lineNumber":73,"author":{"gitId":"lctxct"},"content":"        }","lastModifiedDate":"2023-09-06"},{"lineNumber":74,"author":{"gitId":"lctxct"},"content":"","lastModifiedDate":"2023-09-04"},{"lineNumber":75,"author":{"gitId":"lctxct"},"content":"        listItems[listIdx] \u003d new Todo(description);","lastModifiedDate":"2023-09-16"},{"lineNumber":76,"author":{"gitId":"lctxct"},"content":"        listIdx++;","lastModifiedDate":"2023-09-04"},{"lineNumber":77,"author":{"gitId":"lctxct"},"content":"","lastModifiedDate":"2023-09-04"},{"lineNumber":78,"author":{"gitId":"lctxct"},"content":"        println(listItems[listIdx-1].getTaskAdded(listIdx));","lastModifiedDate":"2023-09-04"},{"lineNumber":79,"author":{"gitId":"lctxct"},"content":"    }","lastModifiedDate":"2023-09-06"},{"lineNumber":80,"author":{"gitId":"lctxct"},"content":"","lastModifiedDate":"2023-09-04"},{"lineNumber":81,"author":{"gitId":"lctxct"},"content":"    public static void handleCreateDeadline(String line) throws DukeException {","lastModifiedDate":"2023-09-16"},{"lineNumber":82,"author":{"gitId":"lctxct"},"content":"        int byIdx \u003d line.indexOf(\"/by\");","lastModifiedDate":"2023-09-04"},{"lineNumber":83,"author":{"gitId":"lctxct"},"content":"        if (byIdx \u003d\u003d -1) {","lastModifiedDate":"2023-09-16"},{"lineNumber":84,"author":{"gitId":"lctxct"},"content":"            throw new DukeException(\"The /by of a deadline must be specified\");","lastModifiedDate":"2023-09-16"},{"lineNumber":85,"author":{"gitId":"lctxct"},"content":"        }","lastModifiedDate":"2023-09-16"},{"lineNumber":86,"author":{"gitId":"lctxct"},"content":"","lastModifiedDate":"2023-09-06"},{"lineNumber":87,"author":{"gitId":"lctxct"},"content":"        // Extract task description and deadline from user input","lastModifiedDate":"2023-09-06"},{"lineNumber":88,"author":{"gitId":"lctxct"},"content":"        int spaceIdx \u003d line.indexOf(\" \");","lastModifiedDate":"2023-09-16"},{"lineNumber":89,"author":{"gitId":"lctxct"},"content":"        if (spaceIdx \u003d\u003d -1 || spaceIdx \u003e\u003d byIdx) {","lastModifiedDate":"2023-09-16"},{"lineNumber":90,"author":{"gitId":"lctxct"},"content":"            throw new DukeException(\"The description of a deadline cannot be empty\");","lastModifiedDate":"2023-09-16"},{"lineNumber":91,"author":{"gitId":"lctxct"},"content":"        }","lastModifiedDate":"2023-09-16"},{"lineNumber":92,"author":{"gitId":"lctxct"},"content":"","lastModifiedDate":"2023-09-16"},{"lineNumber":93,"author":{"gitId":"lctxct"},"content":"        String description \u003d line.substring(spaceIdx+1, byIdx-1);","lastModifiedDate":"2023-09-16"},{"lineNumber":94,"author":{"gitId":"lctxct"},"content":"        if (description.trim().length() \u003d\u003d 0) {","lastModifiedDate":"2023-09-16"},{"lineNumber":95,"author":{"gitId":"lctxct"},"content":"            throw new DukeException(\"The description of a deadline cannot be empty\");","lastModifiedDate":"2023-09-16"},{"lineNumber":96,"author":{"gitId":"lctxct"},"content":"        }","lastModifiedDate":"2023-09-16"},{"lineNumber":97,"author":{"gitId":"lctxct"},"content":"","lastModifiedDate":"2023-09-16"},{"lineNumber":98,"author":{"gitId":"lctxct"},"content":"        int deadlineIdx \u003d byIdx+ \"/by \".length();","lastModifiedDate":"2023-09-16"},{"lineNumber":99,"author":{"gitId":"lctxct"},"content":"        if (deadlineIdx \u003e\u003d line.length()) {","lastModifiedDate":"2023-09-16"},{"lineNumber":100,"author":{"gitId":"lctxct"},"content":"            throw new DukeException(\"The /by of a deadline cannot be empty\");","lastModifiedDate":"2023-09-16"},{"lineNumber":101,"author":{"gitId":"lctxct"},"content":"        }","lastModifiedDate":"2023-09-16"},{"lineNumber":102,"author":{"gitId":"lctxct"},"content":"","lastModifiedDate":"2023-09-16"},{"lineNumber":103,"author":{"gitId":"lctxct"},"content":"        String deadline \u003d line.substring(deadlineIdx);","lastModifiedDate":"2023-09-16"},{"lineNumber":104,"author":{"gitId":"lctxct"},"content":"","lastModifiedDate":"2023-09-04"},{"lineNumber":105,"author":{"gitId":"lctxct"},"content":"        listItems[listIdx] \u003d new Deadline(description, deadline);","lastModifiedDate":"2023-09-04"},{"lineNumber":106,"author":{"gitId":"lctxct"},"content":"        listIdx++;","lastModifiedDate":"2023-09-04"},{"lineNumber":107,"author":{"gitId":"lctxct"},"content":"","lastModifiedDate":"2023-09-04"},{"lineNumber":108,"author":{"gitId":"lctxct"},"content":"        println(listItems[listIdx-1].getTaskAdded(listIdx));","lastModifiedDate":"2023-09-04"},{"lineNumber":109,"author":{"gitId":"lctxct"},"content":"    }","lastModifiedDate":"2023-09-06"},{"lineNumber":110,"author":{"gitId":"lctxct"},"content":"","lastModifiedDate":"2023-09-04"},{"lineNumber":111,"author":{"gitId":"lctxct"},"content":"    public static void handleCreateEvent(String line) {","lastModifiedDate":"2023-09-06"},{"lineNumber":112,"author":{"gitId":"lctxct"},"content":"        int fromIdx \u003d line.indexOf(\"/from\");","lastModifiedDate":"2023-09-04"},{"lineNumber":113,"author":{"gitId":"lctxct"},"content":"        int toIdx \u003d line.indexOf(\"/to\");","lastModifiedDate":"2023-09-04"},{"lineNumber":114,"author":{"gitId":"lctxct"},"content":"","lastModifiedDate":"2023-09-04"},{"lineNumber":115,"author":{"gitId":"lctxct"},"content":"        // Extract task description, start time and end time from user input","lastModifiedDate":"2023-09-06"},{"lineNumber":116,"author":{"gitId":"lctxct"},"content":"        String description \u003d line.substring(line.indexOf(\" \")+1, fromIdx-1);","lastModifiedDate":"2023-09-04"},{"lineNumber":117,"author":{"gitId":"lctxct"},"content":"        String start \u003d line.substring(fromIdx+ \"/from \".length(), toIdx-1);","lastModifiedDate":"2023-09-04"},{"lineNumber":118,"author":{"gitId":"lctxct"},"content":"        String end \u003d line.substring(toIdx+ \"/to \".length());","lastModifiedDate":"2023-09-04"},{"lineNumber":119,"author":{"gitId":"lctxct"},"content":"","lastModifiedDate":"2023-09-04"},{"lineNumber":120,"author":{"gitId":"lctxct"},"content":"        listItems[listIdx] \u003d new Event(description, start, end);","lastModifiedDate":"2023-09-04"},{"lineNumber":121,"author":{"gitId":"lctxct"},"content":"        listIdx++;","lastModifiedDate":"2023-09-04"},{"lineNumber":122,"author":{"gitId":"lctxct"},"content":"","lastModifiedDate":"2023-09-04"},{"lineNumber":123,"author":{"gitId":"lctxct"},"content":"        println(listItems[listIdx-1].getTaskAdded(listIdx));","lastModifiedDate":"2023-09-04"},{"lineNumber":124,"author":{"gitId":"lctxct"},"content":"    }","lastModifiedDate":"2023-09-06"},{"lineNumber":125,"author":{"gitId":"lctxct"},"content":"","lastModifiedDate":"2023-09-04"},{"lineNumber":126,"author":{"gitId":"lctxct"},"content":"    public static void main(String[] args) {","lastModifiedDate":"2023-09-06"},{"lineNumber":127,"author":{"gitId":"lctxct"},"content":"        String line;","lastModifiedDate":"2023-09-06"},{"lineNumber":128,"author":{"gitId":"lctxct"},"content":"        Scanner in \u003d new Scanner(System.in);","lastModifiedDate":"2023-09-06"},{"lineNumber":129,"author":{"gitId":"lctxct"},"content":"","lastModifiedDate":"2023-08-28"},{"lineNumber":130,"author":{"gitId":"lctxct"},"content":"        printWelcome();","lastModifiedDate":"2023-09-06"},{"lineNumber":131,"author":{"gitId":"lctxct"},"content":"","lastModifiedDate":"2023-09-04"},{"lineNumber":132,"author":{"gitId":"lctxct"},"content":"        line \u003d in.nextLine();","lastModifiedDate":"2023-09-06"},{"lineNumber":133,"author":{"gitId":"lctxct"},"content":"        while (line.equals(\"bye\") \u003d\u003d false) {","lastModifiedDate":"2023-09-06"},{"lineNumber":134,"author":{"gitId":"lctxct"},"content":"            println(LINE);","lastModifiedDate":"2023-09-06"},{"lineNumber":135,"author":{"gitId":"lctxct"},"content":"","lastModifiedDate":"2023-08-28"},{"lineNumber":136,"author":{"gitId":"lctxct"},"content":"            if (line.startsWith(\"list\")) {","lastModifiedDate":"2023-09-06"},{"lineNumber":137,"author":{"gitId":"lctxct"},"content":"                printList();","lastModifiedDate":"2023-09-06"},{"lineNumber":138,"author":{"gitId":"lctxct"},"content":"            } else if (line.startsWith(\"mark\")) {","lastModifiedDate":"2023-09-06"},{"lineNumber":139,"author":{"gitId":"lctxct"},"content":"                markItem(line);","lastModifiedDate":"2023-09-06"},{"lineNumber":140,"author":{"gitId":"lctxct"},"content":"            } else if (line.startsWith(\"unmark\")) {","lastModifiedDate":"2023-09-06"},{"lineNumber":141,"author":{"gitId":"lctxct"},"content":"                unmarkItem(line);","lastModifiedDate":"2023-09-06"},{"lineNumber":142,"author":{"gitId":"lctxct"},"content":"            } else if (line.startsWith(\"todo\")) {","lastModifiedDate":"2023-09-06"},{"lineNumber":143,"author":{"gitId":"lctxct"},"content":"                try {","lastModifiedDate":"2023-09-16"},{"lineNumber":144,"author":{"gitId":"lctxct"},"content":"                    handleCreateTodo(line);","lastModifiedDate":"2023-09-06"},{"lineNumber":145,"author":{"gitId":"lctxct"},"content":"                } catch (DukeException e) {","lastModifiedDate":"2023-09-16"},{"lineNumber":146,"author":{"gitId":"lctxct"},"content":"                    println(String.valueOf(e));","lastModifiedDate":"2023-09-16"},{"lineNumber":147,"author":{"gitId":"lctxct"},"content":"                }","lastModifiedDate":"2023-09-16"},{"lineNumber":148,"author":{"gitId":"lctxct"},"content":"            } else if (line.startsWith(\"deadline\")) {","lastModifiedDate":"2023-09-06"},{"lineNumber":149,"author":{"gitId":"lctxct"},"content":"                try {","lastModifiedDate":"2023-09-16"},{"lineNumber":150,"author":{"gitId":"lctxct"},"content":"                    handleCreateDeadline(line);","lastModifiedDate":"2023-09-06"},{"lineNumber":151,"author":{"gitId":"lctxct"},"content":"                } catch (DukeException e) {","lastModifiedDate":"2023-09-16"},{"lineNumber":152,"author":{"gitId":"lctxct"},"content":"                    println(String.valueOf(e));","lastModifiedDate":"2023-09-16"},{"lineNumber":153,"author":{"gitId":"lctxct"},"content":"                }","lastModifiedDate":"2023-09-16"},{"lineNumber":154,"author":{"gitId":"lctxct"},"content":"            } else if (line.startsWith(\"event\")) {","lastModifiedDate":"2023-09-06"},{"lineNumber":155,"author":{"gitId":"lctxct"},"content":"                handleCreateEvent(line);","lastModifiedDate":"2023-09-06"},{"lineNumber":156,"author":{"gitId":"lctxct"},"content":"            } else {","lastModifiedDate":"2023-09-06"},{"lineNumber":157,"author":{"gitId":"lctxct"},"content":"                println(\"I don\u0027t know that command\");","lastModifiedDate":"2023-09-16"},{"lineNumber":158,"author":{"gitId":"lctxct"},"content":"            }","lastModifiedDate":"2023-08-22"},{"lineNumber":159,"author":{"gitId":"lctxct"},"content":"","lastModifiedDate":"2023-08-28"},{"lineNumber":160,"author":{"gitId":"lctxct"},"content":"            println(LINE);","lastModifiedDate":"2023-08-23"},{"lineNumber":161,"author":{"gitId":"lctxct"},"content":"","lastModifiedDate":"2023-08-22"},{"lineNumber":162,"author":{"gitId":"lctxct"},"content":"            line \u003d in.nextLine();","lastModifiedDate":"2023-09-06"},{"lineNumber":163,"author":{"gitId":"lctxct"},"content":"        }","lastModifiedDate":"2023-08-22"},{"lineNumber":164,"author":{"gitId":"lctxct"},"content":"","lastModifiedDate":"2023-08-19"},{"lineNumber":165,"author":{"gitId":"lctxct"},"content":"        printFarewell();","lastModifiedDate":"2023-08-22"},{"lineNumber":166,"author":{"gitId":"-"},"content":"    }","lastModifiedDate":"2019-07-29"},{"lineNumber":167,"author":{"gitId":"-"},"content":"}","lastModifiedDate":"2019-07-29"}],"authorContributionMap":{"lctxct":164,"-":3}},{"path":"src/duke/DukeException.java","fileType":"java","lines":[{"lineNumber":1,"author":{"gitId":"lctxct"},"content":"package duke;","lastModifiedDate":"2023-09-16"},{"lineNumber":2,"author":{"gitId":"lctxct"},"content":"","lastModifiedDate":"2023-09-16"},{"lineNumber":3,"author":{"gitId":"lctxct"},"content":"public class DukeException extends Exception {","lastModifiedDate":"2023-09-16"},{"lineNumber":4,"author":{"gitId":"lctxct"},"content":"    public DukeException (String str) {","lastModifiedDate":"2023-09-16"},{"lineNumber":5,"author":{"gitId":"lctxct"},"content":"        super(str);","lastModifiedDate":"2023-09-16"},{"lineNumber":6,"author":{"gitId":"lctxct"},"content":"    }","lastModifiedDate":"2023-09-16"},{"lineNumber":7,"author":{"gitId":"lctxct"},"content":"}","lastModifiedDate":"2023-09-16"}],"authorContributionMap":{"lctxct":7}},{"path":"src/duke/deadline/Deadline.java","fileType":"java","lines":[{"lineNumber":1,"author":{"gitId":"lctxct"},"content":"package duke.deadline;","lastModifiedDate":"2023-09-16"},{"lineNumber":2,"author":{"gitId":"lctxct"},"content":"","lastModifiedDate":"2023-09-16"},{"lineNumber":3,"author":{"gitId":"lctxct"},"content":"import duke.task.Task;","lastModifiedDate":"2023-09-16"},{"lineNumber":4,"author":{"gitId":"lctxct"},"content":"public class Deadline extends Task {","lastModifiedDate":"2023-09-04"},{"lineNumber":5,"author":{"gitId":"lctxct"},"content":"","lastModifiedDate":"2023-09-04"},{"lineNumber":6,"author":{"gitId":"lctxct"},"content":"    protected String deadline;","lastModifiedDate":"2023-09-04"},{"lineNumber":7,"author":{"gitId":"lctxct"},"content":"","lastModifiedDate":"2023-09-04"},{"lineNumber":8,"author":{"gitId":"lctxct"},"content":"    public Deadline(String description, String deadline) {","lastModifiedDate":"2023-09-04"},{"lineNumber":9,"author":{"gitId":"lctxct"},"content":"        super(description);","lastModifiedDate":"2023-09-04"},{"lineNumber":10,"author":{"gitId":"lctxct"},"content":"        this.deadline \u003d deadline;","lastModifiedDate":"2023-09-04"},{"lineNumber":11,"author":{"gitId":"lctxct"},"content":"    }","lastModifiedDate":"2023-09-04"},{"lineNumber":12,"author":{"gitId":"lctxct"},"content":"","lastModifiedDate":"2023-09-04"},{"lineNumber":13,"author":{"gitId":"lctxct"},"content":"    @Override","lastModifiedDate":"2023-09-04"},{"lineNumber":14,"author":{"gitId":"lctxct"},"content":"    public String getTypeIcon() {","lastModifiedDate":"2023-09-04"},{"lineNumber":15,"author":{"gitId":"lctxct"},"content":"        return \"D\";","lastModifiedDate":"2023-09-04"},{"lineNumber":16,"author":{"gitId":"lctxct"},"content":"    }","lastModifiedDate":"2023-09-04"},{"lineNumber":17,"author":{"gitId":"lctxct"},"content":"","lastModifiedDate":"2023-09-04"},{"lineNumber":18,"author":{"gitId":"lctxct"},"content":"    @Override","lastModifiedDate":"2023-09-04"},{"lineNumber":19,"author":{"gitId":"lctxct"},"content":"    public String getTask() {","lastModifiedDate":"2023-09-04"},{"lineNumber":20,"author":{"gitId":"lctxct"},"content":"        return String.format(\"[%s][%s] %s (by: %s)\", getTypeIcon(), getStatusIcon(), description, deadline);","lastModifiedDate":"2023-09-04"},{"lineNumber":21,"author":{"gitId":"lctxct"},"content":"    }","lastModifiedDate":"2023-09-04"},{"lineNumber":22,"author":{"gitId":"lctxct"},"content":"}","lastModifiedDate":"2023-09-04"}],"authorContributionMap":{"lctxct":22}},{"path":"src/duke/event/Event.java","fileType":"java","lines":[{"lineNumber":1,"author":{"gitId":"lctxct"},"content":"package duke.event;","lastModifiedDate":"2023-09-16"},{"lineNumber":2,"author":{"gitId":"lctxct"},"content":"","lastModifiedDate":"2023-09-16"},{"lineNumber":3,"author":{"gitId":"lctxct"},"content":"import duke.task.Task;","lastModifiedDate":"2023-09-16"},{"lineNumber":4,"author":{"gitId":"lctxct"},"content":"","lastModifiedDate":"2023-09-16"},{"lineNumber":5,"author":{"gitId":"lctxct"},"content":"public class Event extends Task {","lastModifiedDate":"2023-09-04"},{"lineNumber":6,"author":{"gitId":"lctxct"},"content":"    protected String from;","lastModifiedDate":"2023-09-04"},{"lineNumber":7,"author":{"gitId":"lctxct"},"content":"    protected String to;","lastModifiedDate":"2023-09-04"},{"lineNumber":8,"author":{"gitId":"lctxct"},"content":"","lastModifiedDate":"2023-09-04"},{"lineNumber":9,"author":{"gitId":"lctxct"},"content":"    public Event(String description, String from, String to) {","lastModifiedDate":"2023-09-04"},{"lineNumber":10,"author":{"gitId":"lctxct"},"content":"        super(description);","lastModifiedDate":"2023-09-04"},{"lineNumber":11,"author":{"gitId":"lctxct"},"content":"        this.from \u003d from;","lastModifiedDate":"2023-09-04"},{"lineNumber":12,"author":{"gitId":"lctxct"},"content":"        this.to \u003d to;","lastModifiedDate":"2023-09-04"},{"lineNumber":13,"author":{"gitId":"lctxct"},"content":"    }","lastModifiedDate":"2023-09-04"},{"lineNumber":14,"author":{"gitId":"lctxct"},"content":"","lastModifiedDate":"2023-09-04"},{"lineNumber":15,"author":{"gitId":"lctxct"},"content":"    @Override","lastModifiedDate":"2023-09-04"},{"lineNumber":16,"author":{"gitId":"lctxct"},"content":"    public String getTypeIcon() {","lastModifiedDate":"2023-09-04"},{"lineNumber":17,"author":{"gitId":"lctxct"},"content":"        return \"E\";","lastModifiedDate":"2023-09-04"},{"lineNumber":18,"author":{"gitId":"lctxct"},"content":"    }","lastModifiedDate":"2023-09-04"},{"lineNumber":19,"author":{"gitId":"lctxct"},"content":"","lastModifiedDate":"2023-09-04"},{"lineNumber":20,"author":{"gitId":"lctxct"},"content":"    @Override","lastModifiedDate":"2023-09-04"},{"lineNumber":21,"author":{"gitId":"lctxct"},"content":"    public String getTask() {","lastModifiedDate":"2023-09-04"},{"lineNumber":22,"author":{"gitId":"lctxct"},"content":"        return String.format(\"[%s][%s] %s (from: %s to: %s)\",","lastModifiedDate":"2023-09-04"},{"lineNumber":23,"author":{"gitId":"lctxct"},"content":"                getTypeIcon(), getStatusIcon(), description, from, to);","lastModifiedDate":"2023-09-04"},{"lineNumber":24,"author":{"gitId":"lctxct"},"content":"    }","lastModifiedDate":"2023-09-04"},{"lineNumber":25,"author":{"gitId":"lctxct"},"content":"}","lastModifiedDate":"2023-09-04"}],"authorContributionMap":{"lctxct":25}},{"path":"src/duke/task/Task.java","fileType":"java","lines":[{"lineNumber":1,"author":{"gitId":"lctxct"},"content":"package duke.task;","lastModifiedDate":"2023-09-16"},{"lineNumber":2,"author":{"gitId":"lctxct"},"content":"","lastModifiedDate":"2023-09-16"},{"lineNumber":3,"author":{"gitId":"lctxct"},"content":"public class Task {","lastModifiedDate":"2023-08-23"},{"lineNumber":4,"author":{"gitId":"lctxct"},"content":"    protected String description;","lastModifiedDate":"2023-08-23"},{"lineNumber":5,"author":{"gitId":"lctxct"},"content":"    protected boolean isDone;","lastModifiedDate":"2023-08-23"},{"lineNumber":6,"author":{"gitId":"lctxct"},"content":"","lastModifiedDate":"2023-08-23"},{"lineNumber":7,"author":{"gitId":"lctxct"},"content":"    public Task(String description) {","lastModifiedDate":"2023-08-23"},{"lineNumber":8,"author":{"gitId":"lctxct"},"content":"        this.description \u003d description;","lastModifiedDate":"2023-08-23"},{"lineNumber":9,"author":{"gitId":"lctxct"},"content":"        this.isDone \u003d false;","lastModifiedDate":"2023-08-23"},{"lineNumber":10,"author":{"gitId":"lctxct"},"content":"    }","lastModifiedDate":"2023-08-23"},{"lineNumber":11,"author":{"gitId":"lctxct"},"content":"","lastModifiedDate":"2023-08-23"},{"lineNumber":12,"author":{"gitId":"lctxct"},"content":"    public String getTypeIcon() {","lastModifiedDate":"2023-09-04"},{"lineNumber":13,"author":{"gitId":"lctxct"},"content":"        return \" \";","lastModifiedDate":"2023-09-04"},{"lineNumber":14,"author":{"gitId":"lctxct"},"content":"    }","lastModifiedDate":"2023-09-04"},{"lineNumber":15,"author":{"gitId":"lctxct"},"content":"","lastModifiedDate":"2023-09-04"},{"lineNumber":16,"author":{"gitId":"lctxct"},"content":"    public String getStatusIcon() {","lastModifiedDate":"2023-08-23"},{"lineNumber":17,"author":{"gitId":"lctxct"},"content":"        return (isDone ? \"X\" : \" \");","lastModifiedDate":"2023-08-23"},{"lineNumber":18,"author":{"gitId":"lctxct"},"content":"    }","lastModifiedDate":"2023-08-23"},{"lineNumber":19,"author":{"gitId":"lctxct"},"content":"","lastModifiedDate":"2023-08-23"},{"lineNumber":20,"author":{"gitId":"lctxct"},"content":"    public String getTaskAdded(int taskCount) {","lastModifiedDate":"2023-09-04"},{"lineNumber":21,"author":{"gitId":"lctxct"},"content":"        return String.format(\"Got it. I\u0027ve added this task:\\n\" +","lastModifiedDate":"2023-09-04"},{"lineNumber":22,"author":{"gitId":"lctxct"},"content":"                \"\\t  %s\\n\" +","lastModifiedDate":"2023-09-04"},{"lineNumber":23,"author":{"gitId":"lctxct"},"content":"                \"\\tNow you have %d %s in the list\",","lastModifiedDate":"2023-09-04"},{"lineNumber":24,"author":{"gitId":"lctxct"},"content":"                getTask(), taskCount, (taskCount \u003d\u003d 1 ? \"task\" : \"tasks\"));","lastModifiedDate":"2023-09-04"},{"lineNumber":25,"author":{"gitId":"lctxct"},"content":"    }","lastModifiedDate":"2023-09-04"},{"lineNumber":26,"author":{"gitId":"lctxct"},"content":"","lastModifiedDate":"2023-09-04"},{"lineNumber":27,"author":{"gitId":"lctxct"},"content":"    public String getTask() {","lastModifiedDate":"2023-08-23"},{"lineNumber":28,"author":{"gitId":"lctxct"},"content":"        return String.format(\"[%s][%s] %s\", getTypeIcon(), getStatusIcon(), description);","lastModifiedDate":"2023-09-04"},{"lineNumber":29,"author":{"gitId":"lctxct"},"content":"    }","lastModifiedDate":"2023-08-23"},{"lineNumber":30,"author":{"gitId":"lctxct"},"content":"","lastModifiedDate":"2023-08-23"},{"lineNumber":31,"author":{"gitId":"lctxct"},"content":"    public void setIsDone(boolean isDone) {","lastModifiedDate":"2023-08-23"},{"lineNumber":32,"author":{"gitId":"lctxct"},"content":"        this.isDone \u003d isDone;","lastModifiedDate":"2023-08-23"},{"lineNumber":33,"author":{"gitId":"lctxct"},"content":"    }","lastModifiedDate":"2023-08-23"},{"lineNumber":34,"author":{"gitId":"lctxct"},"content":"}","lastModifiedDate":"2023-08-23"}],"authorContributionMap":{"lctxct":34}},{"path":"src/duke/todo/Todo.java","fileType":"java","lines":[{"lineNumber":1,"author":{"gitId":"lctxct"},"content":"package duke.todo;","lastModifiedDate":"2023-09-16"},{"lineNumber":2,"author":{"gitId":"lctxct"},"content":"","lastModifiedDate":"2023-09-16"},{"lineNumber":3,"author":{"gitId":"lctxct"},"content":"import duke.task.Task;","lastModifiedDate":"2023-09-16"},{"lineNumber":4,"author":{"gitId":"lctxct"},"content":"","lastModifiedDate":"2023-09-16"},{"lineNumber":5,"author":{"gitId":"lctxct"},"content":"public class Todo extends Task {","lastModifiedDate":"2023-09-04"},{"lineNumber":6,"author":{"gitId":"lctxct"},"content":"    public Todo(String description) {","lastModifiedDate":"2023-09-04"},{"lineNumber":7,"author":{"gitId":"lctxct"},"content":"        super(description);","lastModifiedDate":"2023-09-04"},{"lineNumber":8,"author":{"gitId":"lctxct"},"content":"    }","lastModifiedDate":"2023-09-04"},{"lineNumber":9,"author":{"gitId":"lctxct"},"content":"","lastModifiedDate":"2023-09-04"},{"lineNumber":10,"author":{"gitId":"lctxct"},"content":"    @Override","lastModifiedDate":"2023-09-04"},{"lineNumber":11,"author":{"gitId":"lctxct"},"content":"    public String getTypeIcon() {","lastModifiedDate":"2023-09-04"},{"lineNumber":12,"author":{"gitId":"lctxct"},"content":"        return \"T\";","lastModifiedDate":"2023-09-04"},{"lineNumber":13,"author":{"gitId":"lctxct"},"content":"    }","lastModifiedDate":"2023-09-04"},{"lineNumber":14,"author":{"gitId":"lctxct"},"content":"","lastModifiedDate":"2023-09-04"},{"lineNumber":15,"author":{"gitId":"lctxct"},"content":"}","lastModifiedDate":"2023-09-04"}],"authorContributionMap":{"lctxct":15}},{"path":"text-ui-test/input.txt","fileType":"txt","lines":[{"lineNumber":1,"author":{"gitId":"lctxct"},"content":"todo borrow book","lastModifiedDate":"2023-09-04"},{"lineNumber":2,"author":{"gitId":"lctxct"},"content":"deadline return book /by Sunday","lastModifiedDate":"2023-09-04"},{"lineNumber":3,"author":{"gitId":"lctxct"},"content":"event project meeting /from Mon 2pm /to 4pm","lastModifiedDate":"2023-09-04"},{"lineNumber":4,"author":{"gitId":"lctxct"},"content":"deadline do homework /by no idea :-p","lastModifiedDate":"2023-09-04"},{"lineNumber":5,"author":{"gitId":"lctxct"},"content":"list","lastModifiedDate":"2023-09-04"},{"lineNumber":6,"author":{"gitId":"lctxct"},"content":"bye","lastModifiedDate":"2023-09-04"}],"authorContributionMap":{"lctxct":6}}]
