{"authorDailyContributionsMap":{"lctxct":[{"date":"2023-08-19","commitResults":[{"hash":"d966d7ffa7d6a230b53fa05043c35bd76ee93c42","isMergeCommit":false,"messageTitle":"Update chatbot","messageBody":"","tags":["Level-0"],"fileTypesAndContributionMap":{"java":{"insertions":15,"deletions":6}}}]},{"date":"2023-08-22","commitResults":[{"hash":"4a14bc13a1124556836973094bb0c6851a582b4a","isMergeCommit":false,"messageTitle":"Add echo","messageBody":"","tags":["Level-1"],"fileTypesAndContributionMap":{"java":{"insertions":36,"deletions":12}}},{"hash":"8e6363fdce3d7af514da47229a57fef74661444d","isMergeCommit":false,"messageTitle":"Add todo list","messageBody":"","tags":["Level-2"],"fileTypesAndContributionMap":{"java":{"insertions":12,"deletions":1}}}]},{"date":"2023-08-23","commitResults":[{"hash":"6fa79f577c781a51fccd7db059a47167260f38f9","isMergeCommit":false,"messageTitle":"Add task marking","messageBody":"","tags":["Level-3"],"fileTypesAndContributionMap":{"java":{"insertions":51,"deletions":14}}}]},{"date":"2023-08-28","commitResults":[{"hash":"1214a7471c4dcb5519889c9a03682bdcc1c6ac41","isMergeCommit":false,"messageTitle":"Prettify code","messageBody":"","tags":["A-CodingStandard"],"fileTypesAndContributionMap":{"java":{"insertions":13,"deletions":3}}}]},{"date":"2023-09-04","commitResults":[{"hash":"43bf0b25193c8a6514637b243eaa09db2e7239a3","isMergeCommit":false,"messageTitle":"Add todo support","messageBody":"","fileTypesAndContributionMap":{"java":{"insertions":48,"deletions":5}}},{"hash":"52279341ed5b28919ed4d8d404e9c1fb3136a5ae","isMergeCommit":false,"messageTitle":"Add deadline support","messageBody":"","fileTypesAndContributionMap":{"java":{"insertions":29,"deletions":0}}},{"hash":"9eefd958a2fbf4468d4effcbe48ffbe3ed8035af","isMergeCommit":false,"messageTitle":"Add event support","messageBody":"","tags":["Level-4"],"fileTypesAndContributionMap":{"java":{"insertions":36,"deletions":0}}},{"hash":"b12ead29f6b69775a0ef835f08317ec321164069","isMergeCommit":false,"messageTitle":"Add test","messageBody":"","tags":["A-TextUiTesting"],"fileTypesAndContributionMap":{"txt":{"insertions":6,"deletions":0}}},{"hash":"19d9275839ca7dd0d1a6ece75378eb4dd76d732f","isMergeCommit":false,"messageTitle":"Standardize naming","messageBody":"","tags":["A-CodeQuality"],"fileTypesAndContributionMap":{"java":{"insertions":11,"deletions":11}}}]},{"date":"2023-09-06","commitResults":[{"hash":"3b49f2fab984cf7a1cf2f83ac6732ebce41b5b1f","isMergeCommit":false,"messageTitle":"Refactor code to improve modularity","messageBody":"","fileTypesAndContributionMap":{"java":{"insertions":75,"deletions":68}}}]},{"date":"2023-09-16","commitResults":[{"hash":"c73d088eeb6af3f7de14380fdaf138a187d60d57","isMergeCommit":false,"messageTitle":"Add error handling","messageBody":"","tags":["A-Exceptions"],"fileTypesAndContributionMap":{"java":{"insertions":46,"deletions":14}}},{"hash":"a2fb07e2017c7e94e6c07782bd078b61d310c865","isMergeCommit":true,"messageTitle":"Merge branch \u0027branch-Level-5\u0027","messageBody":"","tags":["Level-5"],"fileTypesAndContributionMap":{}},{"hash":"80e31bad29433501b8321a0273ead9d7336f358d","isMergeCommit":false,"messageTitle":"Organize into packages","messageBody":"","tags":["A-Packages"],"fileTypesAndContributionMap":{"java":{"insertions":22,"deletions":0}}}]},{"date":"2023-09-17","commitResults":[{"hash":"d63e7115a327061922686b953a3d2640a276534a","isMergeCommit":false,"messageTitle":"Refactor to use ArrayList","messageBody":"","tags":["A-Collections"],"fileTypesAndContributionMap":{"java":{"insertions":14,"deletions":17},"bat":{"insertions":1,"deletions":1}}},{"hash":"55bab84936b3239adfcdee450eae43a7a6ccb86e","isMergeCommit":false,"messageTitle":"Add delete task","messageBody":"","fileTypesAndContributionMap":{"java":{"insertions":23,"deletions":5}}}]},{"date":"2023-09-19","commitResults":[{"hash":"42925e66019ff270827207bf8ff06005148cdfc4","isMergeCommit":false,"messageTitle":"Add support for save file","messageBody":"","fileTypesAndContributionMap":{"txt":{"insertions":3,"deletions":0},"java":{"insertions":127,"deletions":0}}},{"hash":"c0295b7b26570b4010e7cca1533c214279b3007a","isMergeCommit":true,"messageTitle":"Merge branch \u0027branch-Level-6\u0027","messageBody":"","tags":["Level-6"],"fileTypesAndContributionMap":{}},{"hash":"b7a415fa18ca34eeb40760d285e3ed4ba1705dd9","isMergeCommit":true,"messageTitle":"Merge branch \u0027branch-Level-7\u0027","messageBody":"","tags":["Level-7","A-Jar"],"fileTypesAndContributionMap":{}}]},{"date":"2023-09-25","commitResults":[{"hash":"585d2ca85333859a97f6cd104a96c894281cadcc","isMergeCommit":false,"messageTitle":"Extract Ui class","messageBody":"","fileTypesAndContributionMap":{"txt":{"insertions":1,"deletions":0},"java":{"insertions":56,"deletions":30}}},{"hash":"9ed6ac0ae77a8299657c5d26993d0ab5862837a5","isMergeCommit":false,"messageTitle":"Remove unused variable","messageBody":"","fileTypesAndContributionMap":{"java":{"insertions":0,"deletions":1}}},{"hash":"ec4f56fa98f93d03150da7aa1bc69154ac33489e","isMergeCommit":false,"messageTitle":"Rename DukeFile to Storage","messageBody":"","fileTypesAndContributionMap":{"java":{"insertions":78,"deletions":78}}},{"hash":"074c03a0b14de983c9633d9da74c9efacec89e31","isMergeCommit":false,"messageTitle":"Extract TaskList class","messageBody":"","fileTypesAndContributionMap":{"txt":{"insertions":1,"deletions":5},"java":{"insertions":165,"deletions":127}}},{"hash":"84e941a49249a683dd43db9fa6a7771bcb4aecf5","isMergeCommit":false,"messageTitle":"Made code more OOP","messageBody":"","tags":["A-MoreOOP"],"fileTypesAndContributionMap":{"txt":{"insertions":3,"deletions":0},"java":{"insertions":105,"deletions":62}}}]}]},"authorFileTypeContributionMap":{"lctxct":{"java":498,"md":0,"fxml":0,"sh":0,"bat":1,"gradle":0,"txt":10}},"authorContributionVariance":{"lctxct":13634.593},"authorDisplayNameMap":{"lctxct":"CS2113T-W11-2 LIEN..TING"}}
