[{"path":"src/main/java/Duke.java","fileType":"java","lines":[{"lineNumber":1,"author":{"gitId":"Remy9926"},"content":"import java.util.Arrays;","lastModifiedDate":"2023-09-02"},{"lineNumber":2,"author":{"gitId":"Remy9926"},"content":"import java.io.IOException;","lastModifiedDate":"2023-09-15"},{"lineNumber":3,"author":{"gitId":"Remy9926"},"content":"","lastModifiedDate":"2023-08-27"},{"lineNumber":4,"author":{"gitId":"Remy9926"},"content":"import task.Deadline;","lastModifiedDate":"2023-09-09"},{"lineNumber":5,"author":{"gitId":"Remy9926"},"content":"import task.Event;","lastModifiedDate":"2023-09-09"},{"lineNumber":6,"author":{"gitId":"Remy9926"},"content":"import task.Task;","lastModifiedDate":"2023-09-09"},{"lineNumber":7,"author":{"gitId":"Remy9926"},"content":"import task.ToDo;","lastModifiedDate":"2023-09-09"},{"lineNumber":8,"author":{"gitId":"Remy9926"},"content":"import classes.RemyException;","lastModifiedDate":"2023-09-23"},{"lineNumber":9,"author":{"gitId":"Remy9926"},"content":"import classes.Ui;","lastModifiedDate":"2023-09-23"},{"lineNumber":10,"author":{"gitId":"Remy9926"},"content":"import classes.Storage;","lastModifiedDate":"2023-09-23"},{"lineNumber":11,"author":{"gitId":"Remy9926"},"content":"import classes.Parser;","lastModifiedDate":"2023-09-23"},{"lineNumber":12,"author":{"gitId":"Remy9926"},"content":"import classes.TaskList;","lastModifiedDate":"2023-09-23"},{"lineNumber":13,"author":{"gitId":"Remy9926"},"content":"","lastModifiedDate":"2023-09-09"},{"lineNumber":14,"author":{"gitId":"-"},"content":"public class Duke {","lastModifiedDate":"2019-07-29"},{"lineNumber":15,"author":{"gitId":"Remy9926"},"content":"\tstatic Ui ui;","lastModifiedDate":"2023-09-23"},{"lineNumber":16,"author":{"gitId":"Remy9926"},"content":"\tstatic Storage storage;","lastModifiedDate":"2023-09-23"},{"lineNumber":17,"author":{"gitId":"Remy9926"},"content":"\tstatic TaskList toDoList;","lastModifiedDate":"2023-09-23"},{"lineNumber":18,"author":{"gitId":"Remy9926"},"content":"\t","lastModifiedDate":"2023-08-27"},{"lineNumber":19,"author":{"gitId":"-"},"content":"    public static void main(String[] args) {","lastModifiedDate":"2019-07-29"},{"lineNumber":20,"author":{"gitId":"Remy9926"},"content":"    \ttry {","lastModifiedDate":"2023-09-15"},{"lineNumber":21,"author":{"gitId":"Remy9926"},"content":"    \t\tui \u003d new Ui();","lastModifiedDate":"2023-09-23"},{"lineNumber":22,"author":{"gitId":"Remy9926"},"content":"    \t\tstorage \u003d new Storage(\"data\", \"./data/toDoList.txt\");","lastModifiedDate":"2023-09-23"},{"lineNumber":23,"author":{"gitId":"Remy9926"},"content":"    \t\ttoDoList \u003d new TaskList();","lastModifiedDate":"2023-09-23"},{"lineNumber":24,"author":{"gitId":"Remy9926"},"content":"        \tstorage.checkForTextFile(toDoList);","lastModifiedDate":"2023-09-23"},{"lineNumber":25,"author":{"gitId":"Remy9926"},"content":"    \t\tui.greetUser();","lastModifiedDate":"2023-09-23"},{"lineNumber":26,"author":{"gitId":"Remy9926"},"content":"            String[] command \u003d Parser.parse(ui.getUserCommand());","lastModifiedDate":"2023-09-24"},{"lineNumber":27,"author":{"gitId":"Remy9926"},"content":"            while (!command[0].equals(\"bye\")) {","lastModifiedDate":"2023-09-24"},{"lineNumber":28,"author":{"gitId":"Remy9926"},"content":"            \tif (command[0].equals(\"list\")) {","lastModifiedDate":"2023-09-24"},{"lineNumber":29,"author":{"gitId":"Remy9926"},"content":"            \t\tui.printToDoList(toDoList);","lastModifiedDate":"2023-09-23"},{"lineNumber":30,"author":{"gitId":"Remy9926"},"content":"            \t} else if (command[0].contains(\"mark\")) {","lastModifiedDate":"2023-09-24"},{"lineNumber":31,"author":{"gitId":"Remy9926"},"content":"            \t\ttry {","lastModifiedDate":"2023-09-09"},{"lineNumber":32,"author":{"gitId":"Remy9926"},"content":"            \t\t\tSystem.out.println(\"    ____________________________________________________________\");","lastModifiedDate":"2023-09-16"},{"lineNumber":33,"author":{"gitId":"Remy9926"},"content":"            \t\t\tint index \u003d Integer.parseInt(command[1]) - 1;","lastModifiedDate":"2023-09-24"},{"lineNumber":34,"author":{"gitId":"Remy9926"},"content":"            \t\t\tif (command[0].equals(\"mark\")) {","lastModifiedDate":"2023-09-24"},{"lineNumber":35,"author":{"gitId":"Remy9926"},"content":"                \t\t\ttoDoList.setTaskStatus(index, true);","lastModifiedDate":"2023-09-23"},{"lineNumber":36,"author":{"gitId":"Remy9926"},"content":"                \t\t\tSystem.out.println(\"     Nice! I\u0027ve marked this task as done:\");","lastModifiedDate":"2023-09-16"},{"lineNumber":37,"author":{"gitId":"Remy9926"},"content":"                \t\t\tstorage.markTaskFromFile(index, true);","lastModifiedDate":"2023-09-23"},{"lineNumber":38,"author":{"gitId":"Remy9926"},"content":"                \t\t} else {","lastModifiedDate":"2023-08-27"},{"lineNumber":39,"author":{"gitId":"Remy9926"},"content":"                \t\t\ttoDoList.setTaskStatus(index, false);","lastModifiedDate":"2023-09-23"},{"lineNumber":40,"author":{"gitId":"Remy9926"},"content":"                \t\t\tSystem.out.println(\"     OK, I\u0027ve marked this task as not done yet:\");","lastModifiedDate":"2023-09-16"},{"lineNumber":41,"author":{"gitId":"Remy9926"},"content":"                \t\t\tstorage.markTaskFromFile(index, false);","lastModifiedDate":"2023-09-23"},{"lineNumber":42,"author":{"gitId":"Remy9926"},"content":"                \t\t}","lastModifiedDate":"2023-08-27"},{"lineNumber":43,"author":{"gitId":"Remy9926"},"content":"            \t\t\tSystem.out.println(\"       \" + toDoList.getTask(index));","lastModifiedDate":"2023-09-23"},{"lineNumber":44,"author":{"gitId":"Remy9926"},"content":"            \t\t\tSystem.out.println(\"    ____________________________________________________________\");","lastModifiedDate":"2023-09-16"},{"lineNumber":45,"author":{"gitId":"Remy9926"},"content":"            \t\t}","lastModifiedDate":"2023-09-09"},{"lineNumber":46,"author":{"gitId":"Remy9926"},"content":"            \t\tcatch (NumberFormatException e) {","lastModifiedDate":"2023-09-09"},{"lineNumber":47,"author":{"gitId":"Remy9926"},"content":"            \t\t\tprintLines();","lastModifiedDate":"2023-09-09"},{"lineNumber":48,"author":{"gitId":"Remy9926"},"content":"                \t\tSystem.out.println(\"     Please specify the number of the task that you want to mark/unmark\");","lastModifiedDate":"2023-09-09"},{"lineNumber":49,"author":{"gitId":"Remy9926"},"content":"                \t\tprintLines();","lastModifiedDate":"2023-09-09"},{"lineNumber":50,"author":{"gitId":"Remy9926"},"content":"                \t}","lastModifiedDate":"2023-09-09"},{"lineNumber":51,"author":{"gitId":"Remy9926"},"content":"            \t\tcatch (ArrayIndexOutOfBoundsException e) {","lastModifiedDate":"2023-09-09"},{"lineNumber":52,"author":{"gitId":"Remy9926"},"content":"            \t\t\tprintLines();","lastModifiedDate":"2023-09-09"},{"lineNumber":53,"author":{"gitId":"Remy9926"},"content":"                \t\tSystem.out.println(\"     Please specify a number of the task that you want to mark/unmark\");","lastModifiedDate":"2023-09-09"},{"lineNumber":54,"author":{"gitId":"Remy9926"},"content":"                \t\tprintLines();","lastModifiedDate":"2023-09-09"},{"lineNumber":55,"author":{"gitId":"Remy9926"},"content":"            \t\t}","lastModifiedDate":"2023-09-09"},{"lineNumber":56,"author":{"gitId":"Remy9926"},"content":"        \t\t} else if (command[0].equals(\"todo\")) {","lastModifiedDate":"2023-09-24"},{"lineNumber":57,"author":{"gitId":"Remy9926"},"content":"        \t\t\ttry {","lastModifiedDate":"2023-09-09"},{"lineNumber":58,"author":{"gitId":"Remy9926"},"content":"        \t\t\t\tif (command.length \u003d\u003d 1) {","lastModifiedDate":"2023-09-24"},{"lineNumber":59,"author":{"gitId":"Remy9926"},"content":"        \t\t\t\t\tthrow new RemyException(\"Error: Your todo task description cannot be empty!!!\");","lastModifiedDate":"2023-09-09"},{"lineNumber":60,"author":{"gitId":"Remy9926"},"content":"        \t\t\t\t}","lastModifiedDate":"2023-09-09"},{"lineNumber":61,"author":{"gitId":"Remy9926"},"content":"            \t\t\tString description \u003d String.join(\" \", Arrays.copyOfRange(command, 1, command.length));","lastModifiedDate":"2023-09-24"},{"lineNumber":62,"author":{"gitId":"Remy9926"},"content":"            \t\t\tTask toDoTask \u003d new ToDo(description);","lastModifiedDate":"2023-09-02"},{"lineNumber":63,"author":{"gitId":"Remy9926"},"content":"            \t\t\ttoDoList.addTask(toDoTask);","lastModifiedDate":"2023-09-23"},{"lineNumber":64,"author":{"gitId":"Remy9926"},"content":"            \t\t\tui.printTaskAdded(toDoTask, toDoList);","lastModifiedDate":"2023-09-23"},{"lineNumber":65,"author":{"gitId":"Remy9926"},"content":"            \t\t\tToDo toDoTemp \u003d (ToDo) toDoTask;","lastModifiedDate":"2023-09-15"},{"lineNumber":66,"author":{"gitId":"Remy9926"},"content":"            \t\t\tstorage.writeToDoTaskToFile(toDoTemp);","lastModifiedDate":"2023-09-23"},{"lineNumber":67,"author":{"gitId":"Remy9926"},"content":"        \t\t\t}","lastModifiedDate":"2023-09-09"},{"lineNumber":68,"author":{"gitId":"Remy9926"},"content":"        \t\t\tcatch (RemyException e) {","lastModifiedDate":"2023-09-09"},{"lineNumber":69,"author":{"gitId":"Remy9926"},"content":"        \t\t\t\tprintLines();","lastModifiedDate":"2023-09-09"},{"lineNumber":70,"author":{"gitId":"Remy9926"},"content":"        \t\t\t\tSystem.out.println(\"     \" + e.getMessage());","lastModifiedDate":"2023-09-09"},{"lineNumber":71,"author":{"gitId":"Remy9926"},"content":"        \t\t\t\tprintLines();","lastModifiedDate":"2023-09-09"},{"lineNumber":72,"author":{"gitId":"Remy9926"},"content":"        \t\t\t}","lastModifiedDate":"2023-09-09"},{"lineNumber":73,"author":{"gitId":"Remy9926"},"content":"        \t\t} else if (command[0].equals(\"deadline\")) {","lastModifiedDate":"2023-09-24"},{"lineNumber":74,"author":{"gitId":"Remy9926"},"content":"        \t\t\ttry {","lastModifiedDate":"2023-09-09"},{"lineNumber":75,"author":{"gitId":"Remy9926"},"content":"        \t\t\t\tString[] descAndDue \u003d getDeadlineDescription(command);","lastModifiedDate":"2023-09-24"},{"lineNumber":76,"author":{"gitId":"Remy9926"},"content":"        \t\t\t\tif (descAndDue[0] \u003d\u003d \"\") {","lastModifiedDate":"2023-09-09"},{"lineNumber":77,"author":{"gitId":"Remy9926"},"content":"        \t\t\t\t\tthrow new RemyException(\"Error: Please specify a description for this deadline\");","lastModifiedDate":"2023-09-09"},{"lineNumber":78,"author":{"gitId":"Remy9926"},"content":"        \t\t\t\t}","lastModifiedDate":"2023-09-09"},{"lineNumber":79,"author":{"gitId":"Remy9926"},"content":"            \t\t\tif (descAndDue[1] \u003d\u003d \"\") {","lastModifiedDate":"2023-09-09"},{"lineNumber":80,"author":{"gitId":"Remy9926"},"content":"            \t\t\t\tthrow new RemyException(\"Error: Please specify a due date for this task with \u0027/by\u0027\");","lastModifiedDate":"2023-09-09"},{"lineNumber":81,"author":{"gitId":"Remy9926"},"content":"            \t\t\t}","lastModifiedDate":"2023-09-09"},{"lineNumber":82,"author":{"gitId":"Remy9926"},"content":"            \t\t\tTask deadlineTask \u003d new Deadline(descAndDue[0], descAndDue[1]);","lastModifiedDate":"2023-09-02"},{"lineNumber":83,"author":{"gitId":"Remy9926"},"content":"            \t\t\ttoDoList.addTask(deadlineTask);","lastModifiedDate":"2023-09-23"},{"lineNumber":84,"author":{"gitId":"Remy9926"},"content":"            \t\t\tui.printTaskAdded(deadlineTask, toDoList);","lastModifiedDate":"2023-09-23"},{"lineNumber":85,"author":{"gitId":"Remy9926"},"content":"            \t\t\tDeadline deadlineTemp \u003d (Deadline) deadlineTask;","lastModifiedDate":"2023-09-15"},{"lineNumber":86,"author":{"gitId":"Remy9926"},"content":"            \t\t\tstorage.writeDeadlineTaskToFile(deadlineTemp);","lastModifiedDate":"2023-09-23"},{"lineNumber":87,"author":{"gitId":"Remy9926"},"content":"        \t\t\t}","lastModifiedDate":"2023-09-09"},{"lineNumber":88,"author":{"gitId":"Remy9926"},"content":"        \t\t\tcatch (RemyException e) {","lastModifiedDate":"2023-09-09"},{"lineNumber":89,"author":{"gitId":"Remy9926"},"content":"        \t\t\t\tprintLines();","lastModifiedDate":"2023-09-09"},{"lineNumber":90,"author":{"gitId":"Remy9926"},"content":"        \t\t\t\tSystem.out.println(\"     \" + e.getMessage());","lastModifiedDate":"2023-09-09"},{"lineNumber":91,"author":{"gitId":"Remy9926"},"content":"        \t\t\t\tprintLines();","lastModifiedDate":"2023-09-09"},{"lineNumber":92,"author":{"gitId":"Remy9926"},"content":"        \t\t\t}","lastModifiedDate":"2023-09-09"},{"lineNumber":93,"author":{"gitId":"Remy9926"},"content":"        \t\t} else if (command[0].equals(\"event\")) {","lastModifiedDate":"2023-09-24"},{"lineNumber":94,"author":{"gitId":"Remy9926"},"content":"        \t\t\ttry {","lastModifiedDate":"2023-09-09"},{"lineNumber":95,"author":{"gitId":"Remy9926"},"content":"        \t\t\t\tString[] info \u003d getEventDescription(command);","lastModifiedDate":"2023-09-24"},{"lineNumber":96,"author":{"gitId":"Remy9926"},"content":"        \t\t\t\tif (info[0] \u003d\u003d \"\" | info[1] \u003d\u003d \"\" | info[2] \u003d\u003d \"\") {","lastModifiedDate":"2023-09-09"},{"lineNumber":97,"author":{"gitId":"Remy9926"},"content":"        \t\t\t\t\tthrow new RemyException(\"Error: Please input your event in the right format\");","lastModifiedDate":"2023-09-09"},{"lineNumber":98,"author":{"gitId":"Remy9926"},"content":"        \t\t\t\t}","lastModifiedDate":"2023-09-09"},{"lineNumber":99,"author":{"gitId":"Remy9926"},"content":"            \t\t\tTask eventTask \u003d new Event(info[0], info[1], info[2]);","lastModifiedDate":"2023-09-02"},{"lineNumber":100,"author":{"gitId":"Remy9926"},"content":"            \t\t\ttoDoList.addTask(eventTask);","lastModifiedDate":"2023-09-23"},{"lineNumber":101,"author":{"gitId":"Remy9926"},"content":"            \t\t\tui.printTaskAdded(eventTask, toDoList);","lastModifiedDate":"2023-09-23"},{"lineNumber":102,"author":{"gitId":"Remy9926"},"content":"            \t\t\tEvent eventTemp \u003d (Event) eventTask;","lastModifiedDate":"2023-09-15"},{"lineNumber":103,"author":{"gitId":"Remy9926"},"content":"            \t\t\tstorage.writeEventTaskToFile(eventTemp);","lastModifiedDate":"2023-09-23"},{"lineNumber":104,"author":{"gitId":"Remy9926"},"content":"        \t\t\t}","lastModifiedDate":"2023-09-09"},{"lineNumber":105,"author":{"gitId":"Remy9926"},"content":"        \t\t\tcatch (RemyException e) {","lastModifiedDate":"2023-09-09"},{"lineNumber":106,"author":{"gitId":"Remy9926"},"content":"        \t\t\t\tprintLines();","lastModifiedDate":"2023-09-09"},{"lineNumber":107,"author":{"gitId":"Remy9926"},"content":"        \t\t\t\tSystem.out.println(\"     \" + e.getMessage());","lastModifiedDate":"2023-09-09"},{"lineNumber":108,"author":{"gitId":"Remy9926"},"content":"        \t\t\t\tprintLines();","lastModifiedDate":"2023-09-09"},{"lineNumber":109,"author":{"gitId":"Remy9926"},"content":"        \t\t\t}","lastModifiedDate":"2023-09-09"},{"lineNumber":110,"author":{"gitId":"Remy9926"},"content":"        \t\t\tcatch (IllegalArgumentException e) {","lastModifiedDate":"2023-09-09"},{"lineNumber":111,"author":{"gitId":"Remy9926"},"content":"        \t\t\t\tprintLines();","lastModifiedDate":"2023-09-09"},{"lineNumber":112,"author":{"gitId":"Remy9926"},"content":"        \t\t\t\tSystem.out.println(\"     Error: Please input your event in the right format\");","lastModifiedDate":"2023-09-09"},{"lineNumber":113,"author":{"gitId":"Remy9926"},"content":"        \t\t\t\tprintLines();","lastModifiedDate":"2023-09-09"},{"lineNumber":114,"author":{"gitId":"Remy9926"},"content":"        \t\t\t}","lastModifiedDate":"2023-09-09"},{"lineNumber":115,"author":{"gitId":"Remy9926"},"content":"        \t\t} else if (command[0].equals(\"delete\")) {","lastModifiedDate":"2023-09-24"},{"lineNumber":116,"author":{"gitId":"Remy9926"},"content":"        \t\t\ttry {","lastModifiedDate":"2023-09-16"},{"lineNumber":117,"author":{"gitId":"Remy9926"},"content":"        \t\t\t\tint index \u003d Integer.valueOf(command[1]) - 1;","lastModifiedDate":"2023-09-24"},{"lineNumber":118,"author":{"gitId":"Remy9926"},"content":"            \t\t\tTask removed \u003d toDoList.deleteTask(index);","lastModifiedDate":"2023-09-23"},{"lineNumber":119,"author":{"gitId":"Remy9926"},"content":"            \t\t\tui.printTaskRemoved(removed, toDoList);","lastModifiedDate":"2023-09-23"},{"lineNumber":120,"author":{"gitId":"Remy9926"},"content":"            \t\t\tstorage.deleteTaskFromFile(index);","lastModifiedDate":"2023-09-23"},{"lineNumber":121,"author":{"gitId":"Remy9926"},"content":"        \t\t\t}","lastModifiedDate":"2023-09-16"},{"lineNumber":122,"author":{"gitId":"Remy9926"},"content":"        \t\t\tcatch (IndexOutOfBoundsException e) {","lastModifiedDate":"2023-09-16"},{"lineNumber":123,"author":{"gitId":"Remy9926"},"content":"        \t\t\t\tprintLines();","lastModifiedDate":"2023-09-16"},{"lineNumber":124,"author":{"gitId":"Remy9926"},"content":"        \t\t\t\tSystem.out.println(\"     Error: Cannot delete a non-existent task\");","lastModifiedDate":"2023-09-16"},{"lineNumber":125,"author":{"gitId":"Remy9926"},"content":"        \t\t\t\tprintLines();","lastModifiedDate":"2023-09-16"},{"lineNumber":126,"author":{"gitId":"Remy9926"},"content":"        \t\t\t}","lastModifiedDate":"2023-09-16"},{"lineNumber":127,"author":{"gitId":"Remy9926"},"content":"        \t\t\tcatch (NumberFormatException e) {","lastModifiedDate":"2023-09-16"},{"lineNumber":128,"author":{"gitId":"Remy9926"},"content":"        \t\t\t\tprintLines();","lastModifiedDate":"2023-09-16"},{"lineNumber":129,"author":{"gitId":"Remy9926"},"content":"        \t\t\t\tSystem.out.println(\"     Error: Cannot index a non-integer value\");","lastModifiedDate":"2023-09-16"},{"lineNumber":130,"author":{"gitId":"Remy9926"},"content":"        \t\t\t\tprintLines();","lastModifiedDate":"2023-09-16"},{"lineNumber":131,"author":{"gitId":"Remy9926"},"content":"        \t\t\t}","lastModifiedDate":"2023-09-16"},{"lineNumber":132,"author":{"gitId":"Remy9926"},"content":"        \t\t} else {","lastModifiedDate":"2023-09-02"},{"lineNumber":133,"author":{"gitId":"Remy9926"},"content":"        \t\t\tui.invalidCommandResponse();","lastModifiedDate":"2023-09-23"},{"lineNumber":134,"author":{"gitId":"Remy9926"},"content":"        \t\t}","lastModifiedDate":"2023-09-02"},{"lineNumber":135,"author":{"gitId":"Remy9926"},"content":"            \t","lastModifiedDate":"2023-09-09"},{"lineNumber":136,"author":{"gitId":"Remy9926"},"content":"            \tcommand \u003d Parser.parse(ui.getUserCommand());","lastModifiedDate":"2023-09-24"},{"lineNumber":137,"author":{"gitId":"Remy9926"},"content":"                }","lastModifiedDate":"2023-08-27"},{"lineNumber":138,"author":{"gitId":"Remy9926"},"content":"            ","lastModifiedDate":"2023-09-09"},{"lineNumber":139,"author":{"gitId":"Remy9926"},"content":"            \tui.sayGoodbye();","lastModifiedDate":"2023-09-23"},{"lineNumber":140,"author":{"gitId":"Remy9926"},"content":"    \t}","lastModifiedDate":"2023-08-27"},{"lineNumber":141,"author":{"gitId":"Remy9926"},"content":"    \tcatch (IOException e) {","lastModifiedDate":"2023-09-15"},{"lineNumber":142,"author":{"gitId":"Remy9926"},"content":"    \t\tSystem.out.println(\"     File not found and could not be initialized to write to\");","lastModifiedDate":"2023-09-23"},{"lineNumber":143,"author":{"gitId":"Remy9926"},"content":"    \t}","lastModifiedDate":"2023-09-15"},{"lineNumber":144,"author":{"gitId":"Remy9926"},"content":"    }","lastModifiedDate":"2023-09-15"},{"lineNumber":145,"author":{"gitId":"Remy9926"},"content":"    ","lastModifiedDate":"2023-08-27"},{"lineNumber":146,"author":{"gitId":"Remy9926"},"content":"    public static void printLines() {","lastModifiedDate":"2023-08-27"},{"lineNumber":147,"author":{"gitId":"Remy9926"},"content":"    \tSystem.out.println(\"    ____________________________________________________________\");","lastModifiedDate":"2023-08-19"},{"lineNumber":148,"author":{"gitId":"-"},"content":"    }","lastModifiedDate":"2019-07-29"},{"lineNumber":149,"author":{"gitId":"Remy9926"},"content":"    ","lastModifiedDate":"2023-08-27"},{"lineNumber":150,"author":{"gitId":"Remy9926"},"content":"    public static String[] getDeadlineDescription(String[] description) {","lastModifiedDate":"2023-09-02"},{"lineNumber":151,"author":{"gitId":"Remy9926"},"content":"    \tString due \u003d \"\";","lastModifiedDate":"2023-09-02"},{"lineNumber":152,"author":{"gitId":"Remy9926"},"content":"    \tString desc \u003d \"\";","lastModifiedDate":"2023-09-02"},{"lineNumber":153,"author":{"gitId":"Remy9926"},"content":"    \tfor (int i \u003d 1; i \u003c description.length; i++) {","lastModifiedDate":"2023-09-02"},{"lineNumber":154,"author":{"gitId":"Remy9926"},"content":"    \t\tif (!description[i].equals(\"/by\")) {","lastModifiedDate":"2023-09-02"},{"lineNumber":155,"author":{"gitId":"Remy9926"},"content":"    \t\t\tdesc +\u003d description[i] + \" \";","lastModifiedDate":"2023-09-02"},{"lineNumber":156,"author":{"gitId":"Remy9926"},"content":"    \t\t} else {","lastModifiedDate":"2023-09-02"},{"lineNumber":157,"author":{"gitId":"Remy9926"},"content":"    \t\t\tdue +\u003d String.join(\" \", Arrays.copyOfRange(description, i + 1, description.length));","lastModifiedDate":"2023-09-02"},{"lineNumber":158,"author":{"gitId":"Remy9926"},"content":"    \t\t\tbreak;","lastModifiedDate":"2023-09-02"},{"lineNumber":159,"author":{"gitId":"Remy9926"},"content":"    \t\t}","lastModifiedDate":"2023-09-02"},{"lineNumber":160,"author":{"gitId":"Remy9926"},"content":"    \t}","lastModifiedDate":"2023-09-02"},{"lineNumber":161,"author":{"gitId":"Remy9926"},"content":"    \tString[] descAndDue \u003d {desc.strip(), due.strip()};","lastModifiedDate":"2023-09-15"},{"lineNumber":162,"author":{"gitId":"Remy9926"},"content":"    \treturn descAndDue;","lastModifiedDate":"2023-09-02"},{"lineNumber":163,"author":{"gitId":"Remy9926"},"content":"    }","lastModifiedDate":"2023-09-02"},{"lineNumber":164,"author":{"gitId":"Remy9926"},"content":"    ","lastModifiedDate":"2023-09-02"},{"lineNumber":165,"author":{"gitId":"Remy9926"},"content":"    public static String[] getEventDescription(String[] description) {","lastModifiedDate":"2023-09-02"},{"lineNumber":166,"author":{"gitId":"Remy9926"},"content":"    \tint fromIndex \u003d 0;","lastModifiedDate":"2023-09-02"},{"lineNumber":167,"author":{"gitId":"Remy9926"},"content":"    \tint toIndex \u003d 0;","lastModifiedDate":"2023-09-02"},{"lineNumber":168,"author":{"gitId":"Remy9926"},"content":"    \tString desc \u003d \"\";","lastModifiedDate":"2023-09-09"},{"lineNumber":169,"author":{"gitId":"Remy9926"},"content":"    \tString from \u003d \"\";","lastModifiedDate":"2023-09-09"},{"lineNumber":170,"author":{"gitId":"Remy9926"},"content":"    \tString to \u003d \"\";","lastModifiedDate":"2023-09-09"},{"lineNumber":171,"author":{"gitId":"Remy9926"},"content":"    \t","lastModifiedDate":"2023-09-09"},{"lineNumber":172,"author":{"gitId":"Remy9926"},"content":"    \tfor (int i \u003d 0; i \u003c description.length; i++) {","lastModifiedDate":"2023-09-02"},{"lineNumber":173,"author":{"gitId":"Remy9926"},"content":"    \t\tif (description[i].equals(\"/from\")) {","lastModifiedDate":"2023-09-02"},{"lineNumber":174,"author":{"gitId":"Remy9926"},"content":"    \t\t\tfromIndex \u003d i;","lastModifiedDate":"2023-09-02"},{"lineNumber":175,"author":{"gitId":"Remy9926"},"content":"    \t\t} else if (description[i].equals(\"/to\")) {","lastModifiedDate":"2023-09-02"},{"lineNumber":176,"author":{"gitId":"Remy9926"},"content":"    \t\t\ttoIndex \u003d i;","lastModifiedDate":"2023-09-02"},{"lineNumber":177,"author":{"gitId":"Remy9926"},"content":"    \t\t\tbreak;","lastModifiedDate":"2023-09-02"},{"lineNumber":178,"author":{"gitId":"Remy9926"},"content":"    \t\t}","lastModifiedDate":"2023-09-02"},{"lineNumber":179,"author":{"gitId":"Remy9926"},"content":"    \t}","lastModifiedDate":"2023-09-02"},{"lineNumber":180,"author":{"gitId":"Remy9926"},"content":"    \tdesc \u003d String.join(\" \", Arrays.copyOfRange(description, 1, fromIndex));","lastModifiedDate":"2023-09-09"},{"lineNumber":181,"author":{"gitId":"Remy9926"},"content":"\t\tfrom \u003d String.join(\" \", Arrays.copyOfRange(description, fromIndex + 1, toIndex));","lastModifiedDate":"2023-09-09"},{"lineNumber":182,"author":{"gitId":"Remy9926"},"content":"\t\tif (toIndex + 1 !\u003d description.length) {","lastModifiedDate":"2023-09-09"},{"lineNumber":183,"author":{"gitId":"Remy9926"},"content":"\t    \tto \u003d String.join(\" \", Arrays.copyOfRange(description, toIndex + 1, description.length));","lastModifiedDate":"2023-09-09"},{"lineNumber":184,"author":{"gitId":"Remy9926"},"content":"\t\t}","lastModifiedDate":"2023-09-09"},{"lineNumber":185,"author":{"gitId":"Remy9926"},"content":"    \tString[] info \u003d {desc.strip(), from.strip(), to.strip()};","lastModifiedDate":"2023-09-15"},{"lineNumber":186,"author":{"gitId":"Remy9926"},"content":"    \treturn info;","lastModifiedDate":"2023-09-02"},{"lineNumber":187,"author":{"gitId":"-"},"content":"    }","lastModifiedDate":"2023-09-02"},{"lineNumber":188,"author":{"gitId":"-"},"content":"}","lastModifiedDate":"2019-07-29"}],"authorContributionMap":{"Remy9926":183,"-":5}},{"path":"src/main/java/classes/Parser.java","fileType":"java","lines":[{"lineNumber":1,"author":{"gitId":"Remy9926"},"content":"package classes;","lastModifiedDate":"2023-09-23"},{"lineNumber":2,"author":{"gitId":"Remy9926"},"content":"","lastModifiedDate":"2023-09-23"},{"lineNumber":3,"author":{"gitId":"Remy9926"},"content":"public class Parser {","lastModifiedDate":"2023-09-23"},{"lineNumber":4,"author":{"gitId":"Remy9926"},"content":"\t","lastModifiedDate":"2023-09-23"},{"lineNumber":5,"author":{"gitId":"Remy9926"},"content":"\tpublic static String[] parse(String userCommand) {","lastModifiedDate":"2023-09-24"},{"lineNumber":6,"author":{"gitId":"Remy9926"},"content":"\t\treturn userCommand.strip().split(\" \");","lastModifiedDate":"2023-09-24"},{"lineNumber":7,"author":{"gitId":"Remy9926"},"content":"\t}","lastModifiedDate":"2023-09-23"},{"lineNumber":8,"author":{"gitId":"Remy9926"},"content":"}","lastModifiedDate":"2023-09-23"}],"authorContributionMap":{"Remy9926":8}},{"path":"src/main/java/classes/RemyException.java","fileType":"java","lines":[{"lineNumber":1,"author":{"gitId":"Remy9926"},"content":"package classes;","lastModifiedDate":"2023-09-23"},{"lineNumber":2,"author":{"gitId":"Remy9926"},"content":"","lastModifiedDate":"2023-09-09"},{"lineNumber":3,"author":{"gitId":"Remy9926"},"content":"public class RemyException extends Exception {","lastModifiedDate":"2023-09-09"},{"lineNumber":4,"author":{"gitId":"Remy9926"},"content":"\t","lastModifiedDate":"2023-09-09"},{"lineNumber":5,"author":{"gitId":"Remy9926"},"content":"\tprivate static final long serialVersionUID \u003d 1L;","lastModifiedDate":"2023-09-09"},{"lineNumber":6,"author":{"gitId":"Remy9926"},"content":"\t","lastModifiedDate":"2023-09-09"},{"lineNumber":7,"author":{"gitId":"Remy9926"},"content":"\tpublic RemyException() {","lastModifiedDate":"2023-09-09"},{"lineNumber":8,"author":{"gitId":"Remy9926"},"content":"\t\tsuper();","lastModifiedDate":"2023-09-09"},{"lineNumber":9,"author":{"gitId":"Remy9926"},"content":"\t}","lastModifiedDate":"2023-09-09"},{"lineNumber":10,"author":{"gitId":"Remy9926"},"content":"\t","lastModifiedDate":"2023-09-09"},{"lineNumber":11,"author":{"gitId":"Remy9926"},"content":"\tpublic RemyException(String desc) {","lastModifiedDate":"2023-09-09"},{"lineNumber":12,"author":{"gitId":"Remy9926"},"content":"\t\tsuper(desc);","lastModifiedDate":"2023-09-09"},{"lineNumber":13,"author":{"gitId":"Remy9926"},"content":"\t}","lastModifiedDate":"2023-09-09"},{"lineNumber":14,"author":{"gitId":"Remy9926"},"content":"}","lastModifiedDate":"2023-09-09"}],"authorContributionMap":{"Remy9926":14}},{"path":"src/main/java/classes/Storage.java","fileType":"java","lines":[{"lineNumber":1,"author":{"gitId":"Remy9926"},"content":"package classes;","lastModifiedDate":"2023-09-23"},{"lineNumber":2,"author":{"gitId":"Remy9926"},"content":"import java.io.File;","lastModifiedDate":"2023-09-23"},{"lineNumber":3,"author":{"gitId":"Remy9926"},"content":"import java.io.FileNotFoundException;","lastModifiedDate":"2023-09-23"},{"lineNumber":4,"author":{"gitId":"Remy9926"},"content":"import java.io.FileWriter;","lastModifiedDate":"2023-09-23"},{"lineNumber":5,"author":{"gitId":"Remy9926"},"content":"import java.io.IOException;","lastModifiedDate":"2023-09-23"},{"lineNumber":6,"author":{"gitId":"Remy9926"},"content":"import java.util.Scanner;","lastModifiedDate":"2023-09-23"},{"lineNumber":7,"author":{"gitId":"Remy9926"},"content":"","lastModifiedDate":"2023-09-23"},{"lineNumber":8,"author":{"gitId":"Remy9926"},"content":"import task.Deadline;","lastModifiedDate":"2023-09-23"},{"lineNumber":9,"author":{"gitId":"Remy9926"},"content":"import task.Event;","lastModifiedDate":"2023-09-23"},{"lineNumber":10,"author":{"gitId":"Remy9926"},"content":"import task.Task;","lastModifiedDate":"2023-09-23"},{"lineNumber":11,"author":{"gitId":"Remy9926"},"content":"import task.ToDo;","lastModifiedDate":"2023-09-23"},{"lineNumber":12,"author":{"gitId":"Remy9926"},"content":"","lastModifiedDate":"2023-09-23"},{"lineNumber":13,"author":{"gitId":"Remy9926"},"content":"","lastModifiedDate":"2023-09-23"},{"lineNumber":14,"author":{"gitId":"Remy9926"},"content":"public class Storage {","lastModifiedDate":"2023-09-23"},{"lineNumber":15,"author":{"gitId":"Remy9926"},"content":"\tprivate static File dir;","lastModifiedDate":"2023-09-23"},{"lineNumber":16,"author":{"gitId":"Remy9926"},"content":"\tprivate static File textFile;","lastModifiedDate":"2023-09-23"},{"lineNumber":17,"author":{"gitId":"Remy9926"},"content":"\tprivate static FileWriter writeFile;","lastModifiedDate":"2023-09-23"},{"lineNumber":18,"author":{"gitId":"Remy9926"},"content":"\t","lastModifiedDate":"2023-09-23"},{"lineNumber":19,"author":{"gitId":"Remy9926"},"content":"\tpublic Storage(String dirName, String textFileName) {","lastModifiedDate":"2023-09-23"},{"lineNumber":20,"author":{"gitId":"Remy9926"},"content":"\t\tdir \u003d new File(dirName);","lastModifiedDate":"2023-09-23"},{"lineNumber":21,"author":{"gitId":"Remy9926"},"content":"\t\ttextFile \u003d new File(textFileName);","lastModifiedDate":"2023-09-23"},{"lineNumber":22,"author":{"gitId":"Remy9926"},"content":"\t}","lastModifiedDate":"2023-09-23"},{"lineNumber":23,"author":{"gitId":"Remy9926"},"content":"","lastModifiedDate":"2023-09-23"},{"lineNumber":24,"author":{"gitId":"Remy9926"},"content":"\tpublic void checkForTextFile(TaskList taskList) throws IOException {","lastModifiedDate":"2023-09-23"},{"lineNumber":25,"author":{"gitId":"Remy9926"},"content":"\t\tif (dir.exists() \u0026\u0026 textFile.exists()) {","lastModifiedDate":"2023-09-23"},{"lineNumber":26,"author":{"gitId":"Remy9926"},"content":"    \t\ttry {","lastModifiedDate":"2023-09-23"},{"lineNumber":27,"author":{"gitId":"Remy9926"},"content":"    \t\t\tScanner s \u003d new Scanner(textFile);","lastModifiedDate":"2023-09-23"},{"lineNumber":28,"author":{"gitId":"Remy9926"},"content":"        \t\twhile (s.hasNextLine()) {","lastModifiedDate":"2023-09-23"},{"lineNumber":29,"author":{"gitId":"Remy9926"},"content":"        \t\t\ttextToTask(s.nextLine().split(\",\"), taskList);","lastModifiedDate":"2023-09-23"},{"lineNumber":30,"author":{"gitId":"Remy9926"},"content":"        \t\t}","lastModifiedDate":"2023-09-23"},{"lineNumber":31,"author":{"gitId":"Remy9926"},"content":"        \t\ts.close();","lastModifiedDate":"2023-09-23"},{"lineNumber":32,"author":{"gitId":"Remy9926"},"content":"    \t\t}","lastModifiedDate":"2023-09-23"},{"lineNumber":33,"author":{"gitId":"Remy9926"},"content":"    \t\tcatch (FileNotFoundException e) {","lastModifiedDate":"2023-09-23"},{"lineNumber":34,"author":{"gitId":"Remy9926"},"content":"    \t\t\tSystem.out.println(e);","lastModifiedDate":"2023-09-23"},{"lineNumber":35,"author":{"gitId":"Remy9926"},"content":"    \t\t}","lastModifiedDate":"2023-09-23"},{"lineNumber":36,"author":{"gitId":"Remy9926"},"content":"    \t}","lastModifiedDate":"2023-09-23"},{"lineNumber":37,"author":{"gitId":"Remy9926"},"content":"    \tif (!dir.exists()) {","lastModifiedDate":"2023-09-23"},{"lineNumber":38,"author":{"gitId":"Remy9926"},"content":"    \t\tdir.mkdir();","lastModifiedDate":"2023-09-23"},{"lineNumber":39,"author":{"gitId":"Remy9926"},"content":"    \t}","lastModifiedDate":"2023-09-23"},{"lineNumber":40,"author":{"gitId":"Remy9926"},"content":"    \tif (!textFile.exists()) {","lastModifiedDate":"2023-09-23"},{"lineNumber":41,"author":{"gitId":"Remy9926"},"content":"    \t\tcreateTaskListFile();","lastModifiedDate":"2023-09-23"},{"lineNumber":42,"author":{"gitId":"Remy9926"},"content":"    \t}","lastModifiedDate":"2023-09-23"},{"lineNumber":43,"author":{"gitId":"Remy9926"},"content":"\t\twriteFile \u003d new FileWriter(textFile, true);","lastModifiedDate":"2023-09-23"},{"lineNumber":44,"author":{"gitId":"Remy9926"},"content":"\t}","lastModifiedDate":"2023-09-23"},{"lineNumber":45,"author":{"gitId":"Remy9926"},"content":"","lastModifiedDate":"2023-09-23"},{"lineNumber":46,"author":{"gitId":"Remy9926"},"content":"    public static void textToTask(String[] existingTask, TaskList taskList) {","lastModifiedDate":"2023-09-23"},{"lineNumber":47,"author":{"gitId":"Remy9926"},"content":"    \tif (existingTask[0].equals(\"todo\")) {","lastModifiedDate":"2023-09-23"},{"lineNumber":48,"author":{"gitId":"Remy9926"},"content":"    \t\tTask toDoTask \u003d new ToDo(existingTask[1]);","lastModifiedDate":"2023-09-23"},{"lineNumber":49,"author":{"gitId":"Remy9926"},"content":"    \t\tif (existingTask[2].equals(\"x\")) {","lastModifiedDate":"2023-09-23"},{"lineNumber":50,"author":{"gitId":"Remy9926"},"content":"    \t\t\ttoDoTask.setDone(true);","lastModifiedDate":"2023-09-23"},{"lineNumber":51,"author":{"gitId":"Remy9926"},"content":"    \t\t}","lastModifiedDate":"2023-09-23"},{"lineNumber":52,"author":{"gitId":"Remy9926"},"content":"    \t\ttaskList.addTask(toDoTask);","lastModifiedDate":"2023-09-23"},{"lineNumber":53,"author":{"gitId":"Remy9926"},"content":"    \t} else if (existingTask[0].equals(\"deadline\")) {","lastModifiedDate":"2023-09-23"},{"lineNumber":54,"author":{"gitId":"Remy9926"},"content":"    \t\tTask deadlineTask \u003d new Deadline(existingTask[1], existingTask[2]);","lastModifiedDate":"2023-09-23"},{"lineNumber":55,"author":{"gitId":"Remy9926"},"content":"    \t\tif (existingTask[3].equals(\"x\")) {","lastModifiedDate":"2023-09-23"},{"lineNumber":56,"author":{"gitId":"Remy9926"},"content":"    \t\t\tdeadlineTask.setDone(true);","lastModifiedDate":"2023-09-23"},{"lineNumber":57,"author":{"gitId":"Remy9926"},"content":"    \t\t}","lastModifiedDate":"2023-09-23"},{"lineNumber":58,"author":{"gitId":"Remy9926"},"content":"    \t\ttaskList.addTask(deadlineTask);","lastModifiedDate":"2023-09-23"},{"lineNumber":59,"author":{"gitId":"Remy9926"},"content":"    \t} else if (existingTask[0].equals(\"event\")) {","lastModifiedDate":"2023-09-23"},{"lineNumber":60,"author":{"gitId":"Remy9926"},"content":"    \t\tTask eventTask \u003d new Event(existingTask[1], existingTask[2], existingTask[3]);","lastModifiedDate":"2023-09-23"},{"lineNumber":61,"author":{"gitId":"Remy9926"},"content":"    \t\tif (existingTask[4].equals(\"x\")) {","lastModifiedDate":"2023-09-23"},{"lineNumber":62,"author":{"gitId":"Remy9926"},"content":"    \t\t\teventTask.setDone(true);","lastModifiedDate":"2023-09-23"},{"lineNumber":63,"author":{"gitId":"Remy9926"},"content":"    \t\t}","lastModifiedDate":"2023-09-23"},{"lineNumber":64,"author":{"gitId":"Remy9926"},"content":"    \t\ttaskList.addTask(eventTask);","lastModifiedDate":"2023-09-23"},{"lineNumber":65,"author":{"gitId":"Remy9926"},"content":"    \t}","lastModifiedDate":"2023-09-23"},{"lineNumber":66,"author":{"gitId":"Remy9926"},"content":"    }","lastModifiedDate":"2023-09-23"},{"lineNumber":67,"author":{"gitId":"Remy9926"},"content":"    ","lastModifiedDate":"2023-09-23"},{"lineNumber":68,"author":{"gitId":"Remy9926"},"content":"    public static void createTaskListFile() {","lastModifiedDate":"2023-09-23"},{"lineNumber":69,"author":{"gitId":"Remy9926"},"content":"    \ttry {","lastModifiedDate":"2023-09-23"},{"lineNumber":70,"author":{"gitId":"Remy9926"},"content":"    \t\tFileWriter outputFile \u003d new FileWriter(\"./data/toDoList.txt\");","lastModifiedDate":"2023-09-23"},{"lineNumber":71,"author":{"gitId":"Remy9926"},"content":"\t\t\toutputFile.close();","lastModifiedDate":"2023-09-23"},{"lineNumber":72,"author":{"gitId":"Remy9926"},"content":"    \t}","lastModifiedDate":"2023-09-23"},{"lineNumber":73,"author":{"gitId":"Remy9926"},"content":"    \tcatch (java.io.IOException e) {","lastModifiedDate":"2023-09-23"},{"lineNumber":74,"author":{"gitId":"Remy9926"},"content":"    \t\tSystem.out.println(e);","lastModifiedDate":"2023-09-23"},{"lineNumber":75,"author":{"gitId":"Remy9926"},"content":"    \t}","lastModifiedDate":"2023-09-23"},{"lineNumber":76,"author":{"gitId":"Remy9926"},"content":"    }","lastModifiedDate":"2023-09-23"},{"lineNumber":77,"author":{"gitId":"Remy9926"},"content":"    ","lastModifiedDate":"2023-09-23"},{"lineNumber":78,"author":{"gitId":"Remy9926"},"content":"    public void markTaskFromFile(int taskIndex, boolean done) {","lastModifiedDate":"2023-09-23"},{"lineNumber":79,"author":{"gitId":"Remy9926"},"content":"    \ttry {","lastModifiedDate":"2023-09-23"},{"lineNumber":80,"author":{"gitId":"Remy9926"},"content":"        \tScanner readFile \u003d new Scanner(textFile);","lastModifiedDate":"2023-09-23"},{"lineNumber":81,"author":{"gitId":"Remy9926"},"content":"        \tFile tempFile \u003d new File(\"./data/temp.txt\");","lastModifiedDate":"2023-09-23"},{"lineNumber":82,"author":{"gitId":"Remy9926"},"content":"        \tFileWriter tempWriter \u003d new FileWriter(tempFile);","lastModifiedDate":"2023-09-23"},{"lineNumber":83,"author":{"gitId":"Remy9926"},"content":"        \t","lastModifiedDate":"2023-09-23"},{"lineNumber":84,"author":{"gitId":"Remy9926"},"content":"        \tint currIndex \u003d 0;","lastModifiedDate":"2023-09-23"},{"lineNumber":85,"author":{"gitId":"Remy9926"},"content":"        \twhile (readFile.hasNextLine()) {","lastModifiedDate":"2023-09-23"},{"lineNumber":86,"author":{"gitId":"Remy9926"},"content":"    \t\t\tString line \u003d readFile.nextLine();","lastModifiedDate":"2023-09-23"},{"lineNumber":87,"author":{"gitId":"Remy9926"},"content":"        \t\tif (currIndex !\u003d taskIndex) {","lastModifiedDate":"2023-09-23"},{"lineNumber":88,"author":{"gitId":"Remy9926"},"content":"            \t\ttempWriter.write(line + \"\\n\");","lastModifiedDate":"2023-09-23"},{"lineNumber":89,"author":{"gitId":"Remy9926"},"content":"        \t\t} else {","lastModifiedDate":"2023-09-23"},{"lineNumber":90,"author":{"gitId":"Remy9926"},"content":"        \t\t\tif (done) {","lastModifiedDate":"2023-09-23"},{"lineNumber":91,"author":{"gitId":"Remy9926"},"content":"        \t\t\t\ttempWriter.write(line.substring(0, line.length() - 1) + \"x\" + \"\\n\");","lastModifiedDate":"2023-09-23"},{"lineNumber":92,"author":{"gitId":"Remy9926"},"content":"        \t\t\t} else {","lastModifiedDate":"2023-09-23"},{"lineNumber":93,"author":{"gitId":"Remy9926"},"content":"        \t\t\t\ttempWriter.write(line.substring(0, line.length() - 1) + \"o\" + \"\\n\");","lastModifiedDate":"2023-09-23"},{"lineNumber":94,"author":{"gitId":"Remy9926"},"content":"        \t\t\t}","lastModifiedDate":"2023-09-23"},{"lineNumber":95,"author":{"gitId":"Remy9926"},"content":"        \t\t\t","lastModifiedDate":"2023-09-23"},{"lineNumber":96,"author":{"gitId":"Remy9926"},"content":"        \t\t}","lastModifiedDate":"2023-09-23"},{"lineNumber":97,"author":{"gitId":"Remy9926"},"content":"        \t\tcurrIndex++;","lastModifiedDate":"2023-09-23"},{"lineNumber":98,"author":{"gitId":"Remy9926"},"content":"        \t}","lastModifiedDate":"2023-09-23"},{"lineNumber":99,"author":{"gitId":"Remy9926"},"content":"        \treadFile.close();","lastModifiedDate":"2023-09-23"},{"lineNumber":100,"author":{"gitId":"Remy9926"},"content":"        \ttempWriter.close();","lastModifiedDate":"2023-09-23"},{"lineNumber":101,"author":{"gitId":"Remy9926"},"content":"        \ttextFile.delete();","lastModifiedDate":"2023-09-23"},{"lineNumber":102,"author":{"gitId":"Remy9926"},"content":"        \ttempFile.renameTo(textFile);","lastModifiedDate":"2023-09-23"},{"lineNumber":103,"author":{"gitId":"Remy9926"},"content":"        \ttextFile \u003d new File(\"./data/toDoList.txt\");","lastModifiedDate":"2023-09-23"},{"lineNumber":104,"author":{"gitId":"Remy9926"},"content":"        \twriteFile \u003d new FileWriter(textFile, true);","lastModifiedDate":"2023-09-23"},{"lineNumber":105,"author":{"gitId":"Remy9926"},"content":"    \t}","lastModifiedDate":"2023-09-23"},{"lineNumber":106,"author":{"gitId":"Remy9926"},"content":"    \tcatch (FileNotFoundException e) {","lastModifiedDate":"2023-09-23"},{"lineNumber":107,"author":{"gitId":"Remy9926"},"content":"    \t\tSystem.out.println(e);","lastModifiedDate":"2023-09-23"},{"lineNumber":108,"author":{"gitId":"Remy9926"},"content":"    \t}","lastModifiedDate":"2023-09-23"},{"lineNumber":109,"author":{"gitId":"Remy9926"},"content":"    \tcatch (IOException e) {","lastModifiedDate":"2023-09-23"},{"lineNumber":110,"author":{"gitId":"Remy9926"},"content":"    \t\tSystem.out.println(e);","lastModifiedDate":"2023-09-23"},{"lineNumber":111,"author":{"gitId":"Remy9926"},"content":"    \t}","lastModifiedDate":"2023-09-23"},{"lineNumber":112,"author":{"gitId":"Remy9926"},"content":"    }","lastModifiedDate":"2023-09-23"},{"lineNumber":113,"author":{"gitId":"Remy9926"},"content":"    ","lastModifiedDate":"2023-09-23"},{"lineNumber":114,"author":{"gitId":"Remy9926"},"content":"    public void writeToDoTaskToFile(ToDo task) {","lastModifiedDate":"2023-09-23"},{"lineNumber":115,"author":{"gitId":"Remy9926"},"content":"    \ttry {","lastModifiedDate":"2023-09-23"},{"lineNumber":116,"author":{"gitId":"Remy9926"},"content":"    \t\twriteFile.write(\"todo,\" + task.getDescription() + \",o\" + \"\\n\");","lastModifiedDate":"2023-09-23"},{"lineNumber":117,"author":{"gitId":"Remy9926"},"content":"    \t\twriteFile.flush();","lastModifiedDate":"2023-09-23"},{"lineNumber":118,"author":{"gitId":"Remy9926"},"content":"    \t}","lastModifiedDate":"2023-09-23"},{"lineNumber":119,"author":{"gitId":"Remy9926"},"content":"    \tcatch (IOException e) {","lastModifiedDate":"2023-09-23"},{"lineNumber":120,"author":{"gitId":"Remy9926"},"content":"    \t\tSystem.out.println(e);","lastModifiedDate":"2023-09-23"},{"lineNumber":121,"author":{"gitId":"Remy9926"},"content":"    \t}","lastModifiedDate":"2023-09-23"},{"lineNumber":122,"author":{"gitId":"Remy9926"},"content":"    }","lastModifiedDate":"2023-09-23"},{"lineNumber":123,"author":{"gitId":"Remy9926"},"content":"    ","lastModifiedDate":"2023-09-23"},{"lineNumber":124,"author":{"gitId":"Remy9926"},"content":"    public void writeDeadlineTaskToFile(Deadline task) {","lastModifiedDate":"2023-09-23"},{"lineNumber":125,"author":{"gitId":"Remy9926"},"content":"    \ttry {","lastModifiedDate":"2023-09-23"},{"lineNumber":126,"author":{"gitId":"Remy9926"},"content":"    \t\twriteFile.write(\"deadline,\" + task.getDescription() + \",\" + task.getDue() + \",o\" + \"\\n\");","lastModifiedDate":"2023-09-23"},{"lineNumber":127,"author":{"gitId":"Remy9926"},"content":"    \t\twriteFile.flush();","lastModifiedDate":"2023-09-23"},{"lineNumber":128,"author":{"gitId":"Remy9926"},"content":"    \t}","lastModifiedDate":"2023-09-23"},{"lineNumber":129,"author":{"gitId":"Remy9926"},"content":"    \tcatch (IOException e) {","lastModifiedDate":"2023-09-23"},{"lineNumber":130,"author":{"gitId":"Remy9926"},"content":"    \t\tSystem.out.println(e);","lastModifiedDate":"2023-09-23"},{"lineNumber":131,"author":{"gitId":"Remy9926"},"content":"    \t}","lastModifiedDate":"2023-09-23"},{"lineNumber":132,"author":{"gitId":"Remy9926"},"content":"    }","lastModifiedDate":"2023-09-23"},{"lineNumber":133,"author":{"gitId":"Remy9926"},"content":"    ","lastModifiedDate":"2023-09-23"},{"lineNumber":134,"author":{"gitId":"Remy9926"},"content":"    ","lastModifiedDate":"2023-09-23"},{"lineNumber":135,"author":{"gitId":"Remy9926"},"content":"    public void writeEventTaskToFile(Event task) {","lastModifiedDate":"2023-09-23"},{"lineNumber":136,"author":{"gitId":"Remy9926"},"content":"    \ttry {","lastModifiedDate":"2023-09-23"},{"lineNumber":137,"author":{"gitId":"Remy9926"},"content":"    \t\twriteFile.write(\"event,\" + task.getDescription() + \",\" + task.getFrom() + \",\" + task.getTo() + \",o\" + \"\\n\");","lastModifiedDate":"2023-09-23"},{"lineNumber":138,"author":{"gitId":"Remy9926"},"content":"    \t\twriteFile.flush();","lastModifiedDate":"2023-09-23"},{"lineNumber":139,"author":{"gitId":"Remy9926"},"content":"    \t}","lastModifiedDate":"2023-09-23"},{"lineNumber":140,"author":{"gitId":"Remy9926"},"content":"    \tcatch (IOException e) {","lastModifiedDate":"2023-09-23"},{"lineNumber":141,"author":{"gitId":"Remy9926"},"content":"    \t\tSystem.out.println(e);","lastModifiedDate":"2023-09-23"},{"lineNumber":142,"author":{"gitId":"Remy9926"},"content":"    \t}","lastModifiedDate":"2023-09-23"},{"lineNumber":143,"author":{"gitId":"Remy9926"},"content":"    }","lastModifiedDate":"2023-09-23"},{"lineNumber":144,"author":{"gitId":"Remy9926"},"content":"    ","lastModifiedDate":"2023-09-23"},{"lineNumber":145,"author":{"gitId":"Remy9926"},"content":"    public void deleteTaskFromFile(int taskIndex) {","lastModifiedDate":"2023-09-23"},{"lineNumber":146,"author":{"gitId":"Remy9926"},"content":"    \ttry {","lastModifiedDate":"2023-09-23"},{"lineNumber":147,"author":{"gitId":"Remy9926"},"content":"        \tScanner readFile \u003d new Scanner(textFile);","lastModifiedDate":"2023-09-23"},{"lineNumber":148,"author":{"gitId":"Remy9926"},"content":"        \tFile tempFile \u003d new File(\"./data/temp.txt\");","lastModifiedDate":"2023-09-23"},{"lineNumber":149,"author":{"gitId":"Remy9926"},"content":"        \tFileWriter tempWriter \u003d new FileWriter(tempFile);","lastModifiedDate":"2023-09-23"},{"lineNumber":150,"author":{"gitId":"Remy9926"},"content":"        \t","lastModifiedDate":"2023-09-23"},{"lineNumber":151,"author":{"gitId":"Remy9926"},"content":"        \tint currIndex \u003d 0;","lastModifiedDate":"2023-09-23"},{"lineNumber":152,"author":{"gitId":"Remy9926"},"content":"        \twhile (readFile.hasNextLine()) {","lastModifiedDate":"2023-09-23"},{"lineNumber":153,"author":{"gitId":"Remy9926"},"content":"    \t\t\tString line \u003d readFile.nextLine();","lastModifiedDate":"2023-09-23"},{"lineNumber":154,"author":{"gitId":"Remy9926"},"content":"        \t\tif (currIndex !\u003d taskIndex) {","lastModifiedDate":"2023-09-23"},{"lineNumber":155,"author":{"gitId":"Remy9926"},"content":"            \t\ttempWriter.write(line + \"\\n\");","lastModifiedDate":"2023-09-23"},{"lineNumber":156,"author":{"gitId":"Remy9926"},"content":"        \t\t}","lastModifiedDate":"2023-09-23"},{"lineNumber":157,"author":{"gitId":"Remy9926"},"content":"        \t\tcurrIndex++;","lastModifiedDate":"2023-09-23"},{"lineNumber":158,"author":{"gitId":"Remy9926"},"content":"        \t}","lastModifiedDate":"2023-09-23"},{"lineNumber":159,"author":{"gitId":"Remy9926"},"content":"        \treadFile.close();","lastModifiedDate":"2023-09-23"},{"lineNumber":160,"author":{"gitId":"Remy9926"},"content":"        \ttempWriter.close();","lastModifiedDate":"2023-09-23"},{"lineNumber":161,"author":{"gitId":"Remy9926"},"content":"        \ttextFile.delete();","lastModifiedDate":"2023-09-23"},{"lineNumber":162,"author":{"gitId":"Remy9926"},"content":"        \ttempFile.renameTo(textFile);","lastModifiedDate":"2023-09-23"},{"lineNumber":163,"author":{"gitId":"Remy9926"},"content":"        \ttextFile \u003d new File(\"./data/toDoList.txt\");","lastModifiedDate":"2023-09-23"},{"lineNumber":164,"author":{"gitId":"Remy9926"},"content":"        \twriteFile \u003d new FileWriter(textFile, true);","lastModifiedDate":"2023-09-23"},{"lineNumber":165,"author":{"gitId":"Remy9926"},"content":"    \t}","lastModifiedDate":"2023-09-23"},{"lineNumber":166,"author":{"gitId":"Remy9926"},"content":"    \tcatch (FileNotFoundException e) {","lastModifiedDate":"2023-09-23"},{"lineNumber":167,"author":{"gitId":"Remy9926"},"content":"    \t\tSystem.out.println(e);","lastModifiedDate":"2023-09-23"},{"lineNumber":168,"author":{"gitId":"Remy9926"},"content":"    \t}","lastModifiedDate":"2023-09-23"},{"lineNumber":169,"author":{"gitId":"Remy9926"},"content":"    \tcatch (IOException e) {","lastModifiedDate":"2023-09-23"},{"lineNumber":170,"author":{"gitId":"Remy9926"},"content":"    \t\tSystem.out.println(e);","lastModifiedDate":"2023-09-23"},{"lineNumber":171,"author":{"gitId":"Remy9926"},"content":"    \t}","lastModifiedDate":"2023-09-23"},{"lineNumber":172,"author":{"gitId":"Remy9926"},"content":"    }","lastModifiedDate":"2023-09-23"},{"lineNumber":173,"author":{"gitId":"Remy9926"},"content":"}","lastModifiedDate":"2023-09-23"}],"authorContributionMap":{"Remy9926":173}},{"path":"src/main/java/classes/TaskList.java","fileType":"java","lines":[{"lineNumber":1,"author":{"gitId":"Remy9926"},"content":"package classes;","lastModifiedDate":"2023-09-23"},{"lineNumber":2,"author":{"gitId":"Remy9926"},"content":"import java.util.ArrayList;","lastModifiedDate":"2023-09-23"},{"lineNumber":3,"author":{"gitId":"Remy9926"},"content":"","lastModifiedDate":"2023-09-23"},{"lineNumber":4,"author":{"gitId":"Remy9926"},"content":"import task.Task;","lastModifiedDate":"2023-09-23"},{"lineNumber":5,"author":{"gitId":"Remy9926"},"content":"","lastModifiedDate":"2023-09-23"},{"lineNumber":6,"author":{"gitId":"Remy9926"},"content":"public class TaskList {","lastModifiedDate":"2023-09-23"},{"lineNumber":7,"author":{"gitId":"Remy9926"},"content":"\tprivate static ArrayList\u003cTask\u003e tasks;","lastModifiedDate":"2023-09-23"},{"lineNumber":8,"author":{"gitId":"Remy9926"},"content":"\t","lastModifiedDate":"2023-09-23"},{"lineNumber":9,"author":{"gitId":"Remy9926"},"content":"\tpublic TaskList() {","lastModifiedDate":"2023-09-23"},{"lineNumber":10,"author":{"gitId":"Remy9926"},"content":"\t\ttasks \u003d new ArrayList\u003cTask\u003e();","lastModifiedDate":"2023-09-23"},{"lineNumber":11,"author":{"gitId":"Remy9926"},"content":"\t}","lastModifiedDate":"2023-09-23"},{"lineNumber":12,"author":{"gitId":"Remy9926"},"content":"\t","lastModifiedDate":"2023-09-23"},{"lineNumber":13,"author":{"gitId":"Remy9926"},"content":"\tpublic void addTask(Task task) {","lastModifiedDate":"2023-09-23"},{"lineNumber":14,"author":{"gitId":"Remy9926"},"content":"\t\ttasks.add(task);","lastModifiedDate":"2023-09-23"},{"lineNumber":15,"author":{"gitId":"Remy9926"},"content":"\t}","lastModifiedDate":"2023-09-23"},{"lineNumber":16,"author":{"gitId":"Remy9926"},"content":"\t","lastModifiedDate":"2023-09-23"},{"lineNumber":17,"author":{"gitId":"Remy9926"},"content":"\tpublic Task deleteTask(int index) {","lastModifiedDate":"2023-09-23"},{"lineNumber":18,"author":{"gitId":"Remy9926"},"content":"\t\treturn tasks.remove(index);","lastModifiedDate":"2023-09-23"},{"lineNumber":19,"author":{"gitId":"Remy9926"},"content":"\t}","lastModifiedDate":"2023-09-23"},{"lineNumber":20,"author":{"gitId":"Remy9926"},"content":"\t","lastModifiedDate":"2023-09-23"},{"lineNumber":21,"author":{"gitId":"Remy9926"},"content":"\tpublic void setTaskStatus(Integer index, boolean status) {","lastModifiedDate":"2023-09-23"},{"lineNumber":22,"author":{"gitId":"Remy9926"},"content":"\t\ttasks.get(index).setDone(status);","lastModifiedDate":"2023-09-23"},{"lineNumber":23,"author":{"gitId":"Remy9926"},"content":"\t}","lastModifiedDate":"2023-09-23"},{"lineNumber":24,"author":{"gitId":"Remy9926"},"content":"\t","lastModifiedDate":"2023-09-23"},{"lineNumber":25,"author":{"gitId":"Remy9926"},"content":"\tpublic Task getTask(int index) {","lastModifiedDate":"2023-09-23"},{"lineNumber":26,"author":{"gitId":"Remy9926"},"content":"\t\treturn tasks.get(index);","lastModifiedDate":"2023-09-23"},{"lineNumber":27,"author":{"gitId":"Remy9926"},"content":"\t}","lastModifiedDate":"2023-09-23"},{"lineNumber":28,"author":{"gitId":"Remy9926"},"content":"\t","lastModifiedDate":"2023-09-23"},{"lineNumber":29,"author":{"gitId":"Remy9926"},"content":"\tpublic boolean isEmpty() {","lastModifiedDate":"2023-09-23"},{"lineNumber":30,"author":{"gitId":"Remy9926"},"content":"\t\treturn tasks.isEmpty();","lastModifiedDate":"2023-09-23"},{"lineNumber":31,"author":{"gitId":"Remy9926"},"content":"\t}","lastModifiedDate":"2023-09-23"},{"lineNumber":32,"author":{"gitId":"Remy9926"},"content":"\t","lastModifiedDate":"2023-09-23"},{"lineNumber":33,"author":{"gitId":"Remy9926"},"content":"\tpublic Integer size() {","lastModifiedDate":"2023-09-23"},{"lineNumber":34,"author":{"gitId":"Remy9926"},"content":"\t\treturn tasks.size();","lastModifiedDate":"2023-09-23"},{"lineNumber":35,"author":{"gitId":"Remy9926"},"content":"\t}","lastModifiedDate":"2023-09-23"},{"lineNumber":36,"author":{"gitId":"Remy9926"},"content":"}","lastModifiedDate":"2023-09-23"}],"authorContributionMap":{"Remy9926":36}},{"path":"src/main/java/classes/Ui.java","fileType":"java","lines":[{"lineNumber":1,"author":{"gitId":"Remy9926"},"content":"package classes;","lastModifiedDate":"2023-09-23"},{"lineNumber":2,"author":{"gitId":"Remy9926"},"content":"import java.util.Scanner;","lastModifiedDate":"2023-09-23"},{"lineNumber":3,"author":{"gitId":"Remy9926"},"content":"","lastModifiedDate":"2023-09-23"},{"lineNumber":4,"author":{"gitId":"Remy9926"},"content":"import task.Task;","lastModifiedDate":"2023-09-23"},{"lineNumber":5,"author":{"gitId":"Remy9926"},"content":"","lastModifiedDate":"2023-09-23"},{"lineNumber":6,"author":{"gitId":"Remy9926"},"content":"public class Ui {","lastModifiedDate":"2023-09-23"},{"lineNumber":7,"author":{"gitId":"Remy9926"},"content":"\tScanner input \u003d new Scanner(System.in);","lastModifiedDate":"2023-09-23"},{"lineNumber":8,"author":{"gitId":"Remy9926"},"content":"\t","lastModifiedDate":"2023-09-23"},{"lineNumber":9,"author":{"gitId":"Remy9926"},"content":"\tpublic void greetUser() {","lastModifiedDate":"2023-09-23"},{"lineNumber":10,"author":{"gitId":"Remy9926"},"content":"    \t printLines();","lastModifiedDate":"2023-09-23"},{"lineNumber":11,"author":{"gitId":"Remy9926"},"content":"    \t System.out.println(\"\\n\"","lastModifiedDate":"2023-09-23"},{"lineNumber":12,"author":{"gitId":"Remy9926"},"content":"    \t \t\t+ \"    __________                      \\n\"","lastModifiedDate":"2023-09-23"},{"lineNumber":13,"author":{"gitId":"Remy9926"},"content":"    \t \t\t+ \"    \\\\______   \\\\ ____   _____ ___.__.\\n\"","lastModifiedDate":"2023-09-23"},{"lineNumber":14,"author":{"gitId":"Remy9926"},"content":"    \t \t\t+ \"     |       _// __ \\\\ /     \u003c   |  |\\n\"","lastModifiedDate":"2023-09-23"},{"lineNumber":15,"author":{"gitId":"Remy9926"},"content":"    \t \t\t+ \"     |    |   \\\\  ___/|  Y Y  \\\\___  |\\n\"","lastModifiedDate":"2023-09-23"},{"lineNumber":16,"author":{"gitId":"Remy9926"},"content":"    \t \t\t+ \"     |____|_  /\\\\___  \u003e__|_|  / ____|\\n\"","lastModifiedDate":"2023-09-23"},{"lineNumber":17,"author":{"gitId":"Remy9926"},"content":"    \t \t\t+ \"            \\\\/     \\\\/      \\\\/\\\\/     \\n\"","lastModifiedDate":"2023-09-23"},{"lineNumber":18,"author":{"gitId":"Remy9926"},"content":"    \t \t\t+ \"\");","lastModifiedDate":"2023-09-23"},{"lineNumber":19,"author":{"gitId":"Remy9926"},"content":"         System.out.println(\"    Hello! I\u0027m Remy\");","lastModifiedDate":"2023-09-23"},{"lineNumber":20,"author":{"gitId":"Remy9926"},"content":"         System.out.println(\"    What can I do for you?\");","lastModifiedDate":"2023-09-23"},{"lineNumber":21,"author":{"gitId":"Remy9926"},"content":"         printLines();","lastModifiedDate":"2023-09-23"},{"lineNumber":22,"author":{"gitId":"Remy9926"},"content":"\t}","lastModifiedDate":"2023-09-23"},{"lineNumber":23,"author":{"gitId":"Remy9926"},"content":"    ","lastModifiedDate":"2023-09-23"},{"lineNumber":24,"author":{"gitId":"Remy9926"},"content":"\tpublic static void printLines() {","lastModifiedDate":"2023-09-23"},{"lineNumber":25,"author":{"gitId":"Remy9926"},"content":"    \tSystem.out.println(\"    ____________________________________________________________\");","lastModifiedDate":"2023-09-23"},{"lineNumber":26,"author":{"gitId":"Remy9926"},"content":"    }","lastModifiedDate":"2023-09-23"},{"lineNumber":27,"author":{"gitId":"Remy9926"},"content":"\t","lastModifiedDate":"2023-09-23"},{"lineNumber":28,"author":{"gitId":"Remy9926"},"content":"\tpublic void sayGoodbye() {","lastModifiedDate":"2023-09-23"},{"lineNumber":29,"author":{"gitId":"Remy9926"},"content":"    \tprintLines();","lastModifiedDate":"2023-09-23"},{"lineNumber":30,"author":{"gitId":"Remy9926"},"content":"        System.out.println(\"    Bye. Hope to see you again soon!\");","lastModifiedDate":"2023-09-23"},{"lineNumber":31,"author":{"gitId":"Remy9926"},"content":"        printLines();","lastModifiedDate":"2023-09-23"},{"lineNumber":32,"author":{"gitId":"Remy9926"},"content":"        endRemy();","lastModifiedDate":"2023-09-23"},{"lineNumber":33,"author":{"gitId":"Remy9926"},"content":"    }","lastModifiedDate":"2023-09-23"},{"lineNumber":34,"author":{"gitId":"Remy9926"},"content":"\t","lastModifiedDate":"2023-09-23"},{"lineNumber":35,"author":{"gitId":"Remy9926"},"content":"\tpublic void printTaskAdded(Task task, TaskList toDoList) {","lastModifiedDate":"2023-09-23"},{"lineNumber":36,"author":{"gitId":"Remy9926"},"content":"    \tprintLines();","lastModifiedDate":"2023-09-23"},{"lineNumber":37,"author":{"gitId":"Remy9926"},"content":"    \tSystem.out.println(\"     Got it. I\u0027ve added this task:\");","lastModifiedDate":"2023-09-23"},{"lineNumber":38,"author":{"gitId":"Remy9926"},"content":"    \tSystem.out.println(\"       \" + task);","lastModifiedDate":"2023-09-23"},{"lineNumber":39,"author":{"gitId":"Remy9926"},"content":"    \tSystem.out.println(\"     Now you have \" + toDoList.size() + \" tasks in the list.\");","lastModifiedDate":"2023-09-23"},{"lineNumber":40,"author":{"gitId":"Remy9926"},"content":"    \tprintLines();","lastModifiedDate":"2023-09-23"},{"lineNumber":41,"author":{"gitId":"Remy9926"},"content":"    \tSystem.out.println();","lastModifiedDate":"2023-09-23"},{"lineNumber":42,"author":{"gitId":"Remy9926"},"content":"\t}","lastModifiedDate":"2023-09-23"},{"lineNumber":43,"author":{"gitId":"Remy9926"},"content":"\t","lastModifiedDate":"2023-09-23"},{"lineNumber":44,"author":{"gitId":"Remy9926"},"content":"\tpublic void printTaskRemoved(Task task, TaskList toDoList) {","lastModifiedDate":"2023-09-23"},{"lineNumber":45,"author":{"gitId":"Remy9926"},"content":"\t\tprintLines();","lastModifiedDate":"2023-09-23"},{"lineNumber":46,"author":{"gitId":"Remy9926"},"content":"    \tSystem.out.println(\"     Noted. I\u0027ve removed this task:\");","lastModifiedDate":"2023-09-23"},{"lineNumber":47,"author":{"gitId":"Remy9926"},"content":"    \tSystem.out.println(\"       \" + task);","lastModifiedDate":"2023-09-23"},{"lineNumber":48,"author":{"gitId":"Remy9926"},"content":"    \tSystem.out.println(\"     Now you have \" + toDoList.size() + \" tasks in the list.\");","lastModifiedDate":"2023-09-23"},{"lineNumber":49,"author":{"gitId":"Remy9926"},"content":"    \tprintLines();","lastModifiedDate":"2023-09-23"},{"lineNumber":50,"author":{"gitId":"Remy9926"},"content":"    \tSystem.out.println();","lastModifiedDate":"2023-09-23"},{"lineNumber":51,"author":{"gitId":"Remy9926"},"content":"\t}","lastModifiedDate":"2023-09-23"},{"lineNumber":52,"author":{"gitId":"Remy9926"},"content":"\t","lastModifiedDate":"2023-09-23"},{"lineNumber":53,"author":{"gitId":"Remy9926"},"content":"    public void printToDoList(TaskList toDoList) {","lastModifiedDate":"2023-09-23"},{"lineNumber":54,"author":{"gitId":"Remy9926"},"content":"    \tprintLines();","lastModifiedDate":"2023-09-23"},{"lineNumber":55,"author":{"gitId":"Remy9926"},"content":"    \tif (!toDoList.isEmpty()) {","lastModifiedDate":"2023-09-23"},{"lineNumber":56,"author":{"gitId":"Remy9926"},"content":"    \t\tSystem.out.println(\"     \" + \"Here\u0027s your tasks:\");","lastModifiedDate":"2023-09-23"},{"lineNumber":57,"author":{"gitId":"Remy9926"},"content":"        \tfor (int i \u003d 0; i \u003c toDoList.size(); i++) {","lastModifiedDate":"2023-09-23"},{"lineNumber":58,"author":{"gitId":"Remy9926"},"content":"        \t\tSystem.out.println(\"     \" + Integer.toString(i + 1) + \".\" + toDoList.getTask(i));","lastModifiedDate":"2023-09-23"},{"lineNumber":59,"author":{"gitId":"Remy9926"},"content":"","lastModifiedDate":"2023-09-23"},{"lineNumber":60,"author":{"gitId":"Remy9926"},"content":"        \t}","lastModifiedDate":"2023-09-23"},{"lineNumber":61,"author":{"gitId":"Remy9926"},"content":"    \t} else {","lastModifiedDate":"2023-09-23"},{"lineNumber":62,"author":{"gitId":"Remy9926"},"content":"    \t\tSystem.out.println(\"     You do not currently have any tasks!\");","lastModifiedDate":"2023-09-23"},{"lineNumber":63,"author":{"gitId":"Remy9926"},"content":"    \t}","lastModifiedDate":"2023-09-23"},{"lineNumber":64,"author":{"gitId":"Remy9926"},"content":"    \tprintLines();","lastModifiedDate":"2023-09-23"},{"lineNumber":65,"author":{"gitId":"Remy9926"},"content":"    }","lastModifiedDate":"2023-09-23"},{"lineNumber":66,"author":{"gitId":"Remy9926"},"content":"    ","lastModifiedDate":"2023-09-23"},{"lineNumber":67,"author":{"gitId":"Remy9926"},"content":"    public void invalidCommandResponse() {","lastModifiedDate":"2023-09-23"},{"lineNumber":68,"author":{"gitId":"Remy9926"},"content":"    \tprintLines();","lastModifiedDate":"2023-09-23"},{"lineNumber":69,"author":{"gitId":"Remy9926"},"content":"    \tSystem.out.println(\"     Sorry I don\u0027t understand that command (◡︵◡)\");","lastModifiedDate":"2023-09-23"},{"lineNumber":70,"author":{"gitId":"Remy9926"},"content":"    \tprintLines();","lastModifiedDate":"2023-09-23"},{"lineNumber":71,"author":{"gitId":"Remy9926"},"content":"    }","lastModifiedDate":"2023-09-23"},{"lineNumber":72,"author":{"gitId":"Remy9926"},"content":"    ","lastModifiedDate":"2023-09-23"},{"lineNumber":73,"author":{"gitId":"Remy9926"},"content":"    public String getUserCommand() {","lastModifiedDate":"2023-09-23"},{"lineNumber":74,"author":{"gitId":"Remy9926"},"content":"    \treturn input.nextLine();","lastModifiedDate":"2023-09-23"},{"lineNumber":75,"author":{"gitId":"Remy9926"},"content":"    }","lastModifiedDate":"2023-09-23"},{"lineNumber":76,"author":{"gitId":"Remy9926"},"content":"    ","lastModifiedDate":"2023-09-23"},{"lineNumber":77,"author":{"gitId":"Remy9926"},"content":"    public void endRemy() {","lastModifiedDate":"2023-09-23"},{"lineNumber":78,"author":{"gitId":"Remy9926"},"content":"    \tinput.close();","lastModifiedDate":"2023-09-23"},{"lineNumber":79,"author":{"gitId":"Remy9926"},"content":"    }","lastModifiedDate":"2023-09-23"},{"lineNumber":80,"author":{"gitId":"Remy9926"},"content":"}","lastModifiedDate":"2023-09-23"}],"authorContributionMap":{"Remy9926":80}},{"path":"src/main/java/task/Deadline.java","fileType":"java","lines":[{"lineNumber":1,"author":{"gitId":"Remy9926"},"content":"package task;","lastModifiedDate":"2023-09-09"},{"lineNumber":2,"author":{"gitId":"Remy9926"},"content":"","lastModifiedDate":"2023-09-09"},{"lineNumber":3,"author":{"gitId":"Remy9926"},"content":"public class Deadline extends Task {","lastModifiedDate":"2023-09-02"},{"lineNumber":4,"author":{"gitId":"Remy9926"},"content":"\tprotected String due;","lastModifiedDate":"2023-09-02"},{"lineNumber":5,"author":{"gitId":"Remy9926"},"content":"\t","lastModifiedDate":"2023-09-02"},{"lineNumber":6,"author":{"gitId":"Remy9926"},"content":"\tpublic Deadline(String description, String due) {","lastModifiedDate":"2023-09-02"},{"lineNumber":7,"author":{"gitId":"Remy9926"},"content":"\t\tsuper(description);","lastModifiedDate":"2023-09-02"},{"lineNumber":8,"author":{"gitId":"Remy9926"},"content":"\t\tthis.due \u003d due;","lastModifiedDate":"2023-09-02"},{"lineNumber":9,"author":{"gitId":"Remy9926"},"content":"\t}","lastModifiedDate":"2023-09-02"},{"lineNumber":10,"author":{"gitId":"Remy9926"},"content":"\t","lastModifiedDate":"2023-09-02"},{"lineNumber":11,"author":{"gitId":"Remy9926"},"content":"\tpublic String getDue() {","lastModifiedDate":"2023-09-02"},{"lineNumber":12,"author":{"gitId":"Remy9926"},"content":"\t\treturn due;","lastModifiedDate":"2023-09-02"},{"lineNumber":13,"author":{"gitId":"Remy9926"},"content":"\t}","lastModifiedDate":"2023-09-02"},{"lineNumber":14,"author":{"gitId":"Remy9926"},"content":"\t","lastModifiedDate":"2023-09-02"},{"lineNumber":15,"author":{"gitId":"Remy9926"},"content":"\tpublic String toString() {","lastModifiedDate":"2023-09-02"},{"lineNumber":16,"author":{"gitId":"Remy9926"},"content":"\t\treturn \"[D]\" + super.toString() + \" (by: \" + due + \")\";","lastModifiedDate":"2023-09-02"},{"lineNumber":17,"author":{"gitId":"Remy9926"},"content":"\t}","lastModifiedDate":"2023-09-02"},{"lineNumber":18,"author":{"gitId":"Remy9926"},"content":"}","lastModifiedDate":"2023-09-02"}],"authorContributionMap":{"Remy9926":18}},{"path":"src/main/java/task/Event.java","fileType":"java","lines":[{"lineNumber":1,"author":{"gitId":"Remy9926"},"content":"package task;","lastModifiedDate":"2023-09-09"},{"lineNumber":2,"author":{"gitId":"Remy9926"},"content":"","lastModifiedDate":"2023-09-09"},{"lineNumber":3,"author":{"gitId":"Remy9926"},"content":"public class Event extends Task {","lastModifiedDate":"2023-09-02"},{"lineNumber":4,"author":{"gitId":"Remy9926"},"content":"\tprotected String from;","lastModifiedDate":"2023-09-02"},{"lineNumber":5,"author":{"gitId":"Remy9926"},"content":"\tprotected String to;","lastModifiedDate":"2023-09-02"},{"lineNumber":6,"author":{"gitId":"Remy9926"},"content":"\t","lastModifiedDate":"2023-09-02"},{"lineNumber":7,"author":{"gitId":"Remy9926"},"content":"\tpublic Event(String description, String from, String to) {","lastModifiedDate":"2023-09-02"},{"lineNumber":8,"author":{"gitId":"Remy9926"},"content":"\t\tsuper(description);","lastModifiedDate":"2023-09-02"},{"lineNumber":9,"author":{"gitId":"Remy9926"},"content":"\t\tthis.from \u003d from;","lastModifiedDate":"2023-09-02"},{"lineNumber":10,"author":{"gitId":"Remy9926"},"content":"\t\tthis.to \u003d to;","lastModifiedDate":"2023-09-02"},{"lineNumber":11,"author":{"gitId":"Remy9926"},"content":"\t}","lastModifiedDate":"2023-09-02"},{"lineNumber":12,"author":{"gitId":"Remy9926"},"content":"\t","lastModifiedDate":"2023-09-02"},{"lineNumber":13,"author":{"gitId":"Remy9926"},"content":"\tpublic String getFrom() {","lastModifiedDate":"2023-09-02"},{"lineNumber":14,"author":{"gitId":"Remy9926"},"content":"\t\treturn from;","lastModifiedDate":"2023-09-02"},{"lineNumber":15,"author":{"gitId":"Remy9926"},"content":"\t}","lastModifiedDate":"2023-09-02"},{"lineNumber":16,"author":{"gitId":"Remy9926"},"content":"\t","lastModifiedDate":"2023-09-02"},{"lineNumber":17,"author":{"gitId":"Remy9926"},"content":"\tpublic String getTo() {","lastModifiedDate":"2023-09-02"},{"lineNumber":18,"author":{"gitId":"Remy9926"},"content":"\t\treturn to;","lastModifiedDate":"2023-09-02"},{"lineNumber":19,"author":{"gitId":"Remy9926"},"content":"\t}","lastModifiedDate":"2023-09-02"},{"lineNumber":20,"author":{"gitId":"Remy9926"},"content":"\t","lastModifiedDate":"2023-09-02"},{"lineNumber":21,"author":{"gitId":"Remy9926"},"content":"\tpublic String toString() {","lastModifiedDate":"2023-09-02"},{"lineNumber":22,"author":{"gitId":"Remy9926"},"content":"\t\treturn \"[E]\" + super.toString() + \" (from: \" + from + \" to: \" + to + \")\";","lastModifiedDate":"2023-09-02"},{"lineNumber":23,"author":{"gitId":"Remy9926"},"content":"\t}","lastModifiedDate":"2023-09-02"},{"lineNumber":24,"author":{"gitId":"Remy9926"},"content":"}","lastModifiedDate":"2023-09-02"}],"authorContributionMap":{"Remy9926":24}},{"path":"src/main/java/task/Task.java","fileType":"java","lines":[{"lineNumber":1,"author":{"gitId":"Remy9926"},"content":"package task;","lastModifiedDate":"2023-09-09"},{"lineNumber":2,"author":{"gitId":"Remy9926"},"content":"","lastModifiedDate":"2023-09-09"},{"lineNumber":3,"author":{"gitId":"Remy9926"},"content":"public class Task {","lastModifiedDate":"2023-08-27"},{"lineNumber":4,"author":{"gitId":"Remy9926"},"content":"\tprotected String description;","lastModifiedDate":"2023-08-27"},{"lineNumber":5,"author":{"gitId":"Remy9926"},"content":"\tprotected boolean done;","lastModifiedDate":"2023-08-27"},{"lineNumber":6,"author":{"gitId":"Remy9926"},"content":"\t","lastModifiedDate":"2023-08-27"},{"lineNumber":7,"author":{"gitId":"Remy9926"},"content":"\tpublic Task(String description) {","lastModifiedDate":"2023-08-27"},{"lineNumber":8,"author":{"gitId":"Remy9926"},"content":"\t\tthis.description \u003d description;","lastModifiedDate":"2023-08-27"},{"lineNumber":9,"author":{"gitId":"Remy9926"},"content":"\t\tthis.done \u003d false;","lastModifiedDate":"2023-08-27"},{"lineNumber":10,"author":{"gitId":"Remy9926"},"content":"\t}","lastModifiedDate":"2023-08-27"},{"lineNumber":11,"author":{"gitId":"Remy9926"},"content":"\t","lastModifiedDate":"2023-08-27"},{"lineNumber":12,"author":{"gitId":"Remy9926"},"content":"\tpublic String getDescription() {","lastModifiedDate":"2023-08-27"},{"lineNumber":13,"author":{"gitId":"Remy9926"},"content":"\t\treturn description;","lastModifiedDate":"2023-08-27"},{"lineNumber":14,"author":{"gitId":"Remy9926"},"content":"\t}","lastModifiedDate":"2023-08-27"},{"lineNumber":15,"author":{"gitId":"Remy9926"},"content":"\t","lastModifiedDate":"2023-08-27"},{"lineNumber":16,"author":{"gitId":"Remy9926"},"content":"\tpublic void setDescription(String newDescription) {","lastModifiedDate":"2023-08-27"},{"lineNumber":17,"author":{"gitId":"Remy9926"},"content":"\t\tthis.description \u003d newDescription;","lastModifiedDate":"2023-08-27"},{"lineNumber":18,"author":{"gitId":"Remy9926"},"content":"\t}","lastModifiedDate":"2023-08-27"},{"lineNumber":19,"author":{"gitId":"Remy9926"},"content":"\t","lastModifiedDate":"2023-08-27"},{"lineNumber":20,"author":{"gitId":"Remy9926"},"content":"\tpublic boolean isDone() {","lastModifiedDate":"2023-08-27"},{"lineNumber":21,"author":{"gitId":"Remy9926"},"content":"\t\treturn done;","lastModifiedDate":"2023-08-27"},{"lineNumber":22,"author":{"gitId":"Remy9926"},"content":"\t}","lastModifiedDate":"2023-08-27"},{"lineNumber":23,"author":{"gitId":"Remy9926"},"content":"\t","lastModifiedDate":"2023-08-27"},{"lineNumber":24,"author":{"gitId":"Remy9926"},"content":"\tpublic void setDone(boolean status) {","lastModifiedDate":"2023-08-27"},{"lineNumber":25,"author":{"gitId":"Remy9926"},"content":"\t\tif (status) {","lastModifiedDate":"2023-08-27"},{"lineNumber":26,"author":{"gitId":"Remy9926"},"content":"\t\t\tdone \u003d true;","lastModifiedDate":"2023-08-27"},{"lineNumber":27,"author":{"gitId":"Remy9926"},"content":"\t\t} else {","lastModifiedDate":"2023-08-27"},{"lineNumber":28,"author":{"gitId":"Remy9926"},"content":"\t\t\tdone \u003d false;","lastModifiedDate":"2023-08-27"},{"lineNumber":29,"author":{"gitId":"Remy9926"},"content":"\t\t}","lastModifiedDate":"2023-08-27"},{"lineNumber":30,"author":{"gitId":"Remy9926"},"content":"\t}","lastModifiedDate":"2023-08-27"},{"lineNumber":31,"author":{"gitId":"Remy9926"},"content":"\t","lastModifiedDate":"2023-08-27"},{"lineNumber":32,"author":{"gitId":"Remy9926"},"content":"\tpublic String toString() {","lastModifiedDate":"2023-08-27"},{"lineNumber":33,"author":{"gitId":"Remy9926"},"content":"\t\tif (this.isDone()) {","lastModifiedDate":"2023-08-27"},{"lineNumber":34,"author":{"gitId":"Remy9926"},"content":"\t\t\treturn \"[X] \" + description;","lastModifiedDate":"2023-09-08"},{"lineNumber":35,"author":{"gitId":"Remy9926"},"content":"\t\t}","lastModifiedDate":"2023-08-27"},{"lineNumber":36,"author":{"gitId":"Remy9926"},"content":"\t\treturn \"[ ] \" + description;","lastModifiedDate":"2023-09-08"},{"lineNumber":37,"author":{"gitId":"Remy9926"},"content":"\t}","lastModifiedDate":"2023-08-27"},{"lineNumber":38,"author":{"gitId":"Remy9926"},"content":"}","lastModifiedDate":"2023-08-27"}],"authorContributionMap":{"Remy9926":38}},{"path":"src/main/java/task/ToDo.java","fileType":"java","lines":[{"lineNumber":1,"author":{"gitId":"Remy9926"},"content":"package task;","lastModifiedDate":"2023-09-09"},{"lineNumber":2,"author":{"gitId":"Remy9926"},"content":"","lastModifiedDate":"2023-09-09"},{"lineNumber":3,"author":{"gitId":"Remy9926"},"content":"public class ToDo extends Task {","lastModifiedDate":"2023-09-02"},{"lineNumber":4,"author":{"gitId":"Remy9926"},"content":"\t","lastModifiedDate":"2023-09-02"},{"lineNumber":5,"author":{"gitId":"Remy9926"},"content":"\tpublic ToDo(String description) {","lastModifiedDate":"2023-09-02"},{"lineNumber":6,"author":{"gitId":"Remy9926"},"content":"\t\tsuper(description);","lastModifiedDate":"2023-09-02"},{"lineNumber":7,"author":{"gitId":"Remy9926"},"content":"\t}","lastModifiedDate":"2023-09-02"},{"lineNumber":8,"author":{"gitId":"Remy9926"},"content":"\t","lastModifiedDate":"2023-09-02"},{"lineNumber":9,"author":{"gitId":"Remy9926"},"content":"\tpublic String toString() {","lastModifiedDate":"2023-09-02"},{"lineNumber":10,"author":{"gitId":"Remy9926"},"content":"\t\treturn \"[T]\" + super.toString();","lastModifiedDate":"2023-09-02"},{"lineNumber":11,"author":{"gitId":"Remy9926"},"content":"\t}","lastModifiedDate":"2023-09-02"},{"lineNumber":12,"author":{"gitId":"Remy9926"},"content":"}","lastModifiedDate":"2023-09-02"}],"authorContributionMap":{"Remy9926":12}}]
