{"authorDailyContributionsMap":{"Remy9926":[{"date":"2023-08-19","commitResults":[{"hash":"356e3886d2e74406885b9757ee32fea86d955372","isMergeCommit":false,"messageTitle":"Rename bot name, add greet and exit","messageBody":"","fileTypesAndContributionMap":{"java":{"insertions":10,"deletions":0}}}]},{"date":"2023-08-27","commitResults":[{"hash":"cb300a566c5260ce47a2df925e383f92be903a16","isMergeCommit":false,"messageTitle":"Update .gitignore Add Echo to bot","messageBody":"","tags":["Level-1"],"fileTypesAndContributionMap":{"java":{"insertions":33,"deletions":14}}},{"hash":"a5464ca95d1173d2ffeb532828e343e0ea31ca8e","isMergeCommit":false,"messageTitle":"Add toDoList functionality","messageBody":"","tags":["Level-2"],"fileTypesAndContributionMap":{"java":{"insertions":16,"deletions":1}}},{"hash":"c15afb4f47c0a6ec33c26075c0e77a53f2bccef9","isMergeCommit":false,"messageTitle":"Add Task Class Mark As Done","messageBody":"","tags":["Level-3"],"fileTypesAndContributionMap":{"java":{"insertions":59,"deletions":4}}},{"hash":"c71525fd421a6f5275c6bafb994454df494927e6","isMergeCommit":false,"messageTitle":"Refactor code to follow coding standard","messageBody":"","tags":["A-CodingStandard"],"fileTypesAndContributionMap":{"java":{"insertions":23,"deletions":26}}}]},{"date":"2023-08-28","commitResults":[{"hash":"9bf24f878ae5819da186f3e5035bf74ed81000fb","isMergeCommit":false,"messageTitle":"Added ASCII art when greeting user","messageBody":"","fileTypesAndContributionMap":{"java":{"insertions":9,"deletions":0}}}]},{"date":"2023-09-02","commitResults":[{"hash":"8d21e54183f15e6ead233cf8e8f66042ab12fccd","isMergeCommit":false,"messageTitle":"Add functionality for different types of Tasks","messageBody":"","tags":["Level-4"],"fileTypesAndContributionMap":{"java":{"insertions":116,"deletions":9}}},{"hash":"e6d721a4269501d3435e5ec532bb042c058701b1","isMergeCommit":false,"messageTitle":"Refactored logic","messageBody":"","tags":["A-CodeQuality"],"fileTypesAndContributionMap":{"java":{"insertions":10,"deletions":22}}}]}]},"authorFileTypeContributionMap":{"Remy9926":{"java":205,"md":0,"fxml":0,"sh":0,"bat":0,"gradle":0,"txt":0}},"authorContributionVariance":{"Remy9926":3003.875},"authorDisplayNameMap":{"Remy9926":"HUAN..AMES"}}
