{"authorDailyContributionsMap":{"Remy9926":[{"date":"2023-08-19","commitResults":[{"hash":"356e3886d2e74406885b9757ee32fea86d955372","isMergeCommit":false,"messageTitle":"Rename bot name, add greet and exit","messageBody":"","fileTypesAndContributionMap":{"java":{"insertions":10,"deletions":0}}}]},{"date":"2023-08-27","commitResults":[{"hash":"cb300a566c5260ce47a2df925e383f92be903a16","isMergeCommit":false,"messageTitle":"Update .gitignore Add Echo to bot","messageBody":"","tags":["Level-1"],"fileTypesAndContributionMap":{"java":{"insertions":33,"deletions":14}}},{"hash":"a5464ca95d1173d2ffeb532828e343e0ea31ca8e","isMergeCommit":false,"messageTitle":"Add toDoList functionality","messageBody":"","tags":["Level-2"],"fileTypesAndContributionMap":{"java":{"insertions":16,"deletions":1}}},{"hash":"c15afb4f47c0a6ec33c26075c0e77a53f2bccef9","isMergeCommit":false,"messageTitle":"Add Task Class Mark As Done","messageBody":"","tags":["Level-3"],"fileTypesAndContributionMap":{"java":{"insertions":59,"deletions":4}}},{"hash":"c71525fd421a6f5275c6bafb994454df494927e6","isMergeCommit":false,"messageTitle":"Refactor code to follow coding standard","messageBody":"","tags":["A-CodingStandard"],"fileTypesAndContributionMap":{"java":{"insertions":23,"deletions":26}}}]},{"date":"2023-08-28","commitResults":[{"hash":"9bf24f878ae5819da186f3e5035bf74ed81000fb","isMergeCommit":false,"messageTitle":"Added ASCII art when greeting user","messageBody":"","fileTypesAndContributionMap":{"java":{"insertions":9,"deletions":0}}}]},{"date":"2023-09-02","commitResults":[{"hash":"8d21e54183f15e6ead233cf8e8f66042ab12fccd","isMergeCommit":false,"messageTitle":"Add functionality for different types of Tasks","messageBody":"","tags":["Level-4"],"fileTypesAndContributionMap":{"java":{"insertions":116,"deletions":9}}},{"hash":"e6d721a4269501d3435e5ec532bb042c058701b1","isMergeCommit":false,"messageTitle":"Refactored logic","messageBody":"","tags":["A-CodeQuality"],"fileTypesAndContributionMap":{"java":{"insertions":10,"deletions":22}}}]},{"date":"2023-09-08","commitResults":[{"hash":"a3e9fd7a1a1a7db4b94bec1cdc9fba1ed8f9aeed","isMergeCommit":false,"messageTitle":"Refactor code to better meet coding standards","messageBody":"","fileTypesAndContributionMap":{"java":{"insertions":6,"deletions":3}}}]},{"date":"2023-09-09","commitResults":[{"hash":"0346be6e81ea30fc914a41a58c09e8289d9ec00e","isMergeCommit":false,"messageTitle":"Add RemyException class Add Exception Handling to invalid inputs","messageBody":"","tags":["A-Exceptions"],"fileTypesAndContributionMap":{"java":{"insertions":96,"deletions":23}}},{"hash":"71e64fea352d77573b51e724ad537d8186c3d31a","isMergeCommit":false,"messageTitle":"Create message for when list is empty Add handling for unknown commands","messageBody":"","fileTypesAndContributionMap":{"java":{"insertions":15,"deletions":4}}},{"hash":"1251967d73954771ba28f777d397786d5481d8ee","isMergeCommit":true,"messageTitle":"Merge branch \u0027branch-Level-5\u0027","messageBody":"","tags":["Level-5"],"fileTypesAndContributionMap":{}},{"hash":"6f93184407dacfa23d729acef0154f622607cdaf","isMergeCommit":false,"messageTitle":"Create task package Add tasks to task package","messageBody":"","fileTypesAndContributionMap":{"java":{"insertions":13,"deletions":0}}},{"hash":"fa21c21d42adb6b06d07441af6f1c7731896e4a5","isMergeCommit":true,"messageTitle":"Merge branch \u0027branch-A-Packages\u0027","messageBody":"","tags":["A-Packages"],"fileTypesAndContributionMap":{}}]},{"date":"2023-09-15","commitResults":[{"hash":"d7fd8478e425f250eccf4fd3fbcf3c108eaa6504","isMergeCommit":false,"messageTitle":"Add support for deleting tasks from the list, Use ArrayLists","messageBody":"","tags":["A-Collections"],"fileTypesAndContributionMap":{"java":{"insertions":35,"deletions":16}}},{"hash":"28c8156688e34b847928789a432f3fd154fec0dd","isMergeCommit":false,"messageTitle":"Refactor Deadline Class","messageBody":"","fileTypesAndContributionMap":{"java":{"insertions":1,"deletions":1}}},{"hash":"9f63ecac6fa8e2390efbb381ed7ffb14ef482521","isMergeCommit":false,"messageTitle":"Save tasks to hard drive at /data/toDoList.txt","messageBody":"","fileTypesAndContributionMap":{"java":{"insertions":187,"deletions":94}}},{"hash":"c32a6da4aa35f990e6978fd67485e59471847816","isMergeCommit":false,"messageTitle":"Revert \"Add support for deleting tasks from the list, Use ArrayLists\"","messageBody":"This reverts commit d7fd8478e425f250eccf4fd3fbcf3c108eaa6504.\n","fileTypesAndContributionMap":{"java":{"insertions":16,"deletions":35}}},{"hash":"9e8e4d935051db73864799da3734072cb8bcaf4b","isMergeCommit":true,"messageTitle":"Merge branch \u0027branch-Level-6\u0027","messageBody":"","tags":["Level-6"],"fileTypesAndContributionMap":{}},{"hash":"4583fbe5885404f4bcb34781bc33edebfcbae272","isMergeCommit":true,"messageTitle":"Merge branch \u0027master\u0027 of https://github.com/remy9926/ip","messageBody":"","fileTypesAndContributionMap":{}},{"hash":"23a4daf1cd1e1248ea8ea670257ac8decd61ae69","isMergeCommit":true,"messageTitle":"Merge branch \u0027branch-Level-7\u0027","messageBody":"","tags":["Level-7"],"fileTypesAndContributionMap":{}},{"hash":"021058d5b192199b8729008ba0f0186fe5ac32df","isMergeCommit":false,"messageTitle":"Revert \"Revert \"Add support for deleting tasks from the list, Use ArrayLists\"\"","messageBody":"This reverts commit c32a6da4aa35f990e6978fd67485e59471847816.\n","fileTypesAndContributionMap":{"java":{"insertions":35,"deletions":16}}},{"hash":"78b23784806c033d32fb7bdecf34a2087d8ee98f","isMergeCommit":true,"messageTitle":"Resolve merge conflict with branches 6 and 7","messageBody":"","fileTypesAndContributionMap":{}},{"hash":"4ede154c7ab76ca2bf0077253cc647ce2a6051e2","isMergeCommit":false,"messageTitle":"Refactor for ArrayLists","messageBody":"","fileTypesAndContributionMap":{"java":{"insertions":2,"deletions":2}}}]},{"date":"2023-09-16","commitResults":[{"hash":"a54d88079e87bd070c384171bb94ee7d58864c23","isMergeCommit":false,"messageTitle":"Modify setDone method in Task Class","messageBody":"","fileTypesAndContributionMap":{"java":{"insertions":0,"deletions":5}}},{"hash":"637b669f40fd1494c8fe05467e4d4190a7713c4c","isMergeCommit":false,"messageTitle":"Handle marked/unmarked tasks stored in hard drive","messageBody":"","fileTypesAndContributionMap":{"java":{"insertions":17,"deletions":3}}},{"hash":"16c53970d659cf5f7b0f34f90b134f657be108cc","isMergeCommit":false,"messageTitle":"Add handling for deleting tasks","messageBody":"","fileTypesAndContributionMap":{"java":{"insertions":14,"deletions":0}}},{"hash":"bbb59f78e09dca15203c152101a5eaa131a218a7","isMergeCommit":false,"messageTitle":"Delete task from the hard drive when deleting a task","messageBody":"","fileTypesAndContributionMap":{"java":{"insertions":35,"deletions":1}}},{"hash":"73552face2a857dc9452e5d9ba6fb27d80fc6c0e","isMergeCommit":false,"messageTitle":"Support editing the hard drive when marking/unmarking tasks","messageBody":"","tags":["A-Jar"],"fileTypesAndContributionMap":{"java":{"insertions":42,"deletions":0}}}]},{"date":"2023-09-23","commitResults":[{"hash":"b80f388d0930e6c16cad5972a9ae40c32b514ba2","isMergeCommit":false,"messageTitle":"Create and Extract Ui class","messageBody":"","fileTypesAndContributionMap":{"java":{"insertions":30,"deletions":23}}},{"hash":"527da86d8b1beb5b54ef396aa76e5a7c166d05bf","isMergeCommit":false,"messageTitle":"Create and Extract Storage class","messageBody":"","fileTypesAndContributionMap":{"java":{"insertions":185,"deletions":172}}},{"hash":"2b070e744201bb944e06052665ca7ffd0f82c811","isMergeCommit":false,"messageTitle":"Create and Extract TaskList class","messageBody":"","fileTypesAndContributionMap":{"java":{"insertions":97,"deletions":58}}},{"hash":"bf431d7a7605c496fbce064d59474e694a8f88ae","isMergeCommit":false,"messageTitle":"Handle user input in Ui Class","messageBody":"","fileTypesAndContributionMap":{"java":{"insertions":19,"deletions":7}}},{"hash":"f21b52542efdc136f14c9e48bee1ac8ec73ffc42","isMergeCommit":false,"messageTitle":"Package classes into one package","messageBody":"","fileTypesAndContributionMap":{"java":{"insertions":35,"deletions":6}}}]},{"date":"2023-09-24","commitResults":[{"hash":"c56d182534479541c3655e6feaef1f9b3c349091","isMergeCommit":false,"messageTitle":"Create and Extract Parser class","messageBody":"","tags":["A-MoreOOP"],"fileTypesAndContributionMap":{"java":{"insertions":18,"deletions":39}}},{"hash":"c293741416be4a2df52c2f20693107f4588ce711","isMergeCommit":false,"messageTitle":"Remove Scanner import from Main","messageBody":"","fileTypesAndContributionMap":{"java":{"insertions":0,"deletions":1}}}]}]},"authorFileTypeContributionMap":{"Remy9926":{"java":586,"md":0,"fxml":0,"sh":0,"bat":0,"gradle":0,"txt":0}},"authorContributionVariance":{"Remy9926":15982.68},"authorDisplayNameMap":{"Remy9926":"CS2113-F11-1 HUAN..AMES"}}
