{"authorDailyContributionsMap":{"Remy9926":[{"date":"2023-08-19","commitResults":[{"hash":"356e3886d2e74406885b9757ee32fea86d955372","isMergeCommit":false,"messageTitle":"Rename bot name, add greet and exit","messageBody":"","fileTypesAndContributionMap":{"java":{"insertions":10,"deletions":0}}}]},{"date":"2023-08-27","commitResults":[{"hash":"cb300a566c5260ce47a2df925e383f92be903a16","isMergeCommit":false,"messageTitle":"Update .gitignore Add Echo to bot","messageBody":"","tags":["Level-1"],"fileTypesAndContributionMap":{"java":{"insertions":33,"deletions":14}}},{"hash":"a5464ca95d1173d2ffeb532828e343e0ea31ca8e","isMergeCommit":false,"messageTitle":"Add toDoList functionality","messageBody":"","tags":["Level-2"],"fileTypesAndContributionMap":{"java":{"insertions":16,"deletions":1}}},{"hash":"c15afb4f47c0a6ec33c26075c0e77a53f2bccef9","isMergeCommit":false,"messageTitle":"Add Task Class Mark As Done","messageBody":"","tags":["Level-3"],"fileTypesAndContributionMap":{"java":{"insertions":59,"deletions":4}}},{"hash":"c71525fd421a6f5275c6bafb994454df494927e6","isMergeCommit":false,"messageTitle":"Refactor code to follow coding standard","messageBody":"","tags":["A-CodingStandard"],"fileTypesAndContributionMap":{"java":{"insertions":23,"deletions":26}}}]},{"date":"2023-08-28","commitResults":[{"hash":"9bf24f878ae5819da186f3e5035bf74ed81000fb","isMergeCommit":false,"messageTitle":"Added ASCII art when greeting user","messageBody":"","fileTypesAndContributionMap":{"java":{"insertions":9,"deletions":0}}}]},{"date":"2023-09-02","commitResults":[{"hash":"8d21e54183f15e6ead233cf8e8f66042ab12fccd","isMergeCommit":false,"messageTitle":"Add functionality for different types of Tasks","messageBody":"","tags":["Level-4"],"fileTypesAndContributionMap":{"java":{"insertions":116,"deletions":9}}},{"hash":"e6d721a4269501d3435e5ec532bb042c058701b1","isMergeCommit":false,"messageTitle":"Refactored logic","messageBody":"","tags":["A-CodeQuality"],"fileTypesAndContributionMap":{"java":{"insertions":10,"deletions":22}}}]},{"date":"2023-09-08","commitResults":[{"hash":"a3e9fd7a1a1a7db4b94bec1cdc9fba1ed8f9aeed","isMergeCommit":false,"messageTitle":"Refactor code to better meet coding standards","messageBody":"","fileTypesAndContributionMap":{"java":{"insertions":6,"deletions":3}}}]},{"date":"2023-09-09","commitResults":[{"hash":"0346be6e81ea30fc914a41a58c09e8289d9ec00e","isMergeCommit":false,"messageTitle":"Add RemyException class Add Exception Handling to invalid inputs","messageBody":"","fileTypesAndContributionMap":{"java":{"insertions":96,"deletions":23}}},{"hash":"71e64fea352d77573b51e724ad537d8186c3d31a","isMergeCommit":false,"messageTitle":"Create message for when list is empty Add handling for unknown commands","messageBody":"","fileTypesAndContributionMap":{"java":{"insertions":15,"deletions":4}}},{"hash":"1251967d73954771ba28f777d397786d5481d8ee","isMergeCommit":true,"messageTitle":"Merge branch \u0027branch-Level-5\u0027","messageBody":"","tags":["Level-5"],"fileTypesAndContributionMap":{}},{"hash":"6f93184407dacfa23d729acef0154f622607cdaf","isMergeCommit":false,"messageTitle":"Create task package Add tasks to task package","messageBody":"","fileTypesAndContributionMap":{"java":{"insertions":13,"deletions":0}}},{"hash":"fa21c21d42adb6b06d07441af6f1c7731896e4a5","isMergeCommit":true,"messageTitle":"Merge branch \u0027branch-A-Packages\u0027","messageBody":"","tags":["A-Packages"],"fileTypesAndContributionMap":{}}]}]},"authorFileTypeContributionMap":{"Remy9926":{"java":305,"md":0,"fxml":0,"sh":0,"bat":0,"gradle":0,"txt":0}},"authorContributionVariance":{"Remy9926":2925.6716},"authorDisplayNameMap":{"Remy9926":"CS2113-F11-1 HUAN..AMES"}}
