{"authorDailyContributionsMap":{"skylee03":[{"date":"2023-08-18","commitResults":[{"hash":"774db48572a5755342dce512fcc703a569769bf0","isMergeCommit":false,"messageTitle":"Rename Duke to Skylee","messageBody":"","fileTypesAndContributionMap":{"java":{"insertions":1,"deletions":1},"bat":{"insertions":1,"deletions":1},"sh":{"insertions":1,"deletions":1}}},{"hash":"a1f2510dac22f0a04b8d5dd2d5e927352c38f0d7","isMergeCommit":false,"messageTitle":"Add greeting message","messageBody":"","tags":["Level-0"],"fileTypesAndContributionMap":{"java":{"insertions":6,"deletions":5}}}]},{"date":"2023-08-27","commitResults":[{"hash":"e6748dcc5bf48ff67ae28d61fc6d18f5b7cf4af5","isMergeCommit":false,"messageTitle":"Add echo","messageBody":"","tags":["Level-1"],"fileTypesAndContributionMap":{"java":{"insertions":21,"deletions":3}}},{"hash":"cd95fb7cb1c28ab757cec821de1aebf61be133dd","isMergeCommit":false,"messageTitle":"Add add \u0026 list","messageBody":"","tags":["Level-2"],"fileTypesAndContributionMap":{"java":{"insertions":14,"deletions":4}}},{"hash":"273a3e106ded2ef0e7e2d43ae8691ad17a3e05d2","isMergeCommit":false,"messageTitle":"Add mark \u0026 unmark","messageBody":"","tags":["Level-3","A-CodingStandard","A-Classes"],"fileTypesAndContributionMap":{"java":{"insertions":47,"deletions":6}}}]},{"date":"2023-09-01","commitResults":[{"hash":"c357c54edb7165a7c3ad54c17259cf3c40b707ed","isMergeCommit":false,"messageTitle":"Add support for Todo, Event \u0026 Deadline","messageBody":"","tags":["Level-4","A-Inheritance"],"fileTypesAndContributionMap":{"java":{"insertions":88,"deletions":23}}},{"hash":"1962c5dd75ad5aac985cda4f4c2afa9852474a73","isMergeCommit":false,"messageTitle":"Update automated testing input and expected output","messageBody":"","tags":["A-TextUiTesting"],"fileTypesAndContributionMap":{"txt":{"insertions":13,"deletions":0}}},{"hash":"31b4882cb7c18c76664be8b60f12e350e02af4c2","isMergeCommit":false,"messageTitle":"Decompose Skylee.main to avoid long method","messageBody":"","tags":["A-CodeQuality"],"fileTypesAndContributionMap":{"java":{"insertions":37,"deletions":32}}}]},{"date":"2023-09-07","commitResults":[{"hash":"64039d95f436df37bfc67e942698637595880e60","isMergeCommit":false,"messageTitle":"Extract command parsing methods","messageBody":"","fileTypesAndContributionMap":{"java":{"insertions":31,"deletions":16}}}]},{"date":"2023-09-10","commitResults":[{"hash":"4962d7f4b461c4a4ec4f3d571619d218f0056140","isMergeCommit":false,"messageTitle":"Handle errors","messageBody":"","fileTypesAndContributionMap":{"java":{"insertions":116,"deletions":37}}},{"hash":"640df25161f5ca48df4fd913affa4f72c533e180","isMergeCommit":true,"messageTitle":"Merge branch \u0027branch-Level-5\u0027","messageBody":"","tags":["Level-5","A-Exceptions"],"fileTypesAndContributionMap":{}},{"hash":"420fb8973e09348d01030b9af001a8807695fd08","isMergeCommit":false,"messageTitle":"Add showMessages method","messageBody":"","fileTypesAndContributionMap":{"java":{"insertions":43,"deletions":53}}},{"hash":"5e6cf9e30c00687e4d4a359c64d76aa133156a33","isMergeCommit":false,"messageTitle":"Define commands as string constants","messageBody":"","fileTypesAndContributionMap":{"java":{"insertions":14,"deletions":7}}},{"hash":"c81dadf17dd18439ec0ff21e0ba76b6ce16f1b11","isMergeCommit":false,"messageTitle":"Define messages as string constants","messageBody":"","fileTypesAndContributionMap":{"java":{"insertions":31,"deletions":23}}},{"hash":"e779498ab8c1572639ab6c45c36f11293e1bfd05","isMergeCommit":false,"messageTitle":"Extract commands into methods","messageBody":"","fileTypesAndContributionMap":{"java":{"insertions":30,"deletions":26}}},{"hash":"9df81d0153b465f79700be5edd3d48d5a697e25b","isMergeCommit":false,"messageTitle":"Define parsing error messages as string constants","messageBody":"","fileTypesAndContributionMap":{"java":{"insertions":29,"deletions":15}}},{"hash":"08fee27346b9cdd324532b828e2992b15ae969ed","isMergeCommit":false,"messageTitle":"Divide classes into packages","messageBody":"","fileTypesAndContributionMap":{"java":{"insertions":23,"deletions":0},"bat":{"insertions":2,"deletions":2},"sh":{"insertions":2,"deletions":2}}},{"hash":"0e3f778adb9c74b62ebbd0dbc13f29462f5f0a0e","isMergeCommit":false,"messageTitle":"Move string constants to classes under io package","messageBody":"","fileTypesAndContributionMap":{"java":{"insertions":87,"deletions":37},"bat":{"insertions":1,"deletions":1},"sh":{"insertions":1,"deletions":1}}},{"hash":"b4fad5e0993f467efd45d02e0632cff296c766f2","isMergeCommit":false,"messageTitle":"Move SkyleeException to exception package","messageBody":"","fileTypesAndContributionMap":{"java":{"insertions":5,"deletions":4},"bat":{"insertions":1,"deletions":1},"sh":{"insertions":1,"deletions":1}}},{"hash":"20e1dba7de1e26db97d7ad8b7aa7fde4c336bc2c","isMergeCommit":true,"messageTitle":"Merge branch \u0027branch-A-Packages\u0027","messageBody":"","tags":["A-Packages"],"fileTypesAndContributionMap":{}}]},{"date":"2023-09-16","commitResults":[{"hash":"a8edf61b179206ac4b7fc8d644ae14b8fc3f21be","isMergeCommit":false,"messageTitle":"Add support for deleting tasks from the list","messageBody":"","fileTypesAndContributionMap":{"java":{"insertions":27,"deletions":13}}},{"hash":"6c12c2b063f0a5473dff0aab953831b2fac15da5","isMergeCommit":false,"messageTitle":"Update text UI test","messageBody":"","fileTypesAndContributionMap":{"txt":{"insertions":7,"deletions":0}}},{"hash":"db9b29cd8958ef63864dd33e08b03d276df76d94","isMergeCommit":false,"messageTitle":"Add file saving and loading","messageBody":"","fileTypesAndContributionMap":{"java":{"insertions":143,"deletions":25}}},{"hash":"f513c915ab56455993d96fa63114718def77d79a","isMergeCommit":true,"messageTitle":"Merge branch \u0027branch-Level-6\u0027","messageBody":"","tags":["Level-6","A-Collections"],"fileTypesAndContributionMap":{}},{"hash":"bf7922cce5a7dcdfa96f788c5fd1784e8a1da260","isMergeCommit":true,"messageTitle":"Merge branch \u0027branch-Level-7\u0027","messageBody":"","tags":["Level-7"],"fileTypesAndContributionMap":{}}]},{"date":"2023-09-22","commitResults":[{"hash":"1187355cdb70ee903f5f0b0febd73b2103d31ae8","isMergeCommit":false,"messageTitle":"Extract the `Ui` class","messageBody":"","fileTypesAndContributionMap":{"java":{"insertions":71,"deletions":41}}},{"hash":"3e11a911f2dcd4bf6d7e07b468b9e08eba592fe4","isMergeCommit":false,"messageTitle":"Extract the `Storage` class","messageBody":"","fileTypesAndContributionMap":{"java":{"insertions":68,"deletions":50}}},{"hash":"2dbdeabbb197c6129b245ec7977bcfaa5aa07da3","isMergeCommit":false,"messageTitle":"Extract the `Parser` class","messageBody":"","fileTypesAndContributionMap":{"java":{"insertions":128,"deletions":142}}},{"hash":"3cf80555efeccd2622f5e48ca0b945c2eadfd63f","isMergeCommit":false,"messageTitle":"Extract the `TaskList` class","messageBody":"","fileTypesAndContributionMap":{"java":{"insertions":29,"deletions":13}}},{"hash":"c95756a9e7bd0d0b6611617130a15af18de45fdd","isMergeCommit":false,"messageTitle":"Extract the `*Command` classes","messageBody":"","tags":["A-MoreOOP"],"fileTypesAndContributionMap":{"java":{"insertions":242,"deletions":134}}}]},{"date":"2023-09-23","commitResults":[{"hash":"2b8ca5b6fcb12818d9e982efff12f30f3dced6a8","isMergeCommit":false,"messageTitle":"Add support for dates and times","messageBody":"","fileTypesAndContributionMap":{"java":{"insertions":55,"deletions":16}}},{"hash":"5be5a4b64b4600574a686071f97705c3fdae7795","isMergeCommit":false,"messageTitle":"Add `date` command","messageBody":"","fileTypesAndContributionMap":{"java":{"insertions":69,"deletions":4}}},{"hash":"16594a6bed1bad7aedc9f85c4d3ce225dc279490","isMergeCommit":false,"messageTitle":"Add `date` command","messageBody":"","fileTypesAndContributionMap":{"java":{"insertions":36,"deletions":0}}},{"hash":"52a0612888459e15aa57cdfe9d7331291c27b013","isMergeCommit":true,"messageTitle":"Merge pull request #1 from skylee03/branch-Level-8","messageBody":"Branch level 8","tags":["Level-8"],"fileTypesAndContributionMap":{}},{"hash":"dc50ea83e34738f89f4052e679f7b835806745d2","isMergeCommit":true,"messageTitle":"Merge branch \u0027master\u0027 into branch-Level-9","messageBody":"","fileTypesAndContributionMap":{}},{"hash":"8e55d28af83bd0fb55b49a5cdb04b8c4b6cd2a69","isMergeCommit":true,"messageTitle":"Merge pull request #2 from skylee03/branch-Level-9","messageBody":"Branch level 9","tags":["Level-9"],"fileTypesAndContributionMap":{}}]}]},"authorFileTypeContributionMap":{"skylee03":{"java":778,"md":0,"fxml":0,"sh":2,"bat":2,"gradle":0,"txt":20}},"authorContributionVariance":{"skylee03":32085.717},"authorDisplayNameMap":{"skylee03":"CS2113-T17-1 YANG..TIAN"}}
