[{"path":"src/main/java/Neo.java","fileType":"java","lines":[{"lineNumber":1,"author":{"gitId":"NeoMinWei"},"content":"import neo.exception.NeoException;","lastModifiedDate":"2023-09-09"},{"lineNumber":2,"author":{"gitId":"NeoMinWei"},"content":"import neo.task.Deadline;","lastModifiedDate":"2023-09-09"},{"lineNumber":3,"author":{"gitId":"NeoMinWei"},"content":"import neo.task.Event;","lastModifiedDate":"2023-09-09"},{"lineNumber":4,"author":{"gitId":"NeoMinWei"},"content":"import neo.task.Task;","lastModifiedDate":"2023-09-09"},{"lineNumber":5,"author":{"gitId":"NeoMinWei"},"content":"import neo.task.Todo;","lastModifiedDate":"2023-09-09"},{"lineNumber":6,"author":{"gitId":"NeoMinWei"},"content":"import neo.type.CommandType;","lastModifiedDate":"2023-09-09"},{"lineNumber":7,"author":{"gitId":"NeoMinWei"},"content":"import neo.type.ErrorType;","lastModifiedDate":"2023-09-09"},{"lineNumber":8,"author":{"gitId":"NeoMinWei"},"content":"import java.util.Scanner;","lastModifiedDate":"2023-08-27"},{"lineNumber":9,"author":{"gitId":"NeoMinWei"},"content":"import java.util.ArrayList;","lastModifiedDate":"2023-09-16"},{"lineNumber":10,"author":{"gitId":"NeoMinWei"},"content":"import java.io.File;","lastModifiedDate":"2023-09-16"},{"lineNumber":11,"author":{"gitId":"NeoMinWei"},"content":"import java.io.FileWriter;","lastModifiedDate":"2023-09-16"},{"lineNumber":12,"author":{"gitId":"NeoMinWei"},"content":"import java.io.IOException;","lastModifiedDate":"2023-09-16"},{"lineNumber":13,"author":{"gitId":"NeoMinWei"},"content":"public class Neo {","lastModifiedDate":"2023-08-20"},{"lineNumber":14,"author":{"gitId":"NeoMinWei"},"content":"","lastModifiedDate":"2023-09-09"},{"lineNumber":15,"author":{"gitId":"NeoMinWei"},"content":"    public static void printList(ArrayList\u003cTask\u003e list) {","lastModifiedDate":"2023-09-16"},{"lineNumber":16,"author":{"gitId":"NeoMinWei"},"content":"        int listIndex \u003d 1;","lastModifiedDate":"2023-09-06"},{"lineNumber":17,"author":{"gitId":"NeoMinWei"},"content":"","lastModifiedDate":"2023-09-06"},{"lineNumber":18,"author":{"gitId":"NeoMinWei"},"content":"        System.out.println(\"Here are the tasks in your list:\");","lastModifiedDate":"2023-09-02"},{"lineNumber":19,"author":{"gitId":"NeoMinWei"},"content":"        for (Task task : list) {","lastModifiedDate":"2023-09-16"},{"lineNumber":20,"author":{"gitId":"NeoMinWei"},"content":"            System.out.print((listIndex) + \". \");","lastModifiedDate":"2023-09-06"},{"lineNumber":21,"author":{"gitId":"NeoMinWei"},"content":"            System.out.println(task);","lastModifiedDate":"2023-09-16"},{"lineNumber":22,"author":{"gitId":"NeoMinWei"},"content":"            listIndex++;","lastModifiedDate":"2023-09-06"},{"lineNumber":23,"author":{"gitId":"NeoMinWei"},"content":"        }","lastModifiedDate":"2023-08-29"},{"lineNumber":24,"author":{"gitId":"NeoMinWei"},"content":"    }","lastModifiedDate":"2023-09-06"},{"lineNumber":25,"author":{"gitId":"NeoMinWei"},"content":"","lastModifiedDate":"2023-09-06"},{"lineNumber":26,"author":{"gitId":"NeoMinWei"},"content":"    public static void printAddedTask(ArrayList\u003cTask\u003e list) {","lastModifiedDate":"2023-09-16"},{"lineNumber":27,"author":{"gitId":"NeoMinWei"},"content":"        int listSize \u003d list.size();","lastModifiedDate":"2023-09-16"},{"lineNumber":28,"author":{"gitId":"NeoMinWei"},"content":"        int arrayListIndex \u003d listSize - 1;","lastModifiedDate":"2023-09-16"},{"lineNumber":29,"author":{"gitId":"NeoMinWei"},"content":"","lastModifiedDate":"2023-09-16"},{"lineNumber":30,"author":{"gitId":"NeoMinWei"},"content":"        System.out.println(\"Got it. I\u0027ve added this task:\");","lastModifiedDate":"2023-09-16"},{"lineNumber":31,"author":{"gitId":"NeoMinWei"},"content":"        System.out.println(\"    \" + list.get(arrayListIndex));","lastModifiedDate":"2023-09-16"},{"lineNumber":32,"author":{"gitId":"NeoMinWei"},"content":"        System.out.print(\"Now you have \" + listSize);","lastModifiedDate":"2023-09-16"},{"lineNumber":33,"author":{"gitId":"NeoMinWei"},"content":"        if (listSize \u003d\u003d 1) {","lastModifiedDate":"2023-09-16"},{"lineNumber":34,"author":{"gitId":"NeoMinWei"},"content":"            System.out.println(\" task in the list.\");","lastModifiedDate":"2023-09-16"},{"lineNumber":35,"author":{"gitId":"NeoMinWei"},"content":"        } else {","lastModifiedDate":"2023-09-16"},{"lineNumber":36,"author":{"gitId":"NeoMinWei"},"content":"            System.out.println(\" tasks in the list.\");","lastModifiedDate":"2023-09-16"},{"lineNumber":37,"author":{"gitId":"NeoMinWei"},"content":"        }","lastModifiedDate":"2023-09-16"},{"lineNumber":38,"author":{"gitId":"NeoMinWei"},"content":"    }","lastModifiedDate":"2023-09-16"},{"lineNumber":39,"author":{"gitId":"NeoMinWei"},"content":"","lastModifiedDate":"2023-09-16"},{"lineNumber":40,"author":{"gitId":"NeoMinWei"},"content":"    public static void markTask(String line, ArrayList\u003cTask\u003e list) {","lastModifiedDate":"2023-09-16"},{"lineNumber":41,"author":{"gitId":"NeoMinWei"},"content":"        try {","lastModifiedDate":"2023-09-08"},{"lineNumber":42,"author":{"gitId":"NeoMinWei"},"content":"            String[] words \u003d line.split(\" \");","lastModifiedDate":"2023-08-29"},{"lineNumber":43,"author":{"gitId":"NeoMinWei"},"content":"            int listIndex \u003d Integer.parseInt(words[1]);","lastModifiedDate":"2023-09-06"},{"lineNumber":44,"author":{"gitId":"NeoMinWei"},"content":"            int arrayListIndex \u003d listIndex - 1;","lastModifiedDate":"2023-09-16"},{"lineNumber":45,"author":{"gitId":"NeoMinWei"},"content":"","lastModifiedDate":"2023-09-06"},{"lineNumber":46,"author":{"gitId":"NeoMinWei"},"content":"            Task toMark \u003d list.get(arrayListIndex);","lastModifiedDate":"2023-09-16"},{"lineNumber":47,"author":{"gitId":"NeoMinWei"},"content":"            toMark.setDone(true);","lastModifiedDate":"2023-09-16"},{"lineNumber":48,"author":{"gitId":"NeoMinWei"},"content":"            list.set(arrayListIndex, toMark);","lastModifiedDate":"2023-09-16"},{"lineNumber":49,"author":{"gitId":"NeoMinWei"},"content":"            System.out.println(\"Nice! I\u0027ve marked this task as done: \");","lastModifiedDate":"2023-08-29"},{"lineNumber":50,"author":{"gitId":"NeoMinWei"},"content":"            System.out.println(\"    \" + list.get(arrayListIndex));","lastModifiedDate":"2023-09-16"},{"lineNumber":51,"author":{"gitId":"NeoMinWei"},"content":"        } catch (ArrayIndexOutOfBoundsException e) {","lastModifiedDate":"2023-09-08"},{"lineNumber":52,"author":{"gitId":"NeoMinWei"},"content":"            System.out.println(\"OOPS!!! Please give the index of which task to mark.\");","lastModifiedDate":"2023-09-08"},{"lineNumber":53,"author":{"gitId":"NeoMinWei"},"content":"        } catch (IndexOutOfBoundsException e) {","lastModifiedDate":"2023-09-16"},{"lineNumber":54,"author":{"gitId":"NeoMinWei"},"content":"            System.out.println(\"OOPS!!! Please make sure the index given is within the current list.\");","lastModifiedDate":"2023-09-16"},{"lineNumber":55,"author":{"gitId":"NeoMinWei"},"content":"        }","lastModifiedDate":"2023-09-08"},{"lineNumber":56,"author":{"gitId":"NeoMinWei"},"content":"    }","lastModifiedDate":"2023-09-06"},{"lineNumber":57,"author":{"gitId":"NeoMinWei"},"content":"","lastModifiedDate":"2023-09-06"},{"lineNumber":58,"author":{"gitId":"NeoMinWei"},"content":"    public static void unmarkTask(String line, ArrayList\u003cTask\u003e list) {","lastModifiedDate":"2023-09-16"},{"lineNumber":59,"author":{"gitId":"NeoMinWei"},"content":"        try {","lastModifiedDate":"2023-09-08"},{"lineNumber":60,"author":{"gitId":"NeoMinWei"},"content":"            String[] words \u003d line.split(\" \");","lastModifiedDate":"2023-08-29"},{"lineNumber":61,"author":{"gitId":"NeoMinWei"},"content":"            int listIndex \u003d Integer.parseInt(words[1]);","lastModifiedDate":"2023-09-06"},{"lineNumber":62,"author":{"gitId":"NeoMinWei"},"content":"            int arrayListIndex \u003d listIndex - 1;","lastModifiedDate":"2023-09-16"},{"lineNumber":63,"author":{"gitId":"NeoMinWei"},"content":"","lastModifiedDate":"2023-09-06"},{"lineNumber":64,"author":{"gitId":"NeoMinWei"},"content":"            Task toUnmark \u003d list.get(arrayListIndex);","lastModifiedDate":"2023-09-16"},{"lineNumber":65,"author":{"gitId":"NeoMinWei"},"content":"            toUnmark.setDone(false);","lastModifiedDate":"2023-09-16"},{"lineNumber":66,"author":{"gitId":"NeoMinWei"},"content":"            list.set(arrayListIndex, toUnmark);","lastModifiedDate":"2023-09-16"},{"lineNumber":67,"author":{"gitId":"NeoMinWei"},"content":"            System.out.println(\"OK, I\u0027ve marked this task as not done yet: \");","lastModifiedDate":"2023-08-29"},{"lineNumber":68,"author":{"gitId":"NeoMinWei"},"content":"            System.out.println(\"    \" + list.get(arrayListIndex));","lastModifiedDate":"2023-09-16"},{"lineNumber":69,"author":{"gitId":"NeoMinWei"},"content":"        } catch (ArrayIndexOutOfBoundsException e) {","lastModifiedDate":"2023-09-16"},{"lineNumber":70,"author":{"gitId":"NeoMinWei"},"content":"            System.out.println(\"OOPS!!! Please give the index of which task to unmark.\");","lastModifiedDate":"2023-09-08"},{"lineNumber":71,"author":{"gitId":"NeoMinWei"},"content":"        } catch (IndexOutOfBoundsException e) {","lastModifiedDate":"2023-09-16"},{"lineNumber":72,"author":{"gitId":"NeoMinWei"},"content":"            System.out.println(\"OOPS!!! Please make sure the index given is within the current list.\");","lastModifiedDate":"2023-09-16"},{"lineNumber":73,"author":{"gitId":"NeoMinWei"},"content":"        }","lastModifiedDate":"2023-09-08"},{"lineNumber":74,"author":{"gitId":"NeoMinWei"},"content":"    }","lastModifiedDate":"2023-09-08"},{"lineNumber":75,"author":{"gitId":"NeoMinWei"},"content":"","lastModifiedDate":"2023-09-06"},{"lineNumber":76,"author":{"gitId":"NeoMinWei"},"content":"    public static void deleteTask(String line, ArrayList\u003cTask\u003e list) {","lastModifiedDate":"2023-09-16"},{"lineNumber":77,"author":{"gitId":"NeoMinWei"},"content":"        try {","lastModifiedDate":"2023-09-16"},{"lineNumber":78,"author":{"gitId":"NeoMinWei"},"content":"            String[] words \u003d line.split(\" \");","lastModifiedDate":"2023-09-16"},{"lineNumber":79,"author":{"gitId":"NeoMinWei"},"content":"            int listIndex \u003d Integer.parseInt(words[1]);","lastModifiedDate":"2023-09-16"},{"lineNumber":80,"author":{"gitId":"NeoMinWei"},"content":"            int arrayListIndex \u003d listIndex - 1;","lastModifiedDate":"2023-09-16"},{"lineNumber":81,"author":{"gitId":"NeoMinWei"},"content":"","lastModifiedDate":"2023-09-16"},{"lineNumber":82,"author":{"gitId":"NeoMinWei"},"content":"            Task toRemove \u003d list.get(arrayListIndex);","lastModifiedDate":"2023-09-16"},{"lineNumber":83,"author":{"gitId":"NeoMinWei"},"content":"            list.remove(arrayListIndex);","lastModifiedDate":"2023-09-16"},{"lineNumber":84,"author":{"gitId":"NeoMinWei"},"content":"            int listSize \u003d list.size();","lastModifiedDate":"2023-09-16"},{"lineNumber":85,"author":{"gitId":"NeoMinWei"},"content":"","lastModifiedDate":"2023-09-16"},{"lineNumber":86,"author":{"gitId":"NeoMinWei"},"content":"            System.out.println(\"Noted. I\u0027ve removed this task:\");","lastModifiedDate":"2023-09-16"},{"lineNumber":87,"author":{"gitId":"NeoMinWei"},"content":"            System.out.println(\"    \" + toRemove);","lastModifiedDate":"2023-09-16"},{"lineNumber":88,"author":{"gitId":"NeoMinWei"},"content":"            System.out.print(\"Now you have \");","lastModifiedDate":"2023-09-16"},{"lineNumber":89,"author":{"gitId":"NeoMinWei"},"content":"            if (listSize \u003d\u003d 1) {","lastModifiedDate":"2023-09-16"},{"lineNumber":90,"author":{"gitId":"NeoMinWei"},"content":"                System.out.println(listSize + \" task in the list.\");","lastModifiedDate":"2023-09-16"},{"lineNumber":91,"author":{"gitId":"NeoMinWei"},"content":"            } else {","lastModifiedDate":"2023-09-16"},{"lineNumber":92,"author":{"gitId":"NeoMinWei"},"content":"                System.out.println(listSize + \" tasks in the list.\");","lastModifiedDate":"2023-09-16"},{"lineNumber":93,"author":{"gitId":"NeoMinWei"},"content":"            }","lastModifiedDate":"2023-09-16"},{"lineNumber":94,"author":{"gitId":"NeoMinWei"},"content":"        } catch (ArrayIndexOutOfBoundsException e) {","lastModifiedDate":"2023-09-16"},{"lineNumber":95,"author":{"gitId":"NeoMinWei"},"content":"            System.out.println(\"OOPS!!! Please give the index of which task to delete.\");","lastModifiedDate":"2023-09-16"},{"lineNumber":96,"author":{"gitId":"NeoMinWei"},"content":"        } catch (IndexOutOfBoundsException e) {","lastModifiedDate":"2023-09-16"},{"lineNumber":97,"author":{"gitId":"NeoMinWei"},"content":"            System.out.println(\"OOPS!!! Please make sure the index given is within the current list.\");","lastModifiedDate":"2023-09-16"},{"lineNumber":98,"author":{"gitId":"NeoMinWei"},"content":"        }","lastModifiedDate":"2023-09-16"},{"lineNumber":99,"author":{"gitId":"NeoMinWei"},"content":"    }","lastModifiedDate":"2023-09-16"},{"lineNumber":100,"author":{"gitId":"NeoMinWei"},"content":"","lastModifiedDate":"2023-09-16"},{"lineNumber":101,"author":{"gitId":"NeoMinWei"},"content":"    public static void catchFormatError(CommandType type, String line) throws NeoException {","lastModifiedDate":"2023-09-09"},{"lineNumber":102,"author":{"gitId":"NeoMinWei"},"content":"        switch (type) {","lastModifiedDate":"2023-09-09"},{"lineNumber":103,"author":{"gitId":"NeoMinWei"},"content":"        case TODO:","lastModifiedDate":"2023-09-09"},{"lineNumber":104,"author":{"gitId":"NeoMinWei"},"content":"            if (line.contains(\"/from\") || (line.contains(\"/to\"))) {","lastModifiedDate":"2023-09-09"},{"lineNumber":105,"author":{"gitId":"NeoMinWei"},"content":"                throw new NeoException(\"/from\", ErrorType.MISUSE);","lastModifiedDate":"2023-09-09"},{"lineNumber":106,"author":{"gitId":"NeoMinWei"},"content":"            }","lastModifiedDate":"2023-09-09"},{"lineNumber":107,"author":{"gitId":"NeoMinWei"},"content":"            if (line.contains(\"/by\")) {","lastModifiedDate":"2023-09-09"},{"lineNumber":108,"author":{"gitId":"NeoMinWei"},"content":"                throw new NeoException(\"/by\", ErrorType.MISUSE);","lastModifiedDate":"2023-09-09"},{"lineNumber":109,"author":{"gitId":"NeoMinWei"},"content":"            }","lastModifiedDate":"2023-09-08"},{"lineNumber":110,"author":{"gitId":"NeoMinWei"},"content":"            break;","lastModifiedDate":"2023-09-09"},{"lineNumber":111,"author":{"gitId":"NeoMinWei"},"content":"        case DEADLINE:","lastModifiedDate":"2023-09-09"},{"lineNumber":112,"author":{"gitId":"NeoMinWei"},"content":"            if (line.contains(\"/from\") || (line.contains(\"/to\"))) {","lastModifiedDate":"2023-09-09"},{"lineNumber":113,"author":{"gitId":"NeoMinWei"},"content":"                throw new NeoException(\"/from\", ErrorType.MISUSE);","lastModifiedDate":"2023-09-09"},{"lineNumber":114,"author":{"gitId":"NeoMinWei"},"content":"            }","lastModifiedDate":"2023-09-08"},{"lineNumber":115,"author":{"gitId":"NeoMinWei"},"content":"            if (!line.contains(\"/by\")) {","lastModifiedDate":"2023-09-09"},{"lineNumber":116,"author":{"gitId":"NeoMinWei"},"content":"                throw new NeoException(\"/by\", ErrorType.FORMAT);","lastModifiedDate":"2023-09-09"},{"lineNumber":117,"author":{"gitId":"NeoMinWei"},"content":"            }","lastModifiedDate":"2023-09-08"},{"lineNumber":118,"author":{"gitId":"NeoMinWei"},"content":"            break;","lastModifiedDate":"2023-09-09"},{"lineNumber":119,"author":{"gitId":"NeoMinWei"},"content":"        case EVENT:","lastModifiedDate":"2023-09-09"},{"lineNumber":120,"author":{"gitId":"NeoMinWei"},"content":"            if (line.contains(\"/by\")) {","lastModifiedDate":"2023-09-09"},{"lineNumber":121,"author":{"gitId":"NeoMinWei"},"content":"                throw new NeoException(\"/by\", ErrorType.MISUSE);","lastModifiedDate":"2023-09-09"},{"lineNumber":122,"author":{"gitId":"NeoMinWei"},"content":"            }","lastModifiedDate":"2023-09-09"},{"lineNumber":123,"author":{"gitId":"NeoMinWei"},"content":"            if (!line.contains(\"/from\")) {","lastModifiedDate":"2023-09-09"},{"lineNumber":124,"author":{"gitId":"NeoMinWei"},"content":"                throw new NeoException(\"/from\", ErrorType.FORMAT);","lastModifiedDate":"2023-09-09"},{"lineNumber":125,"author":{"gitId":"NeoMinWei"},"content":"            }","lastModifiedDate":"2023-09-08"},{"lineNumber":126,"author":{"gitId":"NeoMinWei"},"content":"            if (!line.contains(\"/to\")) {","lastModifiedDate":"2023-09-09"},{"lineNumber":127,"author":{"gitId":"NeoMinWei"},"content":"                throw new NeoException(\"/to\", ErrorType.FORMAT);","lastModifiedDate":"2023-09-09"},{"lineNumber":128,"author":{"gitId":"NeoMinWei"},"content":"            }","lastModifiedDate":"2023-09-09"},{"lineNumber":129,"author":{"gitId":"NeoMinWei"},"content":"            break;","lastModifiedDate":"2023-09-09"},{"lineNumber":130,"author":{"gitId":"NeoMinWei"},"content":"        }","lastModifiedDate":"2023-09-08"},{"lineNumber":131,"author":{"gitId":"NeoMinWei"},"content":"    }","lastModifiedDate":"2023-09-08"},{"lineNumber":132,"author":{"gitId":"NeoMinWei"},"content":"","lastModifiedDate":"2023-09-08"},{"lineNumber":133,"author":{"gitId":"NeoMinWei"},"content":"    public static void catchEmptyDescription(String field, String description) throws NeoException {","lastModifiedDate":"2023-09-08"},{"lineNumber":134,"author":{"gitId":"NeoMinWei"},"content":"        if (description.isBlank()) {","lastModifiedDate":"2023-09-08"},{"lineNumber":135,"author":{"gitId":"NeoMinWei"},"content":"            throw new NeoException(field, ErrorType.EMPTY);","lastModifiedDate":"2023-09-09"},{"lineNumber":136,"author":{"gitId":"NeoMinWei"},"content":"        }","lastModifiedDate":"2023-09-08"},{"lineNumber":137,"author":{"gitId":"NeoMinWei"},"content":"    }","lastModifiedDate":"2023-09-08"},{"lineNumber":138,"author":{"gitId":"NeoMinWei"},"content":"","lastModifiedDate":"2023-09-09"},{"lineNumber":139,"author":{"gitId":"NeoMinWei"},"content":"    public static void handleEvent(String line, ArrayList\u003cTask\u003e list) {","lastModifiedDate":"2023-09-16"},{"lineNumber":140,"author":{"gitId":"NeoMinWei"},"content":"        try {","lastModifiedDate":"2023-09-09"},{"lineNumber":141,"author":{"gitId":"NeoMinWei"},"content":"            addEvent(line, list);","lastModifiedDate":"2023-09-09"},{"lineNumber":142,"author":{"gitId":"NeoMinWei"},"content":"        } catch (NeoException e) {","lastModifiedDate":"2023-09-09"},{"lineNumber":143,"author":{"gitId":"NeoMinWei"},"content":"            e.printException();","lastModifiedDate":"2023-09-09"},{"lineNumber":144,"author":{"gitId":"NeoMinWei"},"content":"        }","lastModifiedDate":"2023-09-09"},{"lineNumber":145,"author":{"gitId":"NeoMinWei"},"content":"    }","lastModifiedDate":"2023-09-09"},{"lineNumber":146,"author":{"gitId":"NeoMinWei"},"content":"","lastModifiedDate":"2023-09-09"},{"lineNumber":147,"author":{"gitId":"NeoMinWei"},"content":"    public static void addEvent(String line, ArrayList\u003cTask\u003e list) throws NeoException {","lastModifiedDate":"2023-09-16"},{"lineNumber":148,"author":{"gitId":"NeoMinWei"},"content":"        catchFormatError(CommandType.EVENT, line);","lastModifiedDate":"2023-09-09"},{"lineNumber":149,"author":{"gitId":"NeoMinWei"},"content":"","lastModifiedDate":"2023-09-08"},{"lineNumber":150,"author":{"gitId":"NeoMinWei"},"content":"        int fromIndex \u003d line.indexOf(\"/from\");","lastModifiedDate":"2023-09-02"},{"lineNumber":151,"author":{"gitId":"NeoMinWei"},"content":"        int toIndex \u003d line.indexOf(\"/to\");","lastModifiedDate":"2023-09-02"},{"lineNumber":152,"author":{"gitId":"NeoMinWei"},"content":"        int fromStringLength \u003d 5;","lastModifiedDate":"2023-09-08"},{"lineNumber":153,"author":{"gitId":"NeoMinWei"},"content":"        int toStringLength \u003d 3;","lastModifiedDate":"2023-09-06"},{"lineNumber":154,"author":{"gitId":"NeoMinWei"},"content":"        int eventStringLength \u003d 5;","lastModifiedDate":"2023-09-06"},{"lineNumber":155,"author":{"gitId":"NeoMinWei"},"content":"","lastModifiedDate":"2023-09-06"},{"lineNumber":156,"author":{"gitId":"NeoMinWei"},"content":"        String description \u003d line.substring(eventStringLength, fromIndex).trim();","lastModifiedDate":"2023-09-08"},{"lineNumber":157,"author":{"gitId":"NeoMinWei"},"content":"        String from \u003d line.substring(fromIndex + fromStringLength, toIndex).trim();","lastModifiedDate":"2023-09-08"},{"lineNumber":158,"author":{"gitId":"NeoMinWei"},"content":"        String to \u003d line.substring(toIndex + toStringLength).trim();","lastModifiedDate":"2023-09-08"},{"lineNumber":159,"author":{"gitId":"NeoMinWei"},"content":"","lastModifiedDate":"2023-09-08"},{"lineNumber":160,"author":{"gitId":"NeoMinWei"},"content":"        catchEmptyDescription(\"description\", description);","lastModifiedDate":"2023-09-08"},{"lineNumber":161,"author":{"gitId":"NeoMinWei"},"content":"        catchEmptyDescription(\"/from\", from);","lastModifiedDate":"2023-09-08"},{"lineNumber":162,"author":{"gitId":"NeoMinWei"},"content":"        catchEmptyDescription(\"/to\", to);","lastModifiedDate":"2023-09-08"},{"lineNumber":163,"author":{"gitId":"NeoMinWei"},"content":"","lastModifiedDate":"2023-09-06"},{"lineNumber":164,"author":{"gitId":"NeoMinWei"},"content":"        Event toAdd \u003d new Event(description, from, to);","lastModifiedDate":"2023-09-16"},{"lineNumber":165,"author":{"gitId":"NeoMinWei"},"content":"        list.add(toAdd);","lastModifiedDate":"2023-09-16"},{"lineNumber":166,"author":{"gitId":"NeoMinWei"},"content":"        printAddedTask(list);","lastModifiedDate":"2023-09-16"},{"lineNumber":167,"author":{"gitId":"NeoMinWei"},"content":"    }","lastModifiedDate":"2023-09-06"},{"lineNumber":168,"author":{"gitId":"NeoMinWei"},"content":"","lastModifiedDate":"2023-09-09"},{"lineNumber":169,"author":{"gitId":"NeoMinWei"},"content":"    public static void handleDeadline(String line, ArrayList\u003cTask\u003e list) {","lastModifiedDate":"2023-09-16"},{"lineNumber":170,"author":{"gitId":"NeoMinWei"},"content":"        try {","lastModifiedDate":"2023-09-08"},{"lineNumber":171,"author":{"gitId":"NeoMinWei"},"content":"            addDeadline(line, list);","lastModifiedDate":"2023-09-08"},{"lineNumber":172,"author":{"gitId":"NeoMinWei"},"content":"        } catch (NeoException e) {","lastModifiedDate":"2023-09-08"},{"lineNumber":173,"author":{"gitId":"NeoMinWei"},"content":"            e.printException();","lastModifiedDate":"2023-09-08"},{"lineNumber":174,"author":{"gitId":"NeoMinWei"},"content":"        }","lastModifiedDate":"2023-09-08"},{"lineNumber":175,"author":{"gitId":"NeoMinWei"},"content":"    }","lastModifiedDate":"2023-09-08"},{"lineNumber":176,"author":{"gitId":"NeoMinWei"},"content":"","lastModifiedDate":"2023-09-09"},{"lineNumber":177,"author":{"gitId":"NeoMinWei"},"content":"    public static void addDeadline(String line, ArrayList\u003cTask\u003e list) throws NeoException {","lastModifiedDate":"2023-09-16"},{"lineNumber":178,"author":{"gitId":"NeoMinWei"},"content":"        catchFormatError(CommandType.DEADLINE, line);","lastModifiedDate":"2023-09-09"},{"lineNumber":179,"author":{"gitId":"NeoMinWei"},"content":"","lastModifiedDate":"2023-09-06"},{"lineNumber":180,"author":{"gitId":"NeoMinWei"},"content":"        int byIndex \u003d line.indexOf(\"/by\");","lastModifiedDate":"2023-09-02"},{"lineNumber":181,"author":{"gitId":"NeoMinWei"},"content":"        int byStringLength \u003d 3;","lastModifiedDate":"2023-09-06"},{"lineNumber":182,"author":{"gitId":"NeoMinWei"},"content":"        int deadlineStringLength \u003d 8;","lastModifiedDate":"2023-09-06"},{"lineNumber":183,"author":{"gitId":"NeoMinWei"},"content":"","lastModifiedDate":"2023-09-06"},{"lineNumber":184,"author":{"gitId":"NeoMinWei"},"content":"        String description \u003d line.substring(deadlineStringLength, byIndex).trim();","lastModifiedDate":"2023-09-08"},{"lineNumber":185,"author":{"gitId":"NeoMinWei"},"content":"        String by \u003d line.substring(byIndex + byStringLength).trim();","lastModifiedDate":"2023-09-08"},{"lineNumber":186,"author":{"gitId":"NeoMinWei"},"content":"","lastModifiedDate":"2023-09-08"},{"lineNumber":187,"author":{"gitId":"NeoMinWei"},"content":"        catchEmptyDescription(\"description\", description);","lastModifiedDate":"2023-09-08"},{"lineNumber":188,"author":{"gitId":"NeoMinWei"},"content":"        catchEmptyDescription(\"/by\", by);","lastModifiedDate":"2023-09-08"},{"lineNumber":189,"author":{"gitId":"NeoMinWei"},"content":"","lastModifiedDate":"2023-09-06"},{"lineNumber":190,"author":{"gitId":"NeoMinWei"},"content":"        Deadline toAdd \u003d new Deadline(description, by);","lastModifiedDate":"2023-09-16"},{"lineNumber":191,"author":{"gitId":"NeoMinWei"},"content":"        list.add(toAdd);","lastModifiedDate":"2023-09-16"},{"lineNumber":192,"author":{"gitId":"NeoMinWei"},"content":"        printAddedTask(list);","lastModifiedDate":"2023-09-16"},{"lineNumber":193,"author":{"gitId":"NeoMinWei"},"content":"    }","lastModifiedDate":"2023-09-06"},{"lineNumber":194,"author":{"gitId":"NeoMinWei"},"content":"","lastModifiedDate":"2023-09-06"},{"lineNumber":195,"author":{"gitId":"NeoMinWei"},"content":"    public static void handleTodo(String line, ArrayList\u003cTask\u003e list) {","lastModifiedDate":"2023-09-16"},{"lineNumber":196,"author":{"gitId":"NeoMinWei"},"content":"        try {","lastModifiedDate":"2023-09-09"},{"lineNumber":197,"author":{"gitId":"NeoMinWei"},"content":"            addTodo(line,list);","lastModifiedDate":"2023-09-09"},{"lineNumber":198,"author":{"gitId":"NeoMinWei"},"content":"        } catch (NeoException e) {","lastModifiedDate":"2023-09-09"},{"lineNumber":199,"author":{"gitId":"NeoMinWei"},"content":"            e.printException();","lastModifiedDate":"2023-09-09"},{"lineNumber":200,"author":{"gitId":"NeoMinWei"},"content":"        }","lastModifiedDate":"2023-09-09"},{"lineNumber":201,"author":{"gitId":"NeoMinWei"},"content":"    }","lastModifiedDate":"2023-09-09"},{"lineNumber":202,"author":{"gitId":"NeoMinWei"},"content":"    public static void addTodo(String line, ArrayList\u003cTask\u003e list) throws NeoException {","lastModifiedDate":"2023-09-16"},{"lineNumber":203,"author":{"gitId":"NeoMinWei"},"content":"        catchFormatError(CommandType.TODO, line);","lastModifiedDate":"2023-09-09"},{"lineNumber":204,"author":{"gitId":"NeoMinWei"},"content":"","lastModifiedDate":"2023-09-09"},{"lineNumber":205,"author":{"gitId":"NeoMinWei"},"content":"        int todoStringLength \u003d 4;","lastModifiedDate":"2023-09-06"},{"lineNumber":206,"author":{"gitId":"NeoMinWei"},"content":"","lastModifiedDate":"2023-09-06"},{"lineNumber":207,"author":{"gitId":"NeoMinWei"},"content":"        String description \u003d line.substring(todoStringLength).trim();","lastModifiedDate":"2023-09-09"},{"lineNumber":208,"author":{"gitId":"NeoMinWei"},"content":"","lastModifiedDate":"2023-09-09"},{"lineNumber":209,"author":{"gitId":"NeoMinWei"},"content":"        catchEmptyDescription(\"description\", description);","lastModifiedDate":"2023-09-09"},{"lineNumber":210,"author":{"gitId":"NeoMinWei"},"content":"","lastModifiedDate":"2023-09-06"},{"lineNumber":211,"author":{"gitId":"NeoMinWei"},"content":"        Todo toAdd \u003d new Todo(description);","lastModifiedDate":"2023-09-16"},{"lineNumber":212,"author":{"gitId":"NeoMinWei"},"content":"        list.add(toAdd);","lastModifiedDate":"2023-09-16"},{"lineNumber":213,"author":{"gitId":"NeoMinWei"},"content":"        printAddedTask(list);","lastModifiedDate":"2023-09-16"},{"lineNumber":214,"author":{"gitId":"NeoMinWei"},"content":"    }","lastModifiedDate":"2023-09-06"},{"lineNumber":215,"author":{"gitId":"NeoMinWei"},"content":"    public static boolean isMarked(int mark) {","lastModifiedDate":"2023-09-16"},{"lineNumber":216,"author":{"gitId":"NeoMinWei"},"content":"        return (mark \u003d\u003d 1);","lastModifiedDate":"2023-09-16"},{"lineNumber":217,"author":{"gitId":"NeoMinWei"},"content":"    }","lastModifiedDate":"2023-09-16"},{"lineNumber":218,"author":{"gitId":"NeoMinWei"},"content":"    public static void generateFile(String filePath, String fileDirectory, ArrayList\u003cTask\u003e list) throws IOException {","lastModifiedDate":"2023-09-16"},{"lineNumber":219,"author":{"gitId":"NeoMinWei"},"content":"        File directory \u003d new File(fileDirectory);","lastModifiedDate":"2023-09-16"},{"lineNumber":220,"author":{"gitId":"NeoMinWei"},"content":"","lastModifiedDate":"2023-09-16"},{"lineNumber":221,"author":{"gitId":"NeoMinWei"},"content":"        if (directory.mkdir()) {","lastModifiedDate":"2023-09-16"},{"lineNumber":222,"author":{"gitId":"NeoMinWei"},"content":"            System.out.println(\"Creating new data folder...\");","lastModifiedDate":"2023-09-16"},{"lineNumber":223,"author":{"gitId":"NeoMinWei"},"content":"        }","lastModifiedDate":"2023-09-16"},{"lineNumber":224,"author":{"gitId":"NeoMinWei"},"content":"        File f \u003d new File(filePath);","lastModifiedDate":"2023-09-16"},{"lineNumber":225,"author":{"gitId":"NeoMinWei"},"content":"        if (f.createNewFile()) {","lastModifiedDate":"2023-09-16"},{"lineNumber":226,"author":{"gitId":"NeoMinWei"},"content":"            System.out.println(\"Creating new data.txt file...\");","lastModifiedDate":"2023-09-16"},{"lineNumber":227,"author":{"gitId":"NeoMinWei"},"content":"        }","lastModifiedDate":"2023-09-16"},{"lineNumber":228,"author":{"gitId":"NeoMinWei"},"content":"","lastModifiedDate":"2023-09-16"},{"lineNumber":229,"author":{"gitId":"NeoMinWei"},"content":"        Scanner s \u003d new Scanner(f);","lastModifiedDate":"2023-09-16"},{"lineNumber":230,"author":{"gitId":"NeoMinWei"},"content":"        readFile(list, s);","lastModifiedDate":"2023-09-16"},{"lineNumber":231,"author":{"gitId":"NeoMinWei"},"content":"    }","lastModifiedDate":"2023-09-16"},{"lineNumber":232,"author":{"gitId":"NeoMinWei"},"content":"","lastModifiedDate":"2023-09-16"},{"lineNumber":233,"author":{"gitId":"NeoMinWei"},"content":"    private static void readFile(ArrayList\u003cTask\u003e list, Scanner s) {","lastModifiedDate":"2023-09-16"},{"lineNumber":234,"author":{"gitId":"NeoMinWei"},"content":"        while (s.hasNext()) {","lastModifiedDate":"2023-09-16"},{"lineNumber":235,"author":{"gitId":"NeoMinWei"},"content":"            String line \u003d s.nextLine();","lastModifiedDate":"2023-09-16"},{"lineNumber":236,"author":{"gitId":"NeoMinWei"},"content":"            String[] task \u003d line.split(\" / \");","lastModifiedDate":"2023-09-16"},{"lineNumber":237,"author":{"gitId":"NeoMinWei"},"content":"            String taskType \u003d task[0];","lastModifiedDate":"2023-09-16"},{"lineNumber":238,"author":{"gitId":"NeoMinWei"},"content":"            int mark \u003d Integer.parseInt(task[1]);","lastModifiedDate":"2023-09-16"},{"lineNumber":239,"author":{"gitId":"NeoMinWei"},"content":"            boolean isMarked \u003d isMarked(mark);","lastModifiedDate":"2023-09-16"},{"lineNumber":240,"author":{"gitId":"NeoMinWei"},"content":"","lastModifiedDate":"2023-09-16"},{"lineNumber":241,"author":{"gitId":"NeoMinWei"},"content":"            switch (taskType) {","lastModifiedDate":"2023-09-16"},{"lineNumber":242,"author":{"gitId":"NeoMinWei"},"content":"            case \"T\":","lastModifiedDate":"2023-09-16"},{"lineNumber":243,"author":{"gitId":"NeoMinWei"},"content":"                Todo todo \u003d new Todo(task[2]);","lastModifiedDate":"2023-09-16"},{"lineNumber":244,"author":{"gitId":"NeoMinWei"},"content":"                todo.setDone(isMarked);","lastModifiedDate":"2023-09-16"},{"lineNumber":245,"author":{"gitId":"NeoMinWei"},"content":"                list.add(todo);","lastModifiedDate":"2023-09-16"},{"lineNumber":246,"author":{"gitId":"NeoMinWei"},"content":"                break;","lastModifiedDate":"2023-09-16"},{"lineNumber":247,"author":{"gitId":"NeoMinWei"},"content":"            case \"D\":","lastModifiedDate":"2023-09-16"},{"lineNumber":248,"author":{"gitId":"NeoMinWei"},"content":"                Deadline deadline \u003d new Deadline(task[2], task[3]);","lastModifiedDate":"2023-09-16"},{"lineNumber":249,"author":{"gitId":"NeoMinWei"},"content":"                deadline.setDone(isMarked);","lastModifiedDate":"2023-09-16"},{"lineNumber":250,"author":{"gitId":"NeoMinWei"},"content":"                list.add(deadline);","lastModifiedDate":"2023-09-16"},{"lineNumber":251,"author":{"gitId":"NeoMinWei"},"content":"                break;","lastModifiedDate":"2023-09-16"},{"lineNumber":252,"author":{"gitId":"NeoMinWei"},"content":"            case \"E\":","lastModifiedDate":"2023-09-16"},{"lineNumber":253,"author":{"gitId":"NeoMinWei"},"content":"                Event event \u003d new Event(task[2], task[3], task[4]);","lastModifiedDate":"2023-09-16"},{"lineNumber":254,"author":{"gitId":"NeoMinWei"},"content":"                event.setDone(isMarked);","lastModifiedDate":"2023-09-16"},{"lineNumber":255,"author":{"gitId":"NeoMinWei"},"content":"                list.add(event);","lastModifiedDate":"2023-09-16"},{"lineNumber":256,"author":{"gitId":"NeoMinWei"},"content":"                break;","lastModifiedDate":"2023-09-16"},{"lineNumber":257,"author":{"gitId":"NeoMinWei"},"content":"            }","lastModifiedDate":"2023-09-16"},{"lineNumber":258,"author":{"gitId":"NeoMinWei"},"content":"        }","lastModifiedDate":"2023-09-16"},{"lineNumber":259,"author":{"gitId":"NeoMinWei"},"content":"    }","lastModifiedDate":"2023-09-16"},{"lineNumber":260,"author":{"gitId":"NeoMinWei"},"content":"","lastModifiedDate":"2023-09-16"},{"lineNumber":261,"author":{"gitId":"NeoMinWei"},"content":"    public static void writeToFile(String filePath, ArrayList\u003cTask\u003e list) throws IOException {","lastModifiedDate":"2023-09-16"},{"lineNumber":262,"author":{"gitId":"NeoMinWei"},"content":"        FileWriter fw \u003d new FileWriter(filePath);","lastModifiedDate":"2023-09-16"},{"lineNumber":263,"author":{"gitId":"NeoMinWei"},"content":"","lastModifiedDate":"2023-09-16"},{"lineNumber":264,"author":{"gitId":"NeoMinWei"},"content":"        for (Task task : list) {","lastModifiedDate":"2023-09-16"},{"lineNumber":265,"author":{"gitId":"NeoMinWei"},"content":"            String formatTask \u003d task.formatTask();","lastModifiedDate":"2023-09-16"},{"lineNumber":266,"author":{"gitId":"NeoMinWei"},"content":"            fw.write(formatTask + System.lineSeparator());","lastModifiedDate":"2023-09-16"},{"lineNumber":267,"author":{"gitId":"NeoMinWei"},"content":"        }","lastModifiedDate":"2023-09-16"},{"lineNumber":268,"author":{"gitId":"NeoMinWei"},"content":"        ","lastModifiedDate":"2023-09-16"},{"lineNumber":269,"author":{"gitId":"NeoMinWei"},"content":"        fw.close();","lastModifiedDate":"2023-09-16"},{"lineNumber":270,"author":{"gitId":"NeoMinWei"},"content":"    }","lastModifiedDate":"2023-09-16"},{"lineNumber":271,"author":{"gitId":"NeoMinWei"},"content":"    private static void findFile(ArrayList\u003cTask\u003e list) {","lastModifiedDate":"2023-09-16"},{"lineNumber":272,"author":{"gitId":"NeoMinWei"},"content":"        try {","lastModifiedDate":"2023-09-16"},{"lineNumber":273,"author":{"gitId":"NeoMinWei"},"content":"            generateFile(\"data/data.txt\", \"data\", list);","lastModifiedDate":"2023-09-16"},{"lineNumber":274,"author":{"gitId":"NeoMinWei"},"content":"        } catch (IOException e) {","lastModifiedDate":"2023-09-16"},{"lineNumber":275,"author":{"gitId":"NeoMinWei"},"content":"            System.out.println(\"Error with data.txt file\");","lastModifiedDate":"2023-09-16"},{"lineNumber":276,"author":{"gitId":"NeoMinWei"},"content":"        }","lastModifiedDate":"2023-09-16"},{"lineNumber":277,"author":{"gitId":"NeoMinWei"},"content":"    }","lastModifiedDate":"2023-09-16"},{"lineNumber":278,"author":{"gitId":"NeoMinWei"},"content":"    public static void welcomeMessage() {","lastModifiedDate":"2023-09-16"},{"lineNumber":279,"author":{"gitId":"NeoMinWei"},"content":"        System.out.println(\"Hello! I\u0027m Neo.\");","lastModifiedDate":"2023-09-06"},{"lineNumber":280,"author":{"gitId":"NeoMinWei"},"content":"        System.out.println(\"What can I do for you?\");","lastModifiedDate":"2023-09-06"},{"lineNumber":281,"author":{"gitId":"NeoMinWei"},"content":"","lastModifiedDate":"2023-09-16"},{"lineNumber":282,"author":{"gitId":"NeoMinWei"},"content":"    }","lastModifiedDate":"2023-09-16"},{"lineNumber":283,"author":{"gitId":"NeoMinWei"},"content":"    public static String readInput() {","lastModifiedDate":"2023-09-16"},{"lineNumber":284,"author":{"gitId":"NeoMinWei"},"content":"        Scanner in \u003d new Scanner(System.in);","lastModifiedDate":"2023-09-06"},{"lineNumber":285,"author":{"gitId":"NeoMinWei"},"content":"        return in.nextLine();","lastModifiedDate":"2023-09-16"},{"lineNumber":286,"author":{"gitId":"NeoMinWei"},"content":"    }","lastModifiedDate":"2023-09-16"},{"lineNumber":287,"author":{"gitId":"NeoMinWei"},"content":"    private static void handleInput(String line, ArrayList\u003cTask\u003e list) {","lastModifiedDate":"2023-09-16"},{"lineNumber":288,"author":{"gitId":"NeoMinWei"},"content":"        while (!line.equals(\"bye\")) {","lastModifiedDate":"2023-09-06"},{"lineNumber":289,"author":{"gitId":"NeoMinWei"},"content":"            if (line.equals(\"list\")) {","lastModifiedDate":"2023-09-06"},{"lineNumber":290,"author":{"gitId":"NeoMinWei"},"content":"                printList(list);","lastModifiedDate":"2023-09-06"},{"lineNumber":291,"author":{"gitId":"NeoMinWei"},"content":"            } else if (line.startsWith(\"mark\")) {","lastModifiedDate":"2023-09-06"},{"lineNumber":292,"author":{"gitId":"NeoMinWei"},"content":"                markTask(line, list);","lastModifiedDate":"2023-09-06"},{"lineNumber":293,"author":{"gitId":"NeoMinWei"},"content":"            } else if (line.startsWith(\"unmark\")) {","lastModifiedDate":"2023-09-06"},{"lineNumber":294,"author":{"gitId":"NeoMinWei"},"content":"                unmarkTask(line, list);","lastModifiedDate":"2023-09-06"},{"lineNumber":295,"author":{"gitId":"NeoMinWei"},"content":"            } else if (line.startsWith(\"delete\")) {","lastModifiedDate":"2023-09-16"},{"lineNumber":296,"author":{"gitId":"NeoMinWei"},"content":"                deleteTask(line, list);","lastModifiedDate":"2023-09-16"},{"lineNumber":297,"author":{"gitId":"NeoMinWei"},"content":"            } else if (line.startsWith(\"event\")) {","lastModifiedDate":"2023-09-06"},{"lineNumber":298,"author":{"gitId":"NeoMinWei"},"content":"                handleEvent(line, list);","lastModifiedDate":"2023-09-08"},{"lineNumber":299,"author":{"gitId":"NeoMinWei"},"content":"            } else if (line.startsWith(\"deadline\")) {","lastModifiedDate":"2023-09-06"},{"lineNumber":300,"author":{"gitId":"NeoMinWei"},"content":"                handleDeadline(line, list);","lastModifiedDate":"2023-09-08"},{"lineNumber":301,"author":{"gitId":"NeoMinWei"},"content":"            } else if (line.startsWith(\"todo\")){","lastModifiedDate":"2023-09-08"},{"lineNumber":302,"author":{"gitId":"NeoMinWei"},"content":"                handleTodo(line, list);","lastModifiedDate":"2023-09-09"},{"lineNumber":303,"author":{"gitId":"NeoMinWei"},"content":"            } else {","lastModifiedDate":"2023-09-08"},{"lineNumber":304,"author":{"gitId":"NeoMinWei"},"content":"                System.out.println(\"OOPS!!! I\u0027m sorry, but I don\u0027t know what that means :-(\");","lastModifiedDate":"2023-09-08"},{"lineNumber":305,"author":{"gitId":"NeoMinWei"},"content":"            }","lastModifiedDate":"2023-08-27"},{"lineNumber":306,"author":{"gitId":"NeoMinWei"},"content":"            updateFile(list);","lastModifiedDate":"2023-09-16"},{"lineNumber":307,"author":{"gitId":"NeoMinWei"},"content":"            line \u003d readInput();","lastModifiedDate":"2023-09-16"},{"lineNumber":308,"author":{"gitId":"NeoMinWei"},"content":"        }","lastModifiedDate":"2023-09-16"},{"lineNumber":309,"author":{"gitId":"NeoMinWei"},"content":"    }","lastModifiedDate":"2023-09-16"},{"lineNumber":310,"author":{"gitId":"NeoMinWei"},"content":"","lastModifiedDate":"2023-09-16"},{"lineNumber":311,"author":{"gitId":"NeoMinWei"},"content":"    private static void updateFile(ArrayList\u003cTask\u003e list) {","lastModifiedDate":"2023-09-16"},{"lineNumber":312,"author":{"gitId":"NeoMinWei"},"content":"        try {","lastModifiedDate":"2023-09-16"},{"lineNumber":313,"author":{"gitId":"NeoMinWei"},"content":"            writeToFile(\"data/data.txt\", list);","lastModifiedDate":"2023-09-16"},{"lineNumber":314,"author":{"gitId":"NeoMinWei"},"content":"        } catch (IOException e) {","lastModifiedDate":"2023-09-16"},{"lineNumber":315,"author":{"gitId":"NeoMinWei"},"content":"            System.out.println(\"Error with data.txt file.\");","lastModifiedDate":"2023-09-16"},{"lineNumber":316,"author":{"gitId":"NeoMinWei"},"content":"        }","lastModifiedDate":"2023-09-16"},{"lineNumber":317,"author":{"gitId":"NeoMinWei"},"content":"    }","lastModifiedDate":"2023-08-29"},{"lineNumber":318,"author":{"gitId":"NeoMinWei"},"content":"","lastModifiedDate":"2023-09-16"},{"lineNumber":319,"author":{"gitId":"NeoMinWei"},"content":"    private static void byeMessage() {","lastModifiedDate":"2023-09-16"},{"lineNumber":320,"author":{"gitId":"NeoMinWei"},"content":"        System.out.println(\"Bye. Hope to see you again soon!\");","lastModifiedDate":"2023-08-20"},{"lineNumber":321,"author":{"gitId":"NeoMinWei"},"content":"    }","lastModifiedDate":"2023-08-20"},{"lineNumber":322,"author":{"gitId":"NeoMinWei"},"content":"    public static void main(String[] args) {","lastModifiedDate":"2023-09-16"},{"lineNumber":323,"author":{"gitId":"NeoMinWei"},"content":"        ArrayList\u003cTask\u003e list \u003d new ArrayList\u003c\u003e();","lastModifiedDate":"2023-09-16"},{"lineNumber":324,"author":{"gitId":"NeoMinWei"},"content":"        findFile(list);","lastModifiedDate":"2023-09-16"},{"lineNumber":325,"author":{"gitId":"NeoMinWei"},"content":"        welcomeMessage();","lastModifiedDate":"2023-09-16"},{"lineNumber":326,"author":{"gitId":"NeoMinWei"},"content":"        String line \u003d readInput();","lastModifiedDate":"2023-09-16"},{"lineNumber":327,"author":{"gitId":"NeoMinWei"},"content":"        handleInput(line, list);","lastModifiedDate":"2023-09-16"},{"lineNumber":328,"author":{"gitId":"NeoMinWei"},"content":"        byeMessage();","lastModifiedDate":"2023-09-16"},{"lineNumber":329,"author":{"gitId":"NeoMinWei"},"content":"    }","lastModifiedDate":"2023-09-16"},{"lineNumber":330,"author":{"gitId":"NeoMinWei"},"content":"}","lastModifiedDate":"2023-08-20"}],"authorContributionMap":{"NeoMinWei":330}},{"path":"src/main/java/neo/exception/NeoException.java","fileType":"java","lines":[{"lineNumber":1,"author":{"gitId":"NeoMinWei"},"content":"package neo.exception;","lastModifiedDate":"2023-09-09"},{"lineNumber":2,"author":{"gitId":"NeoMinWei"},"content":"","lastModifiedDate":"2023-09-09"},{"lineNumber":3,"author":{"gitId":"NeoMinWei"},"content":"import neo.type.ErrorType;","lastModifiedDate":"2023-09-09"},{"lineNumber":4,"author":{"gitId":"NeoMinWei"},"content":"","lastModifiedDate":"2023-09-09"},{"lineNumber":5,"author":{"gitId":"NeoMinWei"},"content":"public class NeoException extends Exception {","lastModifiedDate":"2023-09-08"},{"lineNumber":6,"author":{"gitId":"NeoMinWei"},"content":"    protected String description;","lastModifiedDate":"2023-09-08"},{"lineNumber":7,"author":{"gitId":"NeoMinWei"},"content":"    protected ErrorType type;","lastModifiedDate":"2023-09-09"},{"lineNumber":8,"author":{"gitId":"NeoMinWei"},"content":"","lastModifiedDate":"2023-09-09"},{"lineNumber":9,"author":{"gitId":"NeoMinWei"},"content":"","lastModifiedDate":"2023-09-08"},{"lineNumber":10,"author":{"gitId":"NeoMinWei"},"content":"    public NeoException(String description, ErrorType type) {","lastModifiedDate":"2023-09-09"},{"lineNumber":11,"author":{"gitId":"NeoMinWei"},"content":"        this.description \u003d description;","lastModifiedDate":"2023-09-08"},{"lineNumber":12,"author":{"gitId":"NeoMinWei"},"content":"        this.type \u003d type;","lastModifiedDate":"2023-09-09"},{"lineNumber":13,"author":{"gitId":"NeoMinWei"},"content":"    }","lastModifiedDate":"2023-09-08"},{"lineNumber":14,"author":{"gitId":"NeoMinWei"},"content":"","lastModifiedDate":"2023-09-08"},{"lineNumber":15,"author":{"gitId":"NeoMinWei"},"content":"    public void printException() {","lastModifiedDate":"2023-09-08"},{"lineNumber":16,"author":{"gitId":"NeoMinWei"},"content":"        switch (this.type) {","lastModifiedDate":"2023-09-09"},{"lineNumber":17,"author":{"gitId":"NeoMinWei"},"content":"        case EMPTY:","lastModifiedDate":"2023-09-09"},{"lineNumber":18,"author":{"gitId":"NeoMinWei"},"content":"            if (description.equals(\"description\")) {","lastModifiedDate":"2023-09-09"},{"lineNumber":19,"author":{"gitId":"NeoMinWei"},"content":"                System.out.println(\"OOPS!!! The description cannot be left empty.\");","lastModifiedDate":"2023-09-08"},{"lineNumber":20,"author":{"gitId":"NeoMinWei"},"content":"            } else {","lastModifiedDate":"2023-09-08"},{"lineNumber":21,"author":{"gitId":"NeoMinWei"},"content":"                System.out.println(\"OOPS!!! The description of \" + description + \" cannot be left empty.\");","lastModifiedDate":"2023-09-09"},{"lineNumber":22,"author":{"gitId":"NeoMinWei"},"content":"            }","lastModifiedDate":"2023-09-09"},{"lineNumber":23,"author":{"gitId":"NeoMinWei"},"content":"            break;","lastModifiedDate":"2023-09-09"},{"lineNumber":24,"author":{"gitId":"NeoMinWei"},"content":"        case FORMAT:","lastModifiedDate":"2023-09-09"},{"lineNumber":25,"author":{"gitId":"NeoMinWei"},"content":"            System.out.println(\"OOPS!!! Please check that \" + description + \" is included in the command.\");","lastModifiedDate":"2023-09-08"},{"lineNumber":26,"author":{"gitId":"NeoMinWei"},"content":"            break;","lastModifiedDate":"2023-09-09"},{"lineNumber":27,"author":{"gitId":"NeoMinWei"},"content":"        case MISUSE:","lastModifiedDate":"2023-09-09"},{"lineNumber":28,"author":{"gitId":"NeoMinWei"},"content":"            if (description.equals(\"/by\")) {","lastModifiedDate":"2023-09-09"},{"lineNumber":29,"author":{"gitId":"NeoMinWei"},"content":"                System.out.println(\"OOPS!!! Did you mean Deadline?\");","lastModifiedDate":"2023-09-09"},{"lineNumber":30,"author":{"gitId":"NeoMinWei"},"content":"            }","lastModifiedDate":"2023-09-09"},{"lineNumber":31,"author":{"gitId":"NeoMinWei"},"content":"            if (description.equals(\"/from\")) {","lastModifiedDate":"2023-09-09"},{"lineNumber":32,"author":{"gitId":"NeoMinWei"},"content":"                System.out.println(\"OOPS!!! Did you mean Event?\");","lastModifiedDate":"2023-09-09"},{"lineNumber":33,"author":{"gitId":"NeoMinWei"},"content":"            }","lastModifiedDate":"2023-09-09"},{"lineNumber":34,"author":{"gitId":"NeoMinWei"},"content":"            break;","lastModifiedDate":"2023-09-09"},{"lineNumber":35,"author":{"gitId":"NeoMinWei"},"content":"        }","lastModifiedDate":"2023-09-08"},{"lineNumber":36,"author":{"gitId":"NeoMinWei"},"content":"    }","lastModifiedDate":"2023-09-08"},{"lineNumber":37,"author":{"gitId":"NeoMinWei"},"content":"}","lastModifiedDate":"2023-09-08"}],"authorContributionMap":{"NeoMinWei":37}},{"path":"src/main/java/neo/task/Deadline.java","fileType":"java","lines":[{"lineNumber":1,"author":{"gitId":"NeoMinWei"},"content":"package neo.task;","lastModifiedDate":"2023-09-09"},{"lineNumber":2,"author":{"gitId":"NeoMinWei"},"content":"","lastModifiedDate":"2023-09-09"},{"lineNumber":3,"author":{"gitId":"NeoMinWei"},"content":"public class Deadline extends Task {","lastModifiedDate":"2023-09-02"},{"lineNumber":4,"author":{"gitId":"NeoMinWei"},"content":"","lastModifiedDate":"2023-09-02"},{"lineNumber":5,"author":{"gitId":"NeoMinWei"},"content":"    protected String by;","lastModifiedDate":"2023-09-02"},{"lineNumber":6,"author":{"gitId":"NeoMinWei"},"content":"","lastModifiedDate":"2023-09-02"},{"lineNumber":7,"author":{"gitId":"NeoMinWei"},"content":"    public Deadline(String description, String by) {","lastModifiedDate":"2023-09-02"},{"lineNumber":8,"author":{"gitId":"NeoMinWei"},"content":"        super(description);","lastModifiedDate":"2023-09-02"},{"lineNumber":9,"author":{"gitId":"NeoMinWei"},"content":"        this.by \u003d by;","lastModifiedDate":"2023-09-02"},{"lineNumber":10,"author":{"gitId":"NeoMinWei"},"content":"    }","lastModifiedDate":"2023-09-02"},{"lineNumber":11,"author":{"gitId":"NeoMinWei"},"content":"    @Override","lastModifiedDate":"2023-09-16"},{"lineNumber":12,"author":{"gitId":"NeoMinWei"},"content":"    public String formatTask() {","lastModifiedDate":"2023-09-16"},{"lineNumber":13,"author":{"gitId":"NeoMinWei"},"content":"        return \"D / \" + super.formatTask() + \" / \" + by;","lastModifiedDate":"2023-09-16"},{"lineNumber":14,"author":{"gitId":"NeoMinWei"},"content":"    }","lastModifiedDate":"2023-09-16"},{"lineNumber":15,"author":{"gitId":"NeoMinWei"},"content":"    @Override","lastModifiedDate":"2023-09-02"},{"lineNumber":16,"author":{"gitId":"NeoMinWei"},"content":"    public String toString() {","lastModifiedDate":"2023-09-02"},{"lineNumber":17,"author":{"gitId":"NeoMinWei"},"content":"        return \"[D]\" + super.toString() + \" (by: \" + by + \")\";","lastModifiedDate":"2023-09-02"},{"lineNumber":18,"author":{"gitId":"NeoMinWei"},"content":"    }","lastModifiedDate":"2023-09-02"},{"lineNumber":19,"author":{"gitId":"NeoMinWei"},"content":"}","lastModifiedDate":"2023-09-02"}],"authorContributionMap":{"NeoMinWei":19}},{"path":"src/main/java/neo/task/Event.java","fileType":"java","lines":[{"lineNumber":1,"author":{"gitId":"NeoMinWei"},"content":"package neo.task;","lastModifiedDate":"2023-09-09"},{"lineNumber":2,"author":{"gitId":"NeoMinWei"},"content":"","lastModifiedDate":"2023-09-09"},{"lineNumber":3,"author":{"gitId":"NeoMinWei"},"content":"public class Event extends Task {","lastModifiedDate":"2023-09-02"},{"lineNumber":4,"author":{"gitId":"NeoMinWei"},"content":"","lastModifiedDate":"2023-09-02"},{"lineNumber":5,"author":{"gitId":"NeoMinWei"},"content":"    protected String from;","lastModifiedDate":"2023-09-02"},{"lineNumber":6,"author":{"gitId":"NeoMinWei"},"content":"    protected String to;","lastModifiedDate":"2023-09-02"},{"lineNumber":7,"author":{"gitId":"NeoMinWei"},"content":"","lastModifiedDate":"2023-09-02"},{"lineNumber":8,"author":{"gitId":"NeoMinWei"},"content":"    public Event(String description, String from, String to) {","lastModifiedDate":"2023-09-02"},{"lineNumber":9,"author":{"gitId":"NeoMinWei"},"content":"        super(description);","lastModifiedDate":"2023-09-02"},{"lineNumber":10,"author":{"gitId":"NeoMinWei"},"content":"        this.from \u003d from;","lastModifiedDate":"2023-09-02"},{"lineNumber":11,"author":{"gitId":"NeoMinWei"},"content":"        this.to \u003d to;","lastModifiedDate":"2023-09-02"},{"lineNumber":12,"author":{"gitId":"NeoMinWei"},"content":"    }","lastModifiedDate":"2023-09-02"},{"lineNumber":13,"author":{"gitId":"NeoMinWei"},"content":"    @Override","lastModifiedDate":"2023-09-16"},{"lineNumber":14,"author":{"gitId":"NeoMinWei"},"content":"    public String formatTask() {","lastModifiedDate":"2023-09-16"},{"lineNumber":15,"author":{"gitId":"NeoMinWei"},"content":"        return \"E / \" + super.formatTask() + \" / \" + from + \" / \" + to;","lastModifiedDate":"2023-09-16"},{"lineNumber":16,"author":{"gitId":"NeoMinWei"},"content":"    }","lastModifiedDate":"2023-09-16"},{"lineNumber":17,"author":{"gitId":"NeoMinWei"},"content":"    @Override","lastModifiedDate":"2023-09-02"},{"lineNumber":18,"author":{"gitId":"NeoMinWei"},"content":"    public String toString() {","lastModifiedDate":"2023-09-02"},{"lineNumber":19,"author":{"gitId":"NeoMinWei"},"content":"        return \"[E]\" + super.toString() + \" (from: \" + from + \" to: \" + to + \")\";","lastModifiedDate":"2023-09-02"},{"lineNumber":20,"author":{"gitId":"NeoMinWei"},"content":"    }","lastModifiedDate":"2023-09-02"},{"lineNumber":21,"author":{"gitId":"NeoMinWei"},"content":"}","lastModifiedDate":"2023-09-02"}],"authorContributionMap":{"NeoMinWei":21}},{"path":"src/main/java/neo/task/Task.java","fileType":"java","lines":[{"lineNumber":1,"author":{"gitId":"NeoMinWei"},"content":"package neo.task;","lastModifiedDate":"2023-09-09"},{"lineNumber":2,"author":{"gitId":"NeoMinWei"},"content":"","lastModifiedDate":"2023-09-09"},{"lineNumber":3,"author":{"gitId":"NeoMinWei"},"content":"public class Task {","lastModifiedDate":"2023-08-29"},{"lineNumber":4,"author":{"gitId":"NeoMinWei"},"content":"    protected String description;","lastModifiedDate":"2023-08-29"},{"lineNumber":5,"author":{"gitId":"NeoMinWei"},"content":"    protected boolean isDone;","lastModifiedDate":"2023-08-29"},{"lineNumber":6,"author":{"gitId":"NeoMinWei"},"content":"","lastModifiedDate":"2023-08-29"},{"lineNumber":7,"author":{"gitId":"NeoMinWei"},"content":"    public void setDone(boolean done) {","lastModifiedDate":"2023-08-29"},{"lineNumber":8,"author":{"gitId":"NeoMinWei"},"content":"        isDone \u003d done;","lastModifiedDate":"2023-08-29"},{"lineNumber":9,"author":{"gitId":"NeoMinWei"},"content":"    }","lastModifiedDate":"2023-08-29"},{"lineNumber":10,"author":{"gitId":"NeoMinWei"},"content":"","lastModifiedDate":"2023-08-29"},{"lineNumber":11,"author":{"gitId":"NeoMinWei"},"content":"    public Task(String description) {","lastModifiedDate":"2023-08-29"},{"lineNumber":12,"author":{"gitId":"NeoMinWei"},"content":"        this.description \u003d description;","lastModifiedDate":"2023-08-29"},{"lineNumber":13,"author":{"gitId":"NeoMinWei"},"content":"        this.isDone \u003d false;","lastModifiedDate":"2023-08-29"},{"lineNumber":14,"author":{"gitId":"NeoMinWei"},"content":"    }","lastModifiedDate":"2023-08-29"},{"lineNumber":15,"author":{"gitId":"NeoMinWei"},"content":"","lastModifiedDate":"2023-08-29"},{"lineNumber":16,"author":{"gitId":"NeoMinWei"},"content":"    public String getStatusIcon() {","lastModifiedDate":"2023-08-29"},{"lineNumber":17,"author":{"gitId":"NeoMinWei"},"content":"        return (isDone ? \"X\" : \" \"); // mark done task with X","lastModifiedDate":"2023-08-29"},{"lineNumber":18,"author":{"gitId":"NeoMinWei"},"content":"    }","lastModifiedDate":"2023-08-29"},{"lineNumber":19,"author":{"gitId":"NeoMinWei"},"content":"","lastModifiedDate":"2023-09-02"},{"lineNumber":20,"author":{"gitId":"NeoMinWei"},"content":"    @Override","lastModifiedDate":"2023-09-02"},{"lineNumber":21,"author":{"gitId":"NeoMinWei"},"content":"    public String toString() {","lastModifiedDate":"2023-09-02"},{"lineNumber":22,"author":{"gitId":"NeoMinWei"},"content":"        return \"[\" + this.getStatusIcon() + \"] \" + this.description;","lastModifiedDate":"2023-09-02"},{"lineNumber":23,"author":{"gitId":"NeoMinWei"},"content":"    }","lastModifiedDate":"2023-09-02"},{"lineNumber":24,"author":{"gitId":"NeoMinWei"},"content":"","lastModifiedDate":"2023-09-02"},{"lineNumber":25,"author":{"gitId":"NeoMinWei"},"content":"    public String formatTask() {","lastModifiedDate":"2023-09-16"},{"lineNumber":26,"author":{"gitId":"NeoMinWei"},"content":"        int status;","lastModifiedDate":"2023-09-16"},{"lineNumber":27,"author":{"gitId":"NeoMinWei"},"content":"        if (this.getStatusIcon().equals(\"X\")) {","lastModifiedDate":"2023-09-16"},{"lineNumber":28,"author":{"gitId":"NeoMinWei"},"content":"            status \u003d 1;","lastModifiedDate":"2023-09-16"},{"lineNumber":29,"author":{"gitId":"NeoMinWei"},"content":"        } else {","lastModifiedDate":"2023-09-16"},{"lineNumber":30,"author":{"gitId":"NeoMinWei"},"content":"            status \u003d 0;","lastModifiedDate":"2023-09-16"},{"lineNumber":31,"author":{"gitId":"NeoMinWei"},"content":"        }","lastModifiedDate":"2023-09-16"},{"lineNumber":32,"author":{"gitId":"NeoMinWei"},"content":"        return status + \" / \" + this.description;","lastModifiedDate":"2023-09-16"},{"lineNumber":33,"author":{"gitId":"NeoMinWei"},"content":"    }","lastModifiedDate":"2023-09-16"},{"lineNumber":34,"author":{"gitId":"NeoMinWei"},"content":"}","lastModifiedDate":"2023-08-29"}],"authorContributionMap":{"NeoMinWei":34}},{"path":"src/main/java/neo/task/Todo.java","fileType":"java","lines":[{"lineNumber":1,"author":{"gitId":"NeoMinWei"},"content":"package neo.task;","lastModifiedDate":"2023-09-09"},{"lineNumber":2,"author":{"gitId":"NeoMinWei"},"content":"","lastModifiedDate":"2023-09-09"},{"lineNumber":3,"author":{"gitId":"NeoMinWei"},"content":"public class Todo extends Task {","lastModifiedDate":"2023-09-02"},{"lineNumber":4,"author":{"gitId":"NeoMinWei"},"content":"","lastModifiedDate":"2023-09-02"},{"lineNumber":5,"author":{"gitId":"NeoMinWei"},"content":"    public Todo(String description) {","lastModifiedDate":"2023-09-02"},{"lineNumber":6,"author":{"gitId":"NeoMinWei"},"content":"        super(description);","lastModifiedDate":"2023-09-02"},{"lineNumber":7,"author":{"gitId":"NeoMinWei"},"content":"    }","lastModifiedDate":"2023-09-02"},{"lineNumber":8,"author":{"gitId":"NeoMinWei"},"content":"    @Override","lastModifiedDate":"2023-09-16"},{"lineNumber":9,"author":{"gitId":"NeoMinWei"},"content":"    public String formatTask() {","lastModifiedDate":"2023-09-16"},{"lineNumber":10,"author":{"gitId":"NeoMinWei"},"content":"        return \"T / \" + super.formatTask();","lastModifiedDate":"2023-09-16"},{"lineNumber":11,"author":{"gitId":"NeoMinWei"},"content":"    }","lastModifiedDate":"2023-09-16"},{"lineNumber":12,"author":{"gitId":"NeoMinWei"},"content":"    @Override","lastModifiedDate":"2023-09-02"},{"lineNumber":13,"author":{"gitId":"NeoMinWei"},"content":"    public String toString() {","lastModifiedDate":"2023-09-02"},{"lineNumber":14,"author":{"gitId":"NeoMinWei"},"content":"        return \"[T]\" + super.toString();","lastModifiedDate":"2023-09-02"},{"lineNumber":15,"author":{"gitId":"NeoMinWei"},"content":"    }","lastModifiedDate":"2023-09-02"},{"lineNumber":16,"author":{"gitId":"NeoMinWei"},"content":"}","lastModifiedDate":"2023-09-02"}],"authorContributionMap":{"NeoMinWei":16}},{"path":"src/main/java/neo/type/CommandType.java","fileType":"java","lines":[{"lineNumber":1,"author":{"gitId":"NeoMinWei"},"content":"package neo.type;","lastModifiedDate":"2023-09-09"},{"lineNumber":2,"author":{"gitId":"NeoMinWei"},"content":"","lastModifiedDate":"2023-09-09"},{"lineNumber":3,"author":{"gitId":"NeoMinWei"},"content":"public enum CommandType {","lastModifiedDate":"2023-09-09"},{"lineNumber":4,"author":{"gitId":"NeoMinWei"},"content":"    EVENT, DEADLINE, TODO","lastModifiedDate":"2023-09-09"},{"lineNumber":5,"author":{"gitId":"NeoMinWei"},"content":"}","lastModifiedDate":"2023-09-09"}],"authorContributionMap":{"NeoMinWei":5}},{"path":"src/main/java/neo/type/ErrorType.java","fileType":"java","lines":[{"lineNumber":1,"author":{"gitId":"NeoMinWei"},"content":"package neo.type;","lastModifiedDate":"2023-09-09"},{"lineNumber":2,"author":{"gitId":"NeoMinWei"},"content":"","lastModifiedDate":"2023-09-09"},{"lineNumber":3,"author":{"gitId":"NeoMinWei"},"content":"public enum ErrorType {","lastModifiedDate":"2023-09-09"},{"lineNumber":4,"author":{"gitId":"NeoMinWei"},"content":"    EMPTY, FORMAT, MISUSE","lastModifiedDate":"2023-09-09"},{"lineNumber":5,"author":{"gitId":"NeoMinWei"},"content":"}","lastModifiedDate":"2023-09-09"},{"lineNumber":6,"author":{"gitId":"NeoMinWei"},"content":"","lastModifiedDate":"2023-09-09"}],"authorContributionMap":{"NeoMinWei":6}}]
