[{"path":"src/main/java/Deadline.java","fileType":"java","lines":[{"lineNumber":1,"author":{"gitId":"NeoMinWei"},"content":"public class Deadline extends Task {","lastModifiedDate":"2023-09-02"},{"lineNumber":2,"author":{"gitId":"NeoMinWei"},"content":"","lastModifiedDate":"2023-09-02"},{"lineNumber":3,"author":{"gitId":"NeoMinWei"},"content":"    protected String by;","lastModifiedDate":"2023-09-02"},{"lineNumber":4,"author":{"gitId":"NeoMinWei"},"content":"","lastModifiedDate":"2023-09-02"},{"lineNumber":5,"author":{"gitId":"NeoMinWei"},"content":"    public Deadline(String description, String by) {","lastModifiedDate":"2023-09-02"},{"lineNumber":6,"author":{"gitId":"NeoMinWei"},"content":"        super(description);","lastModifiedDate":"2023-09-02"},{"lineNumber":7,"author":{"gitId":"NeoMinWei"},"content":"        this.by \u003d by;","lastModifiedDate":"2023-09-02"},{"lineNumber":8,"author":{"gitId":"NeoMinWei"},"content":"    }","lastModifiedDate":"2023-09-02"},{"lineNumber":9,"author":{"gitId":"NeoMinWei"},"content":"","lastModifiedDate":"2023-09-02"},{"lineNumber":10,"author":{"gitId":"NeoMinWei"},"content":"    @Override","lastModifiedDate":"2023-09-02"},{"lineNumber":11,"author":{"gitId":"NeoMinWei"},"content":"    public String toString() {","lastModifiedDate":"2023-09-02"},{"lineNumber":12,"author":{"gitId":"NeoMinWei"},"content":"        return \"[D]\" + super.toString() + \" (by: \" + by + \")\";","lastModifiedDate":"2023-09-02"},{"lineNumber":13,"author":{"gitId":"NeoMinWei"},"content":"    }","lastModifiedDate":"2023-09-02"},{"lineNumber":14,"author":{"gitId":"NeoMinWei"},"content":"}","lastModifiedDate":"2023-09-02"}],"authorContributionMap":{"NeoMinWei":14}},{"path":"src/main/java/Event.java","fileType":"java","lines":[{"lineNumber":1,"author":{"gitId":"NeoMinWei"},"content":"public class Event extends Task{","lastModifiedDate":"2023-09-02"},{"lineNumber":2,"author":{"gitId":"NeoMinWei"},"content":"","lastModifiedDate":"2023-09-02"},{"lineNumber":3,"author":{"gitId":"NeoMinWei"},"content":"    protected String from;","lastModifiedDate":"2023-09-02"},{"lineNumber":4,"author":{"gitId":"NeoMinWei"},"content":"    protected String to;","lastModifiedDate":"2023-09-02"},{"lineNumber":5,"author":{"gitId":"NeoMinWei"},"content":"","lastModifiedDate":"2023-09-02"},{"lineNumber":6,"author":{"gitId":"NeoMinWei"},"content":"    public Event(String description, String from, String to) {","lastModifiedDate":"2023-09-02"},{"lineNumber":7,"author":{"gitId":"NeoMinWei"},"content":"        super(description);","lastModifiedDate":"2023-09-02"},{"lineNumber":8,"author":{"gitId":"NeoMinWei"},"content":"        this.from \u003d from;","lastModifiedDate":"2023-09-02"},{"lineNumber":9,"author":{"gitId":"NeoMinWei"},"content":"        this.to \u003d to;","lastModifiedDate":"2023-09-02"},{"lineNumber":10,"author":{"gitId":"NeoMinWei"},"content":"    }","lastModifiedDate":"2023-09-02"},{"lineNumber":11,"author":{"gitId":"NeoMinWei"},"content":"","lastModifiedDate":"2023-09-02"},{"lineNumber":12,"author":{"gitId":"NeoMinWei"},"content":"    @Override","lastModifiedDate":"2023-09-02"},{"lineNumber":13,"author":{"gitId":"NeoMinWei"},"content":"    public String toString() {","lastModifiedDate":"2023-09-02"},{"lineNumber":14,"author":{"gitId":"NeoMinWei"},"content":"        return \"[E]\" + super.toString() + \" (from: \" + from + \" to: \" + to + \")\";","lastModifiedDate":"2023-09-02"},{"lineNumber":15,"author":{"gitId":"NeoMinWei"},"content":"    }","lastModifiedDate":"2023-09-02"},{"lineNumber":16,"author":{"gitId":"NeoMinWei"},"content":"}","lastModifiedDate":"2023-09-02"}],"authorContributionMap":{"NeoMinWei":16}},{"path":"src/main/java/Neo.java","fileType":"java","lines":[{"lineNumber":1,"author":{"gitId":"NeoMinWei"},"content":"import java.util.Scanner;","lastModifiedDate":"2023-08-27"},{"lineNumber":2,"author":{"gitId":"NeoMinWei"},"content":"public class Neo {","lastModifiedDate":"2023-08-20"},{"lineNumber":3,"author":{"gitId":"NeoMinWei"},"content":"    public static void printList(Task[] list) {","lastModifiedDate":"2023-09-06"},{"lineNumber":4,"author":{"gitId":"NeoMinWei"},"content":"        System.out.println(\"Here are the tasks in your list:\");","lastModifiedDate":"2023-09-02"},{"lineNumber":5,"author":{"gitId":"NeoMinWei"},"content":"        for (int i \u003d 0; i \u003c Task.getTotalTasks(); i++) {","lastModifiedDate":"2023-08-29"},{"lineNumber":6,"author":{"gitId":"NeoMinWei"},"content":"            System.out.print((i + 1) + \". \");","lastModifiedDate":"2023-08-29"},{"lineNumber":7,"author":{"gitId":"NeoMinWei"},"content":"            System.out.println(list[i]);","lastModifiedDate":"2023-09-02"},{"lineNumber":8,"author":{"gitId":"NeoMinWei"},"content":"        }","lastModifiedDate":"2023-08-29"},{"lineNumber":9,"author":{"gitId":"NeoMinWei"},"content":"    }","lastModifiedDate":"2023-09-06"},{"lineNumber":10,"author":{"gitId":"NeoMinWei"},"content":"","lastModifiedDate":"2023-09-06"},{"lineNumber":11,"author":{"gitId":"NeoMinWei"},"content":"    public static void markTask(String line, Task[] list) {","lastModifiedDate":"2023-09-06"},{"lineNumber":12,"author":{"gitId":"NeoMinWei"},"content":"        String[] words \u003d line.split(\" \");","lastModifiedDate":"2023-08-29"},{"lineNumber":13,"author":{"gitId":"NeoMinWei"},"content":"        int listIndex \u003d Integer.parseInt(words[1]) - 1;","lastModifiedDate":"2023-08-29"},{"lineNumber":14,"author":{"gitId":"NeoMinWei"},"content":"        list[listIndex].setDone(true);","lastModifiedDate":"2023-08-29"},{"lineNumber":15,"author":{"gitId":"NeoMinWei"},"content":"        System.out.println(\"Nice! I\u0027ve marked this task as done: \");","lastModifiedDate":"2023-08-29"},{"lineNumber":16,"author":{"gitId":"NeoMinWei"},"content":"        System.out.println(\"    \" + list[listIndex]);","lastModifiedDate":"2023-09-02"},{"lineNumber":17,"author":{"gitId":"NeoMinWei"},"content":"    }","lastModifiedDate":"2023-09-06"},{"lineNumber":18,"author":{"gitId":"NeoMinWei"},"content":"","lastModifiedDate":"2023-09-06"},{"lineNumber":19,"author":{"gitId":"NeoMinWei"},"content":"    public static void unmarkTask(String line, Task[] list) {","lastModifiedDate":"2023-09-06"},{"lineNumber":20,"author":{"gitId":"NeoMinWei"},"content":"        String[] words \u003d line.split(\" \");","lastModifiedDate":"2023-08-29"},{"lineNumber":21,"author":{"gitId":"NeoMinWei"},"content":"        int listIndex \u003d Integer.parseInt(words[1]) - 1;","lastModifiedDate":"2023-08-29"},{"lineNumber":22,"author":{"gitId":"NeoMinWei"},"content":"        list[listIndex].setDone(false);","lastModifiedDate":"2023-08-29"},{"lineNumber":23,"author":{"gitId":"NeoMinWei"},"content":"        System.out.println(\"OK, I\u0027ve marked this task as not done yet: \");","lastModifiedDate":"2023-08-29"},{"lineNumber":24,"author":{"gitId":"NeoMinWei"},"content":"        System.out.println(\"    \" + list[listIndex]);","lastModifiedDate":"2023-09-02"},{"lineNumber":25,"author":{"gitId":"NeoMinWei"},"content":"    }","lastModifiedDate":"2023-09-06"},{"lineNumber":26,"author":{"gitId":"NeoMinWei"},"content":"","lastModifiedDate":"2023-09-06"},{"lineNumber":27,"author":{"gitId":"NeoMinWei"},"content":"    public static void addEvent(String line, Task[] list) {","lastModifiedDate":"2023-09-06"},{"lineNumber":28,"author":{"gitId":"NeoMinWei"},"content":"        int fromIndex \u003d line.indexOf(\"/from\");","lastModifiedDate":"2023-09-02"},{"lineNumber":29,"author":{"gitId":"NeoMinWei"},"content":"        int toIndex \u003d line.indexOf(\"/to\");","lastModifiedDate":"2023-09-02"},{"lineNumber":30,"author":{"gitId":"NeoMinWei"},"content":"        String description \u003d line.substring(6, fromIndex - 1);","lastModifiedDate":"2023-09-02"},{"lineNumber":31,"author":{"gitId":"NeoMinWei"},"content":"        String from \u003d line.substring(fromIndex + 6, toIndex - 1);","lastModifiedDate":"2023-09-02"},{"lineNumber":32,"author":{"gitId":"NeoMinWei"},"content":"        String to \u003d line.substring(toIndex + 4);","lastModifiedDate":"2023-09-02"},{"lineNumber":33,"author":{"gitId":"NeoMinWei"},"content":"        list[Task.getTotalTasks()] \u003d new Event(description, from, to);","lastModifiedDate":"2023-09-02"},{"lineNumber":34,"author":{"gitId":"NeoMinWei"},"content":"        list[Task.getTotalTasks() - 1].printAddedTask();","lastModifiedDate":"2023-09-02"},{"lineNumber":35,"author":{"gitId":"NeoMinWei"},"content":"    }","lastModifiedDate":"2023-09-06"},{"lineNumber":36,"author":{"gitId":"NeoMinWei"},"content":"","lastModifiedDate":"2023-09-06"},{"lineNumber":37,"author":{"gitId":"NeoMinWei"},"content":"    public static void addDeadline(String line, Task[] list) {","lastModifiedDate":"2023-09-06"},{"lineNumber":38,"author":{"gitId":"NeoMinWei"},"content":"        int byIndex \u003d line.indexOf(\"/by\");","lastModifiedDate":"2023-09-02"},{"lineNumber":39,"author":{"gitId":"NeoMinWei"},"content":"        String description \u003d line.substring(9, byIndex - 1);","lastModifiedDate":"2023-09-02"},{"lineNumber":40,"author":{"gitId":"NeoMinWei"},"content":"        String by \u003d line.substring(byIndex + 4);","lastModifiedDate":"2023-09-02"},{"lineNumber":41,"author":{"gitId":"NeoMinWei"},"content":"        list[Task.getTotalTasks()] \u003d new Deadline(description, by);","lastModifiedDate":"2023-09-02"},{"lineNumber":42,"author":{"gitId":"NeoMinWei"},"content":"        list[Task.getTotalTasks() - 1].printAddedTask();","lastModifiedDate":"2023-09-02"},{"lineNumber":43,"author":{"gitId":"NeoMinWei"},"content":"    }","lastModifiedDate":"2023-09-06"},{"lineNumber":44,"author":{"gitId":"NeoMinWei"},"content":"","lastModifiedDate":"2023-09-06"},{"lineNumber":45,"author":{"gitId":"NeoMinWei"},"content":"    public static void addTodo(String line, Task[] list) {","lastModifiedDate":"2023-09-06"},{"lineNumber":46,"author":{"gitId":"NeoMinWei"},"content":"        String description \u003d line;","lastModifiedDate":"2023-09-02"},{"lineNumber":47,"author":{"gitId":"NeoMinWei"},"content":"        if (line.startsWith(\"todo\")) {","lastModifiedDate":"2023-09-02"},{"lineNumber":48,"author":{"gitId":"NeoMinWei"},"content":"            description \u003d line.substring(5);","lastModifiedDate":"2023-09-02"},{"lineNumber":49,"author":{"gitId":"NeoMinWei"},"content":"        }","lastModifiedDate":"2023-09-02"},{"lineNumber":50,"author":{"gitId":"NeoMinWei"},"content":"        list[Task.getTotalTasks()] \u003d new Todo(description);","lastModifiedDate":"2023-09-02"},{"lineNumber":51,"author":{"gitId":"NeoMinWei"},"content":"        list[Task.getTotalTasks() - 1].printAddedTask();","lastModifiedDate":"2023-09-02"},{"lineNumber":52,"author":{"gitId":"NeoMinWei"},"content":"    }","lastModifiedDate":"2023-09-06"},{"lineNumber":53,"author":{"gitId":"NeoMinWei"},"content":"    public static void main(String[] args) {","lastModifiedDate":"2023-09-06"},{"lineNumber":54,"author":{"gitId":"NeoMinWei"},"content":"        System.out.println(\"Hello! I\u0027m Neo.\");","lastModifiedDate":"2023-09-06"},{"lineNumber":55,"author":{"gitId":"NeoMinWei"},"content":"        System.out.println(\"What can I do for you?\");","lastModifiedDate":"2023-09-06"},{"lineNumber":56,"author":{"gitId":"NeoMinWei"},"content":"        String line;","lastModifiedDate":"2023-09-06"},{"lineNumber":57,"author":{"gitId":"NeoMinWei"},"content":"        Scanner in \u003d new Scanner(System.in);","lastModifiedDate":"2023-09-06"},{"lineNumber":58,"author":{"gitId":"NeoMinWei"},"content":"        line \u003d in.nextLine();","lastModifiedDate":"2023-09-06"},{"lineNumber":59,"author":{"gitId":"NeoMinWei"},"content":"        Task[] list \u003d new Task[100];","lastModifiedDate":"2023-09-06"},{"lineNumber":60,"author":{"gitId":"NeoMinWei"},"content":"        while (!line.equals(\"bye\")) {","lastModifiedDate":"2023-09-06"},{"lineNumber":61,"author":{"gitId":"NeoMinWei"},"content":"            if (line.equals(\"list\")) {","lastModifiedDate":"2023-09-06"},{"lineNumber":62,"author":{"gitId":"NeoMinWei"},"content":"                printList(list);","lastModifiedDate":"2023-09-06"},{"lineNumber":63,"author":{"gitId":"NeoMinWei"},"content":"                line \u003d in.nextLine();","lastModifiedDate":"2023-09-06"},{"lineNumber":64,"author":{"gitId":"NeoMinWei"},"content":"            } else if (line.startsWith(\"mark\")) {","lastModifiedDate":"2023-09-06"},{"lineNumber":65,"author":{"gitId":"NeoMinWei"},"content":"                markTask(line, list);","lastModifiedDate":"2023-09-06"},{"lineNumber":66,"author":{"gitId":"NeoMinWei"},"content":"                line \u003d in.nextLine();","lastModifiedDate":"2023-09-06"},{"lineNumber":67,"author":{"gitId":"NeoMinWei"},"content":"            } else if (line.startsWith(\"unmark\")) {","lastModifiedDate":"2023-09-06"},{"lineNumber":68,"author":{"gitId":"NeoMinWei"},"content":"                unmarkTask(line, list);","lastModifiedDate":"2023-09-06"},{"lineNumber":69,"author":{"gitId":"NeoMinWei"},"content":"                line \u003d in.nextLine();","lastModifiedDate":"2023-09-06"},{"lineNumber":70,"author":{"gitId":"NeoMinWei"},"content":"            } else if (line.startsWith(\"event\")) {","lastModifiedDate":"2023-09-06"},{"lineNumber":71,"author":{"gitId":"NeoMinWei"},"content":"                addEvent(line, list);","lastModifiedDate":"2023-09-06"},{"lineNumber":72,"author":{"gitId":"NeoMinWei"},"content":"                line \u003d in.nextLine();","lastModifiedDate":"2023-09-06"},{"lineNumber":73,"author":{"gitId":"NeoMinWei"},"content":"            } else if (line.startsWith(\"deadline\")) {","lastModifiedDate":"2023-09-06"},{"lineNumber":74,"author":{"gitId":"NeoMinWei"},"content":"                addDeadline(line, list);","lastModifiedDate":"2023-09-06"},{"lineNumber":75,"author":{"gitId":"NeoMinWei"},"content":"                line \u003d in.nextLine();","lastModifiedDate":"2023-09-06"},{"lineNumber":76,"author":{"gitId":"NeoMinWei"},"content":"            } else {","lastModifiedDate":"2023-09-06"},{"lineNumber":77,"author":{"gitId":"NeoMinWei"},"content":"                addTodo(line, list);","lastModifiedDate":"2023-09-06"},{"lineNumber":78,"author":{"gitId":"NeoMinWei"},"content":"                line \u003d in.nextLine();","lastModifiedDate":"2023-08-27"},{"lineNumber":79,"author":{"gitId":"NeoMinWei"},"content":"            }","lastModifiedDate":"2023-08-27"},{"lineNumber":80,"author":{"gitId":"NeoMinWei"},"content":"        }","lastModifiedDate":"2023-08-29"},{"lineNumber":81,"author":{"gitId":"NeoMinWei"},"content":"        System.out.println(\"Bye. Hope to see you again soon!\");","lastModifiedDate":"2023-08-20"},{"lineNumber":82,"author":{"gitId":"NeoMinWei"},"content":"    }","lastModifiedDate":"2023-08-20"},{"lineNumber":83,"author":{"gitId":"NeoMinWei"},"content":"}","lastModifiedDate":"2023-08-20"}],"authorContributionMap":{"NeoMinWei":83}},{"path":"src/main/java/Task.java","fileType":"java","lines":[{"lineNumber":1,"author":{"gitId":"NeoMinWei"},"content":"public class Task {","lastModifiedDate":"2023-08-29"},{"lineNumber":2,"author":{"gitId":"NeoMinWei"},"content":"    protected String description;","lastModifiedDate":"2023-08-29"},{"lineNumber":3,"author":{"gitId":"NeoMinWei"},"content":"    protected boolean isDone;","lastModifiedDate":"2023-08-29"},{"lineNumber":4,"author":{"gitId":"NeoMinWei"},"content":"    private static int totalTasks \u003d 0;","lastModifiedDate":"2023-08-29"},{"lineNumber":5,"author":{"gitId":"NeoMinWei"},"content":"","lastModifiedDate":"2023-08-29"},{"lineNumber":6,"author":{"gitId":"NeoMinWei"},"content":"","lastModifiedDate":"2023-08-29"},{"lineNumber":7,"author":{"gitId":"NeoMinWei"},"content":"    public static int getTotalTasks() {","lastModifiedDate":"2023-08-29"},{"lineNumber":8,"author":{"gitId":"NeoMinWei"},"content":"        return totalTasks;","lastModifiedDate":"2023-08-29"},{"lineNumber":9,"author":{"gitId":"NeoMinWei"},"content":"    }","lastModifiedDate":"2023-08-29"},{"lineNumber":10,"author":{"gitId":"NeoMinWei"},"content":"","lastModifiedDate":"2023-08-29"},{"lineNumber":11,"author":{"gitId":"NeoMinWei"},"content":"    public static void incrementTotalTasks() {","lastModifiedDate":"2023-08-29"},{"lineNumber":12,"author":{"gitId":"NeoMinWei"},"content":"        Task.totalTasks++;","lastModifiedDate":"2023-08-29"},{"lineNumber":13,"author":{"gitId":"NeoMinWei"},"content":"    }","lastModifiedDate":"2023-08-29"},{"lineNumber":14,"author":{"gitId":"NeoMinWei"},"content":"","lastModifiedDate":"2023-08-29"},{"lineNumber":15,"author":{"gitId":"NeoMinWei"},"content":"    public void setDone(boolean done){","lastModifiedDate":"2023-08-29"},{"lineNumber":16,"author":{"gitId":"NeoMinWei"},"content":"        isDone \u003d done;","lastModifiedDate":"2023-08-29"},{"lineNumber":17,"author":{"gitId":"NeoMinWei"},"content":"    }","lastModifiedDate":"2023-08-29"},{"lineNumber":18,"author":{"gitId":"NeoMinWei"},"content":"","lastModifiedDate":"2023-08-29"},{"lineNumber":19,"author":{"gitId":"NeoMinWei"},"content":"    public Task(String description) {","lastModifiedDate":"2023-08-29"},{"lineNumber":20,"author":{"gitId":"NeoMinWei"},"content":"        this.description \u003d description;","lastModifiedDate":"2023-08-29"},{"lineNumber":21,"author":{"gitId":"NeoMinWei"},"content":"        this.isDone \u003d false;","lastModifiedDate":"2023-08-29"},{"lineNumber":22,"author":{"gitId":"NeoMinWei"},"content":"        incrementTotalTasks();","lastModifiedDate":"2023-09-02"},{"lineNumber":23,"author":{"gitId":"NeoMinWei"},"content":"    }","lastModifiedDate":"2023-08-29"},{"lineNumber":24,"author":{"gitId":"NeoMinWei"},"content":"","lastModifiedDate":"2023-08-29"},{"lineNumber":25,"author":{"gitId":"NeoMinWei"},"content":"    public String getStatusIcon() {","lastModifiedDate":"2023-08-29"},{"lineNumber":26,"author":{"gitId":"NeoMinWei"},"content":"        return (isDone ? \"X\" : \" \"); // mark done task with X","lastModifiedDate":"2023-08-29"},{"lineNumber":27,"author":{"gitId":"NeoMinWei"},"content":"    }","lastModifiedDate":"2023-08-29"},{"lineNumber":28,"author":{"gitId":"NeoMinWei"},"content":"","lastModifiedDate":"2023-09-02"},{"lineNumber":29,"author":{"gitId":"NeoMinWei"},"content":"    @Override","lastModifiedDate":"2023-09-02"},{"lineNumber":30,"author":{"gitId":"NeoMinWei"},"content":"    public String toString() {","lastModifiedDate":"2023-09-02"},{"lineNumber":31,"author":{"gitId":"NeoMinWei"},"content":"        return \"[\" + this.getStatusIcon() + \"] \" + this.description;","lastModifiedDate":"2023-09-02"},{"lineNumber":32,"author":{"gitId":"NeoMinWei"},"content":"    }","lastModifiedDate":"2023-09-02"},{"lineNumber":33,"author":{"gitId":"NeoMinWei"},"content":"","lastModifiedDate":"2023-09-02"},{"lineNumber":34,"author":{"gitId":"NeoMinWei"},"content":"    public void printAddedTask() {","lastModifiedDate":"2023-09-02"},{"lineNumber":35,"author":{"gitId":"NeoMinWei"},"content":"        System.out.println(\"Got it. I\u0027ve added this task:\");","lastModifiedDate":"2023-09-02"},{"lineNumber":36,"author":{"gitId":"NeoMinWei"},"content":"        System.out.println(\"    \" + this);","lastModifiedDate":"2023-09-02"},{"lineNumber":37,"author":{"gitId":"NeoMinWei"},"content":"        System.out.print(\"Now you have \" + getTotalTasks());","lastModifiedDate":"2023-09-02"},{"lineNumber":38,"author":{"gitId":"NeoMinWei"},"content":"        if (getTotalTasks() \u003d\u003d 1) {","lastModifiedDate":"2023-09-02"},{"lineNumber":39,"author":{"gitId":"NeoMinWei"},"content":"            System.out.println(\" task in the list.\");","lastModifiedDate":"2023-09-02"},{"lineNumber":40,"author":{"gitId":"NeoMinWei"},"content":"        } else {","lastModifiedDate":"2023-09-02"},{"lineNumber":41,"author":{"gitId":"NeoMinWei"},"content":"            System.out.println(\" tasks in the list.\");","lastModifiedDate":"2023-09-02"},{"lineNumber":42,"author":{"gitId":"NeoMinWei"},"content":"        }","lastModifiedDate":"2023-09-02"},{"lineNumber":43,"author":{"gitId":"NeoMinWei"},"content":"    }","lastModifiedDate":"2023-09-02"},{"lineNumber":44,"author":{"gitId":"NeoMinWei"},"content":"}","lastModifiedDate":"2023-08-29"}],"authorContributionMap":{"NeoMinWei":44}},{"path":"src/main/java/Todo.java","fileType":"java","lines":[{"lineNumber":1,"author":{"gitId":"NeoMinWei"},"content":"public class Todo extends Task{","lastModifiedDate":"2023-09-02"},{"lineNumber":2,"author":{"gitId":"NeoMinWei"},"content":"","lastModifiedDate":"2023-09-02"},{"lineNumber":3,"author":{"gitId":"NeoMinWei"},"content":"    public Todo(String description) {","lastModifiedDate":"2023-09-02"},{"lineNumber":4,"author":{"gitId":"NeoMinWei"},"content":"        super(description);","lastModifiedDate":"2023-09-02"},{"lineNumber":5,"author":{"gitId":"NeoMinWei"},"content":"    }","lastModifiedDate":"2023-09-02"},{"lineNumber":6,"author":{"gitId":"NeoMinWei"},"content":"","lastModifiedDate":"2023-09-02"},{"lineNumber":7,"author":{"gitId":"NeoMinWei"},"content":"    @Override","lastModifiedDate":"2023-09-02"},{"lineNumber":8,"author":{"gitId":"NeoMinWei"},"content":"    public String toString() {","lastModifiedDate":"2023-09-02"},{"lineNumber":9,"author":{"gitId":"NeoMinWei"},"content":"        return \"[T]\" + super.toString();","lastModifiedDate":"2023-09-02"},{"lineNumber":10,"author":{"gitId":"NeoMinWei"},"content":"    }","lastModifiedDate":"2023-09-02"},{"lineNumber":11,"author":{"gitId":"NeoMinWei"},"content":"}","lastModifiedDate":"2023-09-02"}],"authorContributionMap":{"NeoMinWei":11}}]
