{"authorDailyContributionsMap":{"NeoMinWei":[{"date":"2023-08-20","commitResults":[{"hash":"18aa7071cbd8b23b6094d8eb7a88e6a559b29a7e","isMergeCommit":false,"messageTitle":"Delete previous code","messageBody":"","fileTypesAndContributionMap":{"java":{"insertions":0,"deletions":10}}},{"hash":"1253b0310e016545f48a669fe6c8f28ed86bb257","isMergeCommit":false,"messageTitle":"Rename class and file to Neo","messageBody":"","fileTypesAndContributionMap":{"java":{"insertions":5,"deletions":0}}},{"hash":"e292cfa607715ad1fe92fc2611fa782aac62dc4b","isMergeCommit":false,"messageTitle":"Add greet and exit","messageBody":"","tags":["Level-0"],"fileTypesAndContributionMap":{"java":{"insertions":4,"deletions":1}}}]},{"date":"2023-08-27","commitResults":[{"hash":"693da2e3f2e75a7b52e39e10492dc21ea53e033f","isMergeCommit":false,"messageTitle":"Add echo function","messageBody":"","tags":["Level-1"],"fileTypesAndContributionMap":{"java":{"insertions":8,"deletions":1}}}]},{"date":"2023-08-29","commitResults":[{"hash":"0a036561283b0f83b75e08d25071ad428a9e5040","isMergeCommit":false,"messageTitle":"Add list functionality","messageBody":"","tags":["Level-2"],"fileTypesAndContributionMap":{"java":{"insertions":14,"deletions":2}}},{"hash":"0ffbc199692ee5391d5d13dd37efff2cc582ad74","isMergeCommit":false,"messageTitle":"Add task class, add ability to mark and umark tasks","messageBody":"","tags":["Level-3"],"fileTypesAndContributionMap":{"java":{"insertions":53,"deletions":6}}}]},{"date":"2023-09-01","commitResults":[{"hash":"de573227a8174097a788acc50be7aba842fbdb91","isMergeCommit":false,"messageTitle":"Format to follow coding standards","messageBody":"","tags":["A-CodingStandard"],"fileTypesAndContributionMap":{"java":{"insertions":3,"deletions":6}}}]},{"date":"2023-09-02","commitResults":[{"hash":"a3a5257f625aaea6638eccd23a847028c3b49878","isMergeCommit":false,"messageTitle":"Add Todo class","messageBody":"","fileTypesAndContributionMap":{"java":{"insertions":11,"deletions":0}}},{"hash":"6e518d4e084a7461a2fba61368cec50a524bcea7","isMergeCommit":false,"messageTitle":"Shift incrementTotalTasks() method call in main to constructor, add toString() method","messageBody":"","fileTypesAndContributionMap":{"java":{"insertions":6,"deletions":0}}},{"hash":"7cad1967ca79fb9c39a10e3e1225ecaa79446116","isMergeCommit":false,"messageTitle":"Add todo functionality, refactor the printing of Task","messageBody":"","fileTypesAndContributionMap":{"java":{"insertions":11,"deletions":10}}},{"hash":"e5c4a82362911b2ecc70e0b6d4a867b5b97b8355","isMergeCommit":false,"messageTitle":"Add Deadline class","messageBody":"","fileTypesAndContributionMap":{"java":{"insertions":20,"deletions":0}}},{"hash":"69edff1d2a8f0c3e11c8a90327a52dbda8727a7a","isMergeCommit":false,"messageTitle":"Add printAddedTask() method","messageBody":"","fileTypesAndContributionMap":{"java":{"insertions":11,"deletions":0}}},{"hash":"3796f4cb65b8991151b7346d6a354eb95a271c9a","isMergeCommit":false,"messageTitle":"Add deadline functionality","messageBody":"","fileTypesAndContributionMap":{"java":{"insertions":8,"deletions":2}}},{"hash":"ff1f0e4b936151415ef8bab4c4cf67a6096e7a4b","isMergeCommit":false,"messageTitle":"Add Event class","messageBody":"","fileTypesAndContributionMap":{"java":{"insertions":21,"deletions":0}}},{"hash":"d2303ac0c012d8f4d938c5a4b95d4060aef31285","isMergeCommit":false,"messageTitle":"Add event functionality","messageBody":"","fileTypesAndContributionMap":{"java":{"insertions":12,"deletions":3}}},{"hash":"eff37b70284e4eed4ff04a1119c781687bb04835","isMergeCommit":false,"messageTitle":"Modify printAddedTask() to additionally print number of tasks in list","messageBody":"","tags":["Level-4"],"fileTypesAndContributionMap":{"java":{"insertions":6,"deletions":0}}},{"hash":"e19a4769f82e4b3fcfbc31cd6159d34e2b618a16","isMergeCommit":false,"messageTitle":"Refactor printAddedTask()","messageBody":"","fileTypesAndContributionMap":{"java":{"insertions":2,"deletions":4}}}]},{"date":"2023-09-06","commitResults":[{"hash":"2acdfb8e371802650578d638286adf04cce25eb3","isMergeCommit":false,"messageTitle":"Remove redundant printAddedTask() method","messageBody":"","fileTypesAndContributionMap":{"java":{"insertions":0,"deletions":15}}},{"hash":"84eeaf8ae6f5f201f26da5d3e39923c3844292ed","isMergeCommit":false,"messageTitle":"Split main method into several methods","messageBody":"","fileTypesAndContributionMap":{"java":{"insertions":56,"deletions":33}}},{"hash":"ca361256d880e71ba7db5818a26205947c66d647","isMergeCommit":false,"messageTitle":"Remove mystery numbers, restructure code","messageBody":"","tags":["A-CodeQuality"],"fileTypesAndContributionMap":{"java":{"insertions":44,"deletions":22}}}]}]},"authorFileTypeContributionMap":{"NeoMinWei":{"java":190,"md":0,"fxml":0,"sh":0,"bat":0,"gradle":0,"txt":0}},"authorContributionVariance":{"NeoMinWei":2140.55},"authorDisplayNameMap":{"NeoMinWei":"NEO .. WEI"}}
