{"authorDailyContributionsMap":{"NeoMinWei":[{"date":"2023-08-20","commitResults":[{"hash":"18aa7071cbd8b23b6094d8eb7a88e6a559b29a7e","isMergeCommit":false,"messageTitle":"Delete previous code","messageBody":"","fileTypesAndContributionMap":{"java":{"insertions":0,"deletions":10}}},{"hash":"1253b0310e016545f48a669fe6c8f28ed86bb257","isMergeCommit":false,"messageTitle":"Rename class and file to Neo","messageBody":"","fileTypesAndContributionMap":{"java":{"insertions":5,"deletions":0}}},{"hash":"e292cfa607715ad1fe92fc2611fa782aac62dc4b","isMergeCommit":false,"messageTitle":"Add greet and exit","messageBody":"","tags":["Level-0"],"fileTypesAndContributionMap":{"java":{"insertions":4,"deletions":1}}}]},{"date":"2023-08-27","commitResults":[{"hash":"693da2e3f2e75a7b52e39e10492dc21ea53e033f","isMergeCommit":false,"messageTitle":"Add echo function","messageBody":"","tags":["Level-1"],"fileTypesAndContributionMap":{"java":{"insertions":8,"deletions":1}}}]},{"date":"2023-08-29","commitResults":[{"hash":"0a036561283b0f83b75e08d25071ad428a9e5040","isMergeCommit":false,"messageTitle":"Add list functionality","messageBody":"","tags":["Level-2"],"fileTypesAndContributionMap":{"java":{"insertions":14,"deletions":2}}},{"hash":"0ffbc199692ee5391d5d13dd37efff2cc582ad74","isMergeCommit":false,"messageTitle":"Add task class, add ability to mark and umark tasks","messageBody":"","tags":["Level-3"],"fileTypesAndContributionMap":{"java":{"insertions":53,"deletions":6}}}]},{"date":"2023-09-01","commitResults":[{"hash":"de573227a8174097a788acc50be7aba842fbdb91","isMergeCommit":false,"messageTitle":"Format to follow coding standards","messageBody":"","tags":["A-CodingStandard"],"fileTypesAndContributionMap":{"java":{"insertions":3,"deletions":6}}}]},{"date":"2023-09-02","commitResults":[{"hash":"a3a5257f625aaea6638eccd23a847028c3b49878","isMergeCommit":false,"messageTitle":"Add Todo class","messageBody":"","fileTypesAndContributionMap":{"java":{"insertions":11,"deletions":0}}},{"hash":"6e518d4e084a7461a2fba61368cec50a524bcea7","isMergeCommit":false,"messageTitle":"Shift incrementTotalTasks() method call in main to constructor, add toString() method","messageBody":"","fileTypesAndContributionMap":{"java":{"insertions":6,"deletions":0}}},{"hash":"7cad1967ca79fb9c39a10e3e1225ecaa79446116","isMergeCommit":false,"messageTitle":"Add todo functionality, refactor the printing of Task","messageBody":"","fileTypesAndContributionMap":{"java":{"insertions":11,"deletions":10}}},{"hash":"e5c4a82362911b2ecc70e0b6d4a867b5b97b8355","isMergeCommit":false,"messageTitle":"Add Deadline class","messageBody":"","fileTypesAndContributionMap":{"java":{"insertions":20,"deletions":0}}},{"hash":"69edff1d2a8f0c3e11c8a90327a52dbda8727a7a","isMergeCommit":false,"messageTitle":"Add printAddedTask() method","messageBody":"","fileTypesAndContributionMap":{"java":{"insertions":11,"deletions":0}}},{"hash":"3796f4cb65b8991151b7346d6a354eb95a271c9a","isMergeCommit":false,"messageTitle":"Add deadline functionality","messageBody":"","fileTypesAndContributionMap":{"java":{"insertions":8,"deletions":2}}},{"hash":"ff1f0e4b936151415ef8bab4c4cf67a6096e7a4b","isMergeCommit":false,"messageTitle":"Add Event class","messageBody":"","fileTypesAndContributionMap":{"java":{"insertions":21,"deletions":0}}},{"hash":"d2303ac0c012d8f4d938c5a4b95d4060aef31285","isMergeCommit":false,"messageTitle":"Add event functionality","messageBody":"","fileTypesAndContributionMap":{"java":{"insertions":12,"deletions":3}}},{"hash":"eff37b70284e4eed4ff04a1119c781687bb04835","isMergeCommit":false,"messageTitle":"Modify printAddedTask() to additionally print number of tasks in list","messageBody":"","tags":["Level-4"],"fileTypesAndContributionMap":{"java":{"insertions":6,"deletions":0}}},{"hash":"e19a4769f82e4b3fcfbc31cd6159d34e2b618a16","isMergeCommit":false,"messageTitle":"Refactor printAddedTask()","messageBody":"","fileTypesAndContributionMap":{"java":{"insertions":2,"deletions":4}}}]},{"date":"2023-09-06","commitResults":[{"hash":"2acdfb8e371802650578d638286adf04cce25eb3","isMergeCommit":false,"messageTitle":"Remove redundant printAddedTask() method","messageBody":"","fileTypesAndContributionMap":{"java":{"insertions":0,"deletions":15}}},{"hash":"84eeaf8ae6f5f201f26da5d3e39923c3844292ed","isMergeCommit":false,"messageTitle":"Split main method into several methods","messageBody":"","fileTypesAndContributionMap":{"java":{"insertions":56,"deletions":33}}},{"hash":"ca361256d880e71ba7db5818a26205947c66d647","isMergeCommit":false,"messageTitle":"Remove mystery numbers, restructure code","messageBody":"","tags":["A-CodeQuality"],"fileTypesAndContributionMap":{"java":{"insertions":44,"deletions":22}}}]},{"date":"2023-09-08","commitResults":[{"hash":"b6b03aa195e0fe289cb7f7eb97d24178c1fcc38f","isMergeCommit":false,"messageTitle":"Add error exception handling for mark and unmark task","messageBody":"","fileTypesAndContributionMap":{"java":{"insertions":11,"deletions":2}}},{"hash":"0391d16cd3acec08f5464e186ee55df1226bad47","isMergeCommit":false,"messageTitle":"Add exception class to handle errors specific to Neo bot","messageBody":"","tags":["A-Exceptions"],"fileTypesAndContributionMap":{"java":{"insertions":19,"deletions":0}}},{"hash":"80f8f1208346774c31dcb5f3161d3747e5661ded","isMergeCommit":false,"messageTitle":"Add error exception handling to addEvent()","messageBody":"","fileTypesAndContributionMap":{"java":{"insertions":35,"deletions":9}}},{"hash":"bddc8c722027fbe796c365e9f235cac00ecbce95","isMergeCommit":false,"messageTitle":"Add error exception handling to addDeadline()","messageBody":"","fileTypesAndContributionMap":{"java":{"insertions":22,"deletions":8}}},{"hash":"941da9682be359183c49841475e5b75d9ffd9f69","isMergeCommit":false,"messageTitle":"Add error handling for input not containing appropriate command type","messageBody":"","fileTypesAndContributionMap":{"java":{"insertions":4,"deletions":1}}},{"hash":"570a13f1170e05cb4ca9a80036b4717718857e58","isMergeCommit":false,"messageTitle":"Refactor markTask and unmarkTask, cleanup main method","messageBody":"","fileTypesAndContributionMap":{"java":{"insertions":25,"deletions":30}}}]},{"date":"2023-09-09","commitResults":[{"hash":"33a351e2aa8caba5e95ff1053667f55d94a56dc8","isMergeCommit":false,"messageTitle":"Add error exception handling for addTodo(), add enum for different command and error types","messageBody":"","fileTypesAndContributionMap":{"java":{"insertions":84,"deletions":29}}},{"hash":"700cf271f0058c79284f91f25279c8cf96f63add","isMergeCommit":true,"messageTitle":"Merge branch \u0027branch-Level-5\u0027","messageBody":"","tags":["Level-5"],"fileTypesAndContributionMap":{}},{"hash":"06af7cff41399312b48fb72f7acc5ae3a52e4a88","isMergeCommit":false,"messageTitle":"Move enum to seperate files","messageBody":"","fileTypesAndContributionMap":{"java":{"insertions":11,"deletions":3}}},{"hash":"d94f68bd4ceffe87b9cf29e4e8099f700a8681b2","isMergeCommit":false,"messageTitle":"Change priority of error handling of event","messageBody":"","fileTypesAndContributionMap":{"java":{"insertions":10,"deletions":13}}},{"hash":"0a65f4471cb14d6bbc176b587dcb009faa095082","isMergeCommit":false,"messageTitle":"Create package for enum files","messageBody":"","fileTypesAndContributionMap":{"java":{"insertions":3,"deletions":0}}},{"hash":"e83903ecd793f6f8189c2f73de8bb4628d3a1f56","isMergeCommit":false,"messageTitle":"Create package for task","messageBody":"","fileTypesAndContributionMap":{"java":{"insertions":10,"deletions":2}}},{"hash":"e95ec784e92335a938db748e1096f988ca24d904","isMergeCommit":false,"messageTitle":"Create package for exception","messageBody":"","fileTypesAndContributionMap":{"java":{"insertions":2,"deletions":0}}},{"hash":"54e7d029fe84fceb76733e671812da4b4ec42f91","isMergeCommit":false,"messageTitle":"Import packages into Neo.java","messageBody":"","fileTypesAndContributionMap":{"java":{"insertions":7,"deletions":0}}},{"hash":"4e9e8d190af66c72993796d98e0f858043133e5a","isMergeCommit":true,"messageTitle":"Merge branch \u0027branch-A-Packages\u0027","messageBody":"","tags":["A-Packages"],"fileTypesAndContributionMap":{}}]},{"date":"2023-09-16","commitResults":[{"hash":"0a069ba12025ca45f1a03298b48bbcff243f6589","isMergeCommit":false,"messageTitle":"Replace Task array with ArrayList","messageBody":"","tags":["A-Collections"],"fileTypesAndContributionMap":{"java":{"insertions":45,"deletions":31}}},{"hash":"9e8fb857cc8084c030950d5e3af01add976bca8a","isMergeCommit":false,"messageTitle":"Delete unused code","messageBody":"","fileTypesAndContributionMap":{"java":{"insertions":1,"deletions":21}}},{"hash":"6568ec2972a9c1e20ab53990d3b7edaaf8bc1270","isMergeCommit":false,"messageTitle":"Add delete functionality","messageBody":"","fileTypesAndContributionMap":{"java":{"insertions":21,"deletions":0}}},{"hash":"c47b72934e305f8706dea8875fb7a2b21d87e6c9","isMergeCommit":false,"messageTitle":"Add error exception handling for missing task index for deleteTask()","messageBody":"","fileTypesAndContributionMap":{"java":{"insertions":31,"deletions":25}}},{"hash":"118d996680bbfe9f413283c2cc5e82f52585645b","isMergeCommit":false,"messageTitle":"Add error handling for list index that is out of bounds of the current list for markTask(), unmarkTask() and deleteTask()","messageBody":"","fileTypesAndContributionMap":{"java":{"insertions":7,"deletions":2}}},{"hash":"f2b35ef0b5ad0882fab1ab7cfcb8f4e06601220a","isMergeCommit":false,"messageTitle":"Add data.txt file to store list","messageBody":"","fileTypesAndContributionMap":{"txt":{"insertions":0,"deletions":0},"java":{"insertions":2,"deletions":0}}},{"hash":"cd300a192c4a65121e2c69241c879b12261a466d","isMergeCommit":false,"messageTitle":"Change directory of data.txt file","messageBody":"","fileTypesAndContributionMap":{"txt":{"insertions":0,"deletions":0}}},{"hash":"93822b832e22b1cceb5a91506c1be737e24ae1e3","isMergeCommit":false,"messageTitle":"Add formatTask() method to Task class and its subclasses","messageBody":"","fileTypesAndContributionMap":{"java":{"insertions":21,"deletions":3}}},{"hash":"14c2c4aa64c4fd1f5f6f8a2bd9c81213b382b807","isMergeCommit":false,"messageTitle":"Add writeToFile() method for writing the list into data.txt after each change","messageBody":"","fileTypesAndContributionMap":{"java":{"insertions":18,"deletions":1}}},{"hash":"4ee1af6b2211636a7a42f1c23dc685201599e8ba","isMergeCommit":false,"messageTitle":"Replace \"|\" with \"/\" for formatTask()","messageBody":"","fileTypesAndContributionMap":{"java":{"insertions":4,"deletions":4}}},{"hash":"5bd7a53caaa83392662dc59d8427cbd0acc5e709","isMergeCommit":false,"messageTitle":"Add readFromFile() method to read saved tasks from data.txt file","messageBody":"","fileTypesAndContributionMap":{"java":{"insertions":41,"deletions":6}}},{"hash":"27b3979332e2497f15fef9443f5f3f27864dfa67","isMergeCommit":true,"messageTitle":"Merge branch \u0027branch-Level-6\u0027","messageBody":"","tags":["Level-6"],"fileTypesAndContributionMap":{}},{"hash":"4c4ab1d0f29172ef4f12118d485dfb610af738d0","isMergeCommit":true,"messageTitle":"Merge branch \u0027branch-Level-7\u0027","messageBody":"","tags":["Level-7"],"fileTypesAndContributionMap":{}},{"hash":"738e821bc301342644ec786f2cfae1912b1c1e8a","isMergeCommit":false,"messageTitle":"Extract methods from main() to make code more readable","messageBody":"","fileTypesAndContributionMap":{"txt":{"insertions":0,"deletions":1},"java":{"insertions":43,"deletions":13}}}]},{"date":"2023-09-17","commitResults":[{"hash":"141cd576ac6f2d2e410cbf4322dcac1defcd0c04","isMergeCommit":false,"messageTitle":"Rename isMarked() method to checkMarked() for readability","messageBody":"","fileTypesAndContributionMap":{"java":{"insertions":2,"deletions":2}}}]},{"date":"2023-09-23","commitResults":[{"hash":"ccd1edd25abbfd114ed0a8851e5c0a8859e72363","isMergeCommit":false,"messageTitle":"Create Ui class","messageBody":"","fileTypesAndContributionMap":{"java":{"insertions":15,"deletions":0}}},{"hash":"6bcb5ec277982f70e5f053df3d4d9af4ecebde6b","isMergeCommit":false,"messageTitle":"Extract Ui related methods to the Ui class","messageBody":"","fileTypesAndContributionMap":{"java":{"insertions":7,"deletions":15}}},{"hash":"0bd5ffcb533791445faf157a5ffeb119e98f026e","isMergeCommit":false,"messageTitle":"Create Storage class","messageBody":"","fileTypesAndContributionMap":{"java":{"insertions":91,"deletions":0}}},{"hash":"dde541821a5a3dd51c721904b86026c9cc352023","isMergeCommit":false,"messageTitle":"Extract Storage related methods to Storage class","messageBody":"","fileTypesAndContributionMap":{"java":{"insertions":12,"deletions":78}}},{"hash":"7473892ac3515d806395f896932d242ddfdc6088","isMergeCommit":false,"messageTitle":"Create TaskList class","messageBody":"","fileTypesAndContributionMap":{"java":{"insertions":216,"deletions":0}}},{"hash":"6dc6c068a2b935d447ed7ba77a0d86a8665d2c82","isMergeCommit":false,"messageTitle":"Change Storage to an abstract class","messageBody":"","fileTypesAndContributionMap":{"java":{"insertions":11,"deletions":16}}},{"hash":"e3c5e6f7655b8e8cad0ea56fad68e2df7aae672c","isMergeCommit":false,"messageTitle":"Extract methods related to TaskList into TaskList class","messageBody":"","fileTypesAndContributionMap":{"java":{"insertions":12,"deletions":231}}},{"hash":"e1ed451d278863dfb453df115397cccb69e8f948","isMergeCommit":false,"messageTitle":"Create Parser class","messageBody":"","fileTypesAndContributionMap":{"java":{"insertions":28,"deletions":0}}},{"hash":"740fcd6424565f8bcd2611b15226bb2151197dd6","isMergeCommit":false,"messageTitle":"Extract Parser related method to Parser class","messageBody":"","tags":["A-MoreOOP"],"fileTypesAndContributionMap":{"java":{"insertions":5,"deletions":27}}},{"hash":"a74d8654cbdc501d822aaec33c4b42bde3a99bfb","isMergeCommit":false,"messageTitle":"Move Parser, Storage, TaskList, Ui classes into neo.util package","messageBody":"","fileTypesAndContributionMap":{"java":{"insertions":12,"deletions":0}}},{"hash":"4fcdaca2b75b07061e90f95b3250a7d44cbc6587","isMergeCommit":false,"messageTitle":"Move TaskList class to task package","messageBody":"","fileTypesAndContributionMap":{"java":{"insertions":3,"deletions":6}}}]},{"date":"2023-09-24","commitResults":[{"hash":"f9e2f795dd78fd23d4077a06e02dd64130c64479","isMergeCommit":false,"messageTitle":"Add ability for chatbot to understand dates and times","messageBody":"","fileTypesAndContributionMap":{"java":{"insertions":45,"deletions":6}}},{"hash":"682728b6b2fdd9142fd832db9581cef0c6aaf8bb","isMergeCommit":false,"messageTitle":"Add error handling for wrong time inputs","messageBody":"","fileTypesAndContributionMap":{"java":{"insertions":195,"deletions":48}}},{"hash":"f8312ce9414add8d3d30e808aab71fb3f2c4c0bf","isMergeCommit":false,"messageTitle":"Create new ErrorCatcher class for catching errors","messageBody":"","fileTypesAndContributionMap":{"java":{"insertions":136,"deletions":127}}},{"hash":"9a92a050cfae38bc84e38d9c2d808226e7d23c16","isMergeCommit":false,"messageTitle":"Add find functionality","messageBody":"","fileTypesAndContributionMap":{"java":{"insertions":42,"deletions":0}}},{"hash":"b21861bde07d62aebc587ff04f2a4cf335030533","isMergeCommit":false,"messageTitle":"Add default cases for switch statements","messageBody":"","fileTypesAndContributionMap":{"java":{"insertions":6,"deletions":0}}},{"hash":"598edd5800623c5fdeb7fb449fbf1f4b247f23ea","isMergeCommit":false,"messageTitle":"Add default statements to switch cases","messageBody":"","fileTypesAndContributionMap":{"java":{"insertions":7,"deletions":1}}},{"hash":"fca3bef15176cb4b5b8d48df3346131c287031b6","isMergeCommit":false,"messageTitle":"Add missing break statements in switch cases","messageBody":"","fileTypesAndContributionMap":{"java":{"insertions":2,"deletions":0}}},{"hash":"888628e2b524daf46258ed375c0b476ef4a64007","isMergeCommit":false,"messageTitle":"Add missing break statement to default case","messageBody":"","fileTypesAndContributionMap":{"java":{"insertions":1,"deletions":0}}},{"hash":"650a36f701ddfc825295d8899bb7b4ac56c77426","isMergeCommit":true,"messageTitle":"Merge pull request #1 from NeoMinWei/branch-Level-8","messageBody":"Branch level 8","tags":["Level-8"],"fileTypesAndContributionMap":{}},{"hash":"f7f7bcbb856c0e4b74097a55f336677a8678a35f","isMergeCommit":true,"messageTitle":"Merge branch \u0027master\u0027 into branch-Level-9","messageBody":"# Conflicts:\n#\tsrc/main/java/neo/task/TaskList.java\n","fileTypesAndContributionMap":{}},{"hash":"c01275b0f6a2d218885e003e31b22268d3744d0a","isMergeCommit":true,"messageTitle":"Merge pull request #2 from NeoMinWei/branch-Level-9","messageBody":"Branch level 9","tags":["Level-9"],"fileTypesAndContributionMap":{}}]},{"date":"2023-09-25","commitResults":[{"hash":"f1fc85bc7adf4867fd6e8e0df91aaf6671624e4a","isMergeCommit":false,"messageTitle":"Add javadoc comments to all non-private classes/methods","messageBody":"","fileTypesAndContributionMap":{"java":{"insertions":279,"deletions":18}}},{"hash":"68e0f0330661126d10e591354df912d765396dd5","isMergeCommit":false,"messageTitle":"Revert \"Add javadoc comments to all non-private classes/methods\"","messageBody":"This reverts commit f1fc85bc7adf4867fd6e8e0df91aaf6671624e4a.\n","fileTypesAndContributionMap":{"java":{"insertions":18,"deletions":279}}},{"hash":"fd1fb54fa660575ad4a32546e51b0bf096ca6d88","isMergeCommit":false,"messageTitle":"Add javadoc comments to all non-private classes/methods","messageBody":"","fileTypesAndContributionMap":{"java":{"insertions":281,"deletions":13}}},{"hash":"7175e2c3ef9beb7c6268fa6f28ca16773c4931c4","isMergeCommit":true,"messageTitle":"Merge pull request #3 from NeoMinWei/branch-A-JavaDoc","messageBody":"branch-A-JavaDoc","tags":["A-JavaDoc"],"fileTypesAndContributionMap":{}}]},{"date":"2023-09-26","commitResults":[{"hash":"89ee1b9c9d25d5f4ca4baecbf585c2dc021a66bd","isMergeCommit":false,"messageTitle":"Add missing break statements in switch cases","messageBody":"","fileTypesAndContributionMap":{"java":{"insertions":3,"deletions":1}}},{"hash":"77381f5e402e119c854e071a3a6ac4c3ebc9f31a","isMergeCommit":false,"messageTitle":"Extract method of printTask","messageBody":"","fileTypesAndContributionMap":{"java":{"insertions":7,"deletions":4}}},{"hash":"95d859f4460509ec1b8a716c77fa7ec5607126a1","isMergeCommit":false,"messageTitle":"Make the find function case-insensitive","messageBody":"","fileTypesAndContributionMap":{"java":{"insertions":8,"deletions":2}}},{"hash":"79134d6116ffd66b337c47a27d5afcd74f4a6531","isMergeCommit":false,"messageTitle":"Add a User Guide","messageBody":"","tags":["A-UserGuide"],"fileTypesAndContributionMap":{"md":{"insertions":151,"deletions":12}}}]},{"date":"2023-09-27","commitResults":[{"hash":"521d7288be75c420097768450af246dd5b4885c0","isMergeCommit":false,"messageTitle":"Add quick start in User Guide","messageBody":"","fileTypesAndContributionMap":{"md":{"insertions":7,"deletions":0}}},{"hash":"a63fd4bfe9f54159187772a77cc838a8f3b0b956","isMergeCommit":false,"messageTitle":"Change the format of saving tasks to data.txt file from \"/\" to \"|\"","messageBody":"","fileTypesAndContributionMap":{"java":{"insertions":4,"deletions":4}}},{"hash":"e9fea2e2362f4ae4acfe8f3942944f0e7aa5abb4","isMergeCommit":false,"messageTitle":"Add error handling for when the existing data.txt file has unreadable lines","messageBody":"","fileTypesAndContributionMap":{"java":{"insertions":153,"deletions":20}}},{"hash":"649d3a3eedb0fb4dd4df7d7660618ecf5411e33b","isMergeCommit":false,"messageTitle":"Fix bug where data.txt file is not deleting if it is unreadable","messageBody":"","fileTypesAndContributionMap":{"java":{"insertions":8,"deletions":12}}},{"hash":"fe2a68d29551b8ed5ca5ca13f150f9934b0b0147","isMergeCommit":false,"messageTitle":"Fix bug where data.txt file is not deleting","messageBody":"","fileTypesAndContributionMap":{"java":{"insertions":2,"deletions":0}}}]},{"date":"2023-10-05","commitResults":[{"hash":"fe60625a90abf7fbc74eaaa8bb44dba100134d4d","isMergeCommit":false,"messageTitle":"Standardise newline format","messageBody":"","fileTypesAndContributionMap":{"java":{"insertions":5,"deletions":7}}}]},{"date":"2023-10-06","commitResults":[{"hash":"f7e4c85647a9c130db03f6b263cbb9c86c854fbe","isMergeCommit":false,"messageTitle":"Edit javadoc header to fit convention","messageBody":"","tags":["A-Release"],"fileTypesAndContributionMap":{"java":{"insertions":2,"deletions":2}}}]}]},"authorFileTypeContributionMap":{"NeoMinWei":{"java":1164,"md":142,"fxml":0,"sh":0,"bat":0,"gradle":0,"txt":0}},"authorContributionVariance":{"NeoMinWei":36013.55},"authorDisplayNameMap":{"NeoMinWei":"CS2113-T18-2 NEO .. WEI"}}
