{"authorDailyContributionsMap":{"charkty":[{"date":"2023-08-24","commitResults":[{"hash":"9b9814604bcb401c0e7550009b433bac26a51ae1","isMergeCommit":false,"messageTitle":"Rename, greet and exit Duke.java file. Level 0.","messageBody":"","fileTypesAndContributionMap":{"java":{"insertions":8,"deletions":10}}}]},{"date":"2023-08-29","commitResults":[{"hash":"381d9a81c07434888fd2e07e5fe11c90800bcb8e","isMergeCommit":false,"messageTitle":"Change variable name","messageBody":"","tags":["Level-0"],"fileTypesAndContributionMap":{"java":{"insertions":3,"deletions":3}}}]},{"date":"2023-09-02","commitResults":[{"hash":"4e8e5b140d1427fc27dcbbb163b849cb4ac44902","isMergeCommit":false,"messageTitle":"Echo messages from user input","messageBody":"","tags":["Level-1"],"fileTypesAndContributionMap":{"java":{"insertions":11,"deletions":2}}},{"hash":"548327f40ed726b1b733931e27e3cd3b3792a8b3","isMergeCommit":false,"messageTitle":"Store text entered by user and display them when requested","messageBody":"","tags":["Level-2"],"fileTypesAndContributionMap":{"java":{"insertions":13,"deletions":1}}},{"hash":"37aacbf3e971c1048259f64776c7c1b3c35334cd","isMergeCommit":false,"messageTitle":"Add new function to mark task as done","messageBody":"","tags":["Level-3"],"fileTypesAndContributionMap":{"java":{"insertions":51,"deletions":4}}}]},{"date":"2023-09-04","commitResults":[{"hash":"81eaf504f43f0dc08884ab8a7ad3298a6d331e1b","isMergeCommit":false,"messageTitle":"Update code to abide to java coding standard","messageBody":"","fileTypesAndContributionMap":{"java":{"insertions":17,"deletions":13}}},{"hash":"457362d015f6fbd911062e62dbb25e063b3e8159","isMergeCommit":false,"messageTitle":"Tidy up code","messageBody":"","tags":["A-CodingStandard"],"fileTypesAndContributionMap":{"java":{"insertions":39,"deletions":24}}},{"hash":"e15ef261c12839eb92560135fcc1c776b2116719","isMergeCommit":false,"messageTitle":"Replace if-else statement with case-switch statements","messageBody":"","fileTypesAndContributionMap":{"java":{"insertions":39,"deletions":24}}}]},{"date":"2023-09-08","commitResults":[{"hash":"1546632d974e783cf0ba9acb8946ff50b6627f24","isMergeCommit":false,"messageTitle":"Add subclasses (of class Task) deadline and event","messageBody":"","fileTypesAndContributionMap":{"java":{"insertions":185,"deletions":32}}},{"hash":"5f5b13a2a4e375dfe4d701b43c1c8043fbe8ec0f","isMergeCommit":true,"messageTitle":"Add subclasses (of class Task) deadline and event","messageBody":"","tags":["Level-4"],"fileTypesAndContributionMap":{}}]},{"date":"2023-09-09","commitResults":[{"hash":"f50a195fcf4c02e0bf64b88e3bd110a52beebf02","isMergeCommit":false,"messageTitle":"Add Todo class","messageBody":"","fileTypesAndContributionMap":{"java":{"insertions":88,"deletions":53}}},{"hash":"7b6ee4c674e046e90da47c5d066cbf10e88b01dc","isMergeCommit":false,"messageTitle":"Edit base on PR review","messageBody":"","tags":["A-CodeQuality"],"fileTypesAndContributionMap":{"java":{"insertions":5,"deletions":5}}}]}]},"authorFileTypeContributionMap":{"charkty":{"java":282,"md":0,"fxml":0,"sh":0,"bat":0,"gradle":0,"txt":0}},"authorContributionVariance":{"charkty":3654.4993},"authorDisplayNameMap":{"charkty":"CHAR..G YU"}}
