{"authorDailyContributionsMap":{"charkty":[{"date":"2023-08-24","commitResults":[{"hash":"9b9814604bcb401c0e7550009b433bac26a51ae1","isMergeCommit":false,"messageTitle":"Rename, greet and exit Duke.java file. Level 0.","messageBody":"","fileTypesAndContributionMap":{"java":{"insertions":8,"deletions":10}}}]},{"date":"2023-08-29","commitResults":[{"hash":"381d9a81c07434888fd2e07e5fe11c90800bcb8e","isMergeCommit":false,"messageTitle":"Change variable name","messageBody":"","tags":["Level-0"],"fileTypesAndContributionMap":{"java":{"insertions":3,"deletions":3}}}]},{"date":"2023-09-02","commitResults":[{"hash":"4e8e5b140d1427fc27dcbbb163b849cb4ac44902","isMergeCommit":false,"messageTitle":"Echo messages from user input","messageBody":"","tags":["Level-1"],"fileTypesAndContributionMap":{"java":{"insertions":11,"deletions":2}}},{"hash":"548327f40ed726b1b733931e27e3cd3b3792a8b3","isMergeCommit":false,"messageTitle":"Store text entered by user and display them when requested","messageBody":"","tags":["Level-2"],"fileTypesAndContributionMap":{"java":{"insertions":13,"deletions":1}}},{"hash":"37aacbf3e971c1048259f64776c7c1b3c35334cd","isMergeCommit":false,"messageTitle":"Add new function to mark task as done","messageBody":"","tags":["Level-3"],"fileTypesAndContributionMap":{"java":{"insertions":51,"deletions":4}}}]},{"date":"2023-09-04","commitResults":[{"hash":"81eaf504f43f0dc08884ab8a7ad3298a6d331e1b","isMergeCommit":false,"messageTitle":"Update code to abide to java coding standard","messageBody":"","fileTypesAndContributionMap":{"java":{"insertions":17,"deletions":13}}},{"hash":"457362d015f6fbd911062e62dbb25e063b3e8159","isMergeCommit":false,"messageTitle":"Tidy up code","messageBody":"","tags":["A-CodingStandard"],"fileTypesAndContributionMap":{"java":{"insertions":39,"deletions":24}}},{"hash":"e15ef261c12839eb92560135fcc1c776b2116719","isMergeCommit":false,"messageTitle":"Replace if-else statement with case-switch statements","messageBody":"","fileTypesAndContributionMap":{"java":{"insertions":39,"deletions":24}}}]},{"date":"2023-09-08","commitResults":[{"hash":"1546632d974e783cf0ba9acb8946ff50b6627f24","isMergeCommit":false,"messageTitle":"Add subclasses (of class Task) deadline and event","messageBody":"","fileTypesAndContributionMap":{"java":{"insertions":185,"deletions":32}}},{"hash":"5f5b13a2a4e375dfe4d701b43c1c8043fbe8ec0f","isMergeCommit":true,"messageTitle":"Add subclasses (of class Task) deadline and event","messageBody":"","tags":["Level-4"],"fileTypesAndContributionMap":{}}]},{"date":"2023-09-09","commitResults":[{"hash":"f50a195fcf4c02e0bf64b88e3bd110a52beebf02","isMergeCommit":false,"messageTitle":"Add Todo class","messageBody":"","fileTypesAndContributionMap":{"java":{"insertions":88,"deletions":53}}},{"hash":"7b6ee4c674e046e90da47c5d066cbf10e88b01dc","isMergeCommit":false,"messageTitle":"Edit base on PR review","messageBody":"","tags":["A-CodeQuality"],"fileTypesAndContributionMap":{"java":{"insertions":5,"deletions":5}}}]},{"date":"2023-09-15","commitResults":[{"hash":"b93a82e43ddeb350f18c2d5dece6f99f79473fc1","isMergeCommit":false,"messageTitle":"Improve code readability","messageBody":"","fileTypesAndContributionMap":{"java":{"insertions":19,"deletions":19}}},{"hash":"b4a05d18bc00812b992ce59380eed28138a19f45","isMergeCommit":false,"messageTitle":"Handle errors for user input","messageBody":"","fileTypesAndContributionMap":{"java":{"insertions":71,"deletions":8}}},{"hash":"d71bd203454c428041dd5a2d53b8fd544ba77df4","isMergeCommit":false,"messageTitle":"Add error handling","messageBody":"","fileTypesAndContributionMap":{"java":{"insertions":88,"deletions":20}}},{"hash":"88744c4af106ab055bd5ff1465609f70b36c8f31","isMergeCommit":false,"messageTitle":"Add DukeException.java","messageBody":"","fileTypesAndContributionMap":{"java":{"insertions":2,"deletions":0}}},{"hash":"113747d2336f504c5d2aefa0f44beab81cf1e172","isMergeCommit":true,"messageTitle":"Improve code quality","messageBody":"","tags":["Level-5"],"fileTypesAndContributionMap":{}}]},{"date":"2023-09-24","commitResults":[{"hash":"9c3b355dbfb4667a42a068337fc4fb0659a355a8","isMergeCommit":false,"messageTitle":"Create packages and add new exceptions","messageBody":"","tags":["A-Packages","A-Exceptions"],"fileTypesAndContributionMap":{"java":{"insertions":94,"deletions":101}}},{"hash":"26df480a71c8ce429d7ccb12f263ec0a6ad8a695","isMergeCommit":false,"messageTitle":"Add function to delete task","messageBody":"","tags":["A-Collections"],"fileTypesAndContributionMap":{"java":{"insertions":28,"deletions":10}}},{"hash":"14bcf66c6daffe6ab5f5f14a210e3d42dd272850","isMergeCommit":false,"messageTitle":"Add File Manager","messageBody":"","fileTypesAndContributionMap":{"txt":{"insertions":2,"deletions":0},"java":{"insertions":132,"deletions":6}}},{"hash":"ac440f36c9c0a2bcfced10f6acc88be83eb6ff49","isMergeCommit":true,"messageTitle":"Merge branch \u0027branch-Level-6\u0027","messageBody":"","tags":["Level-6"],"fileTypesAndContributionMap":{}},{"hash":"25c0e9c058b3f69ce0cfac015963096bf45b8ede","isMergeCommit":true,"messageTitle":"Resolve merge conflicts","messageBody":"","tags":["Level-7"],"fileTypesAndContributionMap":{}},{"hash":"3001e3462d8c300a4f4592eab2dc6a94c66111f9","isMergeCommit":false,"messageTitle":"Ignore MANIFEST.MF from jar","messageBody":"","tags":["A-Jar"],"fileTypesAndContributionMap":{"txt":{"insertions":0,"deletions":3}}},{"hash":"98f96b6dac8d9467121a3224f67a310f54a3996c","isMergeCommit":false,"messageTitle":"Change to relative path","messageBody":"","fileTypesAndContributionMap":{"txt":{"insertions":0,"deletions":0},"java":{"insertions":13,"deletions":2}}}]},{"date":"2023-09-28","commitResults":[{"hash":"45353d6bfe518a32fb2b19cd07ecceb2a3d6f4ee","isMergeCommit":false,"messageTitle":"Add UI","messageBody":"","fileTypesAndContributionMap":{"java":{"insertions":43,"deletions":3}}},{"hash":"b9cb891501110b1129571d41ff79e12d70ed59fa","isMergeCommit":false,"messageTitle":"Add TaskList class","messageBody":"","fileTypesAndContributionMap":{"java":{"insertions":110,"deletions":88}}}]},{"date":"2023-10-05","commitResults":[{"hash":"93df138008fa2a83f0eedf7346aad20a5f77aabb","isMergeCommit":false,"messageTitle":"Add commands to add task and update status","messageBody":"","fileTypesAndContributionMap":{"java":{"insertions":304,"deletions":0}}},{"hash":"d75854ba258edbc8cd464c87384fdc927851a501","isMergeCommit":false,"messageTitle":"Add bye, list and delete commands","messageBody":"","fileTypesAndContributionMap":{"java":{"insertions":67,"deletions":23}}},{"hash":"076410edb1acc1fadccbe034b80974204506f577","isMergeCommit":false,"messageTitle":"Add alice package","messageBody":"","fileTypesAndContributionMap":{"txt":{"insertions":3,"deletions":0},"java":{"insertions":210,"deletions":301},"bat":{"insertions":1,"deletions":1},"sh":{"insertions":1,"deletions":1}}},{"hash":"14a7739c05e73e7dfbf55cb3008bae4aa930172c","isMergeCommit":false,"messageTitle":"Add functionality for keyword find","messageBody":"","fileTypesAndContributionMap":{"txt":{"insertions":2,"deletions":0},"java":{"insertions":87,"deletions":22}}},{"hash":"c22158837027d0a8c279350d97498831a455345a","isMergeCommit":false,"messageTitle":"Add date and time","messageBody":"","fileTypesAndContributionMap":{"txt":{"insertions":4,"deletions":3},"java":{"insertions":109,"deletions":45}}},{"hash":"4dd0cb4aa23de75c927227b66af35b372d5225f2","isMergeCommit":true,"messageTitle":"Merge pull request #2 from charkty/branch-Level-9","messageBody":"Branch level 9","fileTypesAndContributionMap":{}},{"hash":"1e0d56fd96cd7dac2bc587657c6413580a904404","isMergeCommit":true,"messageTitle":"Resolve merge conflicts","messageBody":"","tags":["Level-8"],"fileTypesAndContributionMap":{}}]},{"date":"2023-10-06","commitResults":[{"hash":"10877dcec724cab12be721510bd9059a17676bab","isMergeCommit":true,"messageTitle":"Merge pull request #1 from charkty/branch-Level-8","messageBody":"Branch level 8","fileTypesAndContributionMap":{}}]}]},"authorFileTypeContributionMap":{"charkty":{"java":945,"md":0,"fxml":0,"sh":1,"bat":1,"gradle":0,"txt":4}},"authorContributionVariance":{"charkty":32477.846},"authorDisplayNameMap":{"charkty":"CS2113-F11-2 CHAR..G YU"}}
