[{"path":"src/main/java/RC/RC.java","fileType":"java","lines":[{"lineNumber":1,"author":{"gitId":"ryan1604"},"content":"package RC;","lastModifiedDate":"2023-09-09"},{"lineNumber":2,"author":{"gitId":"ryan1604"},"content":"","lastModifiedDate":"2023-09-09"},{"lineNumber":3,"author":{"gitId":"ryan1604"},"content":"import RC.command.Exit;","lastModifiedDate":"2023-09-18"},{"lineNumber":4,"author":{"gitId":"ryan1604"},"content":"import RC.command.RCCommand;","lastModifiedDate":"2023-09-17"},{"lineNumber":5,"author":{"gitId":"ryan1604"},"content":"import RC.storage.Storage;","lastModifiedDate":"2023-09-17"},{"lineNumber":6,"author":{"gitId":"ryan1604"},"content":"","lastModifiedDate":"2023-09-09"},{"lineNumber":7,"author":{"gitId":"ryan1604"},"content":"import java.util.Scanner;","lastModifiedDate":"2023-08-29"},{"lineNumber":8,"author":{"gitId":"ryan1604"},"content":"","lastModifiedDate":"2023-08-29"},{"lineNumber":9,"author":{"gitId":"ryan1604"},"content":"public class RC {","lastModifiedDate":"2023-08-29"},{"lineNumber":10,"author":{"gitId":"ryan1604"},"content":"    private Storage storage;","lastModifiedDate":"2023-09-17"},{"lineNumber":11,"author":{"gitId":"ryan1604"},"content":"    private TaskList taskList;","lastModifiedDate":"2023-09-18"},{"lineNumber":12,"author":{"gitId":"ryan1604"},"content":"","lastModifiedDate":"2023-09-16"},{"lineNumber":13,"author":{"gitId":"ryan1604"},"content":"    public RC(String filePath) {","lastModifiedDate":"2023-09-17"},{"lineNumber":14,"author":{"gitId":"ryan1604"},"content":"        this.storage \u003d new Storage(filePath);","lastModifiedDate":"2023-09-17"},{"lineNumber":15,"author":{"gitId":"ryan1604"},"content":"        taskList \u003d new TaskList();","lastModifiedDate":"2023-09-18"},{"lineNumber":16,"author":{"gitId":"ryan1604"},"content":"        try {","lastModifiedDate":"2023-09-17"},{"lineNumber":17,"author":{"gitId":"ryan1604"},"content":"            storage.load(taskList);","lastModifiedDate":"2023-09-18"},{"lineNumber":18,"author":{"gitId":"ryan1604"},"content":"        } catch (RCException e) {","lastModifiedDate":"2023-09-17"},{"lineNumber":19,"author":{"gitId":"ryan1604"},"content":"            System.out.println(e.getMessage());","lastModifiedDate":"2023-09-17"},{"lineNumber":20,"author":{"gitId":"ryan1604"},"content":"        }","lastModifiedDate":"2023-09-16"},{"lineNumber":21,"author":{"gitId":"ryan1604"},"content":"    }","lastModifiedDate":"2023-09-16"},{"lineNumber":22,"author":{"gitId":"ryan1604"},"content":"","lastModifiedDate":"2023-09-16"},{"lineNumber":23,"author":{"gitId":"ryan1604"},"content":"    public void run() {","lastModifiedDate":"2023-09-17"},{"lineNumber":24,"author":{"gitId":"ryan1604"},"content":"        System.out.println(\"\\tHello! I\u0027m RC\\n\\tWhat can I do for you?\\n\");","lastModifiedDate":"2023-08-29"},{"lineNumber":25,"author":{"gitId":"ryan1604"},"content":"        Scanner in \u003d new Scanner(System.in);","lastModifiedDate":"2023-08-29"},{"lineNumber":26,"author":{"gitId":"ryan1604"},"content":"        String input;","lastModifiedDate":"2023-09-09"},{"lineNumber":27,"author":{"gitId":"ryan1604"},"content":"        RCCommand command \u003d null;","lastModifiedDate":"2023-09-18"},{"lineNumber":28,"author":{"gitId":"ryan1604"},"content":"","lastModifiedDate":"2023-08-29"},{"lineNumber":29,"author":{"gitId":"ryan1604"},"content":"        while (!(command instanceof Exit)) {","lastModifiedDate":"2023-09-18"},{"lineNumber":30,"author":{"gitId":"ryan1604"},"content":"            input \u003d in.nextLine().trim();","lastModifiedDate":"2023-09-09"},{"lineNumber":31,"author":{"gitId":"ryan1604"},"content":"            try {","lastModifiedDate":"2023-09-09"},{"lineNumber":32,"author":{"gitId":"ryan1604"},"content":"                command \u003d RCCommand.getCommand(input);","lastModifiedDate":"2023-09-18"},{"lineNumber":33,"author":{"gitId":"ryan1604"},"content":"                command.execute(taskList);","lastModifiedDate":"2023-09-18"},{"lineNumber":34,"author":{"gitId":"ryan1604"},"content":"            } catch (RCException e) {","lastModifiedDate":"2023-09-09"},{"lineNumber":35,"author":{"gitId":"ryan1604"},"content":"                System.out.println(e.getMessage());","lastModifiedDate":"2023-09-09"},{"lineNumber":36,"author":{"gitId":"ryan1604"},"content":"            }","lastModifiedDate":"2023-08-29"},{"lineNumber":37,"author":{"gitId":"ryan1604"},"content":"        }","lastModifiedDate":"2023-08-29"},{"lineNumber":38,"author":{"gitId":"ryan1604"},"content":"        save();","lastModifiedDate":"2023-09-19"},{"lineNumber":39,"author":{"gitId":"ryan1604"},"content":"        System.out.println(\"\\tBye. Hope to see you again soon!\\n\");","lastModifiedDate":"2023-09-19"},{"lineNumber":40,"author":{"gitId":"ryan1604"},"content":"    }","lastModifiedDate":"2023-09-19"},{"lineNumber":41,"author":{"gitId":"ryan1604"},"content":"","lastModifiedDate":"2023-09-19"},{"lineNumber":42,"author":{"gitId":"ryan1604"},"content":"    private void save() {","lastModifiedDate":"2023-09-19"},{"lineNumber":43,"author":{"gitId":"ryan1604"},"content":"        try {","lastModifiedDate":"2023-09-18"},{"lineNumber":44,"author":{"gitId":"ryan1604"},"content":"            storage.save(taskList);","lastModifiedDate":"2023-09-18"},{"lineNumber":45,"author":{"gitId":"ryan1604"},"content":"        } catch (RCException e) {","lastModifiedDate":"2023-09-18"},{"lineNumber":46,"author":{"gitId":"ryan1604"},"content":"            System.out.println(e.getMessage());","lastModifiedDate":"2023-09-18"},{"lineNumber":47,"author":{"gitId":"ryan1604"},"content":"        }","lastModifiedDate":"2023-09-18"},{"lineNumber":48,"author":{"gitId":"ryan1604"},"content":"    }","lastModifiedDate":"2023-08-29"},{"lineNumber":49,"author":{"gitId":"ryan1604"},"content":"","lastModifiedDate":"2023-09-17"},{"lineNumber":50,"author":{"gitId":"ryan1604"},"content":"    public static void main(String[] args) {","lastModifiedDate":"2023-09-17"},{"lineNumber":51,"author":{"gitId":"ryan1604"},"content":"        new RC(\"data\").run();","lastModifiedDate":"2023-09-17"},{"lineNumber":52,"author":{"gitId":"ryan1604"},"content":"    }","lastModifiedDate":"2023-09-17"},{"lineNumber":53,"author":{"gitId":"ryan1604"},"content":"}","lastModifiedDate":"2023-08-29"}],"authorContributionMap":{"ryan1604":53}},{"path":"src/main/java/RC/RCException.java","fileType":"java","lines":[{"lineNumber":1,"author":{"gitId":"ryan1604"},"content":"package RC;","lastModifiedDate":"2023-09-09"},{"lineNumber":2,"author":{"gitId":"ryan1604"},"content":"","lastModifiedDate":"2023-09-09"},{"lineNumber":3,"author":{"gitId":"ryan1604"},"content":"public class RCException extends Exception {","lastModifiedDate":"2023-09-09"},{"lineNumber":4,"author":{"gitId":"ryan1604"},"content":"    public RCException(String description) {","lastModifiedDate":"2023-09-09"},{"lineNumber":5,"author":{"gitId":"ryan1604"},"content":"        super(description);","lastModifiedDate":"2023-09-09"},{"lineNumber":6,"author":{"gitId":"ryan1604"},"content":"    }","lastModifiedDate":"2023-09-09"},{"lineNumber":7,"author":{"gitId":"ryan1604"},"content":"}","lastModifiedDate":"2023-09-09"}],"authorContributionMap":{"ryan1604":7}},{"path":"src/main/java/RC/TaskList.java","fileType":"java","lines":[{"lineNumber":1,"author":{"gitId":"ryan1604"},"content":"package RC;","lastModifiedDate":"2023-09-17"},{"lineNumber":2,"author":{"gitId":"ryan1604"},"content":"","lastModifiedDate":"2023-09-17"},{"lineNumber":3,"author":{"gitId":"ryan1604"},"content":"import RC.task.Task;","lastModifiedDate":"2023-09-17"},{"lineNumber":4,"author":{"gitId":"ryan1604"},"content":"","lastModifiedDate":"2023-09-17"},{"lineNumber":5,"author":{"gitId":"ryan1604"},"content":"import java.util.ArrayList;","lastModifiedDate":"2023-09-17"},{"lineNumber":6,"author":{"gitId":"ryan1604"},"content":"","lastModifiedDate":"2023-09-17"},{"lineNumber":7,"author":{"gitId":"ryan1604"},"content":"public class TaskList {","lastModifiedDate":"2023-09-17"},{"lineNumber":8,"author":{"gitId":"ryan1604"},"content":"    public ArrayList\u003cTask\u003e tasks;","lastModifiedDate":"2023-09-18"},{"lineNumber":9,"author":{"gitId":"ryan1604"},"content":"","lastModifiedDate":"2023-09-17"},{"lineNumber":10,"author":{"gitId":"ryan1604"},"content":"    public TaskList() {","lastModifiedDate":"2023-09-17"},{"lineNumber":11,"author":{"gitId":"ryan1604"},"content":"        this.tasks \u003d new ArrayList\u003c\u003e();","lastModifiedDate":"2023-09-18"},{"lineNumber":12,"author":{"gitId":"ryan1604"},"content":"    }","lastModifiedDate":"2023-09-17"},{"lineNumber":13,"author":{"gitId":"ryan1604"},"content":"","lastModifiedDate":"2023-09-17"},{"lineNumber":14,"author":{"gitId":"ryan1604"},"content":"    public void add(Task task) {","lastModifiedDate":"2023-09-17"},{"lineNumber":15,"author":{"gitId":"ryan1604"},"content":"        tasks.add(task);","lastModifiedDate":"2023-09-17"},{"lineNumber":16,"author":{"gitId":"ryan1604"},"content":"","lastModifiedDate":"2023-09-17"},{"lineNumber":17,"author":{"gitId":"ryan1604"},"content":"        String message \u003d \"\\tGot it. I\u0027ve added this task:\\n\\t  \" + task.toString() + \"\\n\\tNow you have \" + tasks.size();","lastModifiedDate":"2023-09-17"},{"lineNumber":18,"author":{"gitId":"ryan1604"},"content":"        message +\u003d getNumTasks();","lastModifiedDate":"2023-09-19"},{"lineNumber":19,"author":{"gitId":"ryan1604"},"content":"","lastModifiedDate":"2023-09-18"},{"lineNumber":20,"author":{"gitId":"ryan1604"},"content":"        System.out.println(message);","lastModifiedDate":"2023-09-18"},{"lineNumber":21,"author":{"gitId":"ryan1604"},"content":"    }","lastModifiedDate":"2023-09-17"},{"lineNumber":22,"author":{"gitId":"ryan1604"},"content":"","lastModifiedDate":"2023-09-17"},{"lineNumber":23,"author":{"gitId":"ryan1604"},"content":"    public void load(Task task) {","lastModifiedDate":"2023-09-18"},{"lineNumber":24,"author":{"gitId":"ryan1604"},"content":"        tasks.add(task);","lastModifiedDate":"2023-09-18"},{"lineNumber":25,"author":{"gitId":"ryan1604"},"content":"    }","lastModifiedDate":"2023-09-18"},{"lineNumber":26,"author":{"gitId":"ryan1604"},"content":"","lastModifiedDate":"2023-09-18"},{"lineNumber":27,"author":{"gitId":"ryan1604"},"content":"    public void delete(String index) throws RCException {","lastModifiedDate":"2023-09-18"},{"lineNumber":28,"author":{"gitId":"ryan1604"},"content":"        final int taskNum \u003d getTaskNum(index);","lastModifiedDate":"2023-09-18"},{"lineNumber":29,"author":{"gitId":"ryan1604"},"content":"","lastModifiedDate":"2023-09-18"},{"lineNumber":30,"author":{"gitId":"ryan1604"},"content":"        String message \u003d \"\\tNoted. I\u0027ve removed the following task:\\n\\t  \" + tasks.get(taskNum);","lastModifiedDate":"2023-09-18"},{"lineNumber":31,"author":{"gitId":"ryan1604"},"content":"        tasks.remove(taskNum);","lastModifiedDate":"2023-09-18"},{"lineNumber":32,"author":{"gitId":"ryan1604"},"content":"        message +\u003d \"\\n\\tNow you have \" + tasks.size();","lastModifiedDate":"2023-09-18"},{"lineNumber":33,"author":{"gitId":"ryan1604"},"content":"        message +\u003d getNumTasks();","lastModifiedDate":"2023-09-19"},{"lineNumber":34,"author":{"gitId":"ryan1604"},"content":"        System.out.println(message);","lastModifiedDate":"2023-09-17"},{"lineNumber":35,"author":{"gitId":"ryan1604"},"content":"    }","lastModifiedDate":"2023-09-17"},{"lineNumber":36,"author":{"gitId":"ryan1604"},"content":"","lastModifiedDate":"2023-09-17"},{"lineNumber":37,"author":{"gitId":"ryan1604"},"content":"    public void markAsDone(String index) throws RCException {","lastModifiedDate":"2023-09-18"},{"lineNumber":38,"author":{"gitId":"ryan1604"},"content":"        final int taskNum \u003d getTaskNum(index);","lastModifiedDate":"2023-09-18"},{"lineNumber":39,"author":{"gitId":"ryan1604"},"content":"","lastModifiedDate":"2023-09-18"},{"lineNumber":40,"author":{"gitId":"ryan1604"},"content":"        tasks.get(taskNum).markAsDone();","lastModifiedDate":"2023-09-18"},{"lineNumber":41,"author":{"gitId":"ryan1604"},"content":"        System.out.println(\"\\tNice! I\u0027ve marked this task as done:\\n\\t  \" + tasks.get(taskNum));","lastModifiedDate":"2023-09-18"},{"lineNumber":42,"author":{"gitId":"ryan1604"},"content":"    }","lastModifiedDate":"2023-09-18"},{"lineNumber":43,"author":{"gitId":"ryan1604"},"content":"","lastModifiedDate":"2023-09-18"},{"lineNumber":44,"author":{"gitId":"ryan1604"},"content":"    public void unmarkTask(String index) throws RCException {","lastModifiedDate":"2023-09-18"},{"lineNumber":45,"author":{"gitId":"ryan1604"},"content":"        final int taskNum \u003d getTaskNum(index);","lastModifiedDate":"2023-09-18"},{"lineNumber":46,"author":{"gitId":"ryan1604"},"content":"","lastModifiedDate":"2023-09-18"},{"lineNumber":47,"author":{"gitId":"ryan1604"},"content":"        tasks.get(taskNum).unmarkTask();","lastModifiedDate":"2023-09-18"},{"lineNumber":48,"author":{"gitId":"ryan1604"},"content":"        System.out.println(\"\\tOK, I\u0027ve marked this task as not done yet:\\n\\t  \" + tasks.get(taskNum));","lastModifiedDate":"2023-09-18"},{"lineNumber":49,"author":{"gitId":"ryan1604"},"content":"    }","lastModifiedDate":"2023-09-18"},{"lineNumber":50,"author":{"gitId":"ryan1604"},"content":"","lastModifiedDate":"2023-09-18"},{"lineNumber":51,"author":{"gitId":"ryan1604"},"content":"    public boolean isValidIndex(int index) {","lastModifiedDate":"2023-09-18"},{"lineNumber":52,"author":{"gitId":"ryan1604"},"content":"        return (index \u003e\u003d 0 \u0026\u0026 index \u003c tasks.size());","lastModifiedDate":"2023-09-18"},{"lineNumber":53,"author":{"gitId":"ryan1604"},"content":"    }","lastModifiedDate":"2023-09-17"},{"lineNumber":54,"author":{"gitId":"ryan1604"},"content":"","lastModifiedDate":"2023-09-17"},{"lineNumber":55,"author":{"gitId":"ryan1604"},"content":"    private String getNumTasks() {","lastModifiedDate":"2023-09-19"},{"lineNumber":56,"author":{"gitId":"ryan1604"},"content":"        if (tasks.size() \u003e 1) {","lastModifiedDate":"2023-09-18"},{"lineNumber":57,"author":{"gitId":"ryan1604"},"content":"            return \" tasks in the list.\";","lastModifiedDate":"2023-09-18"},{"lineNumber":58,"author":{"gitId":"ryan1604"},"content":"        }","lastModifiedDate":"2023-09-18"},{"lineNumber":59,"author":{"gitId":"ryan1604"},"content":"        return \" task in the list.\";","lastModifiedDate":"2023-09-18"},{"lineNumber":60,"author":{"gitId":"ryan1604"},"content":"    }","lastModifiedDate":"2023-09-17"},{"lineNumber":61,"author":{"gitId":"ryan1604"},"content":"","lastModifiedDate":"2023-09-17"},{"lineNumber":62,"author":{"gitId":"ryan1604"},"content":"    private int getTaskNum(String index) throws RCException {","lastModifiedDate":"2023-09-18"},{"lineNumber":63,"author":{"gitId":"ryan1604"},"content":"        int taskNum;","lastModifiedDate":"2023-09-18"},{"lineNumber":64,"author":{"gitId":"ryan1604"},"content":"        try {","lastModifiedDate":"2023-09-18"},{"lineNumber":65,"author":{"gitId":"ryan1604"},"content":"            taskNum \u003d Integer.parseInt(index) - 1;","lastModifiedDate":"2023-09-18"},{"lineNumber":66,"author":{"gitId":"ryan1604"},"content":"        } catch (NumberFormatException e) {","lastModifiedDate":"2023-09-18"},{"lineNumber":67,"author":{"gitId":"ryan1604"},"content":"            String errorMessage \u003d \"\\tOOPS!!! Please enter a valid integer.\";","lastModifiedDate":"2023-09-18"},{"lineNumber":68,"author":{"gitId":"ryan1604"},"content":"            throw new RCException(errorMessage);","lastModifiedDate":"2023-09-18"},{"lineNumber":69,"author":{"gitId":"ryan1604"},"content":"        }","lastModifiedDate":"2023-09-18"},{"lineNumber":70,"author":{"gitId":"ryan1604"},"content":"","lastModifiedDate":"2023-09-18"},{"lineNumber":71,"author":{"gitId":"ryan1604"},"content":"        if (!isValidIndex(taskNum)) {","lastModifiedDate":"2023-09-18"},{"lineNumber":72,"author":{"gitId":"ryan1604"},"content":"            String errorMessage \u003d \"\\tOOPS!!! Index is out of range of list.\";","lastModifiedDate":"2023-09-18"},{"lineNumber":73,"author":{"gitId":"ryan1604"},"content":"            throw new RCException(errorMessage);","lastModifiedDate":"2023-09-18"},{"lineNumber":74,"author":{"gitId":"ryan1604"},"content":"        }","lastModifiedDate":"2023-09-18"},{"lineNumber":75,"author":{"gitId":"ryan1604"},"content":"        return taskNum;","lastModifiedDate":"2023-09-18"},{"lineNumber":76,"author":{"gitId":"ryan1604"},"content":"    }","lastModifiedDate":"2023-09-17"},{"lineNumber":77,"author":{"gitId":"ryan1604"},"content":"}","lastModifiedDate":"2023-09-17"}],"authorContributionMap":{"ryan1604":77}},{"path":"src/main/java/RC/command/DeadlineCommand.java","fileType":"java","lines":[{"lineNumber":1,"author":{"gitId":"ryan1604"},"content":"package RC.command;","lastModifiedDate":"2023-09-18"},{"lineNumber":2,"author":{"gitId":"ryan1604"},"content":"","lastModifiedDate":"2023-09-18"},{"lineNumber":3,"author":{"gitId":"ryan1604"},"content":"import RC.RCException;","lastModifiedDate":"2023-09-18"},{"lineNumber":4,"author":{"gitId":"ryan1604"},"content":"import RC.TaskList;","lastModifiedDate":"2023-09-18"},{"lineNumber":5,"author":{"gitId":"ryan1604"},"content":"import RC.task.Deadline;","lastModifiedDate":"2023-09-18"},{"lineNumber":6,"author":{"gitId":"ryan1604"},"content":"","lastModifiedDate":"2023-09-18"},{"lineNumber":7,"author":{"gitId":"ryan1604"},"content":"public class DeadlineCommand extends RCCommand {","lastModifiedDate":"2023-09-18"},{"lineNumber":8,"author":{"gitId":"ryan1604"},"content":"    private String input;","lastModifiedDate":"2023-09-18"},{"lineNumber":9,"author":{"gitId":"ryan1604"},"content":"    private static final String BY_COMMAND \u003d \"/by\";","lastModifiedDate":"2023-09-18"},{"lineNumber":10,"author":{"gitId":"ryan1604"},"content":"    private static final String MESSAGE_MISSING_COMMAND \u003d \"\\tOOPS!!! Please include /by followed by the deadline. (eg. /by Monday)\";","lastModifiedDate":"2023-09-18"},{"lineNumber":11,"author":{"gitId":"ryan1604"},"content":"    private static final String MESSAGE_EMPTY \u003d \"\\tOOPS!!! Please ensure description and deadline are filled.\";","lastModifiedDate":"2023-09-18"},{"lineNumber":12,"author":{"gitId":"ryan1604"},"content":"","lastModifiedDate":"2023-09-18"},{"lineNumber":13,"author":{"gitId":"ryan1604"},"content":"    public DeadlineCommand(String input) {","lastModifiedDate":"2023-09-18"},{"lineNumber":14,"author":{"gitId":"ryan1604"},"content":"        this.input \u003d input;","lastModifiedDate":"2023-09-18"},{"lineNumber":15,"author":{"gitId":"ryan1604"},"content":"    }","lastModifiedDate":"2023-09-18"},{"lineNumber":16,"author":{"gitId":"ryan1604"},"content":"","lastModifiedDate":"2023-09-18"},{"lineNumber":17,"author":{"gitId":"ryan1604"},"content":"    @Override","lastModifiedDate":"2023-09-18"},{"lineNumber":18,"author":{"gitId":"ryan1604"},"content":"    public void execute(TaskList taskList) throws RCException {","lastModifiedDate":"2023-09-18"},{"lineNumber":19,"author":{"gitId":"ryan1604"},"content":"        int splitIndex \u003d input.indexOf(BY_COMMAND);","lastModifiedDate":"2023-09-18"},{"lineNumber":20,"author":{"gitId":"ryan1604"},"content":"        if (splitIndex \u003d\u003d -1) {","lastModifiedDate":"2023-09-18"},{"lineNumber":21,"author":{"gitId":"ryan1604"},"content":"            throw new RCException(MESSAGE_MISSING_COMMAND);","lastModifiedDate":"2023-09-18"},{"lineNumber":22,"author":{"gitId":"ryan1604"},"content":"        }","lastModifiedDate":"2023-09-18"},{"lineNumber":23,"author":{"gitId":"ryan1604"},"content":"","lastModifiedDate":"2023-09-18"},{"lineNumber":24,"author":{"gitId":"ryan1604"},"content":"        String description \u003d input.substring(0, splitIndex).trim();","lastModifiedDate":"2023-09-18"},{"lineNumber":25,"author":{"gitId":"ryan1604"},"content":"        String by \u003d input.substring(splitIndex + BY_COMMAND.length()).trim();","lastModifiedDate":"2023-09-18"},{"lineNumber":26,"author":{"gitId":"ryan1604"},"content":"        if (description.isEmpty() || by.isEmpty()) {","lastModifiedDate":"2023-09-18"},{"lineNumber":27,"author":{"gitId":"ryan1604"},"content":"            throw new RCException(MESSAGE_EMPTY);","lastModifiedDate":"2023-09-18"},{"lineNumber":28,"author":{"gitId":"ryan1604"},"content":"        }","lastModifiedDate":"2023-09-18"},{"lineNumber":29,"author":{"gitId":"ryan1604"},"content":"","lastModifiedDate":"2023-09-18"},{"lineNumber":30,"author":{"gitId":"ryan1604"},"content":"        taskList.add(new Deadline(description, by));","lastModifiedDate":"2023-09-18"},{"lineNumber":31,"author":{"gitId":"ryan1604"},"content":"    }","lastModifiedDate":"2023-09-18"},{"lineNumber":32,"author":{"gitId":"ryan1604"},"content":"}","lastModifiedDate":"2023-09-18"}],"authorContributionMap":{"ryan1604":32}},{"path":"src/main/java/RC/command/Delete.java","fileType":"java","lines":[{"lineNumber":1,"author":{"gitId":"ryan1604"},"content":"package RC.command;","lastModifiedDate":"2023-09-18"},{"lineNumber":2,"author":{"gitId":"ryan1604"},"content":"","lastModifiedDate":"2023-09-18"},{"lineNumber":3,"author":{"gitId":"ryan1604"},"content":"import RC.RCException;","lastModifiedDate":"2023-09-18"},{"lineNumber":4,"author":{"gitId":"ryan1604"},"content":"import RC.TaskList;","lastModifiedDate":"2023-09-18"},{"lineNumber":5,"author":{"gitId":"ryan1604"},"content":"","lastModifiedDate":"2023-09-18"},{"lineNumber":6,"author":{"gitId":"ryan1604"},"content":"public class Delete extends RCCommand {","lastModifiedDate":"2023-09-18"},{"lineNumber":7,"author":{"gitId":"ryan1604"},"content":"    private String index;","lastModifiedDate":"2023-09-18"},{"lineNumber":8,"author":{"gitId":"ryan1604"},"content":"    ","lastModifiedDate":"2023-09-18"},{"lineNumber":9,"author":{"gitId":"ryan1604"},"content":"    public Delete(String index) {","lastModifiedDate":"2023-09-18"},{"lineNumber":10,"author":{"gitId":"ryan1604"},"content":"        this.index \u003d index;","lastModifiedDate":"2023-09-18"},{"lineNumber":11,"author":{"gitId":"ryan1604"},"content":"    }","lastModifiedDate":"2023-09-18"},{"lineNumber":12,"author":{"gitId":"ryan1604"},"content":"","lastModifiedDate":"2023-09-18"},{"lineNumber":13,"author":{"gitId":"ryan1604"},"content":"    @Override","lastModifiedDate":"2023-09-18"},{"lineNumber":14,"author":{"gitId":"ryan1604"},"content":"    public void execute(TaskList taskList) throws RCException {","lastModifiedDate":"2023-09-18"},{"lineNumber":15,"author":{"gitId":"ryan1604"},"content":"        taskList.delete(index);","lastModifiedDate":"2023-09-18"},{"lineNumber":16,"author":{"gitId":"ryan1604"},"content":"    }","lastModifiedDate":"2023-09-18"},{"lineNumber":17,"author":{"gitId":"ryan1604"},"content":"}","lastModifiedDate":"2023-09-18"}],"authorContributionMap":{"ryan1604":17}},{"path":"src/main/java/RC/command/EventCommand.java","fileType":"java","lines":[{"lineNumber":1,"author":{"gitId":"ryan1604"},"content":"package RC.command;","lastModifiedDate":"2023-09-18"},{"lineNumber":2,"author":{"gitId":"ryan1604"},"content":"","lastModifiedDate":"2023-09-18"},{"lineNumber":3,"author":{"gitId":"ryan1604"},"content":"import RC.RCException;","lastModifiedDate":"2023-09-18"},{"lineNumber":4,"author":{"gitId":"ryan1604"},"content":"import RC.TaskList;","lastModifiedDate":"2023-09-18"},{"lineNumber":5,"author":{"gitId":"ryan1604"},"content":"import RC.task.Event;","lastModifiedDate":"2023-09-18"},{"lineNumber":6,"author":{"gitId":"ryan1604"},"content":"","lastModifiedDate":"2023-09-18"},{"lineNumber":7,"author":{"gitId":"ryan1604"},"content":"public class EventCommand extends RCCommand {","lastModifiedDate":"2023-09-18"},{"lineNumber":8,"author":{"gitId":"ryan1604"},"content":"    private String input;","lastModifiedDate":"2023-09-18"},{"lineNumber":9,"author":{"gitId":"ryan1604"},"content":"    private static final String FROM_COMMAND \u003d \"/from\";","lastModifiedDate":"2023-09-18"},{"lineNumber":10,"author":{"gitId":"ryan1604"},"content":"    private static final String TO_COMMAND \u003d \"/to\";","lastModifiedDate":"2023-09-18"},{"lineNumber":11,"author":{"gitId":"ryan1604"},"content":"    private static final String MESSAGE_MISSING_COMMAND \u003d \"\\tOOPS!!! Please include /from and /to for the start and end time.\";","lastModifiedDate":"2023-09-18"},{"lineNumber":12,"author":{"gitId":"ryan1604"},"content":"    private static final String MESSAGE_EMPTY \u003d \"\\tOOPS!!! Please ensure description, start and end time are filled.\";","lastModifiedDate":"2023-09-18"},{"lineNumber":13,"author":{"gitId":"ryan1604"},"content":"","lastModifiedDate":"2023-09-18"},{"lineNumber":14,"author":{"gitId":"ryan1604"},"content":"    public EventCommand(String input) {","lastModifiedDate":"2023-09-18"},{"lineNumber":15,"author":{"gitId":"ryan1604"},"content":"        this.input \u003d input;","lastModifiedDate":"2023-09-18"},{"lineNumber":16,"author":{"gitId":"ryan1604"},"content":"    }","lastModifiedDate":"2023-09-18"},{"lineNumber":17,"author":{"gitId":"ryan1604"},"content":"","lastModifiedDate":"2023-09-18"},{"lineNumber":18,"author":{"gitId":"ryan1604"},"content":"    @Override","lastModifiedDate":"2023-09-18"},{"lineNumber":19,"author":{"gitId":"ryan1604"},"content":"    public void execute(TaskList taskList) throws RCException {","lastModifiedDate":"2023-09-18"},{"lineNumber":20,"author":{"gitId":"ryan1604"},"content":"        int fromIndex \u003d input.indexOf(FROM_COMMAND);","lastModifiedDate":"2023-09-18"},{"lineNumber":21,"author":{"gitId":"ryan1604"},"content":"        int toIndex \u003d input.indexOf(TO_COMMAND);","lastModifiedDate":"2023-09-18"},{"lineNumber":22,"author":{"gitId":"ryan1604"},"content":"        if (fromIndex \u003d\u003d -1 || toIndex \u003d\u003d -1) {","lastModifiedDate":"2023-09-18"},{"lineNumber":23,"author":{"gitId":"ryan1604"},"content":"            throw new RCException(MESSAGE_MISSING_COMMAND);","lastModifiedDate":"2023-09-18"},{"lineNumber":24,"author":{"gitId":"ryan1604"},"content":"        }","lastModifiedDate":"2023-09-18"},{"lineNumber":25,"author":{"gitId":"ryan1604"},"content":"","lastModifiedDate":"2023-09-18"},{"lineNumber":26,"author":{"gitId":"ryan1604"},"content":"        String description \u003d input.substring(0, fromIndex).trim();","lastModifiedDate":"2023-09-18"},{"lineNumber":27,"author":{"gitId":"ryan1604"},"content":"        String from \u003d input.substring(fromIndex + FROM_COMMAND.length(), toIndex).trim();","lastModifiedDate":"2023-09-18"},{"lineNumber":28,"author":{"gitId":"ryan1604"},"content":"        String to \u003d input.substring(toIndex + TO_COMMAND.length()).trim();","lastModifiedDate":"2023-09-18"},{"lineNumber":29,"author":{"gitId":"ryan1604"},"content":"        if (description.isEmpty() || from.isEmpty() || to.isEmpty()) {","lastModifiedDate":"2023-09-18"},{"lineNumber":30,"author":{"gitId":"ryan1604"},"content":"            throw new RCException(MESSAGE_EMPTY);","lastModifiedDate":"2023-09-18"},{"lineNumber":31,"author":{"gitId":"ryan1604"},"content":"        }","lastModifiedDate":"2023-09-18"},{"lineNumber":32,"author":{"gitId":"ryan1604"},"content":"","lastModifiedDate":"2023-09-18"},{"lineNumber":33,"author":{"gitId":"ryan1604"},"content":"        taskList.add(new Event(description, from, to));","lastModifiedDate":"2023-09-18"},{"lineNumber":34,"author":{"gitId":"ryan1604"},"content":"    }","lastModifiedDate":"2023-09-18"},{"lineNumber":35,"author":{"gitId":"ryan1604"},"content":"}","lastModifiedDate":"2023-09-18"}],"authorContributionMap":{"ryan1604":35}},{"path":"src/main/java/RC/command/Exit.java","fileType":"java","lines":[{"lineNumber":1,"author":{"gitId":"ryan1604"},"content":"package RC.command;","lastModifiedDate":"2023-09-18"},{"lineNumber":2,"author":{"gitId":"ryan1604"},"content":"","lastModifiedDate":"2023-09-18"},{"lineNumber":3,"author":{"gitId":"ryan1604"},"content":"import RC.TaskList;","lastModifiedDate":"2023-09-18"},{"lineNumber":4,"author":{"gitId":"ryan1604"},"content":"","lastModifiedDate":"2023-09-18"},{"lineNumber":5,"author":{"gitId":"ryan1604"},"content":"public class Exit extends RCCommand {","lastModifiedDate":"2023-09-18"},{"lineNumber":6,"author":{"gitId":"ryan1604"},"content":"    public Exit() {","lastModifiedDate":"2023-09-18"},{"lineNumber":7,"author":{"gitId":"ryan1604"},"content":"    }","lastModifiedDate":"2023-09-18"},{"lineNumber":8,"author":{"gitId":"ryan1604"},"content":"","lastModifiedDate":"2023-09-18"},{"lineNumber":9,"author":{"gitId":"ryan1604"},"content":"    @Override","lastModifiedDate":"2023-09-18"},{"lineNumber":10,"author":{"gitId":"ryan1604"},"content":"    public void execute(TaskList taskList) {","lastModifiedDate":"2023-09-18"},{"lineNumber":11,"author":{"gitId":"ryan1604"},"content":"    }","lastModifiedDate":"2023-09-18"},{"lineNumber":12,"author":{"gitId":"ryan1604"},"content":"}","lastModifiedDate":"2023-09-18"}],"authorContributionMap":{"ryan1604":12}},{"path":"src/main/java/RC/command/Invalid.java","fileType":"java","lines":[{"lineNumber":1,"author":{"gitId":"ryan1604"},"content":"package RC.command;","lastModifiedDate":"2023-09-18"},{"lineNumber":2,"author":{"gitId":"ryan1604"},"content":"","lastModifiedDate":"2023-09-18"},{"lineNumber":3,"author":{"gitId":"ryan1604"},"content":"import RC.RCException;","lastModifiedDate":"2023-09-18"},{"lineNumber":4,"author":{"gitId":"ryan1604"},"content":"import RC.TaskList;","lastModifiedDate":"2023-09-18"},{"lineNumber":5,"author":{"gitId":"ryan1604"},"content":"","lastModifiedDate":"2023-09-19"},{"lineNumber":6,"author":{"gitId":"ryan1604"},"content":"public class Invalid extends RCCommand {","lastModifiedDate":"2023-09-18"},{"lineNumber":7,"author":{"gitId":"ryan1604"},"content":"    public Invalid() {","lastModifiedDate":"2023-09-18"},{"lineNumber":8,"author":{"gitId":"ryan1604"},"content":"    }","lastModifiedDate":"2023-09-18"},{"lineNumber":9,"author":{"gitId":"ryan1604"},"content":"","lastModifiedDate":"2023-09-18"},{"lineNumber":10,"author":{"gitId":"ryan1604"},"content":"    @Override","lastModifiedDate":"2023-09-18"},{"lineNumber":11,"author":{"gitId":"ryan1604"},"content":"    public void execute(TaskList taskList) throws RCException {","lastModifiedDate":"2023-09-18"},{"lineNumber":12,"author":{"gitId":"ryan1604"},"content":"        String message \u003d \"\\tOOPS!!! I\u0027m sorry, but I don\u0027t know what that means :-(\";","lastModifiedDate":"2023-09-18"},{"lineNumber":13,"author":{"gitId":"ryan1604"},"content":"        System.out.println(message);","lastModifiedDate":"2023-09-18"},{"lineNumber":14,"author":{"gitId":"ryan1604"},"content":"    }","lastModifiedDate":"2023-09-18"},{"lineNumber":15,"author":{"gitId":"ryan1604"},"content":"}","lastModifiedDate":"2023-09-18"}],"authorContributionMap":{"ryan1604":15}},{"path":"src/main/java/RC/command/List.java","fileType":"java","lines":[{"lineNumber":1,"author":{"gitId":"ryan1604"},"content":"package RC.command;","lastModifiedDate":"2023-09-18"},{"lineNumber":2,"author":{"gitId":"ryan1604"},"content":"","lastModifiedDate":"2023-09-18"},{"lineNumber":3,"author":{"gitId":"ryan1604"},"content":"import RC.TaskList;","lastModifiedDate":"2023-09-18"},{"lineNumber":4,"author":{"gitId":"ryan1604"},"content":"","lastModifiedDate":"2023-09-18"},{"lineNumber":5,"author":{"gitId":"ryan1604"},"content":"public class List extends RCCommand {","lastModifiedDate":"2023-09-18"},{"lineNumber":6,"author":{"gitId":"ryan1604"},"content":"    public List() {","lastModifiedDate":"2023-09-18"},{"lineNumber":7,"author":{"gitId":"ryan1604"},"content":"    }","lastModifiedDate":"2023-09-18"},{"lineNumber":8,"author":{"gitId":"ryan1604"},"content":"","lastModifiedDate":"2023-09-18"},{"lineNumber":9,"author":{"gitId":"ryan1604"},"content":"    @Override","lastModifiedDate":"2023-09-18"},{"lineNumber":10,"author":{"gitId":"ryan1604"},"content":"    public void execute(TaskList taskList) {","lastModifiedDate":"2023-09-18"},{"lineNumber":11,"author":{"gitId":"ryan1604"},"content":"        System.out.println(\"\\tHere are the tasks in your list:\");","lastModifiedDate":"2023-09-18"},{"lineNumber":12,"author":{"gitId":"ryan1604"},"content":"        for (int i \u003d 0; i \u003c taskList.tasks.size(); i++) {","lastModifiedDate":"2023-09-18"},{"lineNumber":13,"author":{"gitId":"ryan1604"},"content":"            System.out.println(\"\\t\" + (i + 1) + \".\" + taskList.tasks.get(i));","lastModifiedDate":"2023-09-18"},{"lineNumber":14,"author":{"gitId":"ryan1604"},"content":"        }","lastModifiedDate":"2023-09-18"},{"lineNumber":15,"author":{"gitId":"ryan1604"},"content":"    }","lastModifiedDate":"2023-09-18"},{"lineNumber":16,"author":{"gitId":"ryan1604"},"content":"}","lastModifiedDate":"2023-09-18"}],"authorContributionMap":{"ryan1604":16}},{"path":"src/main/java/RC/command/Mark.java","fileType":"java","lines":[{"lineNumber":1,"author":{"gitId":"ryan1604"},"content":"package RC.command;","lastModifiedDate":"2023-09-18"},{"lineNumber":2,"author":{"gitId":"ryan1604"},"content":"","lastModifiedDate":"2023-09-18"},{"lineNumber":3,"author":{"gitId":"ryan1604"},"content":"import RC.RCException;","lastModifiedDate":"2023-09-18"},{"lineNumber":4,"author":{"gitId":"ryan1604"},"content":"import RC.TaskList;","lastModifiedDate":"2023-09-18"},{"lineNumber":5,"author":{"gitId":"ryan1604"},"content":"","lastModifiedDate":"2023-09-18"},{"lineNumber":6,"author":{"gitId":"ryan1604"},"content":"public class Mark extends RCCommand {","lastModifiedDate":"2023-09-18"},{"lineNumber":7,"author":{"gitId":"ryan1604"},"content":"    private String index;","lastModifiedDate":"2023-09-18"},{"lineNumber":8,"author":{"gitId":"ryan1604"},"content":"","lastModifiedDate":"2023-09-18"},{"lineNumber":9,"author":{"gitId":"ryan1604"},"content":"    public Mark(String index) {","lastModifiedDate":"2023-09-18"},{"lineNumber":10,"author":{"gitId":"ryan1604"},"content":"        this.index \u003d index;","lastModifiedDate":"2023-09-18"},{"lineNumber":11,"author":{"gitId":"ryan1604"},"content":"    }","lastModifiedDate":"2023-09-18"},{"lineNumber":12,"author":{"gitId":"ryan1604"},"content":"","lastModifiedDate":"2023-09-18"},{"lineNumber":13,"author":{"gitId":"ryan1604"},"content":"    @Override","lastModifiedDate":"2023-09-18"},{"lineNumber":14,"author":{"gitId":"ryan1604"},"content":"    public void execute(TaskList taskList) throws RCException {","lastModifiedDate":"2023-09-18"},{"lineNumber":15,"author":{"gitId":"ryan1604"},"content":"        taskList.markAsDone(index);","lastModifiedDate":"2023-09-18"},{"lineNumber":16,"author":{"gitId":"ryan1604"},"content":"    }","lastModifiedDate":"2023-09-18"},{"lineNumber":17,"author":{"gitId":"ryan1604"},"content":"}","lastModifiedDate":"2023-09-18"}],"authorContributionMap":{"ryan1604":17}},{"path":"src/main/java/RC/command/RCCommand.java","fileType":"java","lines":[{"lineNumber":1,"author":{"gitId":"ryan1604"},"content":"package RC.command;","lastModifiedDate":"2023-09-17"},{"lineNumber":2,"author":{"gitId":"ryan1604"},"content":"","lastModifiedDate":"2023-09-09"},{"lineNumber":3,"author":{"gitId":"ryan1604"},"content":"import RC.RCException;","lastModifiedDate":"2023-09-17"},{"lineNumber":4,"author":{"gitId":"ryan1604"},"content":"import RC.TaskList;","lastModifiedDate":"2023-09-17"},{"lineNumber":5,"author":{"gitId":"ryan1604"},"content":"","lastModifiedDate":"2023-09-09"},{"lineNumber":6,"author":{"gitId":"ryan1604"},"content":"public abstract class RCCommand {","lastModifiedDate":"2023-09-09"},{"lineNumber":7,"author":{"gitId":"ryan1604"},"content":"    private static final String TODO_COMMAND \u003d \"todo\";","lastModifiedDate":"2023-09-09"},{"lineNumber":8,"author":{"gitId":"ryan1604"},"content":"    private static final String DEADLINE_COMMAND \u003d \"deadline\";","lastModifiedDate":"2023-09-09"},{"lineNumber":9,"author":{"gitId":"ryan1604"},"content":"    private static final String EVENT_COMMAND \u003d \"event\";","lastModifiedDate":"2023-09-09"},{"lineNumber":10,"author":{"gitId":"ryan1604"},"content":"    private static final String LIST_COMMAND \u003d \"list\";","lastModifiedDate":"2023-09-09"},{"lineNumber":11,"author":{"gitId":"ryan1604"},"content":"    private static final String MARK_COMMAND \u003d \"mark\";","lastModifiedDate":"2023-09-09"},{"lineNumber":12,"author":{"gitId":"ryan1604"},"content":"    private static final String UNMARK_COMMAND \u003d \"unmark\";","lastModifiedDate":"2023-09-09"},{"lineNumber":13,"author":{"gitId":"ryan1604"},"content":"    private static final String DELETE_COMMAND \u003d \"delete\";","lastModifiedDate":"2023-09-16"},{"lineNumber":14,"author":{"gitId":"ryan1604"},"content":"    private static final String EXIT_COMMAND \u003d \"bye\";","lastModifiedDate":"2023-09-16"},{"lineNumber":15,"author":{"gitId":"ryan1604"},"content":"","lastModifiedDate":"2023-09-09"},{"lineNumber":16,"author":{"gitId":"ryan1604"},"content":"    public static RCCommand getCommand(String input) throws RCException {","lastModifiedDate":"2023-09-18"},{"lineNumber":17,"author":{"gitId":"ryan1604"},"content":"        String[] split \u003d input.split(\" \", 2);","lastModifiedDate":"2023-09-09"},{"lineNumber":18,"author":{"gitId":"ryan1604"},"content":"        String command \u003d split[0].toLowerCase();","lastModifiedDate":"2023-09-09"},{"lineNumber":19,"author":{"gitId":"ryan1604"},"content":"        String restOfInput \u003d split.length \u003e 1 ? split[1] : \"\";","lastModifiedDate":"2023-09-09"},{"lineNumber":20,"author":{"gitId":"ryan1604"},"content":"","lastModifiedDate":"2023-09-09"},{"lineNumber":21,"author":{"gitId":"ryan1604"},"content":"        switch (command) {","lastModifiedDate":"2023-09-09"},{"lineNumber":22,"author":{"gitId":"ryan1604"},"content":"        case TODO_COMMAND:","lastModifiedDate":"2023-09-09"},{"lineNumber":23,"author":{"gitId":"ryan1604"},"content":"            return new TodoCommand(restOfInput);","lastModifiedDate":"2023-09-18"},{"lineNumber":24,"author":{"gitId":"ryan1604"},"content":"        case DEADLINE_COMMAND:","lastModifiedDate":"2023-09-09"},{"lineNumber":25,"author":{"gitId":"ryan1604"},"content":"            return new DeadlineCommand(restOfInput);","lastModifiedDate":"2023-09-18"},{"lineNumber":26,"author":{"gitId":"ryan1604"},"content":"        case EVENT_COMMAND:","lastModifiedDate":"2023-09-09"},{"lineNumber":27,"author":{"gitId":"ryan1604"},"content":"            return new EventCommand(restOfInput);","lastModifiedDate":"2023-09-18"},{"lineNumber":28,"author":{"gitId":"ryan1604"},"content":"        case LIST_COMMAND:","lastModifiedDate":"2023-09-09"},{"lineNumber":29,"author":{"gitId":"ryan1604"},"content":"            return new List();","lastModifiedDate":"2023-09-18"},{"lineNumber":30,"author":{"gitId":"ryan1604"},"content":"        case MARK_COMMAND:","lastModifiedDate":"2023-09-09"},{"lineNumber":31,"author":{"gitId":"ryan1604"},"content":"            return new Mark(restOfInput);","lastModifiedDate":"2023-09-18"},{"lineNumber":32,"author":{"gitId":"ryan1604"},"content":"        case UNMARK_COMMAND:","lastModifiedDate":"2023-09-09"},{"lineNumber":33,"author":{"gitId":"ryan1604"},"content":"            return new Unmark(restOfInput);","lastModifiedDate":"2023-09-18"},{"lineNumber":34,"author":{"gitId":"ryan1604"},"content":"        case DELETE_COMMAND:","lastModifiedDate":"2023-09-16"},{"lineNumber":35,"author":{"gitId":"ryan1604"},"content":"            return new Delete(restOfInput);","lastModifiedDate":"2023-09-18"},{"lineNumber":36,"author":{"gitId":"ryan1604"},"content":"        case EXIT_COMMAND:","lastModifiedDate":"2023-09-16"},{"lineNumber":37,"author":{"gitId":"ryan1604"},"content":"            return new Exit();","lastModifiedDate":"2023-09-18"},{"lineNumber":38,"author":{"gitId":"ryan1604"},"content":"        default:","lastModifiedDate":"2023-09-09"},{"lineNumber":39,"author":{"gitId":"ryan1604"},"content":"            return new Invalid();","lastModifiedDate":"2023-09-18"},{"lineNumber":40,"author":{"gitId":"ryan1604"},"content":"        }","lastModifiedDate":"2023-09-09"},{"lineNumber":41,"author":{"gitId":"ryan1604"},"content":"    }","lastModifiedDate":"2023-09-09"},{"lineNumber":42,"author":{"gitId":"ryan1604"},"content":"","lastModifiedDate":"2023-09-17"},{"lineNumber":43,"author":{"gitId":"ryan1604"},"content":"    public abstract void execute(TaskList taskList) throws RCException;","lastModifiedDate":"2023-09-18"},{"lineNumber":44,"author":{"gitId":"ryan1604"},"content":"}","lastModifiedDate":"2023-09-09"}],"authorContributionMap":{"ryan1604":44}},{"path":"src/main/java/RC/command/TodoCommand.java","fileType":"java","lines":[{"lineNumber":1,"author":{"gitId":"ryan1604"},"content":"package RC.command;","lastModifiedDate":"2023-09-17"},{"lineNumber":2,"author":{"gitId":"ryan1604"},"content":"","lastModifiedDate":"2023-09-17"},{"lineNumber":3,"author":{"gitId":"ryan1604"},"content":"import RC.RCException;","lastModifiedDate":"2023-09-17"},{"lineNumber":4,"author":{"gitId":"ryan1604"},"content":"import RC.TaskList;","lastModifiedDate":"2023-09-17"},{"lineNumber":5,"author":{"gitId":"ryan1604"},"content":"import RC.task.Todo;","lastModifiedDate":"2023-09-17"},{"lineNumber":6,"author":{"gitId":"ryan1604"},"content":"","lastModifiedDate":"2023-09-17"},{"lineNumber":7,"author":{"gitId":"ryan1604"},"content":"public class TodoCommand extends RCCommand {","lastModifiedDate":"2023-09-17"},{"lineNumber":8,"author":{"gitId":"ryan1604"},"content":"    private String description;","lastModifiedDate":"2023-09-17"},{"lineNumber":9,"author":{"gitId":"ryan1604"},"content":"","lastModifiedDate":"2023-09-17"},{"lineNumber":10,"author":{"gitId":"ryan1604"},"content":"    public static final String MESSAGE_EMPTY \u003d \"\\tOOPS!!! The description of a todo cannot be empty.\";","lastModifiedDate":"2023-09-18"},{"lineNumber":11,"author":{"gitId":"ryan1604"},"content":"    public TodoCommand(String description) {","lastModifiedDate":"2023-09-18"},{"lineNumber":12,"author":{"gitId":"ryan1604"},"content":"        this.description \u003d description;","lastModifiedDate":"2023-09-17"},{"lineNumber":13,"author":{"gitId":"ryan1604"},"content":"    }","lastModifiedDate":"2023-09-17"},{"lineNumber":14,"author":{"gitId":"ryan1604"},"content":"","lastModifiedDate":"2023-09-17"},{"lineNumber":15,"author":{"gitId":"ryan1604"},"content":"    @Override","lastModifiedDate":"2023-09-17"},{"lineNumber":16,"author":{"gitId":"ryan1604"},"content":"    public void execute(TaskList taskList) throws RCException {","lastModifiedDate":"2023-09-18"},{"lineNumber":17,"author":{"gitId":"ryan1604"},"content":"        if (description.isEmpty()) {","lastModifiedDate":"2023-09-17"},{"lineNumber":18,"author":{"gitId":"ryan1604"},"content":"            throw new RCException(MESSAGE_EMPTY);","lastModifiedDate":"2023-09-18"},{"lineNumber":19,"author":{"gitId":"ryan1604"},"content":"        }","lastModifiedDate":"2023-09-17"},{"lineNumber":20,"author":{"gitId":"ryan1604"},"content":"","lastModifiedDate":"2023-09-17"},{"lineNumber":21,"author":{"gitId":"ryan1604"},"content":"        taskList.add(new Todo(description));","lastModifiedDate":"2023-09-18"},{"lineNumber":22,"author":{"gitId":"ryan1604"},"content":"    }","lastModifiedDate":"2023-09-17"},{"lineNumber":23,"author":{"gitId":"ryan1604"},"content":"}","lastModifiedDate":"2023-09-17"}],"authorContributionMap":{"ryan1604":23}},{"path":"src/main/java/RC/command/Unmark.java","fileType":"java","lines":[{"lineNumber":1,"author":{"gitId":"ryan1604"},"content":"package RC.command;","lastModifiedDate":"2023-09-18"},{"lineNumber":2,"author":{"gitId":"ryan1604"},"content":"","lastModifiedDate":"2023-09-18"},{"lineNumber":3,"author":{"gitId":"ryan1604"},"content":"import RC.RCException;","lastModifiedDate":"2023-09-18"},{"lineNumber":4,"author":{"gitId":"ryan1604"},"content":"import RC.TaskList;","lastModifiedDate":"2023-09-18"},{"lineNumber":5,"author":{"gitId":"ryan1604"},"content":"","lastModifiedDate":"2023-09-18"},{"lineNumber":6,"author":{"gitId":"ryan1604"},"content":"public class Unmark extends RCCommand {","lastModifiedDate":"2023-09-18"},{"lineNumber":7,"author":{"gitId":"ryan1604"},"content":"    private String index;","lastModifiedDate":"2023-09-18"},{"lineNumber":8,"author":{"gitId":"ryan1604"},"content":"","lastModifiedDate":"2023-09-18"},{"lineNumber":9,"author":{"gitId":"ryan1604"},"content":"    public Unmark(String index) {","lastModifiedDate":"2023-09-18"},{"lineNumber":10,"author":{"gitId":"ryan1604"},"content":"        this.index \u003d index;","lastModifiedDate":"2023-09-18"},{"lineNumber":11,"author":{"gitId":"ryan1604"},"content":"    }","lastModifiedDate":"2023-09-18"},{"lineNumber":12,"author":{"gitId":"ryan1604"},"content":"","lastModifiedDate":"2023-09-18"},{"lineNumber":13,"author":{"gitId":"ryan1604"},"content":"    @Override","lastModifiedDate":"2023-09-18"},{"lineNumber":14,"author":{"gitId":"ryan1604"},"content":"    public void execute(TaskList taskList) throws RCException {","lastModifiedDate":"2023-09-18"},{"lineNumber":15,"author":{"gitId":"ryan1604"},"content":"        taskList.unmarkTask(index);","lastModifiedDate":"2023-09-18"},{"lineNumber":16,"author":{"gitId":"ryan1604"},"content":"    }","lastModifiedDate":"2023-09-18"},{"lineNumber":17,"author":{"gitId":"ryan1604"},"content":"}","lastModifiedDate":"2023-09-18"}],"authorContributionMap":{"ryan1604":17}},{"path":"src/main/java/RC/storage/Storage.java","fileType":"java","lines":[{"lineNumber":1,"author":{"gitId":"ryan1604"},"content":"package RC.storage;","lastModifiedDate":"2023-09-17"},{"lineNumber":2,"author":{"gitId":"ryan1604"},"content":"","lastModifiedDate":"2023-09-17"},{"lineNumber":3,"author":{"gitId":"ryan1604"},"content":"import RC.RCException;","lastModifiedDate":"2023-09-17"},{"lineNumber":4,"author":{"gitId":"ryan1604"},"content":"import RC.TaskList;","lastModifiedDate":"2023-09-17"},{"lineNumber":5,"author":{"gitId":"ryan1604"},"content":"import RC.task.Deadline;","lastModifiedDate":"2023-09-17"},{"lineNumber":6,"author":{"gitId":"ryan1604"},"content":"import RC.task.Event;","lastModifiedDate":"2023-09-17"},{"lineNumber":7,"author":{"gitId":"ryan1604"},"content":"import RC.task.Task;","lastModifiedDate":"2023-09-17"},{"lineNumber":8,"author":{"gitId":"ryan1604"},"content":"import RC.task.Todo;","lastModifiedDate":"2023-09-17"},{"lineNumber":9,"author":{"gitId":"ryan1604"},"content":"","lastModifiedDate":"2023-09-17"},{"lineNumber":10,"author":{"gitId":"ryan1604"},"content":"import java.io.BufferedReader;","lastModifiedDate":"2023-09-17"},{"lineNumber":11,"author":{"gitId":"ryan1604"},"content":"import java.io.FileReader;","lastModifiedDate":"2023-09-17"},{"lineNumber":12,"author":{"gitId":"ryan1604"},"content":"import java.io.FileWriter;","lastModifiedDate":"2023-09-17"},{"lineNumber":13,"author":{"gitId":"ryan1604"},"content":"import java.io.IOException;","lastModifiedDate":"2023-09-17"},{"lineNumber":14,"author":{"gitId":"ryan1604"},"content":"import java.nio.file.Files;","lastModifiedDate":"2023-09-17"},{"lineNumber":15,"author":{"gitId":"ryan1604"},"content":"import java.nio.file.Path;","lastModifiedDate":"2023-09-17"},{"lineNumber":16,"author":{"gitId":"ryan1604"},"content":"import java.nio.file.Paths;","lastModifiedDate":"2023-09-17"},{"lineNumber":17,"author":{"gitId":"ryan1604"},"content":"","lastModifiedDate":"2023-09-17"},{"lineNumber":18,"author":{"gitId":"ryan1604"},"content":"public class Storage {","lastModifiedDate":"2023-09-17"},{"lineNumber":19,"author":{"gitId":"ryan1604"},"content":"    private static final String FILE_PATH \u003d \"data/tasks.txt\";","lastModifiedDate":"2023-09-17"},{"lineNumber":20,"author":{"gitId":"ryan1604"},"content":"    private final Path path \u003d Paths.get(\"data\");","lastModifiedDate":"2023-09-17"},{"lineNumber":21,"author":{"gitId":"ryan1604"},"content":"    private static void createDirectory(Path path) throws IOException {","lastModifiedDate":"2023-09-17"},{"lineNumber":22,"author":{"gitId":"ryan1604"},"content":"        System.out.println(\"\\tDirectory doesn\u0027t exist. Creating directory...\");","lastModifiedDate":"2023-09-17"},{"lineNumber":23,"author":{"gitId":"ryan1604"},"content":"        Files.createDirectory(path);","lastModifiedDate":"2023-09-18"},{"lineNumber":24,"author":{"gitId":"ryan1604"},"content":"    }","lastModifiedDate":"2023-09-17"},{"lineNumber":25,"author":{"gitId":"ryan1604"},"content":"","lastModifiedDate":"2023-09-17"},{"lineNumber":26,"author":{"gitId":"ryan1604"},"content":"    public Storage(String filePath) {","lastModifiedDate":"2023-09-17"},{"lineNumber":27,"author":{"gitId":"ryan1604"},"content":"        if (!Files.exists(path)) {","lastModifiedDate":"2023-09-18"},{"lineNumber":28,"author":{"gitId":"ryan1604"},"content":"            try {","lastModifiedDate":"2023-09-17"},{"lineNumber":29,"author":{"gitId":"ryan1604"},"content":"                createDirectory(path);","lastModifiedDate":"2023-09-17"},{"lineNumber":30,"author":{"gitId":"ryan1604"},"content":"            } catch (IOException e) {","lastModifiedDate":"2023-09-17"},{"lineNumber":31,"author":{"gitId":"ryan1604"},"content":"                System.out.println(\"\\tError: \" + e.getMessage());","lastModifiedDate":"2023-09-17"},{"lineNumber":32,"author":{"gitId":"ryan1604"},"content":"            }","lastModifiedDate":"2023-09-17"},{"lineNumber":33,"author":{"gitId":"ryan1604"},"content":"        }","lastModifiedDate":"2023-09-17"},{"lineNumber":34,"author":{"gitId":"ryan1604"},"content":"    }","lastModifiedDate":"2023-09-17"},{"lineNumber":35,"author":{"gitId":"ryan1604"},"content":"","lastModifiedDate":"2023-09-18"},{"lineNumber":36,"author":{"gitId":"ryan1604"},"content":"    public void save(TaskList tasks) throws RCException {","lastModifiedDate":"2023-09-17"},{"lineNumber":37,"author":{"gitId":"ryan1604"},"content":"        write(tasks);","lastModifiedDate":"2023-09-17"},{"lineNumber":38,"author":{"gitId":"ryan1604"},"content":"    }","lastModifiedDate":"2023-09-17"},{"lineNumber":39,"author":{"gitId":"ryan1604"},"content":"","lastModifiedDate":"2023-09-17"},{"lineNumber":40,"author":{"gitId":"ryan1604"},"content":"    public void load(TaskList taskList) throws RCException {","lastModifiedDate":"2023-09-18"},{"lineNumber":41,"author":{"gitId":"ryan1604"},"content":"        try {","lastModifiedDate":"2023-09-17"},{"lineNumber":42,"author":{"gitId":"ryan1604"},"content":"            BufferedReader inputFile \u003d new BufferedReader(new FileReader(FILE_PATH));","lastModifiedDate":"2023-09-17"},{"lineNumber":43,"author":{"gitId":"ryan1604"},"content":"            String line;","lastModifiedDate":"2023-09-17"},{"lineNumber":44,"author":{"gitId":"ryan1604"},"content":"            System.out.println(\"\\tLoading existing file...\");","lastModifiedDate":"2023-09-17"},{"lineNumber":45,"author":{"gitId":"ryan1604"},"content":"","lastModifiedDate":"2023-09-17"},{"lineNumber":46,"author":{"gitId":"ryan1604"},"content":"            while ((line \u003d inputFile.readLine()) !\u003d null) {","lastModifiedDate":"2023-09-17"},{"lineNumber":47,"author":{"gitId":"ryan1604"},"content":"                String[] split \u003d line.split(\"\\\\|\");","lastModifiedDate":"2023-09-17"},{"lineNumber":48,"author":{"gitId":"ryan1604"},"content":"                String command \u003d split[0].trim();","lastModifiedDate":"2023-09-18"},{"lineNumber":49,"author":{"gitId":"ryan1604"},"content":"                String input;","lastModifiedDate":"2023-09-18"},{"lineNumber":50,"author":{"gitId":"ryan1604"},"content":"                String isDone \u003d split[1].trim();","lastModifiedDate":"2023-09-18"},{"lineNumber":51,"author":{"gitId":"ryan1604"},"content":"                Task task;","lastModifiedDate":"2023-09-18"},{"lineNumber":52,"author":{"gitId":"ryan1604"},"content":"                switch (command) {","lastModifiedDate":"2023-09-17"},{"lineNumber":53,"author":{"gitId":"ryan1604"},"content":"                case \"T\":","lastModifiedDate":"2023-09-18"},{"lineNumber":54,"author":{"gitId":"ryan1604"},"content":"                    input \u003d split[2].trim();","lastModifiedDate":"2023-09-18"},{"lineNumber":55,"author":{"gitId":"ryan1604"},"content":"                    task \u003d new Todo(input);","lastModifiedDate":"2023-09-18"},{"lineNumber":56,"author":{"gitId":"ryan1604"},"content":"                    break;","lastModifiedDate":"2023-09-17"},{"lineNumber":57,"author":{"gitId":"ryan1604"},"content":"                case \"D\":","lastModifiedDate":"2023-09-18"},{"lineNumber":58,"author":{"gitId":"ryan1604"},"content":"                    input \u003d split[2].trim();","lastModifiedDate":"2023-09-18"},{"lineNumber":59,"author":{"gitId":"ryan1604"},"content":"                    String byString \u003d split[3].trim();","lastModifiedDate":"2023-09-18"},{"lineNumber":60,"author":{"gitId":"ryan1604"},"content":"                    task \u003d new Deadline(input, byString);","lastModifiedDate":"2023-09-18"},{"lineNumber":61,"author":{"gitId":"ryan1604"},"content":"                    break;","lastModifiedDate":"2023-09-17"},{"lineNumber":62,"author":{"gitId":"ryan1604"},"content":"                case \"E\":","lastModifiedDate":"2023-09-18"},{"lineNumber":63,"author":{"gitId":"ryan1604"},"content":"                    input \u003d split[2].trim();","lastModifiedDate":"2023-09-18"},{"lineNumber":64,"author":{"gitId":"ryan1604"},"content":"                    String fromString \u003d split[3].trim();","lastModifiedDate":"2023-09-17"},{"lineNumber":65,"author":{"gitId":"ryan1604"},"content":"                    String toString \u003d split[4].trim();","lastModifiedDate":"2023-09-17"},{"lineNumber":66,"author":{"gitId":"ryan1604"},"content":"                    task \u003d new Event(input, fromString, toString);","lastModifiedDate":"2023-09-18"},{"lineNumber":67,"author":{"gitId":"ryan1604"},"content":"                    break;","lastModifiedDate":"2023-09-17"},{"lineNumber":68,"author":{"gitId":"ryan1604"},"content":"                default:","lastModifiedDate":"2023-09-17"},{"lineNumber":69,"author":{"gitId":"ryan1604"},"content":"                    throw new RCException(\"\\tError loading file.\");","lastModifiedDate":"2023-09-18"},{"lineNumber":70,"author":{"gitId":"ryan1604"},"content":"                }","lastModifiedDate":"2023-09-18"},{"lineNumber":71,"author":{"gitId":"ryan1604"},"content":"                if (isDone.equals(\"1\")) {","lastModifiedDate":"2023-09-18"},{"lineNumber":72,"author":{"gitId":"ryan1604"},"content":"                    task.markAsDone();","lastModifiedDate":"2023-09-18"},{"lineNumber":73,"author":{"gitId":"ryan1604"},"content":"                }","lastModifiedDate":"2023-09-17"},{"lineNumber":74,"author":{"gitId":"ryan1604"},"content":"                taskList.load(task);","lastModifiedDate":"2023-09-18"},{"lineNumber":75,"author":{"gitId":"ryan1604"},"content":"            }","lastModifiedDate":"2023-09-17"},{"lineNumber":76,"author":{"gitId":"ryan1604"},"content":"            inputFile.close();","lastModifiedDate":"2023-09-17"},{"lineNumber":77,"author":{"gitId":"ryan1604"},"content":"        } catch (IOException e) {","lastModifiedDate":"2023-09-17"},{"lineNumber":78,"author":{"gitId":"ryan1604"},"content":"            String message \u003d \"\\tFile not found. Creating new file...\";","lastModifiedDate":"2023-09-18"},{"lineNumber":79,"author":{"gitId":"ryan1604"},"content":"            throw new RCException(message);","lastModifiedDate":"2023-09-17"},{"lineNumber":80,"author":{"gitId":"ryan1604"},"content":"        }","lastModifiedDate":"2023-09-17"},{"lineNumber":81,"author":{"gitId":"ryan1604"},"content":"        System.out.println(\"\\tLoading is complete.\");","lastModifiedDate":"2023-09-17"},{"lineNumber":82,"author":{"gitId":"ryan1604"},"content":"    }","lastModifiedDate":"2023-09-17"},{"lineNumber":83,"author":{"gitId":"ryan1604"},"content":"","lastModifiedDate":"2023-09-17"},{"lineNumber":84,"author":{"gitId":"ryan1604"},"content":"    public static void write(TaskList taskList) throws RCException {","lastModifiedDate":"2023-09-18"},{"lineNumber":85,"author":{"gitId":"ryan1604"},"content":"        try {","lastModifiedDate":"2023-09-17"},{"lineNumber":86,"author":{"gitId":"ryan1604"},"content":"            FileWriter fr \u003d new FileWriter(FILE_PATH);","lastModifiedDate":"2023-09-17"},{"lineNumber":87,"author":{"gitId":"ryan1604"},"content":"            for (int i \u003d 0; i \u003c taskList.tasks.size(); i++) {","lastModifiedDate":"2023-09-18"},{"lineNumber":88,"author":{"gitId":"ryan1604"},"content":"                String text \u003d taskList.tasks.get(i).formatString() + \"\\n\";","lastModifiedDate":"2023-09-18"},{"lineNumber":89,"author":{"gitId":"ryan1604"},"content":"                fr.write(text);","lastModifiedDate":"2023-09-17"},{"lineNumber":90,"author":{"gitId":"ryan1604"},"content":"            }","lastModifiedDate":"2023-09-17"},{"lineNumber":91,"author":{"gitId":"ryan1604"},"content":"            fr.close();","lastModifiedDate":"2023-09-17"},{"lineNumber":92,"author":{"gitId":"ryan1604"},"content":"        } catch (IOException e) {","lastModifiedDate":"2023-09-17"},{"lineNumber":93,"author":{"gitId":"ryan1604"},"content":"            String errorMessage \u003d \"\\tOOPS!!! Error writing to file.\";","lastModifiedDate":"2023-09-17"},{"lineNumber":94,"author":{"gitId":"ryan1604"},"content":"            throw new RCException(errorMessage);","lastModifiedDate":"2023-09-17"},{"lineNumber":95,"author":{"gitId":"ryan1604"},"content":"        }","lastModifiedDate":"2023-09-17"},{"lineNumber":96,"author":{"gitId":"ryan1604"},"content":"    }","lastModifiedDate":"2023-09-17"},{"lineNumber":97,"author":{"gitId":"ryan1604"},"content":"}","lastModifiedDate":"2023-09-17"}],"authorContributionMap":{"ryan1604":97}},{"path":"src/main/java/RC/task/Deadline.java","fileType":"java","lines":[{"lineNumber":1,"author":{"gitId":"ryan1604"},"content":"package RC.task;","lastModifiedDate":"2023-09-09"},{"lineNumber":2,"author":{"gitId":"ryan1604"},"content":"","lastModifiedDate":"2023-09-09"},{"lineNumber":3,"author":{"gitId":"ryan1604"},"content":"public class Deadline extends Task {","lastModifiedDate":"2023-09-04"},{"lineNumber":4,"author":{"gitId":"ryan1604"},"content":"    private String by;","lastModifiedDate":"2023-09-04"},{"lineNumber":5,"author":{"gitId":"ryan1604"},"content":"","lastModifiedDate":"2023-09-04"},{"lineNumber":6,"author":{"gitId":"ryan1604"},"content":"    public Deadline(String description, String by) {","lastModifiedDate":"2023-09-04"},{"lineNumber":7,"author":{"gitId":"ryan1604"},"content":"        super(description);","lastModifiedDate":"2023-09-04"},{"lineNumber":8,"author":{"gitId":"ryan1604"},"content":"        this.by \u003d by;","lastModifiedDate":"2023-09-04"},{"lineNumber":9,"author":{"gitId":"ryan1604"},"content":"    }","lastModifiedDate":"2023-09-04"},{"lineNumber":10,"author":{"gitId":"ryan1604"},"content":"","lastModifiedDate":"2023-09-04"},{"lineNumber":11,"author":{"gitId":"ryan1604"},"content":"    @Override","lastModifiedDate":"2023-09-04"},{"lineNumber":12,"author":{"gitId":"ryan1604"},"content":"    public String toString() {","lastModifiedDate":"2023-09-04"},{"lineNumber":13,"author":{"gitId":"ryan1604"},"content":"        return \"[D]\" + super.toString() + \" (by: \" + this.by + \")\";","lastModifiedDate":"2023-09-04"},{"lineNumber":14,"author":{"gitId":"ryan1604"},"content":"    }","lastModifiedDate":"2023-09-04"},{"lineNumber":15,"author":{"gitId":"ryan1604"},"content":"","lastModifiedDate":"2023-09-16"},{"lineNumber":16,"author":{"gitId":"ryan1604"},"content":"    @Override","lastModifiedDate":"2023-09-16"},{"lineNumber":17,"author":{"gitId":"ryan1604"},"content":"    public String formatString() {","lastModifiedDate":"2023-09-17"},{"lineNumber":18,"author":{"gitId":"ryan1604"},"content":"        return \"D | \" + super.formatString() + \" | \" + this.by;","lastModifiedDate":"2023-09-17"},{"lineNumber":19,"author":{"gitId":"ryan1604"},"content":"    }","lastModifiedDate":"2023-09-16"},{"lineNumber":20,"author":{"gitId":"ryan1604"},"content":"}","lastModifiedDate":"2023-09-04"}],"authorContributionMap":{"ryan1604":20}},{"path":"src/main/java/RC/task/Event.java","fileType":"java","lines":[{"lineNumber":1,"author":{"gitId":"ryan1604"},"content":"package RC.task;","lastModifiedDate":"2023-09-09"},{"lineNumber":2,"author":{"gitId":"ryan1604"},"content":"","lastModifiedDate":"2023-09-09"},{"lineNumber":3,"author":{"gitId":"ryan1604"},"content":"public class Event extends Task {","lastModifiedDate":"2023-09-04"},{"lineNumber":4,"author":{"gitId":"ryan1604"},"content":"    private String from;","lastModifiedDate":"2023-09-04"},{"lineNumber":5,"author":{"gitId":"ryan1604"},"content":"    private String to;","lastModifiedDate":"2023-09-04"},{"lineNumber":6,"author":{"gitId":"ryan1604"},"content":"","lastModifiedDate":"2023-09-04"},{"lineNumber":7,"author":{"gitId":"ryan1604"},"content":"    public Event(String description, String from, String to) {","lastModifiedDate":"2023-09-04"},{"lineNumber":8,"author":{"gitId":"ryan1604"},"content":"        super(description);","lastModifiedDate":"2023-09-04"},{"lineNumber":9,"author":{"gitId":"ryan1604"},"content":"        this.from \u003d from;","lastModifiedDate":"2023-09-04"},{"lineNumber":10,"author":{"gitId":"ryan1604"},"content":"        this.to \u003d to;","lastModifiedDate":"2023-09-04"},{"lineNumber":11,"author":{"gitId":"ryan1604"},"content":"    }","lastModifiedDate":"2023-09-04"},{"lineNumber":12,"author":{"gitId":"ryan1604"},"content":"","lastModifiedDate":"2023-09-04"},{"lineNumber":13,"author":{"gitId":"ryan1604"},"content":"    @Override","lastModifiedDate":"2023-09-04"},{"lineNumber":14,"author":{"gitId":"ryan1604"},"content":"    public String toString() {","lastModifiedDate":"2023-09-04"},{"lineNumber":15,"author":{"gitId":"ryan1604"},"content":"        return \"[E]\" + super.toString() + \" (from: \" + this.from + \" to: \" + this.to + \")\";","lastModifiedDate":"2023-09-04"},{"lineNumber":16,"author":{"gitId":"ryan1604"},"content":"    }","lastModifiedDate":"2023-09-04"},{"lineNumber":17,"author":{"gitId":"ryan1604"},"content":"","lastModifiedDate":"2023-09-16"},{"lineNumber":18,"author":{"gitId":"ryan1604"},"content":"    @Override","lastModifiedDate":"2023-09-16"},{"lineNumber":19,"author":{"gitId":"ryan1604"},"content":"    public String formatString() {","lastModifiedDate":"2023-09-17"},{"lineNumber":20,"author":{"gitId":"ryan1604"},"content":"        return \"E | \" + super.formatString() + \" | \" + this.from + \" | \" + this.to;","lastModifiedDate":"2023-09-17"},{"lineNumber":21,"author":{"gitId":"ryan1604"},"content":"    }","lastModifiedDate":"2023-09-16"},{"lineNumber":22,"author":{"gitId":"ryan1604"},"content":"}","lastModifiedDate":"2023-09-04"}],"authorContributionMap":{"ryan1604":22}},{"path":"src/main/java/RC/task/Task.java","fileType":"java","lines":[{"lineNumber":1,"author":{"gitId":"ryan1604"},"content":"package RC.task;","lastModifiedDate":"2023-09-09"},{"lineNumber":2,"author":{"gitId":"ryan1604"},"content":"","lastModifiedDate":"2023-09-09"},{"lineNumber":3,"author":{"gitId":"ryan1604"},"content":"public abstract class Task {","lastModifiedDate":"2023-09-18"},{"lineNumber":4,"author":{"gitId":"ryan1604"},"content":"    private String description;","lastModifiedDate":"2023-08-29"},{"lineNumber":5,"author":{"gitId":"ryan1604"},"content":"    private boolean isDone;","lastModifiedDate":"2023-08-29"},{"lineNumber":6,"author":{"gitId":"ryan1604"},"content":"","lastModifiedDate":"2023-09-19"},{"lineNumber":7,"author":{"gitId":"ryan1604"},"content":"    public Task(String description) {","lastModifiedDate":"2023-08-29"},{"lineNumber":8,"author":{"gitId":"ryan1604"},"content":"        this.description \u003d description;","lastModifiedDate":"2023-08-29"},{"lineNumber":9,"author":{"gitId":"ryan1604"},"content":"        this.isDone \u003d false;","lastModifiedDate":"2023-08-29"},{"lineNumber":10,"author":{"gitId":"ryan1604"},"content":"    }","lastModifiedDate":"2023-08-29"},{"lineNumber":11,"author":{"gitId":"ryan1604"},"content":"","lastModifiedDate":"2023-08-29"},{"lineNumber":12,"author":{"gitId":"ryan1604"},"content":"    public String getStatusIcon() {","lastModifiedDate":"2023-08-29"},{"lineNumber":13,"author":{"gitId":"ryan1604"},"content":"        return (isDone ? \"X\" : \" \");","lastModifiedDate":"2023-08-29"},{"lineNumber":14,"author":{"gitId":"ryan1604"},"content":"    }","lastModifiedDate":"2023-08-29"},{"lineNumber":15,"author":{"gitId":"ryan1604"},"content":"","lastModifiedDate":"2023-08-29"},{"lineNumber":16,"author":{"gitId":"ryan1604"},"content":"    public String getDescription() {","lastModifiedDate":"2023-08-29"},{"lineNumber":17,"author":{"gitId":"ryan1604"},"content":"        return this.description;","lastModifiedDate":"2023-08-29"},{"lineNumber":18,"author":{"gitId":"ryan1604"},"content":"    }","lastModifiedDate":"2023-08-29"},{"lineNumber":19,"author":{"gitId":"ryan1604"},"content":"","lastModifiedDate":"2023-08-29"},{"lineNumber":20,"author":{"gitId":"ryan1604"},"content":"    public void markAsDone() {","lastModifiedDate":"2023-08-29"},{"lineNumber":21,"author":{"gitId":"ryan1604"},"content":"        this.isDone \u003d true;","lastModifiedDate":"2023-08-29"},{"lineNumber":22,"author":{"gitId":"ryan1604"},"content":"    }","lastModifiedDate":"2023-08-29"},{"lineNumber":23,"author":{"gitId":"ryan1604"},"content":"","lastModifiedDate":"2023-08-29"},{"lineNumber":24,"author":{"gitId":"ryan1604"},"content":"    public void unmarkTask() {","lastModifiedDate":"2023-08-29"},{"lineNumber":25,"author":{"gitId":"ryan1604"},"content":"        this.isDone \u003d false;","lastModifiedDate":"2023-08-29"},{"lineNumber":26,"author":{"gitId":"ryan1604"},"content":"    }","lastModifiedDate":"2023-08-29"},{"lineNumber":27,"author":{"gitId":"ryan1604"},"content":"","lastModifiedDate":"2023-08-29"},{"lineNumber":28,"author":{"gitId":"ryan1604"},"content":"    @Override","lastModifiedDate":"2023-09-03"},{"lineNumber":29,"author":{"gitId":"ryan1604"},"content":"    public String toString() {","lastModifiedDate":"2023-09-03"},{"lineNumber":30,"author":{"gitId":"ryan1604"},"content":"        return \"[\" + this.getStatusIcon() + \"] \" + this.getDescription();","lastModifiedDate":"2023-09-03"},{"lineNumber":31,"author":{"gitId":"ryan1604"},"content":"    }","lastModifiedDate":"2023-09-03"},{"lineNumber":32,"author":{"gitId":"ryan1604"},"content":"","lastModifiedDate":"2023-09-04"},{"lineNumber":33,"author":{"gitId":"ryan1604"},"content":"    public String formatString() {","lastModifiedDate":"2023-09-17"},{"lineNumber":34,"author":{"gitId":"ryan1604"},"content":"        int markTask \u003d 0;","lastModifiedDate":"2023-09-17"},{"lineNumber":35,"author":{"gitId":"ryan1604"},"content":"        if (this.getStatusIcon().equals(\"X\")) {","lastModifiedDate":"2023-09-17"},{"lineNumber":36,"author":{"gitId":"ryan1604"},"content":"            markTask \u003d 1;","lastModifiedDate":"2023-09-17"},{"lineNumber":37,"author":{"gitId":"ryan1604"},"content":"        }","lastModifiedDate":"2023-09-17"},{"lineNumber":38,"author":{"gitId":"ryan1604"},"content":"        return markTask + \" | \" + this.getDescription();","lastModifiedDate":"2023-09-17"},{"lineNumber":39,"author":{"gitId":"ryan1604"},"content":"    }","lastModifiedDate":"2023-09-17"},{"lineNumber":40,"author":{"gitId":"ryan1604"},"content":"}","lastModifiedDate":"2023-08-29"}],"authorContributionMap":{"ryan1604":40}},{"path":"src/main/java/RC/task/Todo.java","fileType":"java","lines":[{"lineNumber":1,"author":{"gitId":"ryan1604"},"content":"package RC.task;","lastModifiedDate":"2023-09-09"},{"lineNumber":2,"author":{"gitId":"ryan1604"},"content":"","lastModifiedDate":"2023-09-09"},{"lineNumber":3,"author":{"gitId":"ryan1604"},"content":"public class Todo extends Task {","lastModifiedDate":"2023-09-04"},{"lineNumber":4,"author":{"gitId":"ryan1604"},"content":"    public Todo(String description) {","lastModifiedDate":"2023-09-04"},{"lineNumber":5,"author":{"gitId":"ryan1604"},"content":"        super(description);","lastModifiedDate":"2023-09-04"},{"lineNumber":6,"author":{"gitId":"ryan1604"},"content":"    }","lastModifiedDate":"2023-09-04"},{"lineNumber":7,"author":{"gitId":"ryan1604"},"content":"","lastModifiedDate":"2023-09-04"},{"lineNumber":8,"author":{"gitId":"ryan1604"},"content":"    @Override","lastModifiedDate":"2023-09-04"},{"lineNumber":9,"author":{"gitId":"ryan1604"},"content":"    public String toString() {","lastModifiedDate":"2023-09-04"},{"lineNumber":10,"author":{"gitId":"ryan1604"},"content":"        return \"[T]\" + super.toString();","lastModifiedDate":"2023-09-04"},{"lineNumber":11,"author":{"gitId":"ryan1604"},"content":"    }","lastModifiedDate":"2023-09-04"},{"lineNumber":12,"author":{"gitId":"ryan1604"},"content":"","lastModifiedDate":"2023-09-16"},{"lineNumber":13,"author":{"gitId":"ryan1604"},"content":"    @Override","lastModifiedDate":"2023-09-16"},{"lineNumber":14,"author":{"gitId":"ryan1604"},"content":"    public String formatString() {","lastModifiedDate":"2023-09-17"},{"lineNumber":15,"author":{"gitId":"ryan1604"},"content":"        return \"T | \" + super.formatString();","lastModifiedDate":"2023-09-17"},{"lineNumber":16,"author":{"gitId":"ryan1604"},"content":"    }","lastModifiedDate":"2023-09-16"},{"lineNumber":17,"author":{"gitId":"ryan1604"},"content":"}","lastModifiedDate":"2023-09-04"}],"authorContributionMap":{"ryan1604":17}}]
