{"authorDailyContributionsMap":{"ryan1604":[{"date":"2023-08-26","commitResults":[{"hash":"980d6ecb501911eae92e120bfacf5a5beed12e2f","isMergeCommit":false,"messageTitle":"Rename chatbot","messageBody":"","tags":["Level-0"],"fileTypesAndContributionMap":{"java":{"insertions":2,"deletions":6}}}]},{"date":"2023-08-28","commitResults":[{"hash":"021cc70e693cf8eac7fb985620cdcc199ba52d2f","isMergeCommit":false,"messageTitle":"Modify chatbot to echo commands given by user","messageBody":"","tags":["Level-1"],"fileTypesAndContributionMap":{"java":{"insertions":13,"deletions":2}}},{"hash":"47f94ae0458e6073a651567353f5b0f1a08176cf","isMergeCommit":false,"messageTitle":"Add ability to store text and list them back","messageBody":"","tags":["Level-2"],"fileTypesAndContributionMap":{"java":{"insertions":15,"deletions":1}}}]},{"date":"2023-08-29","commitResults":[{"hash":"a9d035811a4a90bb045e5a2d4a1bc5420965d5b0","isMergeCommit":false,"messageTitle":"Add task class and mark and umark task functionality","messageBody":"","tags":["Level-3","A-CodingStandard"],"fileTypesAndContributionMap":{"java":{"insertions":73,"deletions":31}}}]},{"date":"2023-09-03","commitResults":[{"hash":"27157e7bcbe036829d384b781e1031caad10a5e8","isMergeCommit":false,"messageTitle":"Move printTaskList() method from Task.java to RC.java","messageBody":"","fileTypesAndContributionMap":{"java":{"insertions":12,"deletions":9}}}]},{"date":"2023-09-04","commitResults":[{"hash":"ab37d7dd3f57ed4f75a1665383f051ed2c2e91fa","isMergeCommit":false,"messageTitle":"Add Todo class and printAddedTask() method","messageBody":"","fileTypesAndContributionMap":{"java":{"insertions":31,"deletions":8}}},{"hash":"0b517097cd219fed2eea64714acf18c8be67f824","isMergeCommit":false,"messageTitle":"Add Deadline class","messageBody":"","fileTypesAndContributionMap":{"java":{"insertions":22,"deletions":1}}},{"hash":"83234af6dc859ad86e4705cd40580f35b9db2dd3","isMergeCommit":false,"messageTitle":"Add event class and event functionality","messageBody":"","tags":["Level-4"],"fileTypesAndContributionMap":{"java":{"insertions":26,"deletions":2}}},{"hash":"f377f4337ee02d79f85d481f8d04e1468b8846c6","isMergeCommit":false,"messageTitle":"Refactor: Extract method addTodo(), addDeadline(), addEvent(), markTask(), unmarkTask()","messageBody":"","fileTypesAndContributionMap":{"java":{"insertions":54,"deletions":27}}}]},{"date":"2023-09-09","commitResults":[{"hash":"8533e423db62343768199c926a09968a99b2e185","isMergeCommit":false,"messageTitle":"Task.java: Edit print statement in unmark()","messageBody":"","fileTypesAndContributionMap":{"java":{"insertions":1,"deletions":1}}},{"hash":"d640f27954fc6df6e656fcf6d95049bd49f3d83a","isMergeCommit":false,"messageTitle":"Rename line to input","messageBody":"","tags":["A-CodeQuality"],"fileTypesAndContributionMap":{"java":{"insertions":31,"deletions":31}}},{"hash":"3f3ce2dcf43627296a82af956e07c3a1623e3141","isMergeCommit":false,"messageTitle":"Add RCException.java","messageBody":"","fileTypesAndContributionMap":{"java":{"insertions":5,"deletions":0}}},{"hash":"030ef182c808b4de838db4789af8eaa1bcce47af","isMergeCommit":false,"messageTitle":"Add basic error handling","messageBody":"","fileTypesAndContributionMap":{"java":{"insertions":28,"deletions":21}}},{"hash":"1cc12afff5805494b2a72226195976bb867ae957","isMergeCommit":false,"messageTitle":"Add error handling for addDeadline()","messageBody":"","fileTypesAndContributionMap":{"java":{"insertions":7,"deletions":3}}},{"hash":"c26afe6ed52732b3b09d016f3741dacc58aa3d5a","isMergeCommit":false,"messageTitle":"Add error handling for addEvent()","messageBody":"","fileTypesAndContributionMap":{"java":{"insertions":6,"deletions":2}}},{"hash":"670a9bef9ffaefc69be5cf471eb880454edc957b","isMergeCommit":false,"messageTitle":"Add error handling for markTask(), addEvent()","messageBody":"","fileTypesAndContributionMap":{"java":{"insertions":27,"deletions":8}}},{"hash":"21dccfcc0231c9192be0eb4e64751b77aa9b9020","isMergeCommit":false,"messageTitle":"Add error handling for unmarkTask()","messageBody":"","fileTypesAndContributionMap":{"java":{"insertions":13,"deletions":2}}},{"hash":"818266f4d976ad9bda958526e5cd6ee292914f71","isMergeCommit":false,"messageTitle":"Add error handling for addDeadline()","messageBody":"","fileTypesAndContributionMap":{"java":{"insertions":10,"deletions":5}}},{"hash":"89432d1584e2d9c58943b478c36d5a97c6466d7e","isMergeCommit":true,"messageTitle":"Merge branch \u0027branch-Level-5\u0027","messageBody":"","tags":["Level-5","A-Exceptions"],"fileTypesAndContributionMap":{}},{"hash":"36bc6c3ab12f621ab3fa5cab818b543acc155eed","isMergeCommit":false,"messageTitle":"Organise classes into packages","messageBody":"- Move RC.java and RCException.java to RC folder\n- Move tasks to task folder\n","fileTypesAndContributionMap":{"java":{"insertions":19,"deletions":0}}},{"hash":"042689bd8012057dbeb522041a296b95f87216b0","isMergeCommit":false,"messageTitle":"Add RCCommand.java and move commands from RC.java to RCCommand.java","messageBody":"","fileTypesAndContributionMap":{"java":{"insertions":140,"deletions":114}}},{"hash":"6c15610bd1816724d95e8b06372b27594e34179d","isMergeCommit":true,"messageTitle":"Merge branch \u0027branch-A-Packages\u0027","messageBody":"","tags":["A-Packages"],"fileTypesAndContributionMap":{}}]},{"date":"2023-09-16","commitResults":[{"hash":"d489325490a64ddf66e804977d2a671ed7146750","isMergeCommit":false,"messageTitle":"Add isExit functionality","messageBody":"","fileTypesAndContributionMap":{"java":{"insertions":17,"deletions":6}}},{"hash":"fb202e1a60a6ee9e0957c158025d32e357e3411e","isMergeCommit":false,"messageTitle":"Add delete task functionality","messageBody":"","tags":["Level-6","A-Collections"],"fileTypesAndContributionMap":{"java":{"insertions":32,"deletions":0}}},{"hash":"2ae6e33e1577bf5cc59f1929e41fbc86ad32f4c2","isMergeCommit":false,"messageTitle":"Add ability to save and load data from text file","messageBody":"","fileTypesAndContributionMap":{"java":{"insertions":160,"deletions":1}}},{"hash":"6cce313043be81ad207f027ac170c7a43b06d19c","isMergeCommit":true,"messageTitle":"Merge branch \u0027branch-Level-7\u0027","messageBody":"# Conflicts:\n#\tsrc/main/java/RC/task/Task.java\n","fileTypesAndContributionMap":{}}]},{"date":"2023-09-17","commitResults":[{"hash":"cf81e426865c4ed9ba5162341dbc0311b4df93f6","isMergeCommit":false,"messageTitle":"Remove redundancy in saving files","messageBody":"","tags":["v0.1","Level-7","A-Jar"],"fileTypesAndContributionMap":{"java":{"insertions":56,"deletions":94}}},{"hash":"5b49acddc644a0b5eeba839823224a307baac0ae","isMergeCommit":false,"messageTitle":"Add storage and command package","messageBody":"","fileTypesAndContributionMap":{"java":{"insertions":124,"deletions":98}}},{"hash":"0aaf1b967deb59dab47a6315949f8c8f01135c36","isMergeCommit":false,"messageTitle":"Add TaskList.java","messageBody":"","fileTypesAndContributionMap":{"java":{"insertions":63,"deletions":39}}},{"hash":"fda1aa51c5d4c9d71c592303590d308b5eaaa74f","isMergeCommit":false,"messageTitle":"Add TodoCommand.java","messageBody":"","fileTypesAndContributionMap":{"java":{"insertions":100,"deletions":54}}}]},{"date":"2023-09-18","commitResults":[{"hash":"e264905ad1a065adfb5d4296352ca945456a0cc6","isMergeCommit":false,"messageTitle":"Separate commands into individual classes","messageBody":"","fileTypesAndContributionMap":{"java":{"insertions":273,"deletions":240}}}]},{"date":"2023-09-19","commitResults":[{"hash":"47b9c01a82399f6910e856e38d5c4865e06fa0df","isMergeCommit":false,"messageTitle":"Clean up code","messageBody":"","fileTypesAndContributionMap":{"java":{"insertions":10,"deletions":14}}}]},{"date":"2023-09-23","commitResults":[{"hash":"9ce64f776262799ee3f86b5b5fe146a4c84f25da","isMergeCommit":false,"messageTitle":"Add Ui.java and Parser.java","messageBody":"","fileTypesAndContributionMap":{"java":{"insertions":189,"deletions":121}}},{"hash":"8c055296e037fb86ee3523b462d75f32e85f62a7","isMergeCommit":false,"messageTitle":"Add LoadTasks.java and SaveTasks.java","messageBody":"","tags":["A-MoreOOP"],"fileTypesAndContributionMap":{"java":{"insertions":104,"deletions":77}}}]}]},"authorFileTypeContributionMap":{"ryan1604":{"java":656,"md":0,"fxml":0,"sh":0,"bat":0,"gradle":0,"txt":0}},"authorContributionVariance":{"ryan1604":27508.139},"authorDisplayNameMap":{"ryan1604":"CS2113-T18-2 CHUA..RYAN"}}
