{"authorDailyContributionsMap":{"Barbaracwx":[{"date":"2023-08-31","commitResults":[{"hash":"999081b508a8562bd205dc296da776ab7dcb3241","isMergeCommit":false,"messageTitle":"Change name of bot","messageBody":"","tags":["Level-0"],"fileTypesAndContributionMap":{"java":{"insertions":6,"deletions":6}}}]},{"date":"2023-09-05","commitResults":[{"hash":"c1290705fe56f96f5111b108f702d36e7cdd120b","isMergeCommit":false,"messageTitle":"commit echo","messageBody":"","tags":["Level-1"],"fileTypesAndContributionMap":{"java":{"insertions":21,"deletions":6}}},{"hash":"23d1e0e56bab5ce7a0796bb94e1705efdaaae45e","isMergeCommit":false,"messageTitle":"commit level 2: add, list","messageBody":"","tags":["Level-2"],"fileTypesAndContributionMap":{"java":{"insertions":16,"deletions":2}}},{"hash":"182f0f5499b639c7c7bb4f9da7c2aa88c13871e8","isMergeCommit":false,"messageTitle":"commit level 3: mark as done","messageBody":"","tags":["Level-3"],"fileTypesAndContributionMap":{"java":{"insertions":50,"deletions":9}}},{"hash":"69a4ae4fe477a3cdf7a5bba2694bf7d6f4d46eb8","isMergeCommit":false,"messageTitle":"commit coding standard","messageBody":"","tags":["A-CodingStandard"],"fileTypesAndContributionMap":{"java":{"insertions":9,"deletions":9}}}]},{"date":"2023-09-06","commitResults":[{"hash":"8842184d09f9ee3d5f313fba74fd3cdb05afea1f","isMergeCommit":false,"messageTitle":"commint Level 4. ToDos, Events, Deadlines","messageBody":"","tags":["Level-4"],"fileTypesAndContributionMap":{"java":{"insertions":28,"deletions":11}}}]},{"date":"2023-09-08","commitResults":[{"hash":"f824dfe27a5626d096c816a9ea1dfc39ecaea1a4","isMergeCommit":false,"messageTitle":"commit: improve code quality","messageBody":"","tags":["A-CodeQuality"],"fileTypesAndContributionMap":{"java":{"insertions":19,"deletions":2}}}]},{"date":"2023-09-15","commitResults":[{"hash":"70ba57889401ecc08a5ad2deb9fc508eb5968610","isMergeCommit":false,"messageTitle":"add increment as a branch, level 5","messageBody":"","fileTypesAndContributionMap":{"java":{"insertions":125,"deletions":44}}},{"hash":"0894d39ba001a30b86439f0f00bedf425c1d03e0","isMergeCommit":true,"messageTitle":"Merge branch \u0027branch-Level-5\u0027","messageBody":"","tags":["Level-5"],"fileTypesAndContributionMap":{}},{"hash":"a0f798ae9685ab0cac925f2f17ac29b7ea505fdd","isMergeCommit":false,"messageTitle":"Organize classes into the \u0027duke\u0027 package","messageBody":"","fileTypesAndContributionMap":{"java":{"insertions":65,"deletions":72}}},{"hash":"29879792f83804fad025fcb67829eb0f3332ddf1","isMergeCommit":true,"messageTitle":"Merge branch \u0027branch-A-Packages\u0027","messageBody":"","tags":["A-Packages"],"fileTypesAndContributionMap":{}}]},{"date":"2023-09-20","commitResults":[{"hash":"9beff6feb98962fde072f61373079c4f99cacbb1","isMergeCommit":false,"messageTitle":"Implement Level-6","messageBody":"","fileTypesAndContributionMap":{"java":{"insertions":40,"deletions":26}}}]},{"date":"2023-09-22","commitResults":[{"hash":"786c27bb19d12327045a7d92284220bad31e6abb","isMergeCommit":false,"messageTitle":"Implement Level-7","messageBody":"","fileTypesAndContributionMap":{"txt":{"insertions":4,"deletions":0},"java":{"insertions":174,"deletions":48}}},{"hash":"327d3d4470b378ada29b1dbecb2318edcab28c4e","isMergeCommit":true,"messageTitle":"Merge branch \u0027branch-Level-6\u0027","messageBody":"","tags":["Level-6"],"fileTypesAndContributionMap":{}},{"hash":"5fe3f31e11a7368c6c701b3b910ae3089eb9f896","isMergeCommit":true,"messageTitle":"Implement Level-7","messageBody":"","tags":["Level-7"],"fileTypesAndContributionMap":{}},{"hash":"9e14e1d13b705f0bd77dd7142f1ab18e546695df","isMergeCommit":false,"messageTitle":"Added A-jar level","messageBody":"","tags":["A-Jar"],"fileTypesAndContributionMap":{"txt":{"insertions":1,"deletions":0},"java":{"insertions":16,"deletions":12}}}]},{"date":"2023-09-28","commitResults":[{"hash":"d2ed96a098a64ee0c8c15ea27d82cb6644584844","isMergeCommit":false,"messageTitle":"commit updated changes","messageBody":"","fileTypesAndContributionMap":{"txt":{"insertions":2,"deletions":5}}},{"hash":"6425ae473e9b212f3b95ae3993d2a5ff27668997","isMergeCommit":false,"messageTitle":"Implement A-Exceptions Tag","messageBody":"","fileTypesAndContributionMap":{"java":{"insertions":6,"deletions":2}}},{"hash":"2423d8a1b9cfd8a8c5b70d9e46d742f2071d4bd4","isMergeCommit":true,"messageTitle":"level 5","messageBody":"","tags":["A-Exceptions"],"fileTypesAndContributionMap":{}},{"hash":"ef461a87e077bccf37c22e595d5d6cc08bcd5de3","isMergeCommit":false,"messageTitle":"implemented A-Collections Tag","messageBody":"","fileTypesAndContributionMap":{"java":{"insertions":1,"deletions":1}}},{"hash":"36a4072707f0fe8384795099ddf780cb000d78c2","isMergeCommit":true,"messageTitle":"Merge branch \u0027branch-Level-7\u0027","messageBody":"","tags":["v0.1","A-Collections"],"fileTypesAndContributionMap":{}}]},{"date":"2023-10-02","commitResults":[{"hash":"36a6f2bafe66fbcfa00882d0b5c6209f044464bd","isMergeCommit":false,"messageTitle":"commit added parser,command, tasklist and ui class","messageBody":"","tags":["A-MoreOOP"],"fileTypesAndContributionMap":{"txt":{"insertions":2,"deletions":0},"java":{"insertions":351,"deletions":183}}}]},{"date":"2023-10-03","commitResults":[{"hash":"98a143abff4683c6014c66a2c83189f57a02ffca","isMergeCommit":false,"messageTitle":"Implement find","messageBody":"","fileTypesAndContributionMap":{"txt":{"insertions":3,"deletions":2},"java":{"insertions":85,"deletions":17}}},{"hash":"87b9da0683fa4b5c774cc6cafb74fe35d29511e5","isMergeCommit":true,"messageTitle":"Merge pull request #1 from Barbaracwx/branch-Level-9","messageBody":"Implement find","tags":["Level-9"],"fileTypesAndContributionMap":{}},{"hash":"4df8bd354d61308e9ae8f5bdebf276a5d1601a5a","isMergeCommit":false,"messageTitle":"Added JavaDoc comments","messageBody":"","fileTypesAndContributionMap":{"txt":{"insertions":6,"deletions":3},"java":{"insertions":496,"deletions":123}}},{"hash":"6d2c93b14da4fd0dbb9e6cc4a1cb1ea4b6e3fe33","isMergeCommit":true,"messageTitle":"Merge pull request #2 from Barbaracwx/branch-A-JavaDoc","messageBody":"Added JavaDoc comments","fileTypesAndContributionMap":{}},{"hash":"139e288f832abb48071f3135239ad4b7a7de33b8","isMergeCommit":false,"messageTitle":"Organised code","messageBody":"","tags":["A-JavaDoc"],"fileTypesAndContributionMap":{"java":{"insertions":116,"deletions":71}}},{"hash":"dd53bc296d7b6469cedfc5b6b57c9ec7f538420f","isMergeCommit":false,"messageTitle":"change name of file","messageBody":"","fileTypesAndContributionMap":{"txt":{"insertions":0,"deletions":0},"java":{"insertions":1,"deletions":1}}},{"hash":"b073a6f772a55f099446d70f06e324f2d1a0b154","isMergeCommit":false,"messageTitle":"organised files","messageBody":"","tags":["v0.2","A-Release"],"fileTypesAndContributionMap":{"txt":{"insertions":2,"deletions":3}}},{"hash":"b9132718ae161cdcaa5e1486fa7cc7f5b9b7b071","isMergeCommit":false,"messageTitle":"Update README.md","messageBody":"","fileTypesAndContributionMap":{"md":{"insertions":1,"deletions":1}}},{"hash":"a58e292fb96d326ec9676f05c39ac9eec7104c9e","isMergeCommit":false,"messageTitle":"Update README.md","messageBody":"","fileTypesAndContributionMap":{"md":{"insertions":1,"deletions":1}}},{"hash":"c03627ac3e1401db28e6267bf3076a568311777d","isMergeCommit":false,"messageTitle":"Update README.md","messageBody":"","fileTypesAndContributionMap":{"md":{"insertions":1,"deletions":1}}}]}]},"authorFileTypeContributionMap":{"Barbaracwx":{"java":1071,"md":2,"fxml":0,"sh":0,"bat":0,"gradle":0,"txt":6}},"authorContributionVariance":{"Barbaracwx":26135.771},"authorDisplayNameMap":{"Barbaracwx":"CS2113-T17-3 CHON..BARA"}}
