{"authorDailyContributionsMap":{"Barbaracwx":[{"date":"2023-08-31","commitResults":[{"hash":"999081b508a8562bd205dc296da776ab7dcb3241","isMergeCommit":false,"messageTitle":"Change name of bot","messageBody":"","tags":["Level-0"],"fileTypesAndContributionMap":{"java":{"insertions":6,"deletions":6}}}]},{"date":"2023-09-05","commitResults":[{"hash":"c1290705fe56f96f5111b108f702d36e7cdd120b","isMergeCommit":false,"messageTitle":"commit echo","messageBody":"","tags":["Level-1"],"fileTypesAndContributionMap":{"java":{"insertions":21,"deletions":6}}},{"hash":"23d1e0e56bab5ce7a0796bb94e1705efdaaae45e","isMergeCommit":false,"messageTitle":"commit level 2: add, list","messageBody":"","tags":["Level-2"],"fileTypesAndContributionMap":{"java":{"insertions":16,"deletions":2}}},{"hash":"182f0f5499b639c7c7bb4f9da7c2aa88c13871e8","isMergeCommit":false,"messageTitle":"commit level 3: mark as done","messageBody":"","tags":["Level-3"],"fileTypesAndContributionMap":{"java":{"insertions":50,"deletions":9}}},{"hash":"69a4ae4fe477a3cdf7a5bba2694bf7d6f4d46eb8","isMergeCommit":false,"messageTitle":"commit coding standard","messageBody":"","tags":["A-CodingStandard"],"fileTypesAndContributionMap":{"java":{"insertions":9,"deletions":9}}}]},{"date":"2023-09-06","commitResults":[{"hash":"8842184d09f9ee3d5f313fba74fd3cdb05afea1f","isMergeCommit":false,"messageTitle":"commint Level 4. ToDos, Events, Deadlines","messageBody":"","tags":["Level-4"],"fileTypesAndContributionMap":{"java":{"insertions":28,"deletions":11}}}]}]},"authorFileTypeContributionMap":{"Barbaracwx":{"java":93,"md":0,"fxml":0,"sh":0,"bat":0,"gradle":0,"txt":0}},"authorContributionVariance":{"Barbaracwx":752.62744},"authorDisplayNameMap":{"Barbaracwx":"CHON..BARA"}}
