[{"path":"src/main/java/Luke.java","fileType":"java","lines":[{"lineNumber":1,"author":{"gitId":"janelleenqi"},"content":"import luke.constants.*;","lastModifiedDate":"2023-09-21"},{"lineNumber":2,"author":{"gitId":"janelleenqi"},"content":"import luke.errors.LukeTimeError;;","lastModifiedDate":"2023-09-21"},{"lineNumber":3,"author":{"gitId":"janelleenqi"},"content":"import luke.tasks.*;","lastModifiedDate":"2023-09-21"},{"lineNumber":4,"author":{"gitId":"janelleenqi"},"content":"import luke.files.*;","lastModifiedDate":"2023-09-21"},{"lineNumber":5,"author":{"gitId":"janelleenqi"},"content":"","lastModifiedDate":"2023-09-21"},{"lineNumber":6,"author":{"gitId":"janelleenqi"},"content":"import java.io.File;","lastModifiedDate":"2023-09-21"},{"lineNumber":7,"author":{"gitId":"janelleenqi"},"content":"import java.io.FileNotFoundException;","lastModifiedDate":"2023-09-21"},{"lineNumber":8,"author":{"gitId":"janelleenqi"},"content":"import java.io.IOException;","lastModifiedDate":"2023-09-21"},{"lineNumber":9,"author":{"gitId":"janelleenqi"},"content":"import java.util.Scanner;","lastModifiedDate":"2023-09-20"},{"lineNumber":10,"author":{"gitId":"janelleenqi"},"content":"import java.util.ArrayList;","lastModifiedDate":"2023-09-21"},{"lineNumber":11,"author":{"gitId":"janelleenqi"},"content":"","lastModifiedDate":"2023-09-20"},{"lineNumber":12,"author":{"gitId":"janelleenqi"},"content":"public class Luke {","lastModifiedDate":"2023-09-20"},{"lineNumber":13,"author":{"gitId":"janelleenqi"},"content":"    private static final String BYE_COMMAND \u003d \"bye\";","lastModifiedDate":"2023-09-20"},{"lineNumber":14,"author":{"gitId":"janelleenqi"},"content":"","lastModifiedDate":"2023-09-20"},{"lineNumber":15,"author":{"gitId":"janelleenqi"},"content":"    private static ArrayList\u003cTask\u003e taskList \u003d new ArrayList\u003c\u003e();","lastModifiedDate":"2023-09-21"},{"lineNumber":16,"author":{"gitId":"janelleenqi"},"content":"","lastModifiedDate":"2023-09-21"},{"lineNumber":17,"author":{"gitId":"janelleenqi"},"content":"    private static void addTask(Task taskName) {","lastModifiedDate":"2023-09-21"},{"lineNumber":18,"author":{"gitId":"janelleenqi"},"content":"        taskList.add(taskName);","lastModifiedDate":"2023-09-21"},{"lineNumber":19,"author":{"gitId":"janelleenqi"},"content":"        //System.out.println(numbers);","lastModifiedDate":"2023-09-21"},{"lineNumber":20,"author":{"gitId":"janelleenqi"},"content":"    }","lastModifiedDate":"2023-09-21"},{"lineNumber":21,"author":{"gitId":"janelleenqi"},"content":"","lastModifiedDate":"2023-09-21"},{"lineNumber":22,"author":{"gitId":"janelleenqi"},"content":"    private static void removeTask(int taskNumber) {","lastModifiedDate":"2023-09-21"},{"lineNumber":23,"author":{"gitId":"janelleenqi"},"content":"        taskList.remove(taskNumber);","lastModifiedDate":"2023-09-21"},{"lineNumber":24,"author":{"gitId":"janelleenqi"},"content":"        //System.out.println(numbers);","lastModifiedDate":"2023-09-21"},{"lineNumber":25,"author":{"gitId":"janelleenqi"},"content":"    }","lastModifiedDate":"2023-09-21"},{"lineNumber":26,"author":{"gitId":"janelleenqi"},"content":"","lastModifiedDate":"2023-09-21"},{"lineNumber":27,"author":{"gitId":"janelleenqi"},"content":"    public static void main(String[] args) {","lastModifiedDate":"2023-09-20"},{"lineNumber":28,"author":{"gitId":"janelleenqi"},"content":"        String logo \u003d \"\\t _           _        \\n\"","lastModifiedDate":"2023-09-20"},{"lineNumber":29,"author":{"gitId":"janelleenqi"},"content":"                + \"\\t| |    _   _| | _____ \\n\"","lastModifiedDate":"2023-09-20"},{"lineNumber":30,"author":{"gitId":"janelleenqi"},"content":"                + \"\\t| |   | | | | |/ / _ \\\\\\n\"","lastModifiedDate":"2023-09-20"},{"lineNumber":31,"author":{"gitId":"janelleenqi"},"content":"                + \"\\t| |___| |_| |   \u003c  __/\\n\"","lastModifiedDate":"2023-09-20"},{"lineNumber":32,"author":{"gitId":"janelleenqi"},"content":"                + \"\\t|_____|\\\\__,_|_|\\\\_\\\\___|\\n\";","lastModifiedDate":"2023-09-20"},{"lineNumber":33,"author":{"gitId":"janelleenqi"},"content":"","lastModifiedDate":"2023-09-20"},{"lineNumber":34,"author":{"gitId":"janelleenqi"},"content":"        System.out.println(\"\\t\" + \"Hello! I\u0027m\\n\" + logo);","lastModifiedDate":"2023-09-20"},{"lineNumber":35,"author":{"gitId":"janelleenqi"},"content":"","lastModifiedDate":"2023-09-21"},{"lineNumber":36,"author":{"gitId":"janelleenqi"},"content":"        File taskListFile \u003d new File(\"./src/main/java/luke/files/memory.txt\");","lastModifiedDate":"2023-09-21"},{"lineNumber":37,"author":{"gitId":"janelleenqi"},"content":"            if (taskListFile.exists()) {","lastModifiedDate":"2023-09-21"},{"lineNumber":38,"author":{"gitId":"janelleenqi"},"content":"                try {","lastModifiedDate":"2023-10-04"},{"lineNumber":39,"author":{"gitId":"janelleenqi"},"content":"                    taskList \u003d Memory.readMemory(\"./src/main/java/luke/files/memory.txt\", taskList);","lastModifiedDate":"2023-09-21"},{"lineNumber":40,"author":{"gitId":"janelleenqi"},"content":"                    System.out.println(\"\\n\\tMemory retrieval successful!\\n\");","lastModifiedDate":"2023-10-04"},{"lineNumber":41,"author":{"gitId":"janelleenqi"},"content":"                } catch (FileNotFoundException e) {","lastModifiedDate":"2023-10-04"},{"lineNumber":42,"author":{"gitId":"janelleenqi"},"content":"                    System.out.println(\"\\tNo existing memory. (1)\");","lastModifiedDate":"2023-10-04"},{"lineNumber":43,"author":{"gitId":"janelleenqi"},"content":"                }","lastModifiedDate":"2023-10-04"},{"lineNumber":44,"author":{"gitId":"janelleenqi"},"content":"            } else {","lastModifiedDate":"2023-09-21"},{"lineNumber":45,"author":{"gitId":"janelleenqi"},"content":"                try {","lastModifiedDate":"2023-10-04"},{"lineNumber":46,"author":{"gitId":"janelleenqi"},"content":"                    taskListFile.createNewFile();","lastModifiedDate":"2023-09-21"},{"lineNumber":47,"author":{"gitId":"janelleenqi"},"content":"                    System.out.println(\"\\tNo existing memory.\");","lastModifiedDate":"2023-10-04"},{"lineNumber":48,"author":{"gitId":"janelleenqi"},"content":"                } catch (IOException e) {","lastModifiedDate":"2023-09-21"},{"lineNumber":49,"author":{"gitId":"janelleenqi"},"content":"                    System.out.println(\"\\tIOException.\");","lastModifiedDate":"2023-10-04"},{"lineNumber":50,"author":{"gitId":"janelleenqi"},"content":"                } catch (SecurityException e) {","lastModifiedDate":"2023-09-21"},{"lineNumber":51,"author":{"gitId":"janelleenqi"},"content":"                    System.out.println(\"\\tSecurityException.\");","lastModifiedDate":"2023-10-04"},{"lineNumber":52,"author":{"gitId":"janelleenqi"},"content":"                }","lastModifiedDate":"2023-10-04"},{"lineNumber":53,"author":{"gitId":"janelleenqi"},"content":"            }","lastModifiedDate":"2023-09-21"},{"lineNumber":54,"author":{"gitId":"janelleenqi"},"content":"","lastModifiedDate":"2023-09-21"},{"lineNumber":55,"author":{"gitId":"janelleenqi"},"content":"        System.out.println(\"\\tWhat can I do for you?\");","lastModifiedDate":"2023-10-04"},{"lineNumber":56,"author":{"gitId":"janelleenqi"},"content":"","lastModifiedDate":"2023-09-20"},{"lineNumber":57,"author":{"gitId":"janelleenqi"},"content":"        //Task[] taskList \u003d new Task[100];","lastModifiedDate":"2023-09-21"},{"lineNumber":58,"author":{"gitId":"janelleenqi"},"content":"","lastModifiedDate":"2023-09-21"},{"lineNumber":59,"author":{"gitId":"janelleenqi"},"content":"        Scanner userInput \u003d new Scanner(System.in);","lastModifiedDate":"2023-09-20"},{"lineNumber":60,"author":{"gitId":"janelleenqi"},"content":"        int taskNumber;","lastModifiedDate":"2023-09-20"},{"lineNumber":61,"author":{"gitId":"janelleenqi"},"content":"","lastModifiedDate":"2023-09-20"},{"lineNumber":62,"author":{"gitId":"janelleenqi"},"content":"        String echo \u003d userInput.nextLine();","lastModifiedDate":"2023-09-20"},{"lineNumber":63,"author":{"gitId":"janelleenqi"},"content":"","lastModifiedDate":"2023-09-20"},{"lineNumber":64,"author":{"gitId":"janelleenqi"},"content":"        while (!echo.equals(BYE_COMMAND)) {","lastModifiedDate":"2023-09-20"},{"lineNumber":65,"author":{"gitId":"janelleenqi"},"content":"            String[] words \u003d echo.split(\" \"); //to identify usage of features \"mark\" \u0026 \"unmark\"","lastModifiedDate":"2023-09-20"},{"lineNumber":66,"author":{"gitId":"janelleenqi"},"content":"","lastModifiedDate":"2023-09-20"},{"lineNumber":67,"author":{"gitId":"janelleenqi"},"content":"            try {","lastModifiedDate":"2023-09-20"},{"lineNumber":68,"author":{"gitId":"janelleenqi"},"content":"                ActionType action \u003d ActionType.valueOf(words[0].toUpperCase());","lastModifiedDate":"2023-09-20"},{"lineNumber":69,"author":{"gitId":"janelleenqi"},"content":"","lastModifiedDate":"2023-09-20"},{"lineNumber":70,"author":{"gitId":"janelleenqi"},"content":"                try {","lastModifiedDate":"2023-09-20"},{"lineNumber":71,"author":{"gitId":"janelleenqi"},"content":"                    switch (action) {","lastModifiedDate":"2023-09-20"},{"lineNumber":72,"author":{"gitId":"janelleenqi"},"content":"                        case LIST:","lastModifiedDate":"2023-09-20"},{"lineNumber":73,"author":{"gitId":"janelleenqi"},"content":"                            System.out.println(\"\\tHere are the tasks in your list:\");","lastModifiedDate":"2023-09-20"},{"lineNumber":74,"author":{"gitId":"janelleenqi"},"content":"                            for (int i \u003d 0; i \u003c taskList.size(); i +\u003d 1) {","lastModifiedDate":"2023-09-21"},{"lineNumber":75,"author":{"gitId":"janelleenqi"},"content":"                                System.out.println(\"\\t\" + (i + 1) + \".\" + taskList.get(i));","lastModifiedDate":"2023-09-21"},{"lineNumber":76,"author":{"gitId":"janelleenqi"},"content":"                            }","lastModifiedDate":"2023-09-20"},{"lineNumber":77,"author":{"gitId":"janelleenqi"},"content":"                            break;","lastModifiedDate":"2023-09-20"},{"lineNumber":78,"author":{"gitId":"janelleenqi"},"content":"","lastModifiedDate":"2023-09-20"},{"lineNumber":79,"author":{"gitId":"janelleenqi"},"content":"                        case FIND:","lastModifiedDate":"2023-10-04"},{"lineNumber":80,"author":{"gitId":"janelleenqi"},"content":"                            String findWord \u003d echo.substring(4);","lastModifiedDate":"2023-10-04"},{"lineNumber":81,"author":{"gitId":"janelleenqi"},"content":"                            System.out.println(\"\\tHere are the matching tasks in your list:\");","lastModifiedDate":"2023-10-04"},{"lineNumber":82,"author":{"gitId":"janelleenqi"},"content":"                            int j \u003d 1;","lastModifiedDate":"2023-10-04"},{"lineNumber":83,"author":{"gitId":"janelleenqi"},"content":"                            for (int i \u003d 0; i \u003c taskList.size(); i +\u003d 1) {","lastModifiedDate":"2023-10-04"},{"lineNumber":84,"author":{"gitId":"janelleenqi"},"content":"                                if (taskList.get(i).getDescription().contains(findWord)) {","lastModifiedDate":"2023-10-04"},{"lineNumber":85,"author":{"gitId":"janelleenqi"},"content":"                                    System.out.println(\"\\t\" + j + \".\" + taskList.get(i));","lastModifiedDate":"2023-10-04"},{"lineNumber":86,"author":{"gitId":"janelleenqi"},"content":"                                    j +\u003d 1;","lastModifiedDate":"2023-10-04"},{"lineNumber":87,"author":{"gitId":"janelleenqi"},"content":"                                }","lastModifiedDate":"2023-10-04"},{"lineNumber":88,"author":{"gitId":"janelleenqi"},"content":"                            }","lastModifiedDate":"2023-10-04"},{"lineNumber":89,"author":{"gitId":"janelleenqi"},"content":"                            break;","lastModifiedDate":"2023-10-04"},{"lineNumber":90,"author":{"gitId":"janelleenqi"},"content":"","lastModifiedDate":"2023-10-04"},{"lineNumber":91,"author":{"gitId":"janelleenqi"},"content":"                        case MARK:","lastModifiedDate":"2023-09-20"},{"lineNumber":92,"author":{"gitId":"janelleenqi"},"content":"                            taskNumber \u003d Integer.parseInt(words[1]) - 1;","lastModifiedDate":"2023-09-20"},{"lineNumber":93,"author":{"gitId":"janelleenqi"},"content":"                            System.out.println(\"\\tWoohoo! You have accomplished:\");","lastModifiedDate":"2023-09-20"},{"lineNumber":94,"author":{"gitId":"janelleenqi"},"content":"                            taskList.get(taskNumber).setDone(true);","lastModifiedDate":"2023-09-21"},{"lineNumber":95,"author":{"gitId":"janelleenqi"},"content":"                            System.out.println(taskList.get(taskNumber));","lastModifiedDate":"2023-09-21"},{"lineNumber":96,"author":{"gitId":"janelleenqi"},"content":"                            break;","lastModifiedDate":"2023-09-20"},{"lineNumber":97,"author":{"gitId":"janelleenqi"},"content":"","lastModifiedDate":"2023-09-20"},{"lineNumber":98,"author":{"gitId":"janelleenqi"},"content":"                        case UNMARK:","lastModifiedDate":"2023-09-20"},{"lineNumber":99,"author":{"gitId":"janelleenqi"},"content":"                            taskNumber \u003d Integer.parseInt(words[1]) - 1;","lastModifiedDate":"2023-09-20"},{"lineNumber":100,"author":{"gitId":"janelleenqi"},"content":"                            System.out.println(\"\\tHA! You still have to complete:\");","lastModifiedDate":"2023-09-20"},{"lineNumber":101,"author":{"gitId":"janelleenqi"},"content":"                            taskList.get(taskNumber).setDone(false);","lastModifiedDate":"2023-09-21"},{"lineNumber":102,"author":{"gitId":"janelleenqi"},"content":"                            System.out.println(taskList.get(taskNumber));","lastModifiedDate":"2023-09-21"},{"lineNumber":103,"author":{"gitId":"janelleenqi"},"content":"                            break;","lastModifiedDate":"2023-09-20"},{"lineNumber":104,"author":{"gitId":"janelleenqi"},"content":"","lastModifiedDate":"2023-09-20"},{"lineNumber":105,"author":{"gitId":"janelleenqi"},"content":"                        case TODO:","lastModifiedDate":"2023-09-20"},{"lineNumber":106,"author":{"gitId":"janelleenqi"},"content":"                            Task newTodo \u003d new Todo(echo);","lastModifiedDate":"2023-09-21"},{"lineNumber":107,"author":{"gitId":"janelleenqi"},"content":"                            addTask(newTodo);","lastModifiedDate":"2023-09-21"},{"lineNumber":108,"author":{"gitId":"janelleenqi"},"content":"","lastModifiedDate":"2023-09-20"},{"lineNumber":109,"author":{"gitId":"janelleenqi"},"content":"                            System.out.println(\"\\tGot it. I\u0027ve added this task:\" + \"\\n\" + taskList.get(taskList.size() - 1));","lastModifiedDate":"2023-09-21"},{"lineNumber":110,"author":{"gitId":"janelleenqi"},"content":"                            System.out.println(\"\\tNow you have \" + taskList.size() + \" tasks in the list.\");","lastModifiedDate":"2023-09-21"},{"lineNumber":111,"author":{"gitId":"janelleenqi"},"content":"                            break;","lastModifiedDate":"2023-09-20"},{"lineNumber":112,"author":{"gitId":"janelleenqi"},"content":"","lastModifiedDate":"2023-09-20"},{"lineNumber":113,"author":{"gitId":"janelleenqi"},"content":"                        case DEADLINE:","lastModifiedDate":"2023-09-20"},{"lineNumber":114,"author":{"gitId":"janelleenqi"},"content":"                            try {","lastModifiedDate":"2023-09-20"},{"lineNumber":115,"author":{"gitId":"janelleenqi"},"content":"                                Task newDeadline \u003d new Deadline(echo);","lastModifiedDate":"2023-09-21"},{"lineNumber":116,"author":{"gitId":"janelleenqi"},"content":"                                addTask(newDeadline);","lastModifiedDate":"2023-09-21"},{"lineNumber":117,"author":{"gitId":"janelleenqi"},"content":"","lastModifiedDate":"2023-09-20"},{"lineNumber":118,"author":{"gitId":"janelleenqi"},"content":"                                System.out.println(\"\\tGot it. I\u0027ve added this task:\" + \"\\n\" + taskList.get(taskList.size() - 1));","lastModifiedDate":"2023-09-21"},{"lineNumber":119,"author":{"gitId":"janelleenqi"},"content":"                                System.out.println(\"\\tNow you have \" + taskList.size() + \" tasks in the list.\");","lastModifiedDate":"2023-09-21"},{"lineNumber":120,"author":{"gitId":"janelleenqi"},"content":"                            } catch (LukeTimeError e) {","lastModifiedDate":"2023-09-20"},{"lineNumber":121,"author":{"gitId":"janelleenqi"},"content":"                                System.out.println(\"\\tOOPS!!! There\u0027s an error in the deadline\u0027s \u0027do by\u0027 date.\");","lastModifiedDate":"2023-10-04"},{"lineNumber":122,"author":{"gitId":"janelleenqi"},"content":"                            }","lastModifiedDate":"2023-09-20"},{"lineNumber":123,"author":{"gitId":"janelleenqi"},"content":"                            break;","lastModifiedDate":"2023-09-20"},{"lineNumber":124,"author":{"gitId":"janelleenqi"},"content":"","lastModifiedDate":"2023-09-20"},{"lineNumber":125,"author":{"gitId":"janelleenqi"},"content":"                        case EVENT:","lastModifiedDate":"2023-09-20"},{"lineNumber":126,"author":{"gitId":"janelleenqi"},"content":"                            try {","lastModifiedDate":"2023-09-20"},{"lineNumber":127,"author":{"gitId":"janelleenqi"},"content":"                                Task newEvent \u003d new Event(echo);","lastModifiedDate":"2023-09-21"},{"lineNumber":128,"author":{"gitId":"janelleenqi"},"content":"                                addTask(newEvent);","lastModifiedDate":"2023-09-21"},{"lineNumber":129,"author":{"gitId":"janelleenqi"},"content":"","lastModifiedDate":"2023-09-20"},{"lineNumber":130,"author":{"gitId":"janelleenqi"},"content":"                                System.out.println(\"\\tGot it. I\u0027ve added this task:\" + \"\\n\" + taskList.get(taskList.size() - 1));","lastModifiedDate":"2023-09-21"},{"lineNumber":131,"author":{"gitId":"janelleenqi"},"content":"                                System.out.println(\"\\tNow you have \" + taskList.size() + \" tasks in the list.\");","lastModifiedDate":"2023-09-21"},{"lineNumber":132,"author":{"gitId":"janelleenqi"},"content":"                            } catch (LukeTimeError e) {","lastModifiedDate":"2023-09-20"},{"lineNumber":133,"author":{"gitId":"janelleenqi"},"content":"                                System.out.println(\"\\tOOPS!!! There\u0027s an error in the event\u0027s start and end time.\");","lastModifiedDate":"2023-10-04"},{"lineNumber":134,"author":{"gitId":"janelleenqi"},"content":"                            }","lastModifiedDate":"2023-09-20"},{"lineNumber":135,"author":{"gitId":"janelleenqi"},"content":"                            break;","lastModifiedDate":"2023-09-20"},{"lineNumber":136,"author":{"gitId":"janelleenqi"},"content":"","lastModifiedDate":"2023-09-20"},{"lineNumber":137,"author":{"gitId":"janelleenqi"},"content":"                        case DELETE:","lastModifiedDate":"2023-09-21"},{"lineNumber":138,"author":{"gitId":"janelleenqi"},"content":"                            taskNumber \u003d Integer.parseInt(words[1]) - 1;","lastModifiedDate":"2023-09-21"},{"lineNumber":139,"author":{"gitId":"janelleenqi"},"content":"                            System.out.println(\"\\tNoted. I\u0027ve removed this task:\\n\" + taskList.get(taskNumber));","lastModifiedDate":"2023-09-21"},{"lineNumber":140,"author":{"gitId":"janelleenqi"},"content":"                            removeTask(taskNumber);","lastModifiedDate":"2023-09-21"},{"lineNumber":141,"author":{"gitId":"janelleenqi"},"content":"                            System.out.println(\"\\tNow you have \" + taskList.size() + \" tasks in the list.\");","lastModifiedDate":"2023-09-21"},{"lineNumber":142,"author":{"gitId":"janelleenqi"},"content":"                            break;","lastModifiedDate":"2023-09-21"},{"lineNumber":143,"author":{"gitId":"janelleenqi"},"content":"                        default:","lastModifiedDate":"2023-09-20"},{"lineNumber":144,"author":{"gitId":"janelleenqi"},"content":"                            assert false: \"This line should never be reached\";","lastModifiedDate":"2023-09-20"},{"lineNumber":145,"author":{"gitId":"janelleenqi"},"content":"                            break;","lastModifiedDate":"2023-09-20"},{"lineNumber":146,"author":{"gitId":"janelleenqi"},"content":"                    }","lastModifiedDate":"2023-09-20"},{"lineNumber":147,"author":{"gitId":"janelleenqi"},"content":"                } catch (IndexOutOfBoundsException e) { //empty for MARK, UNMARK, TO DO description, DEADLINE description, EVENT description","lastModifiedDate":"2023-09-20"},{"lineNumber":148,"author":{"gitId":"janelleenqi"},"content":"                    System.out.println(\"\\tOOPS!!! You have missing arguments for \" + words[0] + \".\");","lastModifiedDate":"2023-10-04"},{"lineNumber":149,"author":{"gitId":"janelleenqi"},"content":"                }","lastModifiedDate":"2023-09-20"},{"lineNumber":150,"author":{"gitId":"janelleenqi"},"content":"            } catch (IllegalArgumentException e) {","lastModifiedDate":"2023-09-20"},{"lineNumber":151,"author":{"gitId":"janelleenqi"},"content":"                System.out.println(\"\\tOOPS!!! I\u0027m sorry, but I don\u0027t know what that means :-(\");","lastModifiedDate":"2023-10-04"},{"lineNumber":152,"author":{"gitId":"janelleenqi"},"content":"            }","lastModifiedDate":"2023-09-20"},{"lineNumber":153,"author":{"gitId":"janelleenqi"},"content":"","lastModifiedDate":"2023-09-20"},{"lineNumber":154,"author":{"gitId":"janelleenqi"},"content":"            echo \u003d userInput.nextLine();","lastModifiedDate":"2023-09-20"},{"lineNumber":155,"author":{"gitId":"janelleenqi"},"content":"        }","lastModifiedDate":"2023-09-20"},{"lineNumber":156,"author":{"gitId":"janelleenqi"},"content":"","lastModifiedDate":"2023-09-20"},{"lineNumber":157,"author":{"gitId":"janelleenqi"},"content":"        //store in memory.txt","lastModifiedDate":"2023-09-21"},{"lineNumber":158,"author":{"gitId":"janelleenqi"},"content":"","lastModifiedDate":"2023-10-04"},{"lineNumber":159,"author":{"gitId":"janelleenqi"},"content":"        Memory.storeMemory(\"./src/main/java/luke/files/memory.txt\", taskList);","lastModifiedDate":"2023-09-21"},{"lineNumber":160,"author":{"gitId":"janelleenqi"},"content":"","lastModifiedDate":"2023-09-21"},{"lineNumber":161,"author":{"gitId":"janelleenqi"},"content":"        System.out.println(\"\\tBye. Hope to see you again soon!\");","lastModifiedDate":"2023-09-20"},{"lineNumber":162,"author":{"gitId":"janelleenqi"},"content":"","lastModifiedDate":"2023-09-20"},{"lineNumber":163,"author":{"gitId":"janelleenqi"},"content":"        userInput.close();","lastModifiedDate":"2023-09-20"},{"lineNumber":164,"author":{"gitId":"janelleenqi"},"content":"    }","lastModifiedDate":"2023-09-20"},{"lineNumber":165,"author":{"gitId":"janelleenqi"},"content":"}","lastModifiedDate":"2023-09-20"},{"lineNumber":166,"author":{"gitId":"janelleenqi"},"content":"","lastModifiedDate":"2023-09-20"}],"authorContributionMap":{"janelleenqi":166}},{"path":"src/main/java/luke/constants/ActionType.java","fileType":"java","lines":[{"lineNumber":1,"author":{"gitId":"janelleenqi"},"content":"package luke.constants;","lastModifiedDate":"2023-09-21"},{"lineNumber":2,"author":{"gitId":"janelleenqi"},"content":"","lastModifiedDate":"2023-09-21"},{"lineNumber":3,"author":{"gitId":"janelleenqi"},"content":"public enum ActionType {","lastModifiedDate":"2023-09-10"},{"lineNumber":4,"author":{"gitId":"janelleenqi"},"content":"    LIST, FIND, MARK, UNMARK, TODO, DEADLINE, EVENT, DELETE","lastModifiedDate":"2023-10-04"},{"lineNumber":5,"author":{"gitId":"janelleenqi"},"content":"}","lastModifiedDate":"2023-09-10"}],"authorContributionMap":{"janelleenqi":5}},{"path":"src/main/java/luke/errors/LukeTimeError.java","fileType":"java","lines":[{"lineNumber":1,"author":{"gitId":"janelleenqi"},"content":"package luke.errors;","lastModifiedDate":"2023-09-21"},{"lineNumber":2,"author":{"gitId":"janelleenqi"},"content":"public class LukeTimeError extends Exception {","lastModifiedDate":"2023-09-20"},{"lineNumber":3,"author":{"gitId":"janelleenqi"},"content":"}","lastModifiedDate":"2023-09-20"}],"authorContributionMap":{"janelleenqi":3}},{"path":"src/main/java/luke/files/Memory.java","fileType":"java","lines":[{"lineNumber":1,"author":{"gitId":"janelleenqi"},"content":"package luke.files;","lastModifiedDate":"2023-09-21"},{"lineNumber":2,"author":{"gitId":"janelleenqi"},"content":"","lastModifiedDate":"2023-09-21"},{"lineNumber":3,"author":{"gitId":"janelleenqi"},"content":"import luke.errors.LukeTimeError;","lastModifiedDate":"2023-09-21"},{"lineNumber":4,"author":{"gitId":"janelleenqi"},"content":"import luke.tasks.*;","lastModifiedDate":"2023-09-21"},{"lineNumber":5,"author":{"gitId":"janelleenqi"},"content":"","lastModifiedDate":"2023-09-21"},{"lineNumber":6,"author":{"gitId":"janelleenqi"},"content":"import java.io.File;","lastModifiedDate":"2023-09-21"},{"lineNumber":7,"author":{"gitId":"janelleenqi"},"content":"import java.io.FileNotFoundException;","lastModifiedDate":"2023-09-21"},{"lineNumber":8,"author":{"gitId":"janelleenqi"},"content":"import java.util.Scanner;","lastModifiedDate":"2023-09-21"},{"lineNumber":9,"author":{"gitId":"janelleenqi"},"content":"//import java.io.FileReader;","lastModifiedDate":"2023-10-04"},{"lineNumber":10,"author":{"gitId":"janelleenqi"},"content":"import java.io.FileWriter;","lastModifiedDate":"2023-09-21"},{"lineNumber":11,"author":{"gitId":"janelleenqi"},"content":"","lastModifiedDate":"2023-09-21"},{"lineNumber":12,"author":{"gitId":"janelleenqi"},"content":"import java.io.IOException;","lastModifiedDate":"2023-09-21"},{"lineNumber":13,"author":{"gitId":"janelleenqi"},"content":"import java.util.ArrayList;","lastModifiedDate":"2023-09-21"},{"lineNumber":14,"author":{"gitId":"janelleenqi"},"content":"","lastModifiedDate":"2023-09-21"},{"lineNumber":15,"author":{"gitId":"janelleenqi"},"content":"public class Memory {","lastModifiedDate":"2023-09-21"},{"lineNumber":16,"author":{"gitId":"janelleenqi"},"content":"","lastModifiedDate":"2023-09-21"},{"lineNumber":17,"author":{"gitId":"janelleenqi"},"content":"    public static ArrayList\u003cTask\u003e readMemory(String filePath, ArrayList\u003cTask\u003e taskList) throws FileNotFoundException {","lastModifiedDate":"2023-09-21"},{"lineNumber":18,"author":{"gitId":"janelleenqi"},"content":"","lastModifiedDate":"2023-09-21"},{"lineNumber":19,"author":{"gitId":"janelleenqi"},"content":"        File f \u003d new File(filePath); // create a File for the given file path","lastModifiedDate":"2023-09-21"},{"lineNumber":20,"author":{"gitId":"janelleenqi"},"content":"        Scanner s \u003d new Scanner(f); // create a Scanner using the File as the source","lastModifiedDate":"2023-09-21"},{"lineNumber":21,"author":{"gitId":"janelleenqi"},"content":"        while (s.hasNext()) {","lastModifiedDate":"2023-09-21"},{"lineNumber":22,"author":{"gitId":"janelleenqi"},"content":"            String currentLine \u003d s.nextLine();","lastModifiedDate":"2023-09-21"},{"lineNumber":23,"author":{"gitId":"janelleenqi"},"content":"            System.out.println(\"\\t\" + currentLine);","lastModifiedDate":"2023-10-04"},{"lineNumber":24,"author":{"gitId":"janelleenqi"},"content":"","lastModifiedDate":"2023-09-21"},{"lineNumber":25,"author":{"gitId":"janelleenqi"},"content":"            String taskDetails \u003d currentLine.substring(0,6);","lastModifiedDate":"2023-09-21"},{"lineNumber":26,"author":{"gitId":"janelleenqi"},"content":"            //System.out.println(taskDetails);","lastModifiedDate":"2023-09-21"},{"lineNumber":27,"author":{"gitId":"janelleenqi"},"content":"            String taskDescription \u003d currentLine.substring(7);","lastModifiedDate":"2023-09-21"},{"lineNumber":28,"author":{"gitId":"janelleenqi"},"content":"            //System.out.println(taskDescription);","lastModifiedDate":"2023-09-21"},{"lineNumber":29,"author":{"gitId":"janelleenqi"},"content":"            char[] characters \u003d taskDetails.toCharArray();","lastModifiedDate":"2023-09-21"},{"lineNumber":30,"author":{"gitId":"janelleenqi"},"content":"            try {","lastModifiedDate":"2023-09-21"},{"lineNumber":31,"author":{"gitId":"janelleenqi"},"content":"                Task newTask;","lastModifiedDate":"2023-09-21"},{"lineNumber":32,"author":{"gitId":"janelleenqi"},"content":"                switch (characters[1]) {","lastModifiedDate":"2023-09-21"},{"lineNumber":33,"author":{"gitId":"janelleenqi"},"content":"                    case \u0027T\u0027:","lastModifiedDate":"2023-09-21"},{"lineNumber":34,"author":{"gitId":"janelleenqi"},"content":"                        newTask \u003d new Todo(taskDescription);","lastModifiedDate":"2023-09-21"},{"lineNumber":35,"author":{"gitId":"janelleenqi"},"content":"                        break;","lastModifiedDate":"2023-09-21"},{"lineNumber":36,"author":{"gitId":"janelleenqi"},"content":"                    case \u0027D\u0027:","lastModifiedDate":"2023-09-21"},{"lineNumber":37,"author":{"gitId":"janelleenqi"},"content":"                        newTask \u003d new Deadline(taskDescription);","lastModifiedDate":"2023-09-21"},{"lineNumber":38,"author":{"gitId":"janelleenqi"},"content":"                        break;","lastModifiedDate":"2023-09-21"},{"lineNumber":39,"author":{"gitId":"janelleenqi"},"content":"                    case \u0027E\u0027:","lastModifiedDate":"2023-09-21"},{"lineNumber":40,"author":{"gitId":"janelleenqi"},"content":"                        newTask \u003d new Event(taskDescription);","lastModifiedDate":"2023-09-21"},{"lineNumber":41,"author":{"gitId":"janelleenqi"},"content":"                        break;","lastModifiedDate":"2023-09-21"},{"lineNumber":42,"author":{"gitId":"janelleenqi"},"content":"                    default:","lastModifiedDate":"2023-09-21"},{"lineNumber":43,"author":{"gitId":"janelleenqi"},"content":"                        newTask \u003d new Todo(\"error\");","lastModifiedDate":"2023-09-21"},{"lineNumber":44,"author":{"gitId":"janelleenqi"},"content":"                        break;","lastModifiedDate":"2023-09-21"},{"lineNumber":45,"author":{"gitId":"janelleenqi"},"content":"                }","lastModifiedDate":"2023-09-21"},{"lineNumber":46,"author":{"gitId":"janelleenqi"},"content":"","lastModifiedDate":"2023-09-21"},{"lineNumber":47,"author":{"gitId":"janelleenqi"},"content":"                taskList.add(newTask);","lastModifiedDate":"2023-09-21"},{"lineNumber":48,"author":{"gitId":"janelleenqi"},"content":"            } catch (LukeTimeError e) {","lastModifiedDate":"2023-09-21"},{"lineNumber":49,"author":{"gitId":"janelleenqi"},"content":"                System.out.println(\"\\tsomethings wrong\");","lastModifiedDate":"2023-10-04"},{"lineNumber":50,"author":{"gitId":"janelleenqi"},"content":"            }","lastModifiedDate":"2023-09-21"},{"lineNumber":51,"author":{"gitId":"janelleenqi"},"content":"        }","lastModifiedDate":"2023-09-21"},{"lineNumber":52,"author":{"gitId":"janelleenqi"},"content":"        return taskList;","lastModifiedDate":"2023-09-21"},{"lineNumber":53,"author":{"gitId":"janelleenqi"},"content":"    }","lastModifiedDate":"2023-09-21"},{"lineNumber":54,"author":{"gitId":"janelleenqi"},"content":"","lastModifiedDate":"2023-09-21"},{"lineNumber":55,"author":{"gitId":"janelleenqi"},"content":"    public static void storeMemory(String filePath, ArrayList\u003cTask\u003e taskList){","lastModifiedDate":"2023-10-04"},{"lineNumber":56,"author":{"gitId":"janelleenqi"},"content":"        try {","lastModifiedDate":"2023-09-21"},{"lineNumber":57,"author":{"gitId":"janelleenqi"},"content":"            FileWriter fw \u003d new FileWriter(filePath); //overwrite file","lastModifiedDate":"2023-09-21"},{"lineNumber":58,"author":{"gitId":"janelleenqi"},"content":"","lastModifiedDate":"2023-09-21"},{"lineNumber":59,"author":{"gitId":"janelleenqi"},"content":"            for (int i \u003d 0; i \u003c taskList.size(); i +\u003d 1) {","lastModifiedDate":"2023-09-21"},{"lineNumber":60,"author":{"gitId":"janelleenqi"},"content":"                fw.write(taskList.get(i).memoryString() + \"\\n\");","lastModifiedDate":"2023-09-21"},{"lineNumber":61,"author":{"gitId":"janelleenqi"},"content":"            }","lastModifiedDate":"2023-09-21"},{"lineNumber":62,"author":{"gitId":"janelleenqi"},"content":"","lastModifiedDate":"2023-09-21"},{"lineNumber":63,"author":{"gitId":"janelleenqi"},"content":"            fw.close();","lastModifiedDate":"2023-09-21"},{"lineNumber":64,"author":{"gitId":"janelleenqi"},"content":"","lastModifiedDate":"2023-09-21"},{"lineNumber":65,"author":{"gitId":"janelleenqi"},"content":"            System.out.println(\"\\tMemory Stored Safely!\");","lastModifiedDate":"2023-10-04"},{"lineNumber":66,"author":{"gitId":"janelleenqi"},"content":"","lastModifiedDate":"2023-10-04"},{"lineNumber":67,"author":{"gitId":"janelleenqi"},"content":"        } catch (IOException e) {","lastModifiedDate":"2023-09-21"},{"lineNumber":68,"author":{"gitId":"janelleenqi"},"content":"            System.out.println(\"\\tIO Exception: fail to store memory\");","lastModifiedDate":"2023-10-04"},{"lineNumber":69,"author":{"gitId":"janelleenqi"},"content":"            //return;","lastModifiedDate":"2023-10-04"},{"lineNumber":70,"author":{"gitId":"janelleenqi"},"content":"        }","lastModifiedDate":"2023-09-21"},{"lineNumber":71,"author":{"gitId":"janelleenqi"},"content":"","lastModifiedDate":"2023-09-21"},{"lineNumber":72,"author":{"gitId":"janelleenqi"},"content":"    }","lastModifiedDate":"2023-09-21"},{"lineNumber":73,"author":{"gitId":"janelleenqi"},"content":"}","lastModifiedDate":"2023-09-21"}],"authorContributionMap":{"janelleenqi":73}},{"path":"src/main/java/luke/tasks/Deadline.java","fileType":"java","lines":[{"lineNumber":1,"author":{"gitId":"janelleenqi"},"content":"package luke.tasks;","lastModifiedDate":"2023-09-21"},{"lineNumber":2,"author":{"gitId":"janelleenqi"},"content":"import luke.errors.LukeTimeError;","lastModifiedDate":"2023-09-21"},{"lineNumber":3,"author":{"gitId":"janelleenqi"},"content":"","lastModifiedDate":"2023-09-21"},{"lineNumber":4,"author":{"gitId":"janelleenqi"},"content":"public class Deadline extends Task {","lastModifiedDate":"2023-09-21"},{"lineNumber":5,"author":{"gitId":"janelleenqi"},"content":"    protected String date;","lastModifiedDate":"2023-09-21"},{"lineNumber":6,"author":{"gitId":"janelleenqi"},"content":"","lastModifiedDate":"2023-09-08"},{"lineNumber":7,"author":{"gitId":"janelleenqi"},"content":"    public Deadline(String echo) throws LukeTimeError {","lastModifiedDate":"2023-09-20"},{"lineNumber":8,"author":{"gitId":"janelleenqi"},"content":"        super(echo);","lastModifiedDate":"2023-09-20"},{"lineNumber":9,"author":{"gitId":"janelleenqi"},"content":"","lastModifiedDate":"2023-09-20"},{"lineNumber":10,"author":{"gitId":"janelleenqi"},"content":"        String taskDescription \u003d echo.substring(8);","lastModifiedDate":"2023-09-20"},{"lineNumber":11,"author":{"gitId":"janelleenqi"},"content":"","lastModifiedDate":"2023-09-20"},{"lineNumber":12,"author":{"gitId":"janelleenqi"},"content":"        int slashCut \u003d taskDescription.indexOf(\"/\");","lastModifiedDate":"2023-09-20"},{"lineNumber":13,"author":{"gitId":"janelleenqi"},"content":"        if (slashCut \u003c\u003d 0) {","lastModifiedDate":"2023-09-20"},{"lineNumber":14,"author":{"gitId":"janelleenqi"},"content":"            throw new LukeTimeError();","lastModifiedDate":"2023-09-20"},{"lineNumber":15,"author":{"gitId":"janelleenqi"},"content":"        }","lastModifiedDate":"2023-09-20"},{"lineNumber":16,"author":{"gitId":"janelleenqi"},"content":"","lastModifiedDate":"2023-09-20"},{"lineNumber":17,"author":{"gitId":"janelleenqi"},"content":"        setDate(taskDescription.substring(slashCut + 1));","lastModifiedDate":"2023-09-21"},{"lineNumber":18,"author":{"gitId":"janelleenqi"},"content":"","lastModifiedDate":"2023-09-20"},{"lineNumber":19,"author":{"gitId":"janelleenqi"},"content":"        description \u003d taskDescription.substring(0, slashCut);","lastModifiedDate":"2023-09-20"},{"lineNumber":20,"author":{"gitId":"janelleenqi"},"content":"","lastModifiedDate":"2023-09-20"},{"lineNumber":21,"author":{"gitId":"janelleenqi"},"content":"        if (description.length() \u003c\u003d 1) {","lastModifiedDate":"2023-09-20"},{"lineNumber":22,"author":{"gitId":"janelleenqi"},"content":"            throw new IndexOutOfBoundsException();","lastModifiedDate":"2023-09-20"},{"lineNumber":23,"author":{"gitId":"janelleenqi"},"content":"        }","lastModifiedDate":"2023-09-20"},{"lineNumber":24,"author":{"gitId":"janelleenqi"},"content":"    }","lastModifiedDate":"2023-09-08"},{"lineNumber":25,"author":{"gitId":"janelleenqi"},"content":"","lastModifiedDate":"2023-09-08"},{"lineNumber":26,"author":{"gitId":"janelleenqi"},"content":"    public String getDate() {","lastModifiedDate":"2023-09-21"},{"lineNumber":27,"author":{"gitId":"janelleenqi"},"content":"        return date;","lastModifiedDate":"2023-09-21"},{"lineNumber":28,"author":{"gitId":"janelleenqi"},"content":"    }","lastModifiedDate":"2023-09-08"},{"lineNumber":29,"author":{"gitId":"janelleenqi"},"content":"","lastModifiedDate":"2023-09-08"},{"lineNumber":30,"author":{"gitId":"janelleenqi"},"content":"    public void setDate(String dateString) throws LukeTimeError {","lastModifiedDate":"2023-09-21"},{"lineNumber":31,"author":{"gitId":"janelleenqi"},"content":"        String[] words \u003d dateString.split(\" \");","lastModifiedDate":"2023-09-21"},{"lineNumber":32,"author":{"gitId":"janelleenqi"},"content":"        if (!words[0].equals(\"by\")) {","lastModifiedDate":"2023-09-21"},{"lineNumber":33,"author":{"gitId":"janelleenqi"},"content":"            throw new LukeTimeError();","lastModifiedDate":"2023-09-21"},{"lineNumber":34,"author":{"gitId":"janelleenqi"},"content":"        }","lastModifiedDate":"2023-09-21"},{"lineNumber":35,"author":{"gitId":"janelleenqi"},"content":"        int spaceCut \u003d dateString.indexOf(\" \");","lastModifiedDate":"2023-09-21"},{"lineNumber":36,"author":{"gitId":"janelleenqi"},"content":"        date \u003d dateString.substring(spaceCut + 1);","lastModifiedDate":"2023-09-21"},{"lineNumber":37,"author":{"gitId":"janelleenqi"},"content":"    }","lastModifiedDate":"2023-09-08"},{"lineNumber":38,"author":{"gitId":"janelleenqi"},"content":"","lastModifiedDate":"2023-09-08"},{"lineNumber":39,"author":{"gitId":"janelleenqi"},"content":"    @Override","lastModifiedDate":"2023-09-08"},{"lineNumber":40,"author":{"gitId":"janelleenqi"},"content":"    public String toString() {","lastModifiedDate":"2023-09-08"},{"lineNumber":41,"author":{"gitId":"janelleenqi"},"content":"        //super.toString();","lastModifiedDate":"2023-09-08"},{"lineNumber":42,"author":{"gitId":"janelleenqi"},"content":"        String isDoneString;","lastModifiedDate":"2023-09-08"},{"lineNumber":43,"author":{"gitId":"janelleenqi"},"content":"","lastModifiedDate":"2023-09-08"},{"lineNumber":44,"author":{"gitId":"janelleenqi"},"content":"        if (isDone()) {","lastModifiedDate":"2023-09-08"},{"lineNumber":45,"author":{"gitId":"janelleenqi"},"content":"            isDoneString \u003d \"[X]\";","lastModifiedDate":"2023-09-08"},{"lineNumber":46,"author":{"gitId":"janelleenqi"},"content":"        } else {","lastModifiedDate":"2023-09-08"},{"lineNumber":47,"author":{"gitId":"janelleenqi"},"content":"            isDoneString \u003d \"[ ]\";","lastModifiedDate":"2023-09-08"},{"lineNumber":48,"author":{"gitId":"janelleenqi"},"content":"        }","lastModifiedDate":"2023-09-08"},{"lineNumber":49,"author":{"gitId":"janelleenqi"},"content":"","lastModifiedDate":"2023-09-08"},{"lineNumber":50,"author":{"gitId":"janelleenqi"},"content":"        return \"\\t[D]\" + isDoneString + getDescription() + \"(do by: \" + getDate() + \")\";","lastModifiedDate":"2023-09-21"},{"lineNumber":51,"author":{"gitId":"janelleenqi"},"content":"    }","lastModifiedDate":"2023-09-08"},{"lineNumber":52,"author":{"gitId":"janelleenqi"},"content":"","lastModifiedDate":"2023-09-21"},{"lineNumber":53,"author":{"gitId":"janelleenqi"},"content":"    @Override","lastModifiedDate":"2023-09-21"},{"lineNumber":54,"author":{"gitId":"janelleenqi"},"content":"    public String memoryString() {","lastModifiedDate":"2023-09-21"},{"lineNumber":55,"author":{"gitId":"janelleenqi"},"content":"        String isDoneString;","lastModifiedDate":"2023-09-21"},{"lineNumber":56,"author":{"gitId":"janelleenqi"},"content":"","lastModifiedDate":"2023-09-21"},{"lineNumber":57,"author":{"gitId":"janelleenqi"},"content":"        if (isDone()) {","lastModifiedDate":"2023-09-21"},{"lineNumber":58,"author":{"gitId":"janelleenqi"},"content":"            isDoneString \u003d \"[X]\";","lastModifiedDate":"2023-09-21"},{"lineNumber":59,"author":{"gitId":"janelleenqi"},"content":"        } else {","lastModifiedDate":"2023-09-21"},{"lineNumber":60,"author":{"gitId":"janelleenqi"},"content":"            isDoneString \u003d \"[ ]\";","lastModifiedDate":"2023-09-21"},{"lineNumber":61,"author":{"gitId":"janelleenqi"},"content":"        }","lastModifiedDate":"2023-09-21"},{"lineNumber":62,"author":{"gitId":"janelleenqi"},"content":"","lastModifiedDate":"2023-09-21"},{"lineNumber":63,"author":{"gitId":"janelleenqi"},"content":"        return \"[D]\" + isDoneString + \" deadline\" + getDescription() + \"/by \" + getDate();","lastModifiedDate":"2023-09-21"},{"lineNumber":64,"author":{"gitId":"janelleenqi"},"content":"    }","lastModifiedDate":"2023-09-21"},{"lineNumber":65,"author":{"gitId":"janelleenqi"},"content":"}","lastModifiedDate":"2023-09-08"}],"authorContributionMap":{"janelleenqi":65}},{"path":"src/main/java/luke/tasks/Event.java","fileType":"java","lines":[{"lineNumber":1,"author":{"gitId":"janelleenqi"},"content":"package luke.tasks;","lastModifiedDate":"2023-09-21"},{"lineNumber":2,"author":{"gitId":"janelleenqi"},"content":"import luke.errors.LukeTimeError;","lastModifiedDate":"2023-09-21"},{"lineNumber":3,"author":{"gitId":"janelleenqi"},"content":"","lastModifiedDate":"2023-09-21"},{"lineNumber":4,"author":{"gitId":"janelleenqi"},"content":"public class Event extends Task {","lastModifiedDate":"2023-09-21"},{"lineNumber":5,"author":{"gitId":"janelleenqi"},"content":"    protected String startDate;","lastModifiedDate":"2023-09-08"},{"lineNumber":6,"author":{"gitId":"janelleenqi"},"content":"    protected String endDate;","lastModifiedDate":"2023-09-08"},{"lineNumber":7,"author":{"gitId":"janelleenqi"},"content":"","lastModifiedDate":"2023-09-08"},{"lineNumber":8,"author":{"gitId":"janelleenqi"},"content":"    public Event(String echo) throws LukeTimeError {","lastModifiedDate":"2023-09-20"},{"lineNumber":9,"author":{"gitId":"janelleenqi"},"content":"        super(echo);","lastModifiedDate":"2023-09-20"},{"lineNumber":10,"author":{"gitId":"janelleenqi"},"content":"        //setDates(dates);","lastModifiedDate":"2023-09-20"},{"lineNumber":11,"author":{"gitId":"janelleenqi"},"content":"        String taskDescription \u003d echo.substring(5);","lastModifiedDate":"2023-09-20"},{"lineNumber":12,"author":{"gitId":"janelleenqi"},"content":"","lastModifiedDate":"2023-09-20"},{"lineNumber":13,"author":{"gitId":"janelleenqi"},"content":"        int slashCut \u003d taskDescription.indexOf(\"/\");","lastModifiedDate":"2023-09-20"},{"lineNumber":14,"author":{"gitId":"janelleenqi"},"content":"        if (slashCut \u003c\u003d 0) {","lastModifiedDate":"2023-09-20"},{"lineNumber":15,"author":{"gitId":"janelleenqi"},"content":"            throw new LukeTimeError();","lastModifiedDate":"2023-09-20"},{"lineNumber":16,"author":{"gitId":"janelleenqi"},"content":"        }","lastModifiedDate":"2023-09-20"},{"lineNumber":17,"author":{"gitId":"janelleenqi"},"content":"","lastModifiedDate":"2023-09-20"},{"lineNumber":18,"author":{"gitId":"janelleenqi"},"content":"        String taskDuration \u003d taskDescription.substring(slashCut + 1);","lastModifiedDate":"2023-09-21"},{"lineNumber":19,"author":{"gitId":"janelleenqi"},"content":"        setDates(taskDuration);","lastModifiedDate":"2023-09-20"},{"lineNumber":20,"author":{"gitId":"janelleenqi"},"content":"","lastModifiedDate":"2023-09-20"},{"lineNumber":21,"author":{"gitId":"janelleenqi"},"content":"        description \u003d taskDescription.substring(0, slashCut);","lastModifiedDate":"2023-09-20"},{"lineNumber":22,"author":{"gitId":"janelleenqi"},"content":"","lastModifiedDate":"2023-09-20"},{"lineNumber":23,"author":{"gitId":"janelleenqi"},"content":"        if (description.length() \u003c\u003d 1) {","lastModifiedDate":"2023-09-20"},{"lineNumber":24,"author":{"gitId":"janelleenqi"},"content":"            throw new IndexOutOfBoundsException();","lastModifiedDate":"2023-09-20"},{"lineNumber":25,"author":{"gitId":"janelleenqi"},"content":"        }","lastModifiedDate":"2023-09-20"},{"lineNumber":26,"author":{"gitId":"janelleenqi"},"content":"    }","lastModifiedDate":"2023-09-08"},{"lineNumber":27,"author":{"gitId":"janelleenqi"},"content":"","lastModifiedDate":"2023-09-08"},{"lineNumber":28,"author":{"gitId":"janelleenqi"},"content":"    public String getStartDate() {","lastModifiedDate":"2023-09-08"},{"lineNumber":29,"author":{"gitId":"janelleenqi"},"content":"        return startDate;","lastModifiedDate":"2023-09-08"},{"lineNumber":30,"author":{"gitId":"janelleenqi"},"content":"    }","lastModifiedDate":"2023-09-08"},{"lineNumber":31,"author":{"gitId":"janelleenqi"},"content":"","lastModifiedDate":"2023-09-08"},{"lineNumber":32,"author":{"gitId":"janelleenqi"},"content":"    public String getEndDate() {","lastModifiedDate":"2023-09-08"},{"lineNumber":33,"author":{"gitId":"janelleenqi"},"content":"        return endDate;","lastModifiedDate":"2023-09-08"},{"lineNumber":34,"author":{"gitId":"janelleenqi"},"content":"    }","lastModifiedDate":"2023-09-08"},{"lineNumber":35,"author":{"gitId":"janelleenqi"},"content":"","lastModifiedDate":"2023-09-08"},{"lineNumber":36,"author":{"gitId":"janelleenqi"},"content":"    public void setDates(String dates) throws LukeTimeError {","lastModifiedDate":"2023-09-21"},{"lineNumber":37,"author":{"gitId":"janelleenqi"},"content":"        String[] words \u003d dates.split(\" \");","lastModifiedDate":"2023-09-21"},{"lineNumber":38,"author":{"gitId":"janelleenqi"},"content":"        if (!words[0].equals(\"from\")) {","lastModifiedDate":"2023-09-21"},{"lineNumber":39,"author":{"gitId":"janelleenqi"},"content":"            throw new LukeTimeError();","lastModifiedDate":"2023-09-21"},{"lineNumber":40,"author":{"gitId":"janelleenqi"},"content":"        }","lastModifiedDate":"2023-09-21"},{"lineNumber":41,"author":{"gitId":"janelleenqi"},"content":"","lastModifiedDate":"2023-09-21"},{"lineNumber":42,"author":{"gitId":"janelleenqi"},"content":"        dates \u003d dates.substring(5);","lastModifiedDate":"2023-09-21"},{"lineNumber":43,"author":{"gitId":"janelleenqi"},"content":"","lastModifiedDate":"2023-09-08"},{"lineNumber":44,"author":{"gitId":"janelleenqi"},"content":"        int slashCut \u003d dates.indexOf(\"/\");","lastModifiedDate":"2023-09-08"},{"lineNumber":45,"author":{"gitId":"janelleenqi"},"content":"        if (slashCut \u003c\u003d 0) {","lastModifiedDate":"2023-09-21"},{"lineNumber":46,"author":{"gitId":"janelleenqi"},"content":"            throw new LukeTimeError();","lastModifiedDate":"2023-09-21"},{"lineNumber":47,"author":{"gitId":"janelleenqi"},"content":"        }","lastModifiedDate":"2023-09-21"},{"lineNumber":48,"author":{"gitId":"janelleenqi"},"content":"","lastModifiedDate":"2023-09-21"},{"lineNumber":49,"author":{"gitId":"janelleenqi"},"content":"        startDate \u003d dates.substring(0, slashCut);","lastModifiedDate":"2023-09-08"},{"lineNumber":50,"author":{"gitId":"janelleenqi"},"content":"        dates \u003d dates.substring(slashCut + 1);","lastModifiedDate":"2023-09-08"},{"lineNumber":51,"author":{"gitId":"janelleenqi"},"content":"","lastModifiedDate":"2023-09-08"},{"lineNumber":52,"author":{"gitId":"janelleenqi"},"content":"        words \u003d dates.split(\" \");","lastModifiedDate":"2023-09-21"},{"lineNumber":53,"author":{"gitId":"janelleenqi"},"content":"        if (!words[0].equals(\"to\")) {","lastModifiedDate":"2023-09-21"},{"lineNumber":54,"author":{"gitId":"janelleenqi"},"content":"            throw new LukeTimeError();","lastModifiedDate":"2023-09-21"},{"lineNumber":55,"author":{"gitId":"janelleenqi"},"content":"        }","lastModifiedDate":"2023-09-21"},{"lineNumber":56,"author":{"gitId":"janelleenqi"},"content":"","lastModifiedDate":"2023-09-21"},{"lineNumber":57,"author":{"gitId":"janelleenqi"},"content":"        endDate \u003d dates.substring(3);","lastModifiedDate":"2023-09-21"},{"lineNumber":58,"author":{"gitId":"janelleenqi"},"content":"    }","lastModifiedDate":"2023-09-08"},{"lineNumber":59,"author":{"gitId":"janelleenqi"},"content":"","lastModifiedDate":"2023-09-08"},{"lineNumber":60,"author":{"gitId":"janelleenqi"},"content":"    @Override","lastModifiedDate":"2023-09-08"},{"lineNumber":61,"author":{"gitId":"janelleenqi"},"content":"    public String toString() {","lastModifiedDate":"2023-09-08"},{"lineNumber":62,"author":{"gitId":"janelleenqi"},"content":"        //super.toString();","lastModifiedDate":"2023-09-08"},{"lineNumber":63,"author":{"gitId":"janelleenqi"},"content":"        String isDoneString;","lastModifiedDate":"2023-09-08"},{"lineNumber":64,"author":{"gitId":"janelleenqi"},"content":"","lastModifiedDate":"2023-09-08"},{"lineNumber":65,"author":{"gitId":"janelleenqi"},"content":"        if (isDone()) {","lastModifiedDate":"2023-09-08"},{"lineNumber":66,"author":{"gitId":"janelleenqi"},"content":"            isDoneString \u003d \"[X]\";","lastModifiedDate":"2023-09-08"},{"lineNumber":67,"author":{"gitId":"janelleenqi"},"content":"        } else {","lastModifiedDate":"2023-09-08"},{"lineNumber":68,"author":{"gitId":"janelleenqi"},"content":"            isDoneString \u003d \"[ ]\";","lastModifiedDate":"2023-09-08"},{"lineNumber":69,"author":{"gitId":"janelleenqi"},"content":"        }","lastModifiedDate":"2023-09-08"},{"lineNumber":70,"author":{"gitId":"janelleenqi"},"content":"","lastModifiedDate":"2023-09-08"},{"lineNumber":71,"author":{"gitId":"janelleenqi"},"content":"        return \"\\t[E]\" + isDoneString + getDescription() + \"(from: \" + getStartDate() + \"to: \" + getEndDate() + \")\";","lastModifiedDate":"2023-09-10"},{"lineNumber":72,"author":{"gitId":"janelleenqi"},"content":"    }","lastModifiedDate":"2023-09-08"},{"lineNumber":73,"author":{"gitId":"janelleenqi"},"content":"","lastModifiedDate":"2023-09-21"},{"lineNumber":74,"author":{"gitId":"janelleenqi"},"content":"    @Override","lastModifiedDate":"2023-09-21"},{"lineNumber":75,"author":{"gitId":"janelleenqi"},"content":"    public String memoryString() {","lastModifiedDate":"2023-09-21"},{"lineNumber":76,"author":{"gitId":"janelleenqi"},"content":"        String isDoneString;","lastModifiedDate":"2023-09-21"},{"lineNumber":77,"author":{"gitId":"janelleenqi"},"content":"","lastModifiedDate":"2023-09-21"},{"lineNumber":78,"author":{"gitId":"janelleenqi"},"content":"        if (isDone()) {","lastModifiedDate":"2023-09-21"},{"lineNumber":79,"author":{"gitId":"janelleenqi"},"content":"            isDoneString \u003d \"[X]\";","lastModifiedDate":"2023-09-21"},{"lineNumber":80,"author":{"gitId":"janelleenqi"},"content":"        } else {","lastModifiedDate":"2023-09-21"},{"lineNumber":81,"author":{"gitId":"janelleenqi"},"content":"            isDoneString \u003d \"[ ]\";","lastModifiedDate":"2023-09-21"},{"lineNumber":82,"author":{"gitId":"janelleenqi"},"content":"        }","lastModifiedDate":"2023-09-21"},{"lineNumber":83,"author":{"gitId":"janelleenqi"},"content":"","lastModifiedDate":"2023-09-21"},{"lineNumber":84,"author":{"gitId":"janelleenqi"},"content":"        return \"[E]\" + isDoneString + \" event\" + getDescription() + \"/from \" + getStartDate() + \"/to \" + getEndDate();","lastModifiedDate":"2023-09-21"},{"lineNumber":85,"author":{"gitId":"janelleenqi"},"content":"    }","lastModifiedDate":"2023-09-21"},{"lineNumber":86,"author":{"gitId":"janelleenqi"},"content":"}","lastModifiedDate":"2023-09-08"}],"authorContributionMap":{"janelleenqi":86}},{"path":"src/main/java/luke/tasks/Task.java","fileType":"java","lines":[{"lineNumber":1,"author":{"gitId":"janelleenqi"},"content":"package luke.tasks;","lastModifiedDate":"2023-09-21"},{"lineNumber":2,"author":{"gitId":"janelleenqi"},"content":"","lastModifiedDate":"2023-09-21"},{"lineNumber":3,"author":{"gitId":"janelleenqi"},"content":"public abstract class Task {","lastModifiedDate":"2023-09-18"},{"lineNumber":4,"author":{"gitId":"janelleenqi"},"content":"    protected String description;","lastModifiedDate":"2023-09-08"},{"lineNumber":5,"author":{"gitId":"janelleenqi"},"content":"    protected boolean isDone;","lastModifiedDate":"2023-09-05"},{"lineNumber":6,"author":{"gitId":"janelleenqi"},"content":"","lastModifiedDate":"2023-09-05"},{"lineNumber":7,"author":{"gitId":"janelleenqi"},"content":"    public Task(String description) {","lastModifiedDate":"2023-09-08"},{"lineNumber":8,"author":{"gitId":"janelleenqi"},"content":"        this.description \u003d description;","lastModifiedDate":"2023-09-08"},{"lineNumber":9,"author":{"gitId":"janelleenqi"},"content":"        isDone \u003d false;","lastModifiedDate":"2023-09-08"},{"lineNumber":10,"author":{"gitId":"janelleenqi"},"content":"    }","lastModifiedDate":"2023-09-05"},{"lineNumber":11,"author":{"gitId":"janelleenqi"},"content":"","lastModifiedDate":"2023-09-05"},{"lineNumber":12,"author":{"gitId":"janelleenqi"},"content":"    public String getDescription() {","lastModifiedDate":"2023-09-08"},{"lineNumber":13,"author":{"gitId":"janelleenqi"},"content":"        return description;","lastModifiedDate":"2023-09-08"},{"lineNumber":14,"author":{"gitId":"janelleenqi"},"content":"    }","lastModifiedDate":"2023-09-05"},{"lineNumber":15,"author":{"gitId":"janelleenqi"},"content":"","lastModifiedDate":"2023-09-05"},{"lineNumber":16,"author":{"gitId":"janelleenqi"},"content":"    public boolean isDone() {","lastModifiedDate":"2023-09-08"},{"lineNumber":17,"author":{"gitId":"janelleenqi"},"content":"        return isDone;","lastModifiedDate":"2023-09-08"},{"lineNumber":18,"author":{"gitId":"janelleenqi"},"content":"    }","lastModifiedDate":"2023-09-05"},{"lineNumber":19,"author":{"gitId":"janelleenqi"},"content":"","lastModifiedDate":"2023-09-05"},{"lineNumber":20,"author":{"gitId":"janelleenqi"},"content":"    public void setDone(boolean done) {","lastModifiedDate":"2023-09-08"},{"lineNumber":21,"author":{"gitId":"janelleenqi"},"content":"        isDone \u003d done;","lastModifiedDate":"2023-09-08"},{"lineNumber":22,"author":{"gitId":"janelleenqi"},"content":"    }","lastModifiedDate":"2023-09-05"},{"lineNumber":23,"author":{"gitId":"janelleenqi"},"content":"","lastModifiedDate":"2023-09-05"},{"lineNumber":24,"author":{"gitId":"janelleenqi"},"content":"    /*@Override","lastModifiedDate":"2023-09-18"},{"lineNumber":25,"author":{"gitId":"janelleenqi"},"content":"    public String toString() {","lastModifiedDate":"2023-09-08"},{"lineNumber":26,"author":{"gitId":"janelleenqi"},"content":"        return \"\";","lastModifiedDate":"2023-09-08"},{"lineNumber":27,"author":{"gitId":"janelleenqi"},"content":"    }","lastModifiedDate":"2023-09-05"},{"lineNumber":28,"author":{"gitId":"janelleenqi"},"content":"    */","lastModifiedDate":"2023-09-18"},{"lineNumber":29,"author":{"gitId":"janelleenqi"},"content":"    public String memoryString() {","lastModifiedDate":"2023-09-21"},{"lineNumber":30,"author":{"gitId":"janelleenqi"},"content":"        String isDoneString;","lastModifiedDate":"2023-09-21"},{"lineNumber":31,"author":{"gitId":"janelleenqi"},"content":"","lastModifiedDate":"2023-09-21"},{"lineNumber":32,"author":{"gitId":"janelleenqi"},"content":"        if (isDone()) {","lastModifiedDate":"2023-09-21"},{"lineNumber":33,"author":{"gitId":"janelleenqi"},"content":"            isDoneString \u003d \"[X]\";","lastModifiedDate":"2023-09-21"},{"lineNumber":34,"author":{"gitId":"janelleenqi"},"content":"        } else {","lastModifiedDate":"2023-09-21"},{"lineNumber":35,"author":{"gitId":"janelleenqi"},"content":"            isDoneString \u003d \"[ ]\";","lastModifiedDate":"2023-09-21"},{"lineNumber":36,"author":{"gitId":"janelleenqi"},"content":"        }","lastModifiedDate":"2023-09-21"},{"lineNumber":37,"author":{"gitId":"janelleenqi"},"content":"","lastModifiedDate":"2023-09-21"},{"lineNumber":38,"author":{"gitId":"janelleenqi"},"content":"        return \"[T]\" + isDoneString + \" task\" + getDescription();","lastModifiedDate":"2023-09-21"},{"lineNumber":39,"author":{"gitId":"janelleenqi"},"content":"    }","lastModifiedDate":"2023-09-21"},{"lineNumber":40,"author":{"gitId":"janelleenqi"},"content":"","lastModifiedDate":"2023-09-21"},{"lineNumber":41,"author":{"gitId":"janelleenqi"},"content":"}","lastModifiedDate":"2023-09-05"}],"authorContributionMap":{"janelleenqi":41}},{"path":"src/main/java/luke/tasks/Todo.java","fileType":"java","lines":[{"lineNumber":1,"author":{"gitId":"janelleenqi"},"content":"package luke.tasks;","lastModifiedDate":"2023-09-21"},{"lineNumber":2,"author":{"gitId":"janelleenqi"},"content":"","lastModifiedDate":"2023-09-21"},{"lineNumber":3,"author":{"gitId":"janelleenqi"},"content":"public class Todo extends Task {","lastModifiedDate":"2023-09-08"},{"lineNumber":4,"author":{"gitId":"janelleenqi"},"content":"    //protected boolean isDone;","lastModifiedDate":"2023-09-08"},{"lineNumber":5,"author":{"gitId":"janelleenqi"},"content":"","lastModifiedDate":"2023-09-08"},{"lineNumber":6,"author":{"gitId":"janelleenqi"},"content":"    public Todo(String echo) {","lastModifiedDate":"2023-09-20"},{"lineNumber":7,"author":{"gitId":"janelleenqi"},"content":"        super(echo); //ensures superclass is properly initialised","lastModifiedDate":"2023-09-20"},{"lineNumber":8,"author":{"gitId":"janelleenqi"},"content":"","lastModifiedDate":"2023-09-20"},{"lineNumber":9,"author":{"gitId":"janelleenqi"},"content":"        description \u003d echo.substring(4);","lastModifiedDate":"2023-09-20"},{"lineNumber":10,"author":{"gitId":"janelleenqi"},"content":"        if (description.isEmpty()) {","lastModifiedDate":"2023-09-20"},{"lineNumber":11,"author":{"gitId":"janelleenqi"},"content":"            throw new IndexOutOfBoundsException();","lastModifiedDate":"2023-09-20"},{"lineNumber":12,"author":{"gitId":"janelleenqi"},"content":"        }","lastModifiedDate":"2023-09-20"},{"lineNumber":13,"author":{"gitId":"janelleenqi"},"content":"    }","lastModifiedDate":"2023-09-08"},{"lineNumber":14,"author":{"gitId":"janelleenqi"},"content":"","lastModifiedDate":"2023-09-08"},{"lineNumber":15,"author":{"gitId":"janelleenqi"},"content":"    @Override","lastModifiedDate":"2023-09-08"},{"lineNumber":16,"author":{"gitId":"janelleenqi"},"content":"    public String toString() {","lastModifiedDate":"2023-09-08"},{"lineNumber":17,"author":{"gitId":"janelleenqi"},"content":"        //super.toString();","lastModifiedDate":"2023-09-08"},{"lineNumber":18,"author":{"gitId":"janelleenqi"},"content":"        String isDoneString;","lastModifiedDate":"2023-09-08"},{"lineNumber":19,"author":{"gitId":"janelleenqi"},"content":"","lastModifiedDate":"2023-09-08"},{"lineNumber":20,"author":{"gitId":"janelleenqi"},"content":"        if (isDone()) {","lastModifiedDate":"2023-09-08"},{"lineNumber":21,"author":{"gitId":"janelleenqi"},"content":"            isDoneString \u003d \"[X]\";","lastModifiedDate":"2023-09-08"},{"lineNumber":22,"author":{"gitId":"janelleenqi"},"content":"        } else {","lastModifiedDate":"2023-09-08"},{"lineNumber":23,"author":{"gitId":"janelleenqi"},"content":"            isDoneString \u003d \"[ ]\";","lastModifiedDate":"2023-09-08"},{"lineNumber":24,"author":{"gitId":"janelleenqi"},"content":"        }","lastModifiedDate":"2023-09-08"},{"lineNumber":25,"author":{"gitId":"janelleenqi"},"content":"","lastModifiedDate":"2023-09-08"},{"lineNumber":26,"author":{"gitId":"janelleenqi"},"content":"        return \"\\t[T]\" + isDoneString + getDescription();","lastModifiedDate":"2023-09-10"},{"lineNumber":27,"author":{"gitId":"janelleenqi"},"content":"    }","lastModifiedDate":"2023-09-08"},{"lineNumber":28,"author":{"gitId":"janelleenqi"},"content":"","lastModifiedDate":"2023-09-21"},{"lineNumber":29,"author":{"gitId":"janelleenqi"},"content":"    @Override","lastModifiedDate":"2023-09-21"},{"lineNumber":30,"author":{"gitId":"janelleenqi"},"content":"    public String memoryString() {","lastModifiedDate":"2023-09-21"},{"lineNumber":31,"author":{"gitId":"janelleenqi"},"content":"        String isDoneString;","lastModifiedDate":"2023-09-21"},{"lineNumber":32,"author":{"gitId":"janelleenqi"},"content":"","lastModifiedDate":"2023-09-21"},{"lineNumber":33,"author":{"gitId":"janelleenqi"},"content":"        if (isDone()) {","lastModifiedDate":"2023-09-21"},{"lineNumber":34,"author":{"gitId":"janelleenqi"},"content":"            isDoneString \u003d \"[X]\";","lastModifiedDate":"2023-09-21"},{"lineNumber":35,"author":{"gitId":"janelleenqi"},"content":"        } else {","lastModifiedDate":"2023-09-21"},{"lineNumber":36,"author":{"gitId":"janelleenqi"},"content":"            isDoneString \u003d \"[ ]\";","lastModifiedDate":"2023-09-21"},{"lineNumber":37,"author":{"gitId":"janelleenqi"},"content":"        }","lastModifiedDate":"2023-09-21"},{"lineNumber":38,"author":{"gitId":"janelleenqi"},"content":"","lastModifiedDate":"2023-09-21"},{"lineNumber":39,"author":{"gitId":"janelleenqi"},"content":"        return \"[T]\" + isDoneString + \" todo\" + getDescription();","lastModifiedDate":"2023-09-21"},{"lineNumber":40,"author":{"gitId":"janelleenqi"},"content":"    }","lastModifiedDate":"2023-09-21"},{"lineNumber":41,"author":{"gitId":"janelleenqi"},"content":"","lastModifiedDate":"2023-09-21"},{"lineNumber":42,"author":{"gitId":"janelleenqi"},"content":"}","lastModifiedDate":"2023-09-08"}],"authorContributionMap":{"janelleenqi":42}},{"path":"text-ui-test/input.txt","fileType":"txt","lines":[{"lineNumber":1,"author":{"gitId":"janelleenqi"},"content":"todo Liow Enqi Janelle Answer CS2113 tutorial questions","lastModifiedDate":"2023-09-08"},{"lineNumber":2,"author":{"gitId":"janelleenqi"},"content":"deadline weekly CS2113 quiz /by Monday 9pm","lastModifiedDate":"2023-09-08"},{"lineNumber":3,"author":{"gitId":"janelleenqi"},"content":"list","lastModifiedDate":"2023-09-08"},{"lineNumber":4,"author":{"gitId":"janelleenqi"},"content":"event CS2113 lecture /from Friday 4 /to 6pm","lastModifiedDate":"2023-09-08"},{"lineNumber":5,"author":{"gitId":"janelleenqi"},"content":"mark 1","lastModifiedDate":"2023-09-08"},{"lineNumber":6,"author":{"gitId":"janelleenqi"},"content":"list","lastModifiedDate":"2023-09-08"},{"lineNumber":7,"author":{"gitId":"janelleenqi"},"content":"bye","lastModifiedDate":"2023-09-08"}],"authorContributionMap":{"janelleenqi":7}},{"path":"text-ui-test/runtest.sh","fileType":"sh","lines":[{"lineNumber":1,"author":{"gitId":"-"},"content":"#!/usr/bin/env bash","lastModifiedDate":"2020-05-25"},{"lineNumber":2,"author":{"gitId":"-"},"content":"","lastModifiedDate":"2020-05-25"},{"lineNumber":3,"author":{"gitId":"janelleenqi"},"content":"","lastModifiedDate":"2023-09-08"},{"lineNumber":4,"author":{"gitId":"-"},"content":"# create bin directory if it doesn\u0027t exist","lastModifiedDate":"2020-05-25"},{"lineNumber":5,"author":{"gitId":"-"},"content":"if [ ! -d \"../bin\" ]","lastModifiedDate":"2020-05-25"},{"lineNumber":6,"author":{"gitId":"-"},"content":"then","lastModifiedDate":"2020-05-25"},{"lineNumber":7,"author":{"gitId":"-"},"content":"    mkdir ../bin","lastModifiedDate":"2020-05-25"},{"lineNumber":8,"author":{"gitId":"-"},"content":"fi","lastModifiedDate":"2020-05-25"},{"lineNumber":9,"author":{"gitId":"-"},"content":"","lastModifiedDate":"2020-05-25"},{"lineNumber":10,"author":{"gitId":"-"},"content":"# delete output from previous run","lastModifiedDate":"2020-05-25"},{"lineNumber":11,"author":{"gitId":"-"},"content":"if [ -e \"./ACTUAL.TXT\" ]","lastModifiedDate":"2020-05-25"},{"lineNumber":12,"author":{"gitId":"-"},"content":"then","lastModifiedDate":"2020-05-25"},{"lineNumber":13,"author":{"gitId":"-"},"content":"    rm ACTUAL.TXT","lastModifiedDate":"2020-05-25"},{"lineNumber":14,"author":{"gitId":"-"},"content":"fi","lastModifiedDate":"2020-05-25"},{"lineNumber":15,"author":{"gitId":"-"},"content":"","lastModifiedDate":"2020-05-25"},{"lineNumber":16,"author":{"gitId":"-"},"content":"# compile the code into the bin folder, terminates if error occurred","lastModifiedDate":"2020-05-25"},{"lineNumber":17,"author":{"gitId":"janelleenqi"},"content":"if ! javac -cp /Users/janelle/cs2113repo/ip/src/main/java -Xlint:none -d ../bin /Users/janelle/cs2113repo/ip/src/main/java/*.java","lastModifiedDate":"2023-09-08"},{"lineNumber":18,"author":{"gitId":"-"},"content":"then","lastModifiedDate":"2020-05-25"},{"lineNumber":19,"author":{"gitId":"-"},"content":"    echo \"********** BUILD FAILURE **********\"","lastModifiedDate":"2020-05-25"},{"lineNumber":20,"author":{"gitId":"-"},"content":"    exit 1","lastModifiedDate":"2020-05-25"},{"lineNumber":21,"author":{"gitId":"-"},"content":"fi","lastModifiedDate":"2020-05-25"},{"lineNumber":22,"author":{"gitId":"-"},"content":"","lastModifiedDate":"2020-05-25"},{"lineNumber":23,"author":{"gitId":"-"},"content":"# run the program, feed commands from input.txt file and redirect the output to the ACTUAL.TXT","lastModifiedDate":"2020-05-25"},{"lineNumber":24,"author":{"gitId":"-"},"content":"java -classpath ../bin Duke \u003c input.txt \u003e ACTUAL.TXT","lastModifiedDate":"2020-05-25"},{"lineNumber":25,"author":{"gitId":"-"},"content":"","lastModifiedDate":"2020-05-25"},{"lineNumber":26,"author":{"gitId":"-"},"content":"# convert to UNIX format","lastModifiedDate":"2020-05-25"},{"lineNumber":27,"author":{"gitId":"janelleenqi"},"content":"#cp EXPECTED.TXT EXPECTED-UNIX.TXT","lastModifiedDate":"2023-09-08"},{"lineNumber":28,"author":{"gitId":"janelleenqi"},"content":"#dos2unix ACTUAL.TXT EXPECTED-UNIX.TXT","lastModifiedDate":"2023-09-08"},{"lineNumber":29,"author":{"gitId":"-"},"content":"","lastModifiedDate":"2020-05-25"},{"lineNumber":30,"author":{"gitId":"-"},"content":"# compare the output to the expected output","lastModifiedDate":"2020-05-25"},{"lineNumber":31,"author":{"gitId":"janelleenqi"},"content":"diff ACTUAL.TXT EXPECTED.TXT","lastModifiedDate":"2023-09-08"},{"lineNumber":32,"author":{"gitId":"-"},"content":"if [ $? -eq 0 ]","lastModifiedDate":"2020-05-25"},{"lineNumber":33,"author":{"gitId":"-"},"content":"then","lastModifiedDate":"2020-05-25"},{"lineNumber":34,"author":{"gitId":"-"},"content":"    echo \"Test result: PASSED\"","lastModifiedDate":"2020-05-25"},{"lineNumber":35,"author":{"gitId":"-"},"content":"    exit 0","lastModifiedDate":"2020-05-25"},{"lineNumber":36,"author":{"gitId":"-"},"content":"else","lastModifiedDate":"2020-05-25"},{"lineNumber":37,"author":{"gitId":"-"},"content":"    echo \"Test result: FAILED\"","lastModifiedDate":"2020-05-25"},{"lineNumber":38,"author":{"gitId":"-"},"content":"    exit 1","lastModifiedDate":"2020-05-25"},{"lineNumber":39,"author":{"gitId":"-"},"content":"fi","lastModifiedDate":"2020-05-25"}],"authorContributionMap":{"janelleenqi":5,"-":34}}]
