[{"path":"src/main/java/Duke.java","fileType":"java","lines":[{"lineNumber":1,"author":{"gitId":"janelleenqi"},"content":"import java.util.Scanner;","lastModifiedDate":"2023-09-04"},{"lineNumber":2,"author":{"gitId":"janelleenqi"},"content":"","lastModifiedDate":"2023-09-04"},{"lineNumber":3,"author":{"gitId":"-"},"content":"public class Duke {","lastModifiedDate":"2019-07-29"},{"lineNumber":4,"author":{"gitId":"-"},"content":"    public static void main(String[] args) {","lastModifiedDate":"2019-07-29"},{"lineNumber":5,"author":{"gitId":"janelleenqi"},"content":"        String logo \u003d \" _           _        \\n\"","lastModifiedDate":"2023-09-04"},{"lineNumber":6,"author":{"gitId":"janelleenqi"},"content":"                + \"| |    _   _| | _____ \\n\"","lastModifiedDate":"2023-09-04"},{"lineNumber":7,"author":{"gitId":"janelleenqi"},"content":"                + \"| |   | | | | |/ / _ \\\\\\n\"","lastModifiedDate":"2023-09-04"},{"lineNumber":8,"author":{"gitId":"janelleenqi"},"content":"                + \"| |___| |_| |   \u003c  __/\\n\"","lastModifiedDate":"2023-09-04"},{"lineNumber":9,"author":{"gitId":"janelleenqi"},"content":"                + \"|_____|\\\\__,_|_|\\\\_\\\\___|\\n\";","lastModifiedDate":"2023-09-04"},{"lineNumber":10,"author":{"gitId":"janelleenqi"},"content":"        System.out.println(\"Hello! I\u0027m\\n\" + logo);","lastModifiedDate":"2023-09-04"},{"lineNumber":11,"author":{"gitId":"janelleenqi"},"content":"        System.out.println(\"What can I do for you?\");","lastModifiedDate":"2023-09-04"},{"lineNumber":12,"author":{"gitId":"janelleenqi"},"content":"","lastModifiedDate":"2023-09-04"},{"lineNumber":13,"author":{"gitId":"janelleenqi"},"content":"        Task[] theList \u003d new Task[100];","lastModifiedDate":"2023-09-05"},{"lineNumber":14,"author":{"gitId":"janelleenqi"},"content":"        Scanner userInput \u003d new Scanner(System.in);","lastModifiedDate":"2023-09-05"},{"lineNumber":15,"author":{"gitId":"janelleenqi"},"content":"        int counter \u003d 0;","lastModifiedDate":"2023-09-05"},{"lineNumber":16,"author":{"gitId":"janelleenqi"},"content":"","lastModifiedDate":"2023-09-04"},{"lineNumber":17,"author":{"gitId":"janelleenqi"},"content":"        String echo \u003d userInput.nextLine();","lastModifiedDate":"2023-09-05"},{"lineNumber":18,"author":{"gitId":"janelleenqi"},"content":"","lastModifiedDate":"2023-09-05"},{"lineNumber":19,"author":{"gitId":"janelleenqi"},"content":"        while (!echo.equals(\"bye\")) {","lastModifiedDate":"2023-09-04"},{"lineNumber":20,"author":{"gitId":"janelleenqi"},"content":"            String[] words \u003d echo.split(\" \"); //to identify usage of features \"mark\" \u0026 \"unmark\"","lastModifiedDate":"2023-09-05"},{"lineNumber":21,"author":{"gitId":"janelleenqi"},"content":"","lastModifiedDate":"2023-09-05"},{"lineNumber":22,"author":{"gitId":"janelleenqi"},"content":"            if (echo.equals(\"list\")) {","lastModifiedDate":"2023-09-05"},{"lineNumber":23,"author":{"gitId":"janelleenqi"},"content":"                System.out.println(\"Here are the tasks in your list:\");","lastModifiedDate":"2023-09-05"},{"lineNumber":24,"author":{"gitId":"janelleenqi"},"content":"                for (int i \u003d 0; i \u003c counter; i +\u003d 1) {","lastModifiedDate":"2023-09-05"},{"lineNumber":25,"author":{"gitId":"janelleenqi"},"content":"                    System.out.print((i + 1) + \".\");","lastModifiedDate":"2023-09-05"},{"lineNumber":26,"author":{"gitId":"janelleenqi"},"content":"                    theList[i].printTask();","lastModifiedDate":"2023-09-05"},{"lineNumber":27,"author":{"gitId":"janelleenqi"},"content":"                }","lastModifiedDate":"2023-09-05"},{"lineNumber":28,"author":{"gitId":"janelleenqi"},"content":"","lastModifiedDate":"2023-09-05"},{"lineNumber":29,"author":{"gitId":"janelleenqi"},"content":"            } else if (words[0].equals(\"mark\")) {","lastModifiedDate":"2023-09-05"},{"lineNumber":30,"author":{"gitId":"janelleenqi"},"content":"                int taskNumber \u003d Integer.parseInt(words[1]) - 1;","lastModifiedDate":"2023-09-05"},{"lineNumber":31,"author":{"gitId":"janelleenqi"},"content":"                System.out.println(\"Woohoo! You have accomplished:\");","lastModifiedDate":"2023-09-05"},{"lineNumber":32,"author":{"gitId":"janelleenqi"},"content":"                theList[taskNumber].markAsDone();","lastModifiedDate":"2023-09-05"},{"lineNumber":33,"author":{"gitId":"janelleenqi"},"content":"                theList[taskNumber].printTask();","lastModifiedDate":"2023-09-05"},{"lineNumber":34,"author":{"gitId":"janelleenqi"},"content":"","lastModifiedDate":"2023-09-05"},{"lineNumber":35,"author":{"gitId":"janelleenqi"},"content":"            } else if (words[0].equals(\"unmark\")) {","lastModifiedDate":"2023-09-05"},{"lineNumber":36,"author":{"gitId":"janelleenqi"},"content":"                int taskNumber \u003d Integer.parseInt(words[1]) - 1;","lastModifiedDate":"2023-09-05"},{"lineNumber":37,"author":{"gitId":"janelleenqi"},"content":"                System.out.println(\"HA! You still have to complete:\");","lastModifiedDate":"2023-09-05"},{"lineNumber":38,"author":{"gitId":"janelleenqi"},"content":"                theList[taskNumber].markAsIncomplete();","lastModifiedDate":"2023-09-05"},{"lineNumber":39,"author":{"gitId":"janelleenqi"},"content":"                theList[taskNumber].printTask();","lastModifiedDate":"2023-09-05"},{"lineNumber":40,"author":{"gitId":"janelleenqi"},"content":"","lastModifiedDate":"2023-09-05"},{"lineNumber":41,"author":{"gitId":"janelleenqi"},"content":"            } else {","lastModifiedDate":"2023-09-05"},{"lineNumber":42,"author":{"gitId":"janelleenqi"},"content":"                theList[counter] \u003d new Task(echo);","lastModifiedDate":"2023-09-05"},{"lineNumber":43,"author":{"gitId":"janelleenqi"},"content":"                System.out.println(\"added: \" + echo);","lastModifiedDate":"2023-09-05"},{"lineNumber":44,"author":{"gitId":"janelleenqi"},"content":"                counter +\u003d 1;","lastModifiedDate":"2023-09-05"},{"lineNumber":45,"author":{"gitId":"janelleenqi"},"content":"            }","lastModifiedDate":"2023-09-05"},{"lineNumber":46,"author":{"gitId":"janelleenqi"},"content":"","lastModifiedDate":"2023-09-05"},{"lineNumber":47,"author":{"gitId":"janelleenqi"},"content":"            echo \u003d userInput.nextLine();","lastModifiedDate":"2023-09-05"},{"lineNumber":48,"author":{"gitId":"janelleenqi"},"content":"        }","lastModifiedDate":"2023-09-04"},{"lineNumber":49,"author":{"gitId":"janelleenqi"},"content":"","lastModifiedDate":"2023-09-04"},{"lineNumber":50,"author":{"gitId":"janelleenqi"},"content":"        System.out.println(\"Bye. Hope to see you again soon!\");","lastModifiedDate":"2023-09-04"},{"lineNumber":51,"author":{"gitId":"janelleenqi"},"content":"","lastModifiedDate":"2023-09-04"},{"lineNumber":52,"author":{"gitId":"janelleenqi"},"content":"        userInput.close();","lastModifiedDate":"2023-09-05"},{"lineNumber":53,"author":{"gitId":"-"},"content":"    }","lastModifiedDate":"2019-07-29"},{"lineNumber":54,"author":{"gitId":"-"},"content":"}","lastModifiedDate":"2019-07-29"}],"authorContributionMap":{"janelleenqi":50,"-":4}},{"path":"src/main/java/Task.java","fileType":"java","lines":[{"lineNumber":1,"author":{"gitId":"janelleenqi"},"content":"public class Task {","lastModifiedDate":"2023-09-05"},{"lineNumber":2,"author":{"gitId":"janelleenqi"},"content":"    protected String taskName;","lastModifiedDate":"2023-09-05"},{"lineNumber":3,"author":{"gitId":"janelleenqi"},"content":"    protected boolean isDone;","lastModifiedDate":"2023-09-05"},{"lineNumber":4,"author":{"gitId":"janelleenqi"},"content":"","lastModifiedDate":"2023-09-05"},{"lineNumber":5,"author":{"gitId":"janelleenqi"},"content":"    public Task(String taskName) {","lastModifiedDate":"2023-09-05"},{"lineNumber":6,"author":{"gitId":"janelleenqi"},"content":"        this.taskName \u003d taskName;","lastModifiedDate":"2023-09-05"},{"lineNumber":7,"author":{"gitId":"janelleenqi"},"content":"        this.isDone \u003d false;","lastModifiedDate":"2023-09-05"},{"lineNumber":8,"author":{"gitId":"janelleenqi"},"content":"    }","lastModifiedDate":"2023-09-05"},{"lineNumber":9,"author":{"gitId":"janelleenqi"},"content":"","lastModifiedDate":"2023-09-05"},{"lineNumber":10,"author":{"gitId":"janelleenqi"},"content":"    public void printTask() {","lastModifiedDate":"2023-09-05"},{"lineNumber":11,"author":{"gitId":"janelleenqi"},"content":"        System.out.println(\"[\" + getStatusIcon() + \"] \" + taskName);","lastModifiedDate":"2023-09-05"},{"lineNumber":12,"author":{"gitId":"janelleenqi"},"content":"    }","lastModifiedDate":"2023-09-05"},{"lineNumber":13,"author":{"gitId":"janelleenqi"},"content":"","lastModifiedDate":"2023-09-05"},{"lineNumber":14,"author":{"gitId":"janelleenqi"},"content":"    public String getStatusIcon() {","lastModifiedDate":"2023-09-05"},{"lineNumber":15,"author":{"gitId":"janelleenqi"},"content":"        return (isDone ? \"X\" : \" \"); // mark done task with X","lastModifiedDate":"2023-09-05"},{"lineNumber":16,"author":{"gitId":"janelleenqi"},"content":"    }","lastModifiedDate":"2023-09-05"},{"lineNumber":17,"author":{"gitId":"janelleenqi"},"content":"","lastModifiedDate":"2023-09-05"},{"lineNumber":18,"author":{"gitId":"janelleenqi"},"content":"    public void markAsDone() {","lastModifiedDate":"2023-09-05"},{"lineNumber":19,"author":{"gitId":"janelleenqi"},"content":"        isDone \u003d true;","lastModifiedDate":"2023-09-05"},{"lineNumber":20,"author":{"gitId":"janelleenqi"},"content":"    }","lastModifiedDate":"2023-09-05"},{"lineNumber":21,"author":{"gitId":"janelleenqi"},"content":"","lastModifiedDate":"2023-09-05"},{"lineNumber":22,"author":{"gitId":"janelleenqi"},"content":"    public void markAsIncomplete() {","lastModifiedDate":"2023-09-05"},{"lineNumber":23,"author":{"gitId":"janelleenqi"},"content":"        isDone \u003d false;","lastModifiedDate":"2023-09-05"},{"lineNumber":24,"author":{"gitId":"janelleenqi"},"content":"    }","lastModifiedDate":"2023-09-05"},{"lineNumber":25,"author":{"gitId":"janelleenqi"},"content":"","lastModifiedDate":"2023-09-05"},{"lineNumber":26,"author":{"gitId":"janelleenqi"},"content":"    //...","lastModifiedDate":"2023-09-05"},{"lineNumber":27,"author":{"gitId":"janelleenqi"},"content":"}","lastModifiedDate":"2023-09-05"}],"authorContributionMap":{"janelleenqi":27}}]
