{"authorDailyContributionsMap":{"janelleenqi":[{"date":"2023-09-04","commitResults":[{"hash":"a4564e4f57e952f108d309d08b125152f9243679","isMergeCommit":false,"messageTitle":"rename \"Duke\" to \"Luke\", and added greetings","messageBody":"","fileTypesAndContributionMap":{"java":{"insertions":10,"deletions":3}}},{"hash":"860d8788728b2d3dabc1f8e7636e765eaccda6c3","isMergeCommit":false,"messageTitle":"add echo feature","messageBody":"","fileTypesAndContributionMap":{"java":{"insertions":13,"deletions":5}}}]},{"date":"2023-09-05","commitResults":[{"hash":"35b72fcb51bd055676b7de8755d68a1fd6f86246","isMergeCommit":false,"messageTitle":"add features (add, list but reverse)","messageBody":"","fileTypesAndContributionMap":{"java":{"insertions":19,"deletions":1}}},{"hash":"5fc8ba6f5f76778df0cb83d3efeb1684a31d027d","isMergeCommit":false,"messageTitle":"amend features (add, list)","messageBody":"","fileTypesAndContributionMap":{"java":{"insertions":6,"deletions":14}}},{"hash":"8e0282308b1369693157aed36676b840eaf6547f","isMergeCommit":false,"messageTitle":"add feature (mark as done)","messageBody":"","fileTypesAndContributionMap":{"java":{"insertions":44,"deletions":3}}},{"hash":"6b19f57edf777d2730d2613e88f25968f06b3efe","isMergeCommit":false,"messageTitle":"tweaks to follow naming conventions","messageBody":"","fileTypesAndContributionMap":{"java":{"insertions":16,"deletions":11}}}]},{"date":"2023-09-08","commitResults":[{"hash":"aebc096bf7c74560045d22ad57b75ebb80ec02d9","isMergeCommit":false,"messageTitle":"Added three different task types (ToDos, Events, Deadlines)","messageBody":"","fileTypesAndContributionMap":{"java":{"insertions":183,"deletions":38}}},{"hash":"17570b2ac876d00293a5ad4848fa7f688e8629b0","isMergeCommit":false,"messageTitle":"Added three different task types (ToDos, Events, Deadlines)","messageBody":"","fileTypesAndContributionMap":{"java":{"insertions":23,"deletions":32}}},{"hash":"10bcaaeb989798a2ee94d303127e38d447498b38","isMergeCommit":false,"messageTitle":"Added three different task types (ToDos, Events, Deadlines)","messageBody":"","fileTypesAndContributionMap":{"java":{"insertions":0,"deletions":3}}},{"hash":"b503333370692582e75ee2d1edd098f67ffe89af","isMergeCommit":false,"messageTitle":"Added three different task types (ToDos, Events, Deadlines)","messageBody":"","fileTypesAndContributionMap":{"java":{"insertions":3,"deletions":3}}},{"hash":"5bae0159a025e1b8784d4b31fa41b205c5225df7","isMergeCommit":false,"messageTitle":"Added Text-UI-Testing","messageBody":"","fileTypesAndContributionMap":{"txt":{"insertions":7,"deletions":0},"java":{"insertions":3,"deletions":3},"sh":{"insertions":5,"deletions":4}}}]},{"date":"2023-09-10","commitResults":[{"hash":"2702b6eb13a2965bdcabb6ee3851fa9bbc40fc5e","isMergeCommit":false,"messageTitle":"Revise formatting, Implement enum \u0026 switch","messageBody":"","fileTypesAndContributionMap":{"java":{"insertions":72,"deletions":65}}}]},{"date":"2023-09-18","commitResults":[{"hash":"77966913f184f3c4f092e56a37038ac4d2b287ab","isMergeCommit":false,"messageTitle":"make Task an abstract task","messageBody":"","fileTypesAndContributionMap":{"java":{"insertions":1,"deletions":1}}},{"hash":"39b457ca27a98279c0505755cd508591986154b9","isMergeCommit":false,"messageTitle":"fix lines spaced part 2","messageBody":"","fileTypesAndContributionMap":{"java":{"insertions":2,"deletions":5}}},{"hash":"573e246ef08459ce7c86d20f1b984907d63f4075","isMergeCommit":false,"messageTitle":"fix lines spaced part 2","messageBody":"","fileTypesAndContributionMap":{"java":{"insertions":0,"deletions":4}}}]},{"date":"2023-09-19","commitResults":[{"hash":"bf1f72bf9b390154d1848a6435d310156dee98b3","isMergeCommit":false,"messageTitle":"remove unnecessary line","messageBody":"","fileTypesAndContributionMap":{"java":{"insertions":0,"deletions":1}}},{"hash":"7087e36f3109d1f4bed4ce38e7282eb624d6340c","isMergeCommit":false,"messageTitle":"IntelliJ recommendations","messageBody":"","fileTypesAndContributionMap":{"java":{"insertions":21,"deletions":23}}}]},{"date":"2023-09-20","commitResults":[{"hash":"0609792bfa807a8896ed12ee8da39e1c4dff442f","isMergeCommit":false,"messageTitle":"add some try-catch blocks","messageBody":"","fileTypesAndContributionMap":{"java":{"insertions":120,"deletions":93}}},{"hash":"e41f732c124a65f229e025c620341fca93e9af0e","isMergeCommit":false,"messageTitle":"add some try-catch blocks and throw-catch blocks","messageBody":"","fileTypesAndContributionMap":{"java":{"insertions":20,"deletions":9}}},{"hash":"6c7aeb7a987de7212c089b0b50ce78e393e00183","isMergeCommit":false,"messageTitle":"add try-catch blocks and throw-catch blocks for random words","messageBody":"","fileTypesAndContributionMap":{"java":{"insertions":78,"deletions":69}}},{"hash":"43207212b8e196ca2595bacccee7e76b19804d34","isMergeCommit":false,"messageTitle":"change to more specific error message lines","messageBody":"","fileTypesAndContributionMap":{"java":{"insertions":89,"deletions":76}}},{"hash":"f6e4a2db6e7ea57feaf03380822866216c16657e","isMergeCommit":false,"messageTitle":"change to even more specific error message lines and fix list error","messageBody":"","fileTypesAndContributionMap":{"java":{"insertions":64,"deletions":71}}}]},{"date":"2023-09-21","commitResults":[{"hash":"5dc30d9002e7f5654f72f574af227c06a1a8c711","isMergeCommit":false,"messageTitle":"throw error if deadline format is wrong","messageBody":"","fileTypesAndContributionMap":{"java":{"insertions":12,"deletions":8}}},{"hash":"e0a2e01bd7677a9b7df30e6549b89a9818a87a75","isMergeCommit":false,"messageTitle":"throw error if event format is wrong","messageBody":"","fileTypesAndContributionMap":{"java":{"insertions":19,"deletions":7}}},{"hash":"3eb76bc89e086827d11efb041801320be33f866a","isMergeCommit":true,"messageTitle":"Merge branch \u0027branch-Level-5\u0027 Level-5","messageBody":"","fileTypesAndContributionMap":{}},{"hash":"25200f018cf6f9d2198e677627d417b79410629c","isMergeCommit":false,"messageTitle":"divide classes into packages","messageBody":"","fileTypesAndContributionMap":{"java":{"insertions":17,"deletions":0}}},{"hash":"746312fad263e232ba7c600d54c1ed006e0f4e31","isMergeCommit":false,"messageTitle":"fix lines","messageBody":"","fileTypesAndContributionMap":{"java":{"insertions":1,"deletions":1}}},{"hash":"37b5bb11be3652315c5338063b17d6a30ccf4258","isMergeCommit":true,"messageTitle":"Merge branch \u0027branch-A-packages\u0027","messageBody":"","tags":["A-Jar"],"fileTypesAndContributionMap":{}},{"hash":"ed9f860920ded57feedf8fee42a5337bbb9e6b9c","isMergeCommit":false,"messageTitle":"use java collection classes, add \"delete\" action","messageBody":"","fileTypesAndContributionMap":{"java":{"insertions":37,"deletions":13}}},{"hash":"022d97d998248ebc123267e7b24b9be54ae939b0","isMergeCommit":false,"messageTitle":"(notes: errors exist) adding memory storage using txt file","messageBody":"","fileTypesAndContributionMap":{"java":{"insertions":29,"deletions":0}}},{"hash":"36fcba83e04a6810dde7f9c1d81f7873a1b685a0","isMergeCommit":false,"messageTitle":"write new memory into memory.txt, ignore META-INF folder","messageBody":"","fileTypesAndContributionMap":{"java":{"insertions":61,"deletions":24}}},{"hash":"af7f54cf567df193a38654d3fb868811aa05df87","isMergeCommit":false,"messageTitle":"(still needs fixing) add read ability from existing file","messageBody":"","fileTypesAndContributionMap":{"java":{"insertions":98,"deletions":16}}},{"hash":"0437cfba8f94df22e58c58a6f342ad1266ef1923","isMergeCommit":false,"messageTitle":"(still needs fixing) able to read from file and write to file but unable to use file data","messageBody":"","fileTypesAndContributionMap":{"java":{"insertions":13,"deletions":12}}},{"hash":"52f898ddc089e989ded89d537e5f4228973b6d88","isMergeCommit":true,"messageTitle":"Merge branch \u0027branch-Level-6\u0027","messageBody":"","fileTypesAndContributionMap":{}},{"hash":"39ad792eaee3e8e7db587a3bd1a07309cb6fe94e","isMergeCommit":true,"messageTitle":"resolved conflicts (same errors of can read, can write, but cannot use file data)","messageBody":"","fileTypesAndContributionMap":{}},{"hash":"652c9b29504a74b2ac3d4f84eb278bc96a873b8e","isMergeCommit":false,"messageTitle":"can use file data","messageBody":"","fileTypesAndContributionMap":{"java":{"insertions":16,"deletions":21}}}]}]},"authorFileTypeContributionMap":{"janelleenqi":{"java":471,"md":0,"fxml":0,"sh":5,"bat":0,"gradle":0,"txt":7}},"authorContributionVariance":{"janelleenqi":19466.076},"authorDisplayNameMap":{"janelleenqi":"CS2113-T17-4 LIOW..ELLE"}}
