{"authorDailyContributionsMap":{"DavinciDelta":[{"date":"2023-08-26","commitResults":[{"hash":"cd2feb643f280f6ec1617ff92754d7b332e21d13","isMergeCommit":false,"messageTitle":"Add Increment: Level-0","messageBody":"Renamed the project and added in greeting and exit statements\n","tags":["Level-0"],"fileTypesAndContributionMap":{"java":{"insertions":3,"deletions":6}}},{"hash":"c4febfab81d799c1206062c6a7f3497617144352","isMergeCommit":false,"messageTitle":"Add Increments: Level-1","messageBody":"Allow chatbot to echo user input, provide characteristics to chatbot\n","tags":["Level-1"],"fileTypesAndContributionMap":{"java":{"insertions":19,"deletions":2}}}]},{"date":"2023-08-28","commitResults":[{"hash":"c3870cae9103aa43094e265f233f0ecac256ffde","isMergeCommit":false,"messageTitle":"Update Duke.java","messageBody":"Changed the name of the class from Duke to Chatbot for easier reference and seperated out the process function to another class\n","fileTypesAndContributionMap":{"java":{"insertions":10,"deletions":7}}},{"hash":"374595ff242abd5be3c64e1ea596015f4f0fc4a6","isMergeCommit":false,"messageTitle":" Add Increments: Level-2","messageBody":"Added new class Task, added a list to ResponseProcessor and new functions to it\n","tags":["Level-2"],"fileTypesAndContributionMap":{"java":{"insertions":40,"deletions":1}}}]},{"date":"2023-09-04","commitResults":[{"hash":"1669000266a3f710d2910e58526756c308afce46","isMergeCommit":false,"messageTitle":"Add Increments Level-3: Mark as Done","messageBody":"Added the mark and unmark functions to the chatbot\n\nIncluded checks for number validity\n","tags":["Level-3","A-CodingStandard"],"fileTypesAndContributionMap":{"java":{"insertions":51,"deletions":6}}}]},{"date":"2023-09-06","commitResults":[{"hash":"10ab650839b431a88f43b9b8fd53bdcf987f3402","isMergeCommit":false,"messageTitle":"Updata Task.java","messageBody":"","fileTypesAndContributionMap":{"java":{"insertions":2,"deletions":2}}}]},{"date":"2023-09-08","commitResults":[{"hash":"8f87649a5e35c9b18de5c2acb16ad441fb87c03b","isMergeCommit":false,"messageTitle":"Add Increments: Level-4","messageBody":"Implement ToDos, Events and Deadline classes\n\nSegregate the response processing and task processing\n","tags":["Level-4","A-CodeQuality"],"fileTypesAndContributionMap":{"java":{"insertions":173,"deletions":31}}}]},{"date":"2023-09-09","commitResults":[{"hash":"c69db331b80bdbe7d717eb54b5a153442c7c57f3","isMergeCommit":false,"messageTitle":"Improve code structure","messageBody":"Added hashmap for commands, seperate each command into a different class\n","tags":["A-Packages"],"fileTypesAndContributionMap":{"java":{"insertions":290,"deletions":179}}}]},{"date":"2023-09-11","commitResults":[{"hash":"9014bba4382cbceb631c7f858fad265b392d8625","isMergeCommit":false,"messageTitle":"Add Increments: Level-5","messageBody":"Added more error handling and input output txt files\n","tags":["Level-5","A-TextUiTesting","A-Exceptions"],"fileTypesAndContributionMap":{"txt":{"insertions":18,"deletions":0},"java":{"insertions":51,"deletions":48},"bat":{"insertions":1,"deletions":1}}}]},{"date":"2023-09-15","commitResults":[{"hash":"f3b1e6aab694545f233246b2a65c2bdb8e168a0f","isMergeCommit":true,"messageTitle":"Merge pull request #1 from DavinciDelta/branch-Level-5","messageBody":"Add Increments: Level-5","fileTypesAndContributionMap":{}}]},{"date":"2023-09-19","commitResults":[{"hash":"f32e679e5e242814963921ad6f76a11cf2590156","isMergeCommit":false,"messageTitle":"Add Increments: Level-6","messageBody":"Added the delete function into the chatbot\n\nIncluded enable and disable ascii art command\n","tags":["Level-6","A-Collections"],"fileTypesAndContributionMap":{"txt":{"insertions":1,"deletions":0},"java":{"insertions":96,"deletions":26},"bat":{"insertions":2,"deletions":2}}}]},{"date":"2023-09-20","commitResults":[{"hash":"01da1b14353089847992380dead4a47c4a8b3c2c","isMergeCommit":false,"messageTitle":"Add Increments: Level-7","messageBody":"Added the save and load file classes and functions\n","tags":["Level-7"],"fileTypesAndContributionMap":{"txt":{"insertions":3,"deletions":0},"java":{"insertions":114,"deletions":0}}},{"hash":"fdb05355dd732f5edc4ce8e78b9f04ed78fa162b","isMergeCommit":true,"messageTitle":"Merge branch \u0027branch-Level-7\u0027","messageBody":"","fileTypesAndContributionMap":{}},{"hash":"c745d6607917f006e4b61092d37c368bb7595281","isMergeCommit":false,"messageTitle":"Add Increments: A-Jar","messageBody":"Packaged the app as an executable JAR file\n","tags":["A-Jar"],"fileTypesAndContributionMap":{"java":{"insertions":18,"deletions":4}}}]}]},"authorFileTypeContributionMap":{"DavinciDelta":{"java":563,"md":0,"fxml":0,"sh":0,"bat":1,"gradle":0,"txt":22}},"authorContributionVariance":{"DavinciDelta":8113.7793},"authorDisplayNameMap":{"DavinciDelta":"CS2113T-W11-1 WU X..NGYU"}}
