[{"path":"src/main/java/Deadline.java","fileType":"java","lines":[{"lineNumber":1,"author":{"gitId":"vvhuiling"},"content":"public class Deadline extends Task {","lastModifiedDate":"2023-09-07"},{"lineNumber":2,"author":{"gitId":"vvhuiling"},"content":"    protected String dueDate;","lastModifiedDate":"2023-09-07"},{"lineNumber":3,"author":{"gitId":"vvhuiling"},"content":"","lastModifiedDate":"2023-09-07"},{"lineNumber":4,"author":{"gitId":"vvhuiling"},"content":"    public Deadline(String description, String dueDate) {","lastModifiedDate":"2023-09-07"},{"lineNumber":5,"author":{"gitId":"vvhuiling"},"content":"        super(description);","lastModifiedDate":"2023-09-07"},{"lineNumber":6,"author":{"gitId":"vvhuiling"},"content":"        this.dueDate \u003d dueDate;","lastModifiedDate":"2023-09-07"},{"lineNumber":7,"author":{"gitId":"vvhuiling"},"content":"    }","lastModifiedDate":"2023-09-07"},{"lineNumber":8,"author":{"gitId":"vvhuiling"},"content":"","lastModifiedDate":"2023-09-07"},{"lineNumber":9,"author":{"gitId":"vvhuiling"},"content":"    public String getDueDate(){","lastModifiedDate":"2023-09-07"},{"lineNumber":10,"author":{"gitId":"vvhuiling"},"content":"        return dueDate;","lastModifiedDate":"2023-09-07"},{"lineNumber":11,"author":{"gitId":"vvhuiling"},"content":"    }","lastModifiedDate":"2023-09-07"},{"lineNumber":12,"author":{"gitId":"vvhuiling"},"content":"","lastModifiedDate":"2023-09-07"},{"lineNumber":13,"author":{"gitId":"vvhuiling"},"content":"    @Override","lastModifiedDate":"2023-09-07"},{"lineNumber":14,"author":{"gitId":"vvhuiling"},"content":"    public String getType(){","lastModifiedDate":"2023-09-07"},{"lineNumber":15,"author":{"gitId":"vvhuiling"},"content":"        return \"[D]\";","lastModifiedDate":"2023-09-07"},{"lineNumber":16,"author":{"gitId":"vvhuiling"},"content":"    }","lastModifiedDate":"2023-09-07"},{"lineNumber":17,"author":{"gitId":"vvhuiling"},"content":"}","lastModifiedDate":"2023-09-07"},{"lineNumber":18,"author":{"gitId":"vvhuiling"},"content":"","lastModifiedDate":"2023-09-07"}],"authorContributionMap":{"vvhuiling":18}},{"path":"src/main/java/Event.java","fileType":"java","lines":[{"lineNumber":1,"author":{"gitId":"vvhuiling"},"content":"public class Event extends Task{","lastModifiedDate":"2023-09-07"},{"lineNumber":2,"author":{"gitId":"vvhuiling"},"content":"    protected String start;","lastModifiedDate":"2023-09-07"},{"lineNumber":3,"author":{"gitId":"vvhuiling"},"content":"    protected String end;","lastModifiedDate":"2023-09-07"},{"lineNumber":4,"author":{"gitId":"vvhuiling"},"content":"","lastModifiedDate":"2023-09-07"},{"lineNumber":5,"author":{"gitId":"vvhuiling"},"content":"    public Event(String description, String start, String end){","lastModifiedDate":"2023-09-07"},{"lineNumber":6,"author":{"gitId":"vvhuiling"},"content":"        super(description);","lastModifiedDate":"2023-09-07"},{"lineNumber":7,"author":{"gitId":"vvhuiling"},"content":"        this.start \u003d start;","lastModifiedDate":"2023-09-07"},{"lineNumber":8,"author":{"gitId":"vvhuiling"},"content":"        this.end \u003d end;","lastModifiedDate":"2023-09-07"},{"lineNumber":9,"author":{"gitId":"vvhuiling"},"content":"    }","lastModifiedDate":"2023-09-07"},{"lineNumber":10,"author":{"gitId":"vvhuiling"},"content":"","lastModifiedDate":"2023-09-07"},{"lineNumber":11,"author":{"gitId":"vvhuiling"},"content":"    public String getStart() {","lastModifiedDate":"2023-09-07"},{"lineNumber":12,"author":{"gitId":"vvhuiling"},"content":"        return start;","lastModifiedDate":"2023-09-07"},{"lineNumber":13,"author":{"gitId":"vvhuiling"},"content":"    }","lastModifiedDate":"2023-09-07"},{"lineNumber":14,"author":{"gitId":"vvhuiling"},"content":"","lastModifiedDate":"2023-09-07"},{"lineNumber":15,"author":{"gitId":"vvhuiling"},"content":"    public String getEnd() {","lastModifiedDate":"2023-09-07"},{"lineNumber":16,"author":{"gitId":"vvhuiling"},"content":"        return end;","lastModifiedDate":"2023-09-07"},{"lineNumber":17,"author":{"gitId":"vvhuiling"},"content":"    }","lastModifiedDate":"2023-09-07"},{"lineNumber":18,"author":{"gitId":"vvhuiling"},"content":"","lastModifiedDate":"2023-09-07"},{"lineNumber":19,"author":{"gitId":"vvhuiling"},"content":"    @Override","lastModifiedDate":"2023-09-07"},{"lineNumber":20,"author":{"gitId":"vvhuiling"},"content":"    public String getType(){","lastModifiedDate":"2023-09-07"},{"lineNumber":21,"author":{"gitId":"vvhuiling"},"content":"        return \"[E]\";","lastModifiedDate":"2023-09-07"},{"lineNumber":22,"author":{"gitId":"vvhuiling"},"content":"    }","lastModifiedDate":"2023-09-07"},{"lineNumber":23,"author":{"gitId":"vvhuiling"},"content":"}","lastModifiedDate":"2023-09-07"}],"authorContributionMap":{"vvhuiling":23}},{"path":"src/main/java/Sun.java","fileType":"java","lines":[{"lineNumber":1,"author":{"gitId":"vvhuiling"},"content":"import java.util.Scanner;","lastModifiedDate":"2023-08-31"},{"lineNumber":2,"author":{"gitId":"vvhuiling"},"content":"public class Sun {","lastModifiedDate":"2023-08-24"},{"lineNumber":3,"author":{"gitId":"vvhuiling"},"content":"    public static void main(String[] args) {","lastModifiedDate":"2023-08-24"},{"lineNumber":4,"author":{"gitId":"vvhuiling"},"content":"        String logo \u003d \" ____               \\n\"","lastModifiedDate":"2023-08-24"},{"lineNumber":5,"author":{"gitId":"vvhuiling"},"content":"                    + \"| ___| _   _  ______ \\n\"","lastModifiedDate":"2023-08-24"},{"lineNumber":6,"author":{"gitId":"vvhuiling"},"content":"                    + \"| \\\\__ | | | || /--\\\\ |\\n\"","lastModifiedDate":"2023-08-24"},{"lineNumber":7,"author":{"gitId":"vvhuiling"},"content":"                    + \" \\\\___|| |_| || |  | |\\n\"","lastModifiedDate":"2023-08-24"},{"lineNumber":8,"author":{"gitId":"vvhuiling"},"content":"                    + \"/____/ \\\\__,_||_|  |_|\\n\";","lastModifiedDate":"2023-08-24"},{"lineNumber":9,"author":{"gitId":"vvhuiling"},"content":"        System.out.println(\"Hello from\\n\" + logo);","lastModifiedDate":"2023-08-24"},{"lineNumber":10,"author":{"gitId":"vvhuiling"},"content":"        System.out.println(\"____________________________________________________________\");","lastModifiedDate":"2023-08-24"},{"lineNumber":11,"author":{"gitId":"vvhuiling"},"content":"        System.out.println(\"Hello! I\u0027m Sun!\");","lastModifiedDate":"2023-08-24"},{"lineNumber":12,"author":{"gitId":"vvhuiling"},"content":"        System.out.println(\"What can I do for you?\");","lastModifiedDate":"2023-08-24"},{"lineNumber":13,"author":{"gitId":"vvhuiling"},"content":"        System.out.println(\"____________________________________________________________\");","lastModifiedDate":"2023-08-24"},{"lineNumber":14,"author":{"gitId":"vvhuiling"},"content":"        Scanner scanner \u003d new Scanner(System.in);","lastModifiedDate":"2023-08-31"},{"lineNumber":15,"author":{"gitId":"vvhuiling"},"content":"        Task[] tasks \u003d new Task[100];","lastModifiedDate":"2023-08-31"},{"lineNumber":16,"author":{"gitId":"vvhuiling"},"content":"        int taskCount \u003d 0;","lastModifiedDate":"2023-08-31"},{"lineNumber":17,"author":{"gitId":"vvhuiling"},"content":"        String command;","lastModifiedDate":"2023-08-31"},{"lineNumber":18,"author":{"gitId":"vvhuiling"},"content":"        do{","lastModifiedDate":"2023-08-31"},{"lineNumber":19,"author":{"gitId":"vvhuiling"},"content":"            command \u003d scanner.nextLine();","lastModifiedDate":"2023-08-31"},{"lineNumber":20,"author":{"gitId":"vvhuiling"},"content":"","lastModifiedDate":"2023-08-31"},{"lineNumber":21,"author":{"gitId":"vvhuiling"},"content":"            if (!command.equals(\"bye\")) {","lastModifiedDate":"2023-08-31"},{"lineNumber":22,"author":{"gitId":"vvhuiling"},"content":"                if (command.equals(\"list\")) {","lastModifiedDate":"2023-08-31"},{"lineNumber":23,"author":{"gitId":"vvhuiling"},"content":"                    System.out.println(\"____________________________________________________________\");","lastModifiedDate":"2023-08-31"},{"lineNumber":24,"author":{"gitId":"vvhuiling"},"content":"                    System.out.println(\"Here are the tasks in your list:\");","lastModifiedDate":"2023-08-31"},{"lineNumber":25,"author":{"gitId":"vvhuiling"},"content":"                    for (int i \u003d 0; i \u003c taskCount; i++) {","lastModifiedDate":"2023-08-31"},{"lineNumber":26,"author":{"gitId":"vvhuiling"},"content":"                        System.out.println((i + 1) + \".\" + tasks[i].getType()","lastModifiedDate":"2023-09-07"},{"lineNumber":27,"author":{"gitId":"vvhuiling"},"content":"                                +  tasks[i].getStatus() + \" \"+ tasks[i].description);","lastModifiedDate":"2023-09-07"},{"lineNumber":28,"author":{"gitId":"vvhuiling"},"content":"                    }","lastModifiedDate":"2023-08-31"},{"lineNumber":29,"author":{"gitId":"vvhuiling"},"content":"                    System.out.println(\"____________________________________________________________\");","lastModifiedDate":"2023-08-31"},{"lineNumber":30,"author":{"gitId":"vvhuiling"},"content":"                } else if (command.startsWith(\"mark \")) {","lastModifiedDate":"2023-08-31"},{"lineNumber":31,"author":{"gitId":"vvhuiling"},"content":"                    int taskIndex \u003d Integer.parseInt(command.substring(5)) - 1;","lastModifiedDate":"2023-08-31"},{"lineNumber":32,"author":{"gitId":"vvhuiling"},"content":"                    if (taskIndex \u003e\u003d 0 \u0026\u0026 taskIndex \u003c taskCount) {","lastModifiedDate":"2023-08-31"},{"lineNumber":33,"author":{"gitId":"vvhuiling"},"content":"                        tasks[taskIndex].markAsDone();","lastModifiedDate":"2023-08-31"},{"lineNumber":34,"author":{"gitId":"vvhuiling"},"content":"                        System.out.println(\"____________________________________________________________\");","lastModifiedDate":"2023-08-31"},{"lineNumber":35,"author":{"gitId":"vvhuiling"},"content":"                        System.out.println(\"Nice! I\u0027ve marked this task as done:\");","lastModifiedDate":"2023-08-31"},{"lineNumber":36,"author":{"gitId":"vvhuiling"},"content":"                        System.out.println(\"  \" + tasks[taskIndex].getType() +","lastModifiedDate":"2023-09-07"},{"lineNumber":37,"author":{"gitId":"vvhuiling"},"content":"                                tasks[taskIndex].getStatus() + \" \" + tasks[taskIndex].description);","lastModifiedDate":"2023-09-07"},{"lineNumber":38,"author":{"gitId":"vvhuiling"},"content":"                        System.out.println(\"____________________________________________________________\");","lastModifiedDate":"2023-08-31"},{"lineNumber":39,"author":{"gitId":"vvhuiling"},"content":"                    }","lastModifiedDate":"2023-08-31"},{"lineNumber":40,"author":{"gitId":"vvhuiling"},"content":"                } else if (command.startsWith(\"unmark \")) {","lastModifiedDate":"2023-08-31"},{"lineNumber":41,"author":{"gitId":"vvhuiling"},"content":"                    int taskIndex \u003d Integer.parseInt(command.substring(7)) - 1;","lastModifiedDate":"2023-08-31"},{"lineNumber":42,"author":{"gitId":"vvhuiling"},"content":"                    if (taskIndex \u003e\u003d 0 \u0026\u0026 taskIndex \u003c taskCount) {","lastModifiedDate":"2023-08-31"},{"lineNumber":43,"author":{"gitId":"vvhuiling"},"content":"                        tasks[taskIndex].markAsNotDone();","lastModifiedDate":"2023-08-31"},{"lineNumber":44,"author":{"gitId":"vvhuiling"},"content":"                        System.out.println(\"____________________________________________________________\");","lastModifiedDate":"2023-08-31"},{"lineNumber":45,"author":{"gitId":"vvhuiling"},"content":"                        System.out.println(\"OK, I\u0027ve marked this task as not done yet:\");","lastModifiedDate":"2023-08-31"},{"lineNumber":46,"author":{"gitId":"vvhuiling"},"content":"                        System.out.println(\"  \" + tasks[taskIndex].getType() +","lastModifiedDate":"2023-09-07"},{"lineNumber":47,"author":{"gitId":"vvhuiling"},"content":"                                tasks[taskIndex].getStatus() + \" \" + tasks[taskIndex].description);","lastModifiedDate":"2023-09-07"},{"lineNumber":48,"author":{"gitId":"vvhuiling"},"content":"                        System.out.println(\"____________________________________________________________\");","lastModifiedDate":"2023-08-31"},{"lineNumber":49,"author":{"gitId":"vvhuiling"},"content":"                    }","lastModifiedDate":"2023-08-31"},{"lineNumber":50,"author":{"gitId":"vvhuiling"},"content":"                } else if (command.startsWith(\"todo \")){","lastModifiedDate":"2023-09-07"},{"lineNumber":51,"author":{"gitId":"vvhuiling"},"content":"                    Todo todoTask \u003d new Todo(command);","lastModifiedDate":"2023-09-07"},{"lineNumber":52,"author":{"gitId":"vvhuiling"},"content":"                    tasks[taskCount] \u003d todoTask;","lastModifiedDate":"2023-09-07"},{"lineNumber":53,"author":{"gitId":"vvhuiling"},"content":"                    taskCount++;","lastModifiedDate":"2023-08-31"},{"lineNumber":54,"author":{"gitId":"vvhuiling"},"content":"                    System.out.println(\"____________________________________________________________\");","lastModifiedDate":"2023-08-31"},{"lineNumber":55,"author":{"gitId":"vvhuiling"},"content":"                    System.out.println(\"Got it. I\u0027ve added this task:\");","lastModifiedDate":"2023-09-07"},{"lineNumber":56,"author":{"gitId":"vvhuiling"},"content":"                    System.out.println(todoTask.getType() +  todoTask.getStatus() + \" \"+ todoTask.description);","lastModifiedDate":"2023-09-07"},{"lineNumber":57,"author":{"gitId":"vvhuiling"},"content":"                    System.out.println(\"Now you have \" + taskCount + \" tasks in the list.\");","lastModifiedDate":"2023-09-07"},{"lineNumber":58,"author":{"gitId":"vvhuiling"},"content":"                    System.out.println(\"____________________________________________________________\");","lastModifiedDate":"2023-09-07"},{"lineNumber":59,"author":{"gitId":"vvhuiling"},"content":"                }else if (command.startsWith(\"deadline \")){","lastModifiedDate":"2023-09-07"},{"lineNumber":60,"author":{"gitId":"vvhuiling"},"content":"                    String deadlineCommand \u003d command.substring(9);","lastModifiedDate":"2023-09-07"},{"lineNumber":61,"author":{"gitId":"vvhuiling"},"content":"                    String[] parts \u003d deadlineCommand.split(\"/by\");","lastModifiedDate":"2023-09-07"},{"lineNumber":62,"author":{"gitId":"vvhuiling"},"content":"                    Deadline deadlineTask \u003d new Deadline(parts[0].trim(), parts[1].trim());","lastModifiedDate":"2023-09-07"},{"lineNumber":63,"author":{"gitId":"vvhuiling"},"content":"                    tasks[taskCount] \u003d deadlineTask;","lastModifiedDate":"2023-09-07"},{"lineNumber":64,"author":{"gitId":"vvhuiling"},"content":"                    taskCount++;","lastModifiedDate":"2023-09-07"},{"lineNumber":65,"author":{"gitId":"vvhuiling"},"content":"                    System.out.println(\"____________________________________________________________\");","lastModifiedDate":"2023-09-07"},{"lineNumber":66,"author":{"gitId":"vvhuiling"},"content":"                    System.out.println(\"Got it. I\u0027ve added this task:\");","lastModifiedDate":"2023-09-07"},{"lineNumber":67,"author":{"gitId":"vvhuiling"},"content":"                    System.out.println(deadlineTask.getType() + deadlineTask.getStatus() + \" \" + deadlineTask.description +","lastModifiedDate":"2023-09-07"},{"lineNumber":68,"author":{"gitId":"vvhuiling"},"content":"                            \" (by: \" + deadlineTask.getDueDate() + \")\");","lastModifiedDate":"2023-09-07"},{"lineNumber":69,"author":{"gitId":"vvhuiling"},"content":"                    System.out.println(\"Now you have \" + taskCount + \" tasks in the list.\");","lastModifiedDate":"2023-09-07"},{"lineNumber":70,"author":{"gitId":"vvhuiling"},"content":"                    System.out.println(\"____________________________________________________________\");","lastModifiedDate":"2023-09-07"},{"lineNumber":71,"author":{"gitId":"vvhuiling"},"content":"                }else if (command.startsWith(\"event \")){","lastModifiedDate":"2023-09-07"},{"lineNumber":72,"author":{"gitId":"vvhuiling"},"content":"                    String deadlineCommand \u003d command.substring(6);","lastModifiedDate":"2023-09-07"},{"lineNumber":73,"author":{"gitId":"vvhuiling"},"content":"                    String[] parts \u003d deadlineCommand.split(\"/from|/to\", 3);","lastModifiedDate":"2023-09-07"},{"lineNumber":74,"author":{"gitId":"vvhuiling"},"content":"                    Event eventTask \u003d new Event(parts[0].trim(), parts[1].trim(), parts[2].trim());","lastModifiedDate":"2023-09-07"},{"lineNumber":75,"author":{"gitId":"vvhuiling"},"content":"                    tasks[taskCount] \u003d eventTask;","lastModifiedDate":"2023-09-07"},{"lineNumber":76,"author":{"gitId":"vvhuiling"},"content":"                    taskCount++;","lastModifiedDate":"2023-09-07"},{"lineNumber":77,"author":{"gitId":"vvhuiling"},"content":"                    System.out.println(\"____________________________________________________________\");","lastModifiedDate":"2023-09-07"},{"lineNumber":78,"author":{"gitId":"vvhuiling"},"content":"                    System.out.println(\"Got it. I\u0027ve added this task:\");","lastModifiedDate":"2023-09-07"},{"lineNumber":79,"author":{"gitId":"vvhuiling"},"content":"                    System.out.println(eventTask.getType() + eventTask.getStatus() + \" \" + eventTask.description +","lastModifiedDate":"2023-09-07"},{"lineNumber":80,"author":{"gitId":"vvhuiling"},"content":"                            \" (from: \" + eventTask.getStart() + \" to: \" + eventTask.getEnd() + \")\");","lastModifiedDate":"2023-09-07"},{"lineNumber":81,"author":{"gitId":"vvhuiling"},"content":"                    System.out.println(\"Now you have \" + taskCount + \" tasks in the list.\");","lastModifiedDate":"2023-09-07"},{"lineNumber":82,"author":{"gitId":"vvhuiling"},"content":"                    System.out.println(\"____________________________________________________________\");","lastModifiedDate":"2023-08-31"},{"lineNumber":83,"author":{"gitId":"vvhuiling"},"content":"                }","lastModifiedDate":"2023-08-31"},{"lineNumber":84,"author":{"gitId":"vvhuiling"},"content":"            }","lastModifiedDate":"2023-08-31"},{"lineNumber":85,"author":{"gitId":"vvhuiling"},"content":"        } while (!command.equals(\"bye\"));","lastModifiedDate":"2023-08-31"},{"lineNumber":86,"author":{"gitId":"vvhuiling"},"content":"","lastModifiedDate":"2023-08-24"},{"lineNumber":87,"author":{"gitId":"vvhuiling"},"content":"        System.out.println(\"Bye. Hope to see you again soon!\");","lastModifiedDate":"2023-08-24"},{"lineNumber":88,"author":{"gitId":"vvhuiling"},"content":"        System.out.println(\"____________________________________________________________\");","lastModifiedDate":"2023-08-24"},{"lineNumber":89,"author":{"gitId":"vvhuiling"},"content":"","lastModifiedDate":"2023-08-31"},{"lineNumber":90,"author":{"gitId":"vvhuiling"},"content":"        scanner.close();","lastModifiedDate":"2023-08-31"},{"lineNumber":91,"author":{"gitId":"vvhuiling"},"content":"    }","lastModifiedDate":"2023-08-24"},{"lineNumber":92,"author":{"gitId":"vvhuiling"},"content":"}","lastModifiedDate":"2023-08-24"},{"lineNumber":93,"author":{"gitId":"vvhuiling"},"content":"","lastModifiedDate":"2023-08-31"}],"authorContributionMap":{"vvhuiling":93}},{"path":"src/main/java/Task.java","fileType":"java","lines":[{"lineNumber":1,"author":{"gitId":"vvhuiling"},"content":"public class Task {","lastModifiedDate":"2023-09-07"},{"lineNumber":2,"author":{"gitId":"vvhuiling"},"content":"    protected String description;","lastModifiedDate":"2023-08-31"},{"lineNumber":3,"author":{"gitId":"vvhuiling"},"content":"    protected boolean isDone;","lastModifiedDate":"2023-08-31"},{"lineNumber":4,"author":{"gitId":"vvhuiling"},"content":"","lastModifiedDate":"2023-08-31"},{"lineNumber":5,"author":{"gitId":"vvhuiling"},"content":"    public Task(String description) {","lastModifiedDate":"2023-08-31"},{"lineNumber":6,"author":{"gitId":"vvhuiling"},"content":"        this.description \u003d description;","lastModifiedDate":"2023-08-31"},{"lineNumber":7,"author":{"gitId":"vvhuiling"},"content":"        this.isDone \u003d false;","lastModifiedDate":"2023-08-31"},{"lineNumber":8,"author":{"gitId":"vvhuiling"},"content":"    }","lastModifiedDate":"2023-08-31"},{"lineNumber":9,"author":{"gitId":"vvhuiling"},"content":"","lastModifiedDate":"2023-08-31"},{"lineNumber":10,"author":{"gitId":"vvhuiling"},"content":"    public String getDescription() {","lastModifiedDate":"2023-09-07"},{"lineNumber":11,"author":{"gitId":"vvhuiling"},"content":"        return description;","lastModifiedDate":"2023-09-07"},{"lineNumber":12,"author":{"gitId":"vvhuiling"},"content":"    }","lastModifiedDate":"2023-09-07"},{"lineNumber":13,"author":{"gitId":"vvhuiling"},"content":"","lastModifiedDate":"2023-09-07"},{"lineNumber":14,"author":{"gitId":"vvhuiling"},"content":"    public boolean isDone() {","lastModifiedDate":"2023-09-07"},{"lineNumber":15,"author":{"gitId":"vvhuiling"},"content":"        return isDone;","lastModifiedDate":"2023-09-07"},{"lineNumber":16,"author":{"gitId":"vvhuiling"},"content":"    }","lastModifiedDate":"2023-08-31"},{"lineNumber":17,"author":{"gitId":"vvhuiling"},"content":"","lastModifiedDate":"2023-08-31"},{"lineNumber":18,"author":{"gitId":"vvhuiling"},"content":"    public void markAsDone() {","lastModifiedDate":"2023-08-31"},{"lineNumber":19,"author":{"gitId":"vvhuiling"},"content":"        isDone \u003d true;","lastModifiedDate":"2023-08-31"},{"lineNumber":20,"author":{"gitId":"vvhuiling"},"content":"    }","lastModifiedDate":"2023-08-31"},{"lineNumber":21,"author":{"gitId":"vvhuiling"},"content":"","lastModifiedDate":"2023-08-31"},{"lineNumber":22,"author":{"gitId":"vvhuiling"},"content":"    public void markAsNotDone() {","lastModifiedDate":"2023-08-31"},{"lineNumber":23,"author":{"gitId":"vvhuiling"},"content":"        isDone \u003d false;","lastModifiedDate":"2023-08-31"},{"lineNumber":24,"author":{"gitId":"vvhuiling"},"content":"    }","lastModifiedDate":"2023-08-31"},{"lineNumber":25,"author":{"gitId":"vvhuiling"},"content":"","lastModifiedDate":"2023-09-07"},{"lineNumber":26,"author":{"gitId":"vvhuiling"},"content":"    public String getStatus() {","lastModifiedDate":"2023-09-07"},{"lineNumber":27,"author":{"gitId":"vvhuiling"},"content":"        return (isDone ? \"[X]\" : \"[ ]\");","lastModifiedDate":"2023-09-07"},{"lineNumber":28,"author":{"gitId":"vvhuiling"},"content":"    }","lastModifiedDate":"2023-09-07"},{"lineNumber":29,"author":{"gitId":"vvhuiling"},"content":"","lastModifiedDate":"2023-09-07"},{"lineNumber":30,"author":{"gitId":"vvhuiling"},"content":"    public String getType(){","lastModifiedDate":"2023-09-07"},{"lineNumber":31,"author":{"gitId":"vvhuiling"},"content":"        return \"0\";","lastModifiedDate":"2023-09-07"},{"lineNumber":32,"author":{"gitId":"vvhuiling"},"content":"    }","lastModifiedDate":"2023-09-07"},{"lineNumber":33,"author":{"gitId":"vvhuiling"},"content":"}","lastModifiedDate":"2023-08-31"}],"authorContributionMap":{"vvhuiling":33}},{"path":"src/main/java/Todo.java","fileType":"java","lines":[{"lineNumber":1,"author":{"gitId":"vvhuiling"},"content":"public class Todo extends Task {","lastModifiedDate":"2023-09-07"},{"lineNumber":2,"author":{"gitId":"vvhuiling"},"content":"    public Todo(String description) {","lastModifiedDate":"2023-09-07"},{"lineNumber":3,"author":{"gitId":"vvhuiling"},"content":"        super(description);","lastModifiedDate":"2023-09-07"},{"lineNumber":4,"author":{"gitId":"vvhuiling"},"content":"    }","lastModifiedDate":"2023-09-07"},{"lineNumber":5,"author":{"gitId":"vvhuiling"},"content":"","lastModifiedDate":"2023-09-07"},{"lineNumber":6,"author":{"gitId":"vvhuiling"},"content":"    @Override","lastModifiedDate":"2023-09-07"},{"lineNumber":7,"author":{"gitId":"vvhuiling"},"content":"    public String getType(){","lastModifiedDate":"2023-09-07"},{"lineNumber":8,"author":{"gitId":"vvhuiling"},"content":"        return \"[T]\";","lastModifiedDate":"2023-09-07"},{"lineNumber":9,"author":{"gitId":"vvhuiling"},"content":"    }","lastModifiedDate":"2023-09-07"},{"lineNumber":10,"author":{"gitId":"vvhuiling"},"content":"}","lastModifiedDate":"2023-09-07"}],"authorContributionMap":{"vvhuiling":10}},{"path":"text-ui-test/input.txt","fileType":"txt","lines":[{"lineNumber":1,"author":{"gitId":"vvhuiling"},"content":"todo read books","lastModifiedDate":"2023-09-07"},{"lineNumber":2,"author":{"gitId":"vvhuiling"},"content":"deadline return book /by Sunday","lastModifiedDate":"2023-09-07"},{"lineNumber":3,"author":{"gitId":"vvhuiling"},"content":"event project meeting /from Mon 6pm /to 8pm","lastModifiedDate":"2023-09-07"},{"lineNumber":4,"author":{"gitId":"vvhuiling"},"content":"list","lastModifiedDate":"2023-09-07"},{"lineNumber":5,"author":{"gitId":"vvhuiling"},"content":"mark 2","lastModifiedDate":"2023-09-07"},{"lineNumber":6,"author":{"gitId":"vvhuiling"},"content":"mark 3","lastModifiedDate":"2023-09-07"},{"lineNumber":7,"author":{"gitId":"vvhuiling"},"content":"list","lastModifiedDate":"2023-09-07"},{"lineNumber":8,"author":{"gitId":"vvhuiling"},"content":"unmark 2","lastModifiedDate":"2023-09-07"},{"lineNumber":9,"author":{"gitId":"vvhuiling"},"content":"list","lastModifiedDate":"2023-09-07"},{"lineNumber":10,"author":{"gitId":"vvhuiling"},"content":"bye","lastModifiedDate":"2023-09-07"}],"authorContributionMap":{"vvhuiling":10}},{"path":"text-ui-test/runtest.sh","fileType":"sh","lines":[{"lineNumber":1,"author":{"gitId":"-"},"content":"#!/usr/bin/env bash","lastModifiedDate":"2020-05-25"},{"lineNumber":2,"author":{"gitId":"-"},"content":"","lastModifiedDate":"2020-05-25"},{"lineNumber":3,"author":{"gitId":"-"},"content":"# create bin directory if it doesn\u0027t exist","lastModifiedDate":"2020-05-25"},{"lineNumber":4,"author":{"gitId":"-"},"content":"if [ ! -d \"../bin\" ]","lastModifiedDate":"2020-05-25"},{"lineNumber":5,"author":{"gitId":"-"},"content":"then","lastModifiedDate":"2020-05-25"},{"lineNumber":6,"author":{"gitId":"-"},"content":"    mkdir ../bin","lastModifiedDate":"2020-05-25"},{"lineNumber":7,"author":{"gitId":"-"},"content":"fi","lastModifiedDate":"2020-05-25"},{"lineNumber":8,"author":{"gitId":"-"},"content":"","lastModifiedDate":"2020-05-25"},{"lineNumber":9,"author":{"gitId":"-"},"content":"# delete output from previous run","lastModifiedDate":"2020-05-25"},{"lineNumber":10,"author":{"gitId":"-"},"content":"if [ -e \"./ACTUAL.TXT\" ]","lastModifiedDate":"2020-05-25"},{"lineNumber":11,"author":{"gitId":"-"},"content":"then","lastModifiedDate":"2020-05-25"},{"lineNumber":12,"author":{"gitId":"-"},"content":"    rm ACTUAL.TXT","lastModifiedDate":"2020-05-25"},{"lineNumber":13,"author":{"gitId":"-"},"content":"fi","lastModifiedDate":"2020-05-25"},{"lineNumber":14,"author":{"gitId":"-"},"content":"","lastModifiedDate":"2020-05-25"},{"lineNumber":15,"author":{"gitId":"-"},"content":"# compile the code into the bin folder, terminates if error occurred","lastModifiedDate":"2020-05-25"},{"lineNumber":16,"author":{"gitId":"-"},"content":"if ! javac -cp ../src/main/java -Xlint:none -d ../bin ../src/main/java/*.java","lastModifiedDate":"2020-08-25"},{"lineNumber":17,"author":{"gitId":"-"},"content":"then","lastModifiedDate":"2020-05-25"},{"lineNumber":18,"author":{"gitId":"-"},"content":"    echo \"********** BUILD FAILURE **********\"","lastModifiedDate":"2020-05-25"},{"lineNumber":19,"author":{"gitId":"-"},"content":"    exit 1","lastModifiedDate":"2020-05-25"},{"lineNumber":20,"author":{"gitId":"-"},"content":"fi","lastModifiedDate":"2020-05-25"},{"lineNumber":21,"author":{"gitId":"-"},"content":"","lastModifiedDate":"2020-05-25"},{"lineNumber":22,"author":{"gitId":"-"},"content":"# run the program, feed commands from input.txt file and redirect the output to the ACTUAL.TXT","lastModifiedDate":"2020-05-25"},{"lineNumber":23,"author":{"gitId":"vvhuiling"},"content":"java -classpath ../bin Sun \u003c input.txt \u003e ACTUAL.TXT","lastModifiedDate":"2023-09-07"},{"lineNumber":24,"author":{"gitId":"-"},"content":"","lastModifiedDate":"2020-05-25"},{"lineNumber":25,"author":{"gitId":"-"},"content":"# convert to UNIX format","lastModifiedDate":"2020-05-25"},{"lineNumber":26,"author":{"gitId":"-"},"content":"cp EXPECTED.TXT EXPECTED-UNIX.TXT","lastModifiedDate":"2020-05-25"},{"lineNumber":27,"author":{"gitId":"-"},"content":"dos2unix ACTUAL.TXT EXPECTED-UNIX.TXT","lastModifiedDate":"2020-05-25"},{"lineNumber":28,"author":{"gitId":"-"},"content":"","lastModifiedDate":"2020-05-25"},{"lineNumber":29,"author":{"gitId":"-"},"content":"# compare the output to the expected output","lastModifiedDate":"2020-05-25"},{"lineNumber":30,"author":{"gitId":"-"},"content":"diff ACTUAL.TXT EXPECTED-UNIX.TXT","lastModifiedDate":"2020-05-25"},{"lineNumber":31,"author":{"gitId":"-"},"content":"if [ $? -eq 0 ]","lastModifiedDate":"2020-05-25"},{"lineNumber":32,"author":{"gitId":"-"},"content":"then","lastModifiedDate":"2020-05-25"},{"lineNumber":33,"author":{"gitId":"-"},"content":"    echo \"Test result: PASSED\"","lastModifiedDate":"2020-05-25"},{"lineNumber":34,"author":{"gitId":"-"},"content":"    exit 0","lastModifiedDate":"2020-05-25"},{"lineNumber":35,"author":{"gitId":"-"},"content":"else","lastModifiedDate":"2020-05-25"},{"lineNumber":36,"author":{"gitId":"-"},"content":"    echo \"Test result: FAILED\"","lastModifiedDate":"2020-05-25"},{"lineNumber":37,"author":{"gitId":"-"},"content":"    exit 1","lastModifiedDate":"2020-05-25"},{"lineNumber":38,"author":{"gitId":"-"},"content":"fi","lastModifiedDate":"2020-05-25"}],"authorContributionMap":{"-":37,"vvhuiling":1}}]
