[{"path":"src/main/java/Sun.java","fileType":"java","lines":[{"lineNumber":1,"author":{"gitId":"vvhuiling"},"content":"import sun.exception.InvalidActionException;","lastModifiedDate":"2023-09-14"},{"lineNumber":2,"author":{"gitId":"vvhuiling"},"content":"import sun.exception.IncompleteDescriptionException;","lastModifiedDate":"2023-09-14"},{"lineNumber":3,"author":{"gitId":"vvhuiling"},"content":"import sun.exception.TasksOverflowException;","lastModifiedDate":"2023-09-14"},{"lineNumber":4,"author":{"gitId":"vvhuiling"},"content":"import sun.exception.InvalidTaskIndexException;","lastModifiedDate":"2023-09-14"},{"lineNumber":5,"author":{"gitId":"vvhuiling"},"content":"import sun.task.Task;","lastModifiedDate":"2023-09-14"},{"lineNumber":6,"author":{"gitId":"vvhuiling"},"content":"import sun.task.Deadline;","lastModifiedDate":"2023-09-14"},{"lineNumber":7,"author":{"gitId":"vvhuiling"},"content":"import sun.task.Todo;","lastModifiedDate":"2023-09-14"},{"lineNumber":8,"author":{"gitId":"vvhuiling"},"content":"import sun.task.Event;","lastModifiedDate":"2023-09-14"},{"lineNumber":9,"author":{"gitId":"vvhuiling"},"content":"import java.util.Scanner;","lastModifiedDate":"2023-08-31"},{"lineNumber":10,"author":{"gitId":"vvhuiling"},"content":"","lastModifiedDate":"2023-09-14"},{"lineNumber":11,"author":{"gitId":"vvhuiling"},"content":"public class Sun {","lastModifiedDate":"2023-08-24"},{"lineNumber":12,"author":{"gitId":"vvhuiling"},"content":"    public static final String line \u003d \"____________________________________________________________\";","lastModifiedDate":"2023-09-14"},{"lineNumber":13,"author":{"gitId":"vvhuiling"},"content":"","lastModifiedDate":"2023-09-14"},{"lineNumber":14,"author":{"gitId":"vvhuiling"},"content":"    public static void main(String[] args) {","lastModifiedDate":"2023-08-24"},{"lineNumber":15,"author":{"gitId":"vvhuiling"},"content":"        String logo \u003d \" ____               \\n\"","lastModifiedDate":"2023-08-24"},{"lineNumber":16,"author":{"gitId":"vvhuiling"},"content":"                + \"| ___| _   _  ______ \\n\"","lastModifiedDate":"2023-08-24"},{"lineNumber":17,"author":{"gitId":"vvhuiling"},"content":"                + \"| \\\\__ | | | || /--\\\\ |\\n\"","lastModifiedDate":"2023-08-24"},{"lineNumber":18,"author":{"gitId":"vvhuiling"},"content":"                + \" \\\\___|| |_| || |  | |\\n\"","lastModifiedDate":"2023-08-24"},{"lineNumber":19,"author":{"gitId":"vvhuiling"},"content":"                + \"/____/ \\\\__,_||_|  |_|\\n\";","lastModifiedDate":"2023-08-24"},{"lineNumber":20,"author":{"gitId":"vvhuiling"},"content":"        System.out.println(\"Hello from\\n\" + logo);","lastModifiedDate":"2023-08-24"},{"lineNumber":21,"author":{"gitId":"vvhuiling"},"content":"        System.out.println(line);","lastModifiedDate":"2023-09-14"},{"lineNumber":22,"author":{"gitId":"vvhuiling"},"content":"        System.out.println(\"Hello! I\u0027m Sun!\");","lastModifiedDate":"2023-08-24"},{"lineNumber":23,"author":{"gitId":"vvhuiling"},"content":"        System.out.println(\"What can I do for you?\");","lastModifiedDate":"2023-08-24"},{"lineNumber":24,"author":{"gitId":"vvhuiling"},"content":"        System.out.println(line);","lastModifiedDate":"2023-09-14"},{"lineNumber":25,"author":{"gitId":"vvhuiling"},"content":"","lastModifiedDate":"2023-09-14"},{"lineNumber":26,"author":{"gitId":"vvhuiling"},"content":"        Task[] tasks \u003d new Task[100];","lastModifiedDate":"2023-08-31"},{"lineNumber":27,"author":{"gitId":"vvhuiling"},"content":"        int taskCount \u003d 0; // Keep track of the number of tasks added","lastModifiedDate":"2023-09-14"},{"lineNumber":28,"author":{"gitId":"vvhuiling"},"content":"","lastModifiedDate":"2023-09-14"},{"lineNumber":29,"author":{"gitId":"vvhuiling"},"content":"        Scanner scanner \u003d new Scanner(System.in);","lastModifiedDate":"2023-09-14"},{"lineNumber":30,"author":{"gitId":"vvhuiling"},"content":"        String command \u003d scanner.nextLine();","lastModifiedDate":"2023-09-14"},{"lineNumber":31,"author":{"gitId":"vvhuiling"},"content":"","lastModifiedDate":"2023-09-14"},{"lineNumber":32,"author":{"gitId":"vvhuiling"},"content":"        while (!command.equals(\"bye\")) {","lastModifiedDate":"2023-09-14"},{"lineNumber":33,"author":{"gitId":"vvhuiling"},"content":"            try {","lastModifiedDate":"2023-09-14"},{"lineNumber":34,"author":{"gitId":"vvhuiling"},"content":"                taskCount \u003d getInput(command, tasks, taskCount);","lastModifiedDate":"2023-09-14"},{"lineNumber":35,"author":{"gitId":"vvhuiling"},"content":"            } catch (InvalidActionException e) {","lastModifiedDate":"2023-09-14"},{"lineNumber":36,"author":{"gitId":"vvhuiling"},"content":"                System.out.println(line);","lastModifiedDate":"2023-09-14"},{"lineNumber":37,"author":{"gitId":"vvhuiling"},"content":"                System.out.println(\"☹ OOPS!!! I\u0027m sorry, but I don\u0027t know what that means :-(\");","lastModifiedDate":"2023-09-14"},{"lineNumber":38,"author":{"gitId":"vvhuiling"},"content":"                System.out.println(line);","lastModifiedDate":"2023-09-14"},{"lineNumber":39,"author":{"gitId":"vvhuiling"},"content":"            } catch (IncompleteDescriptionException e) {","lastModifiedDate":"2023-09-14"},{"lineNumber":40,"author":{"gitId":"vvhuiling"},"content":"                System.out.println(line);","lastModifiedDate":"2023-09-14"},{"lineNumber":41,"author":{"gitId":"vvhuiling"},"content":"                System.out.println(\"☹ OOPS!!! The description of a todo cannot be empty.\");","lastModifiedDate":"2023-09-14"},{"lineNumber":42,"author":{"gitId":"vvhuiling"},"content":"                System.out.println(line);","lastModifiedDate":"2023-09-14"},{"lineNumber":43,"author":{"gitId":"vvhuiling"},"content":"            } catch (InvalidTaskIndexException e) {","lastModifiedDate":"2023-09-14"},{"lineNumber":44,"author":{"gitId":"vvhuiling"},"content":"                System.out.println(line);","lastModifiedDate":"2023-09-14"},{"lineNumber":45,"author":{"gitId":"vvhuiling"},"content":"                System.out.println(\"☹ OOPS!!! The task index is Invalid :((\");","lastModifiedDate":"2023-09-14"},{"lineNumber":46,"author":{"gitId":"vvhuiling"},"content":"                System.out.println(line);","lastModifiedDate":"2023-09-14"},{"lineNumber":47,"author":{"gitId":"vvhuiling"},"content":"            } catch (TasksOverflowException e) {","lastModifiedDate":"2023-09-14"},{"lineNumber":48,"author":{"gitId":"vvhuiling"},"content":"                System.out.println(line);","lastModifiedDate":"2023-09-14"},{"lineNumber":49,"author":{"gitId":"vvhuiling"},"content":"                System.out.println(\"☹ OOPS!!! The maximum number of Task is 100 :((\");","lastModifiedDate":"2023-09-14"},{"lineNumber":50,"author":{"gitId":"vvhuiling"},"content":"                System.out.println(line);","lastModifiedDate":"2023-09-14"},{"lineNumber":51,"author":{"gitId":"vvhuiling"},"content":"            }","lastModifiedDate":"2023-09-14"},{"lineNumber":52,"author":{"gitId":"vvhuiling"},"content":"","lastModifiedDate":"2023-09-14"},{"lineNumber":53,"author":{"gitId":"vvhuiling"},"content":"            command \u003d scanner.nextLine();","lastModifiedDate":"2023-08-31"},{"lineNumber":54,"author":{"gitId":"vvhuiling"},"content":"            System.out.println(line);","lastModifiedDate":"2023-09-14"},{"lineNumber":55,"author":{"gitId":"vvhuiling"},"content":"            System.out.println(\"What else can I do for you?\");","lastModifiedDate":"2023-09-14"},{"lineNumber":56,"author":{"gitId":"vvhuiling"},"content":"            System.out.println(line);","lastModifiedDate":"2023-09-14"},{"lineNumber":57,"author":{"gitId":"vvhuiling"},"content":"        }","lastModifiedDate":"2023-09-14"},{"lineNumber":58,"author":{"gitId":"vvhuiling"},"content":"","lastModifiedDate":"2023-09-14"},{"lineNumber":59,"author":{"gitId":"vvhuiling"},"content":"        System.out.println(line);","lastModifiedDate":"2023-09-14"},{"lineNumber":60,"author":{"gitId":"vvhuiling"},"content":"        System.out.println(\"Bye. Hope to see you again soon!\");","lastModifiedDate":"2023-09-14"},{"lineNumber":61,"author":{"gitId":"vvhuiling"},"content":"        System.out.println(line);","lastModifiedDate":"2023-09-14"},{"lineNumber":62,"author":{"gitId":"vvhuiling"},"content":"","lastModifiedDate":"2023-08-31"},{"lineNumber":63,"author":{"gitId":"vvhuiling"},"content":"        scanner.close();","lastModifiedDate":"2023-09-14"},{"lineNumber":64,"author":{"gitId":"vvhuiling"},"content":"    }","lastModifiedDate":"2023-09-14"},{"lineNumber":65,"author":{"gitId":"vvhuiling"},"content":"","lastModifiedDate":"2023-09-14"},{"lineNumber":66,"author":{"gitId":"vvhuiling"},"content":"    public static int getInput(String command, Task[] tasks, int taskCount) throws InvalidTaskIndexException,","lastModifiedDate":"2023-09-14"},{"lineNumber":67,"author":{"gitId":"vvhuiling"},"content":"            TasksOverflowException, InvalidActionException, IncompleteDescriptionException {","lastModifiedDate":"2023-09-14"},{"lineNumber":68,"author":{"gitId":"vvhuiling"},"content":"        String[] actionAndTask \u003d command.split(\" \");","lastModifiedDate":"2023-09-14"},{"lineNumber":69,"author":{"gitId":"vvhuiling"},"content":"        String action \u003d actionAndTask[0];","lastModifiedDate":"2023-09-14"},{"lineNumber":70,"author":{"gitId":"vvhuiling"},"content":"","lastModifiedDate":"2023-09-14"},{"lineNumber":71,"author":{"gitId":"vvhuiling"},"content":"        switch (action) {","lastModifiedDate":"2023-09-14"},{"lineNumber":72,"author":{"gitId":"vvhuiling"},"content":"            case \"list\":","lastModifiedDate":"2023-09-14"},{"lineNumber":73,"author":{"gitId":"vvhuiling"},"content":"                printList(tasks, taskCount);","lastModifiedDate":"2023-09-14"},{"lineNumber":74,"author":{"gitId":"vvhuiling"},"content":"                break;","lastModifiedDate":"2023-09-14"},{"lineNumber":75,"author":{"gitId":"vvhuiling"},"content":"            case \"mark\":","lastModifiedDate":"2023-09-14"},{"lineNumber":76,"author":{"gitId":"vvhuiling"},"content":"                int taskIndex \u003d Integer.parseInt(actionAndTask[1]);","lastModifiedDate":"2023-09-14"},{"lineNumber":77,"author":{"gitId":"vvhuiling"},"content":"                if (taskIndex \u003e\u003d 1 \u0026\u0026 taskIndex \u003c\u003d taskCount) {","lastModifiedDate":"2023-09-14"},{"lineNumber":78,"author":{"gitId":"vvhuiling"},"content":"                    markTask(tasks, taskIndex - 1);","lastModifiedDate":"2023-09-14"},{"lineNumber":79,"author":{"gitId":"vvhuiling"},"content":"                } else {","lastModifiedDate":"2023-09-14"},{"lineNumber":80,"author":{"gitId":"vvhuiling"},"content":"                    throw new InvalidTaskIndexException();","lastModifiedDate":"2023-09-14"},{"lineNumber":81,"author":{"gitId":"vvhuiling"},"content":"                    //System.out.println(\"Invalid task index.\");","lastModifiedDate":"2023-09-14"},{"lineNumber":82,"author":{"gitId":"vvhuiling"},"content":"                }","lastModifiedDate":"2023-09-14"},{"lineNumber":83,"author":{"gitId":"vvhuiling"},"content":"                break;","lastModifiedDate":"2023-09-14"},{"lineNumber":84,"author":{"gitId":"vvhuiling"},"content":"            case \"unmark\":","lastModifiedDate":"2023-09-14"},{"lineNumber":85,"author":{"gitId":"vvhuiling"},"content":"                int unmarkIndex \u003d Integer.parseInt(actionAndTask[1]);","lastModifiedDate":"2023-09-14"},{"lineNumber":86,"author":{"gitId":"vvhuiling"},"content":"                if (unmarkIndex \u003e\u003d 1 \u0026\u0026 unmarkIndex \u003c\u003d taskCount) {","lastModifiedDate":"2023-09-14"},{"lineNumber":87,"author":{"gitId":"vvhuiling"},"content":"                    unMarkTask(tasks, unmarkIndex - 1);","lastModifiedDate":"2023-09-14"},{"lineNumber":88,"author":{"gitId":"vvhuiling"},"content":"                } else {","lastModifiedDate":"2023-09-14"},{"lineNumber":89,"author":{"gitId":"vvhuiling"},"content":"                    throw new InvalidTaskIndexException();","lastModifiedDate":"2023-09-14"},{"lineNumber":90,"author":{"gitId":"vvhuiling"},"content":"                    //System.out.println(\"Invalid task index.\");","lastModifiedDate":"2023-09-14"},{"lineNumber":91,"author":{"gitId":"vvhuiling"},"content":"                }","lastModifiedDate":"2023-09-14"},{"lineNumber":92,"author":{"gitId":"vvhuiling"},"content":"                break;","lastModifiedDate":"2023-09-14"},{"lineNumber":93,"author":{"gitId":"vvhuiling"},"content":"            case \"todo\":","lastModifiedDate":"2023-09-14"},{"lineNumber":94,"author":{"gitId":"vvhuiling"},"content":"            case \"deadline\":","lastModifiedDate":"2023-09-14"},{"lineNumber":95,"author":{"gitId":"vvhuiling"},"content":"            case \"event\":","lastModifiedDate":"2023-09-14"},{"lineNumber":96,"author":{"gitId":"vvhuiling"},"content":"                if (taskCount \u003c tasks.length) {","lastModifiedDate":"2023-09-14"},{"lineNumber":97,"author":{"gitId":"vvhuiling"},"content":"                    tasks[taskCount] \u003d addToList(command, taskCount);","lastModifiedDate":"2023-09-14"},{"lineNumber":98,"author":{"gitId":"vvhuiling"},"content":"                    taskCount++;","lastModifiedDate":"2023-09-14"},{"lineNumber":99,"author":{"gitId":"vvhuiling"},"content":"                } else {","lastModifiedDate":"2023-09-14"},{"lineNumber":100,"author":{"gitId":"vvhuiling"},"content":"                    throw new TasksOverflowException();","lastModifiedDate":"2023-09-14"},{"lineNumber":101,"author":{"gitId":"vvhuiling"},"content":"                    //System.out.println(\"Task list is full. Cannot add more tasks.\");","lastModifiedDate":"2023-09-14"},{"lineNumber":102,"author":{"gitId":"vvhuiling"},"content":"                }","lastModifiedDate":"2023-09-14"},{"lineNumber":103,"author":{"gitId":"vvhuiling"},"content":"                break;","lastModifiedDate":"2023-09-14"},{"lineNumber":104,"author":{"gitId":"vvhuiling"},"content":"            default:","lastModifiedDate":"2023-09-14"},{"lineNumber":105,"author":{"gitId":"vvhuiling"},"content":"                throw new InvalidActionException();","lastModifiedDate":"2023-09-14"},{"lineNumber":106,"author":{"gitId":"vvhuiling"},"content":"                //System.out.println(\"Invalid command.\");","lastModifiedDate":"2023-09-14"},{"lineNumber":107,"author":{"gitId":"vvhuiling"},"content":"        }","lastModifiedDate":"2023-09-14"},{"lineNumber":108,"author":{"gitId":"vvhuiling"},"content":"","lastModifiedDate":"2023-09-14"},{"lineNumber":109,"author":{"gitId":"vvhuiling"},"content":"        return taskCount;","lastModifiedDate":"2023-09-14"},{"lineNumber":110,"author":{"gitId":"vvhuiling"},"content":"    }","lastModifiedDate":"2023-09-14"},{"lineNumber":111,"author":{"gitId":"vvhuiling"},"content":"","lastModifiedDate":"2023-09-14"},{"lineNumber":112,"author":{"gitId":"vvhuiling"},"content":"    public static void printList(Task[] tasks, int taskCount) {","lastModifiedDate":"2023-09-14"},{"lineNumber":113,"author":{"gitId":"vvhuiling"},"content":"        System.out.println(line);","lastModifiedDate":"2023-09-14"},{"lineNumber":114,"author":{"gitId":"vvhuiling"},"content":"        System.out.println(\"Here are the tasks in your list:\");","lastModifiedDate":"2023-08-31"},{"lineNumber":115,"author":{"gitId":"vvhuiling"},"content":"        for (int i \u003d 0; i \u003c taskCount; i++) {","lastModifiedDate":"2023-08-31"},{"lineNumber":116,"author":{"gitId":"vvhuiling"},"content":"            System.out.println((i + 1) + \". \" + tasks[i].getDescription());","lastModifiedDate":"2023-09-14"},{"lineNumber":117,"author":{"gitId":"vvhuiling"},"content":"        }","lastModifiedDate":"2023-08-31"},{"lineNumber":118,"author":{"gitId":"vvhuiling"},"content":"        System.out.println(line);","lastModifiedDate":"2023-09-14"},{"lineNumber":119,"author":{"gitId":"vvhuiling"},"content":"    }","lastModifiedDate":"2023-09-14"},{"lineNumber":120,"author":{"gitId":"vvhuiling"},"content":"","lastModifiedDate":"2023-09-14"},{"lineNumber":121,"author":{"gitId":"vvhuiling"},"content":"    public static void markTask(Task[] tasks, int taskIndex) {","lastModifiedDate":"2023-09-14"},{"lineNumber":122,"author":{"gitId":"vvhuiling"},"content":"        tasks[taskIndex].markAsDone();","lastModifiedDate":"2023-08-31"},{"lineNumber":123,"author":{"gitId":"vvhuiling"},"content":"        System.out.println(line);","lastModifiedDate":"2023-09-14"},{"lineNumber":124,"author":{"gitId":"vvhuiling"},"content":"        System.out.println(\"Nice! I\u0027ve marked this task as done:\");","lastModifiedDate":"2023-08-31"},{"lineNumber":125,"author":{"gitId":"vvhuiling"},"content":"        System.out.println(\"  \" + tasks[taskIndex].getDescription());","lastModifiedDate":"2023-09-14"},{"lineNumber":126,"author":{"gitId":"vvhuiling"},"content":"        System.out.println(line);","lastModifiedDate":"2023-09-14"},{"lineNumber":127,"author":{"gitId":"vvhuiling"},"content":"    }","lastModifiedDate":"2023-08-31"},{"lineNumber":128,"author":{"gitId":"vvhuiling"},"content":"","lastModifiedDate":"2023-09-14"},{"lineNumber":129,"author":{"gitId":"vvhuiling"},"content":"    public static void unMarkTask(Task[] tasks, int taskIndex) {","lastModifiedDate":"2023-09-14"},{"lineNumber":130,"author":{"gitId":"vvhuiling"},"content":"        tasks[taskIndex].markAsNotDone();","lastModifiedDate":"2023-08-31"},{"lineNumber":131,"author":{"gitId":"vvhuiling"},"content":"        System.out.println(line);","lastModifiedDate":"2023-09-14"},{"lineNumber":132,"author":{"gitId":"vvhuiling"},"content":"        System.out.println(\"OK, I\u0027ve marked this task as not done yet:\");","lastModifiedDate":"2023-08-31"},{"lineNumber":133,"author":{"gitId":"vvhuiling"},"content":"        System.out.println(\"  \" + tasks[taskIndex].getDescription());","lastModifiedDate":"2023-09-14"},{"lineNumber":134,"author":{"gitId":"vvhuiling"},"content":"        System.out.println(line);","lastModifiedDate":"2023-09-14"},{"lineNumber":135,"author":{"gitId":"vvhuiling"},"content":"    }","lastModifiedDate":"2023-08-31"},{"lineNumber":136,"author":{"gitId":"vvhuiling"},"content":"","lastModifiedDate":"2023-09-14"},{"lineNumber":137,"author":{"gitId":"vvhuiling"},"content":"    public static Task addToList(String command, int taskCount) throws IncompleteDescriptionException {","lastModifiedDate":"2023-09-14"},{"lineNumber":138,"author":{"gitId":"vvhuiling"},"content":"        Task task \u003d null;","lastModifiedDate":"2023-09-14"},{"lineNumber":139,"author":{"gitId":"vvhuiling"},"content":"        String[] actionAndTask \u003d command.split(\" \");","lastModifiedDate":"2023-09-14"},{"lineNumber":140,"author":{"gitId":"vvhuiling"},"content":"        if (actionAndTask.length \u003c 2) {","lastModifiedDate":"2023-09-14"},{"lineNumber":141,"author":{"gitId":"vvhuiling"},"content":"            throw new IncompleteDescriptionException();","lastModifiedDate":"2023-09-14"},{"lineNumber":142,"author":{"gitId":"vvhuiling"},"content":"        } else if (command.startsWith(\"todo\")) {","lastModifiedDate":"2023-09-14"},{"lineNumber":143,"author":{"gitId":"vvhuiling"},"content":"            task \u003d new Todo(command.substring(5));","lastModifiedDate":"2023-09-14"},{"lineNumber":144,"author":{"gitId":"vvhuiling"},"content":"        } else if (command.startsWith(\"deadline\")) {","lastModifiedDate":"2023-09-07"},{"lineNumber":145,"author":{"gitId":"vvhuiling"},"content":"            String deadlineCommand \u003d command.substring(9);","lastModifiedDate":"2023-09-07"},{"lineNumber":146,"author":{"gitId":"vvhuiling"},"content":"            String[] parts \u003d deadlineCommand.split(\"/by\");","lastModifiedDate":"2023-09-07"},{"lineNumber":147,"author":{"gitId":"vvhuiling"},"content":"            task \u003d new Deadline(parts[0].trim(), parts[1].trim());","lastModifiedDate":"2023-09-14"},{"lineNumber":148,"author":{"gitId":"vvhuiling"},"content":"        } else if (command.startsWith(\"event\")) {","lastModifiedDate":"2023-09-07"},{"lineNumber":149,"author":{"gitId":"vvhuiling"},"content":"            String deadlineCommand \u003d command.substring(6);","lastModifiedDate":"2023-09-07"},{"lineNumber":150,"author":{"gitId":"vvhuiling"},"content":"            String[] parts \u003d deadlineCommand.split(\"/from|/to\", 3);","lastModifiedDate":"2023-09-07"},{"lineNumber":151,"author":{"gitId":"vvhuiling"},"content":"            task \u003d new Event(parts[0].trim(), parts[1].trim(), parts[2].trim());","lastModifiedDate":"2023-09-14"},{"lineNumber":152,"author":{"gitId":"vvhuiling"},"content":"        }","lastModifiedDate":"2023-08-31"},{"lineNumber":153,"author":{"gitId":"vvhuiling"},"content":"","lastModifiedDate":"2023-08-24"},{"lineNumber":154,"author":{"gitId":"vvhuiling"},"content":"        System.out.println(line);","lastModifiedDate":"2023-09-14"},{"lineNumber":155,"author":{"gitId":"vvhuiling"},"content":"        System.out.println(\"Got it. I\u0027ve added this task:\");","lastModifiedDate":"2023-09-14"},{"lineNumber":156,"author":{"gitId":"vvhuiling"},"content":"        System.out.println(\"  \" + task.getDescription());","lastModifiedDate":"2023-09-14"},{"lineNumber":157,"author":{"gitId":"vvhuiling"},"content":"        System.out.println(\"Now you have \" + (taskCount + 1) + \" tasks in the list.\");","lastModifiedDate":"2023-09-14"},{"lineNumber":158,"author":{"gitId":"vvhuiling"},"content":"        System.out.println(line);","lastModifiedDate":"2023-09-14"},{"lineNumber":159,"author":{"gitId":"vvhuiling"},"content":"","lastModifiedDate":"2023-08-31"},{"lineNumber":160,"author":{"gitId":"vvhuiling"},"content":"        return task;","lastModifiedDate":"2023-09-14"},{"lineNumber":161,"author":{"gitId":"vvhuiling"},"content":"    }","lastModifiedDate":"2023-08-24"},{"lineNumber":162,"author":{"gitId":"vvhuiling"},"content":"}","lastModifiedDate":"2023-08-24"}],"authorContributionMap":{"vvhuiling":162}},{"path":"src/main/java/sun/exception/IncompleteDescriptionException.java","fileType":"java","lines":[{"lineNumber":1,"author":{"gitId":"vvhuiling"},"content":"package sun.exception;","lastModifiedDate":"2023-09-14"},{"lineNumber":2,"author":{"gitId":"vvhuiling"},"content":"public class IncompleteDescriptionException extends Exception {","lastModifiedDate":"2023-09-14"},{"lineNumber":3,"author":{"gitId":"vvhuiling"},"content":"}","lastModifiedDate":"2023-09-14"}],"authorContributionMap":{"vvhuiling":3}},{"path":"src/main/java/sun/exception/InvalidActionException.java","fileType":"java","lines":[{"lineNumber":1,"author":{"gitId":"vvhuiling"},"content":"package sun.exception;","lastModifiedDate":"2023-09-14"},{"lineNumber":2,"author":{"gitId":"vvhuiling"},"content":"public class InvalidActionException extends Exception {","lastModifiedDate":"2023-09-14"},{"lineNumber":3,"author":{"gitId":"vvhuiling"},"content":"}","lastModifiedDate":"2023-09-14"}],"authorContributionMap":{"vvhuiling":3}},{"path":"src/main/java/sun/exception/InvalidTaskIndexException.java","fileType":"java","lines":[{"lineNumber":1,"author":{"gitId":"vvhuiling"},"content":"package sun.exception;","lastModifiedDate":"2023-09-14"},{"lineNumber":2,"author":{"gitId":"vvhuiling"},"content":"public class InvalidTaskIndexException extends Exception{","lastModifiedDate":"2023-09-14"},{"lineNumber":3,"author":{"gitId":"vvhuiling"},"content":"}","lastModifiedDate":"2023-09-14"}],"authorContributionMap":{"vvhuiling":3}},{"path":"src/main/java/sun/exception/TasksOverflowException.java","fileType":"java","lines":[{"lineNumber":1,"author":{"gitId":"vvhuiling"},"content":"package sun.exception;","lastModifiedDate":"2023-09-14"},{"lineNumber":2,"author":{"gitId":"vvhuiling"},"content":"public class TasksOverflowException extends Exception{","lastModifiedDate":"2023-09-14"},{"lineNumber":3,"author":{"gitId":"vvhuiling"},"content":"}","lastModifiedDate":"2023-09-14"}],"authorContributionMap":{"vvhuiling":3}},{"path":"src/main/java/sun/task/Deadline.java","fileType":"java","lines":[{"lineNumber":1,"author":{"gitId":"vvhuiling"},"content":"package sun.task;","lastModifiedDate":"2023-09-14"},{"lineNumber":2,"author":{"gitId":"vvhuiling"},"content":"public class Deadline extends Task {","lastModifiedDate":"2023-09-07"},{"lineNumber":3,"author":{"gitId":"vvhuiling"},"content":"    protected String dueDate;","lastModifiedDate":"2023-09-07"},{"lineNumber":4,"author":{"gitId":"vvhuiling"},"content":"","lastModifiedDate":"2023-09-07"},{"lineNumber":5,"author":{"gitId":"vvhuiling"},"content":"    public Deadline(String description, String dueDate) {","lastModifiedDate":"2023-09-07"},{"lineNumber":6,"author":{"gitId":"vvhuiling"},"content":"        super(description);","lastModifiedDate":"2023-09-07"},{"lineNumber":7,"author":{"gitId":"vvhuiling"},"content":"        this.dueDate \u003d dueDate;","lastModifiedDate":"2023-09-07"},{"lineNumber":8,"author":{"gitId":"vvhuiling"},"content":"    }","lastModifiedDate":"2023-09-07"},{"lineNumber":9,"author":{"gitId":"vvhuiling"},"content":"","lastModifiedDate":"2023-09-07"},{"lineNumber":10,"author":{"gitId":"vvhuiling"},"content":"    @Override","lastModifiedDate":"2023-09-07"},{"lineNumber":11,"author":{"gitId":"vvhuiling"},"content":"    public String getDescription() {","lastModifiedDate":"2023-09-14"},{"lineNumber":12,"author":{"gitId":"vvhuiling"},"content":"        return \"[D]\" + super.getDescription() + \" (by: \" + dueDate + \")\";","lastModifiedDate":"2023-09-14"},{"lineNumber":13,"author":{"gitId":"vvhuiling"},"content":"    }","lastModifiedDate":"2023-09-07"},{"lineNumber":14,"author":{"gitId":"vvhuiling"},"content":"}","lastModifiedDate":"2023-09-07"},{"lineNumber":15,"author":{"gitId":"vvhuiling"},"content":"","lastModifiedDate":"2023-09-07"}],"authorContributionMap":{"vvhuiling":15}},{"path":"src/main/java/sun/task/Event.java","fileType":"java","lines":[{"lineNumber":1,"author":{"gitId":"vvhuiling"},"content":"package sun.task;","lastModifiedDate":"2023-09-14"},{"lineNumber":2,"author":{"gitId":"vvhuiling"},"content":"public class Event extends Task{","lastModifiedDate":"2023-09-07"},{"lineNumber":3,"author":{"gitId":"vvhuiling"},"content":"    protected String start;","lastModifiedDate":"2023-09-07"},{"lineNumber":4,"author":{"gitId":"vvhuiling"},"content":"    protected String end;","lastModifiedDate":"2023-09-07"},{"lineNumber":5,"author":{"gitId":"vvhuiling"},"content":"","lastModifiedDate":"2023-09-07"},{"lineNumber":6,"author":{"gitId":"vvhuiling"},"content":"    public Event(String description, String start, String end){","lastModifiedDate":"2023-09-07"},{"lineNumber":7,"author":{"gitId":"vvhuiling"},"content":"        super(description);","lastModifiedDate":"2023-09-07"},{"lineNumber":8,"author":{"gitId":"vvhuiling"},"content":"        this.start \u003d start;","lastModifiedDate":"2023-09-07"},{"lineNumber":9,"author":{"gitId":"vvhuiling"},"content":"        this.end \u003d end;","lastModifiedDate":"2023-09-07"},{"lineNumber":10,"author":{"gitId":"vvhuiling"},"content":"    }","lastModifiedDate":"2023-09-07"},{"lineNumber":11,"author":{"gitId":"vvhuiling"},"content":"","lastModifiedDate":"2023-09-07"},{"lineNumber":12,"author":{"gitId":"vvhuiling"},"content":"    @Override","lastModifiedDate":"2023-09-07"},{"lineNumber":13,"author":{"gitId":"vvhuiling"},"content":"    public String getDescription() {","lastModifiedDate":"2023-09-14"},{"lineNumber":14,"author":{"gitId":"vvhuiling"},"content":"        return \"[E]\" + super.getDescription() + \" (from: \" + start + \"to: \" + end + \")\";","lastModifiedDate":"2023-09-14"},{"lineNumber":15,"author":{"gitId":"vvhuiling"},"content":"    }","lastModifiedDate":"2023-09-07"},{"lineNumber":16,"author":{"gitId":"vvhuiling"},"content":"}","lastModifiedDate":"2023-09-07"}],"authorContributionMap":{"vvhuiling":16}},{"path":"src/main/java/sun/task/Task.java","fileType":"java","lines":[{"lineNumber":1,"author":{"gitId":"vvhuiling"},"content":"package sun.task;","lastModifiedDate":"2023-09-14"},{"lineNumber":2,"author":{"gitId":"vvhuiling"},"content":"public class Task {","lastModifiedDate":"2023-09-07"},{"lineNumber":3,"author":{"gitId":"vvhuiling"},"content":"    protected String description;","lastModifiedDate":"2023-08-31"},{"lineNumber":4,"author":{"gitId":"vvhuiling"},"content":"    protected boolean isDone;","lastModifiedDate":"2023-08-31"},{"lineNumber":5,"author":{"gitId":"vvhuiling"},"content":"","lastModifiedDate":"2023-08-31"},{"lineNumber":6,"author":{"gitId":"vvhuiling"},"content":"    public Task(String description) {","lastModifiedDate":"2023-08-31"},{"lineNumber":7,"author":{"gitId":"vvhuiling"},"content":"        this.description \u003d description;","lastModifiedDate":"2023-08-31"},{"lineNumber":8,"author":{"gitId":"vvhuiling"},"content":"        this.isDone \u003d false;","lastModifiedDate":"2023-08-31"},{"lineNumber":9,"author":{"gitId":"vvhuiling"},"content":"    }","lastModifiedDate":"2023-08-31"},{"lineNumber":10,"author":{"gitId":"vvhuiling"},"content":"","lastModifiedDate":"2023-08-31"},{"lineNumber":11,"author":{"gitId":"vvhuiling"},"content":"    public String getDescription() {","lastModifiedDate":"2023-09-07"},{"lineNumber":12,"author":{"gitId":"vvhuiling"},"content":"        String mark;","lastModifiedDate":"2023-09-14"},{"lineNumber":13,"author":{"gitId":"vvhuiling"},"content":"        if (isDone()){","lastModifiedDate":"2023-09-14"},{"lineNumber":14,"author":{"gitId":"vvhuiling"},"content":"            mark \u003d \"X\";","lastModifiedDate":"2023-09-14"},{"lineNumber":15,"author":{"gitId":"vvhuiling"},"content":"        } else {","lastModifiedDate":"2023-09-14"},{"lineNumber":16,"author":{"gitId":"vvhuiling"},"content":"            mark \u003d \" \";","lastModifiedDate":"2023-09-14"},{"lineNumber":17,"author":{"gitId":"vvhuiling"},"content":"        }","lastModifiedDate":"2023-09-14"},{"lineNumber":18,"author":{"gitId":"vvhuiling"},"content":"        return \"[\" + mark + \"] \" + description;","lastModifiedDate":"2023-09-14"},{"lineNumber":19,"author":{"gitId":"vvhuiling"},"content":"    }","lastModifiedDate":"2023-09-07"},{"lineNumber":20,"author":{"gitId":"vvhuiling"},"content":"","lastModifiedDate":"2023-09-07"},{"lineNumber":21,"author":{"gitId":"vvhuiling"},"content":"    public boolean isDone() {","lastModifiedDate":"2023-09-07"},{"lineNumber":22,"author":{"gitId":"vvhuiling"},"content":"        return isDone;","lastModifiedDate":"2023-09-07"},{"lineNumber":23,"author":{"gitId":"vvhuiling"},"content":"    }","lastModifiedDate":"2023-08-31"},{"lineNumber":24,"author":{"gitId":"vvhuiling"},"content":"","lastModifiedDate":"2023-08-31"},{"lineNumber":25,"author":{"gitId":"vvhuiling"},"content":"    public void markAsDone() {","lastModifiedDate":"2023-08-31"},{"lineNumber":26,"author":{"gitId":"vvhuiling"},"content":"        isDone \u003d true;","lastModifiedDate":"2023-08-31"},{"lineNumber":27,"author":{"gitId":"vvhuiling"},"content":"    }","lastModifiedDate":"2023-08-31"},{"lineNumber":28,"author":{"gitId":"vvhuiling"},"content":"","lastModifiedDate":"2023-08-31"},{"lineNumber":29,"author":{"gitId":"vvhuiling"},"content":"    public void markAsNotDone() {","lastModifiedDate":"2023-08-31"},{"lineNumber":30,"author":{"gitId":"vvhuiling"},"content":"        isDone \u003d false;","lastModifiedDate":"2023-08-31"},{"lineNumber":31,"author":{"gitId":"vvhuiling"},"content":"    }","lastModifiedDate":"2023-08-31"},{"lineNumber":32,"author":{"gitId":"vvhuiling"},"content":"","lastModifiedDate":"2023-09-07"},{"lineNumber":33,"author":{"gitId":"vvhuiling"},"content":"}","lastModifiedDate":"2023-08-31"}],"authorContributionMap":{"vvhuiling":33}},{"path":"src/main/java/sun/task/Todo.java","fileType":"java","lines":[{"lineNumber":1,"author":{"gitId":"vvhuiling"},"content":"package sun.task;","lastModifiedDate":"2023-09-14"},{"lineNumber":2,"author":{"gitId":"vvhuiling"},"content":"public class Todo extends Task {","lastModifiedDate":"2023-09-07"},{"lineNumber":3,"author":{"gitId":"vvhuiling"},"content":"    public Todo(String description) {","lastModifiedDate":"2023-09-07"},{"lineNumber":4,"author":{"gitId":"vvhuiling"},"content":"        super(description);","lastModifiedDate":"2023-09-07"},{"lineNumber":5,"author":{"gitId":"vvhuiling"},"content":"    }","lastModifiedDate":"2023-09-07"},{"lineNumber":6,"author":{"gitId":"vvhuiling"},"content":"","lastModifiedDate":"2023-09-07"},{"lineNumber":7,"author":{"gitId":"vvhuiling"},"content":"    public String getDescription() {","lastModifiedDate":"2023-09-14"},{"lineNumber":8,"author":{"gitId":"vvhuiling"},"content":"        return \"[T]\" + super.getDescription();","lastModifiedDate":"2023-09-14"},{"lineNumber":9,"author":{"gitId":"vvhuiling"},"content":"    }","lastModifiedDate":"2023-09-07"},{"lineNumber":10,"author":{"gitId":"vvhuiling"},"content":"}","lastModifiedDate":"2023-09-07"}],"authorContributionMap":{"vvhuiling":10}},{"path":"text-ui-test/input.txt","fileType":"txt","lines":[{"lineNumber":1,"author":{"gitId":"vvhuiling"},"content":"todo read books","lastModifiedDate":"2023-09-07"},{"lineNumber":2,"author":{"gitId":"vvhuiling"},"content":"deadline return book /by Sunday","lastModifiedDate":"2023-09-07"},{"lineNumber":3,"author":{"gitId":"vvhuiling"},"content":"event project meeting /from Mon 6pm /to 8pm","lastModifiedDate":"2023-09-07"},{"lineNumber":4,"author":{"gitId":"vvhuiling"},"content":"list","lastModifiedDate":"2023-09-07"},{"lineNumber":5,"author":{"gitId":"vvhuiling"},"content":"mark 2","lastModifiedDate":"2023-09-07"},{"lineNumber":6,"author":{"gitId":"vvhuiling"},"content":"mark 3","lastModifiedDate":"2023-09-07"},{"lineNumber":7,"author":{"gitId":"vvhuiling"},"content":"list","lastModifiedDate":"2023-09-07"},{"lineNumber":8,"author":{"gitId":"vvhuiling"},"content":"unmark 2","lastModifiedDate":"2023-09-07"},{"lineNumber":9,"author":{"gitId":"vvhuiling"},"content":"list","lastModifiedDate":"2023-09-07"},{"lineNumber":10,"author":{"gitId":"vvhuiling"},"content":"bye","lastModifiedDate":"2023-09-07"}],"authorContributionMap":{"vvhuiling":10}},{"path":"text-ui-test/runtest.sh","fileType":"sh","lines":[{"lineNumber":1,"author":{"gitId":"-"},"content":"#!/usr/bin/env bash","lastModifiedDate":"2020-05-25"},{"lineNumber":2,"author":{"gitId":"-"},"content":"","lastModifiedDate":"2020-05-25"},{"lineNumber":3,"author":{"gitId":"-"},"content":"# create bin directory if it doesn\u0027t exist","lastModifiedDate":"2020-05-25"},{"lineNumber":4,"author":{"gitId":"-"},"content":"if [ ! -d \"../bin\" ]","lastModifiedDate":"2020-05-25"},{"lineNumber":5,"author":{"gitId":"-"},"content":"then","lastModifiedDate":"2020-05-25"},{"lineNumber":6,"author":{"gitId":"-"},"content":"    mkdir ../bin","lastModifiedDate":"2020-05-25"},{"lineNumber":7,"author":{"gitId":"-"},"content":"fi","lastModifiedDate":"2020-05-25"},{"lineNumber":8,"author":{"gitId":"-"},"content":"","lastModifiedDate":"2020-05-25"},{"lineNumber":9,"author":{"gitId":"-"},"content":"# delete output from previous run","lastModifiedDate":"2020-05-25"},{"lineNumber":10,"author":{"gitId":"-"},"content":"if [ -e \"./ACTUAL.TXT\" ]","lastModifiedDate":"2020-05-25"},{"lineNumber":11,"author":{"gitId":"-"},"content":"then","lastModifiedDate":"2020-05-25"},{"lineNumber":12,"author":{"gitId":"-"},"content":"    rm ACTUAL.TXT","lastModifiedDate":"2020-05-25"},{"lineNumber":13,"author":{"gitId":"-"},"content":"fi","lastModifiedDate":"2020-05-25"},{"lineNumber":14,"author":{"gitId":"-"},"content":"","lastModifiedDate":"2020-05-25"},{"lineNumber":15,"author":{"gitId":"-"},"content":"# compile the code into the bin folder, terminates if error occurred","lastModifiedDate":"2020-05-25"},{"lineNumber":16,"author":{"gitId":"-"},"content":"if ! javac -cp ../src/main/java -Xlint:none -d ../bin ../src/main/java/*.java","lastModifiedDate":"2020-08-25"},{"lineNumber":17,"author":{"gitId":"-"},"content":"then","lastModifiedDate":"2020-05-25"},{"lineNumber":18,"author":{"gitId":"-"},"content":"    echo \"********** BUILD FAILURE **********\"","lastModifiedDate":"2020-05-25"},{"lineNumber":19,"author":{"gitId":"-"},"content":"    exit 1","lastModifiedDate":"2020-05-25"},{"lineNumber":20,"author":{"gitId":"-"},"content":"fi","lastModifiedDate":"2020-05-25"},{"lineNumber":21,"author":{"gitId":"-"},"content":"","lastModifiedDate":"2020-05-25"},{"lineNumber":22,"author":{"gitId":"-"},"content":"# run the program, feed commands from input.txt file and redirect the output to the ACTUAL.TXT","lastModifiedDate":"2020-05-25"},{"lineNumber":23,"author":{"gitId":"vvhuiling"},"content":"java -classpath ../bin Sun \u003c input.txt \u003e ACTUAL.TXT","lastModifiedDate":"2023-09-07"},{"lineNumber":24,"author":{"gitId":"-"},"content":"","lastModifiedDate":"2020-05-25"},{"lineNumber":25,"author":{"gitId":"-"},"content":"# convert to UNIX format","lastModifiedDate":"2020-05-25"},{"lineNumber":26,"author":{"gitId":"-"},"content":"cp EXPECTED.TXT EXPECTED-UNIX.TXT","lastModifiedDate":"2020-05-25"},{"lineNumber":27,"author":{"gitId":"-"},"content":"dos2unix ACTUAL.TXT EXPECTED-UNIX.TXT","lastModifiedDate":"2020-05-25"},{"lineNumber":28,"author":{"gitId":"-"},"content":"","lastModifiedDate":"2020-05-25"},{"lineNumber":29,"author":{"gitId":"-"},"content":"# compare the output to the expected output","lastModifiedDate":"2020-05-25"},{"lineNumber":30,"author":{"gitId":"-"},"content":"diff ACTUAL.TXT EXPECTED-UNIX.TXT","lastModifiedDate":"2020-05-25"},{"lineNumber":31,"author":{"gitId":"-"},"content":"if [ $? -eq 0 ]","lastModifiedDate":"2020-05-25"},{"lineNumber":32,"author":{"gitId":"-"},"content":"then","lastModifiedDate":"2020-05-25"},{"lineNumber":33,"author":{"gitId":"-"},"content":"    echo \"Test result: PASSED\"","lastModifiedDate":"2020-05-25"},{"lineNumber":34,"author":{"gitId":"-"},"content":"    exit 0","lastModifiedDate":"2020-05-25"},{"lineNumber":35,"author":{"gitId":"-"},"content":"else","lastModifiedDate":"2020-05-25"},{"lineNumber":36,"author":{"gitId":"-"},"content":"    echo \"Test result: FAILED\"","lastModifiedDate":"2020-05-25"},{"lineNumber":37,"author":{"gitId":"-"},"content":"    exit 1","lastModifiedDate":"2020-05-25"},{"lineNumber":38,"author":{"gitId":"-"},"content":"fi","lastModifiedDate":"2020-05-25"}],"authorContributionMap":{"-":37,"vvhuiling":1}}]
