{"authorDailyContributionsMap":{"lckjosh":[{"date":"2023-08-30","commitResults":[{"hash":"9af57b0e5c1fc641da4ff3d9e127834d4e3e3df1","isMergeCommit":false,"messageTitle":"add greeting feature and exit","messageBody":"","fileTypesAndContributionMap":{"java":{"insertions":4,"deletions":0}}},{"hash":"f35e5e17ca69cc4bd92439c0ba9a1c6c98f110a4","isMergeCommit":false,"messageTitle":"rename bot to BotBuddy","messageBody":"","tags":["Level-0"],"fileTypesAndContributionMap":{"java":{"insertions":6,"deletions":6}}}]},{"date":"2023-09-05","commitResults":[{"hash":"c4e3f6e45718f54ee08f70c91e8a04ef9cae4fc3","isMergeCommit":false,"messageTitle":"add echo feature","messageBody":"","tags":["Level-1"],"fileTypesAndContributionMap":{"java":{"insertions":18,"deletions":0}}},{"hash":"d219a1f1b46ce25aac611183391e918f4dc3e99d","isMergeCommit":false,"messageTitle":"add ability to add items and list them","messageBody":"","tags":["Level-2"],"fileTypesAndContributionMap":{"java":{"insertions":20,"deletions":2}}},{"hash":"2d8c6827dcfbf66a9d6fb47d8396206f10a6c8eb","isMergeCommit":false,"messageTitle":"create Task class","messageBody":"","fileTypesAndContributionMap":{"java":{"insertions":29,"deletions":0}}},{"hash":"663cf7c4fd81c9d72fda21489053f8300d81f952","isMergeCommit":false,"messageTitle":"add ability to mark and unmark tasks as done","messageBody":"","tags":["Level-3"],"fileTypesAndContributionMap":{"java":{"insertions":52,"deletions":19}}},{"hash":"87a3330ce537df0cf48226f06799e67fbe8dfe20","isMergeCommit":false,"messageTitle":"follow coding standard","messageBody":"","tags":["A-CodingStandard"],"fileTypesAndContributionMap":{"java":{"insertions":0,"deletions":7}}}]}]},"authorFileTypeContributionMap":{"lckjosh":{"java":101,"md":0,"fxml":0,"sh":0,"bat":0,"gradle":0,"txt":0}},"authorContributionVariance":{"lckjosh":1077.191},"authorDisplayNameMap":{"lckjosh":"LIM ..SHUA"}}
