{"authorDailyContributionsMap":{"lckjosh":[{"date":"2023-08-30","commitResults":[{"hash":"9af57b0e5c1fc641da4ff3d9e127834d4e3e3df1","isMergeCommit":false,"messageTitle":"add greeting feature and exit","messageBody":"","fileTypesAndContributionMap":{"java":{"insertions":4,"deletions":0}}},{"hash":"f35e5e17ca69cc4bd92439c0ba9a1c6c98f110a4","isMergeCommit":false,"messageTitle":"rename bot to BotBuddy","messageBody":"","tags":["Level-0"],"fileTypesAndContributionMap":{"java":{"insertions":6,"deletions":6}}}]},{"date":"2023-09-05","commitResults":[{"hash":"c4e3f6e45718f54ee08f70c91e8a04ef9cae4fc3","isMergeCommit":false,"messageTitle":"add echo feature","messageBody":"","tags":["Level-1"],"fileTypesAndContributionMap":{"java":{"insertions":18,"deletions":0}}},{"hash":"d219a1f1b46ce25aac611183391e918f4dc3e99d","isMergeCommit":false,"messageTitle":"add ability to add items and list them","messageBody":"","tags":["Level-2"],"fileTypesAndContributionMap":{"java":{"insertions":20,"deletions":2}}},{"hash":"2d8c6827dcfbf66a9d6fb47d8396206f10a6c8eb","isMergeCommit":false,"messageTitle":"create Task class","messageBody":"","fileTypesAndContributionMap":{"java":{"insertions":29,"deletions":0}}},{"hash":"663cf7c4fd81c9d72fda21489053f8300d81f952","isMergeCommit":false,"messageTitle":"add ability to mark and unmark tasks as done","messageBody":"","tags":["Level-3"],"fileTypesAndContributionMap":{"java":{"insertions":52,"deletions":19}}},{"hash":"87a3330ce537df0cf48226f06799e67fbe8dfe20","isMergeCommit":false,"messageTitle":"follow coding standard","messageBody":"","tags":["A-CodingStandard"],"fileTypesAndContributionMap":{"java":{"insertions":0,"deletions":7}}}]},{"date":"2023-09-13","commitResults":[{"hash":"e4200c5476d64a228206c6572516de62caaae824","isMergeCommit":false,"messageTitle":"categorise tasks into Todo, Event, and Deadline","messageBody":"","tags":["Level-4","A-Inheritance"],"fileTypesAndContributionMap":{"java":{"insertions":88,"deletions":8}}},{"hash":"2a749bcdcf09f066981bbfef62cec0d329e9864f","isMergeCommit":false,"messageTitle":"create methods for each command and call the methods in switch statement","messageBody":"","fileTypesAndContributionMap":{"java":{"insertions":104,"deletions":63}}},{"hash":"806040617389473875096e555c3db0424c9c7f7d","isMergeCommit":false,"messageTitle":"use do-while loop","messageBody":"","tags":["A-CodeQuality"],"fileTypesAndContributionMap":{"java":{"insertions":5,"deletions":5}}},{"hash":"bd0006b6750d4b5d97cab5c4bc2f6084e6e9b4ee","isMergeCommit":false,"messageTitle":"add input and output testing","messageBody":"","tags":["A-TextUiTesting"],"fileTypesAndContributionMap":{"txt":{"insertions":4,"deletions":0},"sh":{"insertions":2,"deletions":6}}},{"hash":"1d647e31c8d2cc00625ec59c86901c93f8a3e944","isMergeCommit":false,"messageTitle":"handle unrecognised commands","messageBody":"","fileTypesAndContributionMap":{"java":{"insertions":2,"deletions":1}}},{"hash":"9e488c28f1bd8d8610cd3c50db408cc0382ac228","isMergeCommit":false,"messageTitle":"create BotBuddyException exception","messageBody":"","fileTypesAndContributionMap":{"java":{"insertions":2,"deletions":0}}},{"hash":"e2e415d29c82a1c4d55cc50310967d30fb465a3f","isMergeCommit":false,"messageTitle":"add error handling","messageBody":"","fileTypesAndContributionMap":{"java":{"insertions":108,"deletions":0}}},{"hash":"704093c81aa1ed56deaeeb16b01e18158b59c0b6","isMergeCommit":true,"messageTitle":"Merge branch \u0027branch-Level-5\u0027","messageBody":"","tags":["Level-5","A-Exceptions"],"fileTypesAndContributionMap":{}},{"hash":"00bb9a79e04e61dd23afe61dd3752e97542d0c56","isMergeCommit":false,"messageTitle":"put classes in BotBuddy package","messageBody":"","fileTypesAndContributionMap":{"java":{"insertions":12,"deletions":0}}},{"hash":"a18d4c08348d02dbeb4680afe8435a0526668e0c","isMergeCommit":true,"messageTitle":"Merge branch \u0027branch-A-Packages\u0027","messageBody":"","tags":["A-Packages"],"fileTypesAndContributionMap":{}}]},{"date":"2023-09-19","commitResults":[{"hash":"3223c2aa07c6bb8e99c1e8b017e53f3bdfd6fc11","isMergeCommit":false,"messageTitle":"rename Duke.java to BotBuddy.java","messageBody":"","fileTypesAndContributionMap":{"java":{"insertions":1,"deletions":1}}},{"hash":"5637b7124ca66e1c911f00cf5c5857cb40dc1caf","isMergeCommit":false,"messageTitle":"use ArrayList\u003cTask\u003e to store Tasks instead of an array","messageBody":"","tags":["A-Collections"],"fileTypesAndContributionMap":{"java":{"insertions":29,"deletions":24}}},{"hash":"e1dee36f4773b312fdbb131384c1e816b512ccc5","isMergeCommit":false,"messageTitle":"add ability to delete tasks","messageBody":"","fileTypesAndContributionMap":{"java":{"insertions":36,"deletions":1}}},{"hash":"713b1a3096e147851b0123fde70ba38bede828e8","isMergeCommit":true,"messageTitle":"Merge branch \u0027branch-Level-6\u0027","messageBody":"","tags":["Level-6"],"fileTypesAndContributionMap":{}},{"hash":"8254280a81a5436b10243b3932cf4fceac7d2a8b","isMergeCommit":false,"messageTitle":"add ability to save and read from file","messageBody":"","fileTypesAndContributionMap":{"java":{"insertions":158,"deletions":4}}},{"hash":"995547bf3e5e06714c36c1bb0ad9352ac128570a","isMergeCommit":false,"messageTitle":"auto create task file and directory if not found","messageBody":"","fileTypesAndContributionMap":{"java":{"insertions":32,"deletions":6}}},{"hash":"8e41dc03c78715cba1727d1a15312c4c4be0f158","isMergeCommit":true,"messageTitle":"Merge branch \u0027branch-Level-7\u0027","messageBody":"","fileTypesAndContributionMap":{}},{"hash":"722041b487d35e76db2e72ba06337f0ddec8b876","isMergeCommit":false,"messageTitle":"remove duplicate check if directory is created","messageBody":"","tags":["Level-7"],"fileTypesAndContributionMap":{"java":{"insertions":1,"deletions":10}}}]},{"date":"2023-10-02","commitResults":[{"hash":"a2c02d82dfc989eeb8ae130f3dd0d9d0b6afe15a","isMergeCommit":false,"messageTitle":"refactor code to make it more OOP","messageBody":"","tags":["A-MoreOOP"],"fileTypesAndContributionMap":{"java":{"insertions":440,"deletions":348}}}]},{"date":"2023-10-05","commitResults":[{"hash":"f95d5a15afa6f89629bc34cadaa5b89ccce9a1df","isMergeCommit":false,"messageTitle":"add ability to find tasks","messageBody":"","fileTypesAndContributionMap":{"java":{"insertions":29,"deletions":0}}},{"hash":"3957ae91625d59ee764eb3b51386ce30d3630b5f","isMergeCommit":true,"messageTitle":"Merge pull request #1 from lckjosh/branch-Level-9","messageBody":"add ability to find tasks","tags":["Level-9"],"fileTypesAndContributionMap":{}},{"hash":"2868ee6516a553311a553082149bb2bc13a89349","isMergeCommit":false,"messageTitle":"updated list of supported commands","messageBody":"","fileTypesAndContributionMap":{"java":{"insertions":1,"deletions":1},"md":{"insertions":17,"deletions":19}}},{"hash":"1ec406b815eaef1840882f86a646d7bbe56dc775","isMergeCommit":false,"messageTitle":"update README","messageBody":"","fileTypesAndContributionMap":{"java":{"insertions":1,"deletions":1},"md":{"insertions":192,"deletions":1}}},{"hash":"ff1c2cacedf9a602e07eb45258cc83d4be86b9ce","isMergeCommit":false,"messageTitle":"fix READMEs","messageBody":"","tags":["A-UserGuide"],"fileTypesAndContributionMap":{"md":{"insertions":217,"deletions":222}}}]}]},"authorFileTypeContributionMap":{"lckjosh":{"java":680,"md":185,"fxml":0,"sh":1,"bat":0,"gradle":0,"txt":4}},"authorContributionVariance":{"lckjosh":26121.867},"authorDisplayNameMap":{"lckjosh":"CS2113-T18-4 LIM ..SHUA"}}
