{"authorDailyContributionsMap":{"Jonoans":[{"date":"2023-08-23","commitResults":[{"hash":"eddae2b2e8415a38292cdba48ccd042076a5773b","isMergeCommit":false,"messageTitle":"Completed Level-0","messageBody":"","tags":["Level-0"],"fileTypesAndContributionMap":{"java":{"insertions":17,"deletions":6}}}]},{"date":"2023-08-26","commitResults":[{"hash":"58ab708d33c53b6d683afebaafe77eb646cbabd5","isMergeCommit":false,"messageTitle":"Added echo and bye command","messageBody":"","tags":["Level-1"],"fileTypesAndContributionMap":{"java":{"insertions":38,"deletions":4}}}]},{"date":"2023-08-27","commitResults":[{"hash":"ba054484692e4c1045adeece31f086f56a89dec9","isMergeCommit":false,"messageTitle":"Added task addition and listing","messageBody":"","tags":["Level-2"],"fileTypesAndContributionMap":{"java":{"insertions":45,"deletions":3}}},{"hash":"10799e91eddec020c1ba58b8c73d9e4a9cb17e6a","isMergeCommit":false,"messageTitle":"Add task marking and unmarking features","messageBody":"","tags":["Level-3"],"fileTypesAndContributionMap":{"java":{"insertions":106,"deletions":15}}}]},{"date":"2023-08-30","commitResults":[{"hash":"a96f2fa4dc366433ae808364b4c09d7c2544cde5","isMergeCommit":false,"messageTitle":"Refactor done variable to isDone - conform to coding standard","messageBody":"","fileTypesAndContributionMap":{"java":{"insertions":5,"deletions":5}}},{"hash":"1459b09c11e1cb8d72ed1cc3b88d9808d8707cd3","isMergeCommit":false,"messageTitle":"Check for empty inputs","messageBody":"","fileTypesAndContributionMap":{"java":{"insertions":6,"deletions":1}}},{"hash":"1099fee7bd0e9178ef5c205d9dc485251589a5a1","isMergeCommit":false,"messageTitle":"Refactor code to comply to coding standard","messageBody":"","fileTypesAndContributionMap":{"java":{"insertions":12,"deletions":10}}},{"hash":"84f48ffe7a156294585d18a0b60339b555d2c1fc","isMergeCommit":false,"messageTitle":"Refactor final task variable to all caps","messageBody":"","tags":["A-CodingStandard"],"fileTypesAndContributionMap":{"java":{"insertions":5,"deletions":5}}}]},{"date":"2023-09-04","commitResults":[{"hash":"bdfa511db24f574905b9f1a185e4ae4d01306049","isMergeCommit":false,"messageTitle":"Refactor ApplicationState - Move implementation details for tasks state into task class","messageBody":"","fileTypesAndContributionMap":{"java":{"insertions":40,"deletions":15}}},{"hash":"b0a31917abc18d9c8995cae12f3ae021c004174f","isMergeCommit":false,"messageTitle":"Add Command class to parse commands","messageBody":"","fileTypesAndContributionMap":{"java":{"insertions":80,"deletions":5}}},{"hash":"9f137b61fdba016a0e67aec100466242c960c416","isMergeCommit":false,"messageTitle":"Remove unused imports and variable assignment","messageBody":"","fileTypesAndContributionMap":{"java":{"insertions":1,"deletions":4}}},{"hash":"8ae0892678e8237854204fc2022b78db56005bba","isMergeCommit":false,"messageTitle":"Add task types deadline, event and todo","messageBody":"","fileTypesAndContributionMap":{"java":{"insertions":94,"deletions":14}}},{"hash":"1181933f8b77a09a26d6e501ce397d09e3d8ac9b","isMergeCommit":false,"messageTitle":"Change print message when adding tasks","messageBody":"","tags":["Level-4","A-Inheritance"],"fileTypesAndContributionMap":{"java":{"insertions":13,"deletions":2}}},{"hash":"0d43944188900b1129da9973152a9ed818c32903","isMergeCommit":false,"messageTitle":"Add testcases for UI test","messageBody":"","tags":["A-TextUiTesting"],"fileTypesAndContributionMap":{"txt":{"insertions":19,"deletions":0}}}]},{"date":"2023-09-06","commitResults":[{"hash":"c958fa4a92b4629830321a13eb11ee7a5e1272e1","isMergeCommit":false,"messageTitle":"Fix coding standard violation","messageBody":"","fileTypesAndContributionMap":{"java":{"insertions":3,"deletions":1}}},{"hash":"86040efc3dfcf245874fa9c39a773e9ad228d751","isMergeCommit":false,"messageTitle":"Add missing space","messageBody":"","fileTypesAndContributionMap":{"java":{"insertions":1,"deletions":1}}},{"hash":"92fbc5ae25084e91fcbc91adfb6d10e67fde07d2","isMergeCommit":false,"messageTitle":"Re-organise code into packages","messageBody":"","fileTypesAndContributionMap":{"java":{"insertions":30,"deletions":0},"sh":{"insertions":2,"deletions":2},"md":{"insertions":2,"deletions":2}}},{"hash":"2c878c255bd9d4d95bb68376625589ec1b5ce77f","isMergeCommit":false,"messageTitle":"Add new method printWrapped, accepting String array for printing","messageBody":"","tags":["A-CodeQuality"],"fileTypesAndContributionMap":{"java":{"insertions":25,"deletions":12}}}]},{"date":"2023-09-08","commitResults":[{"hash":"3ac7c54b7e36f6d1ed48a92296287d9518345d6b","isMergeCommit":false,"messageTitle":"Refactor code - Rename variables in Command class for better comprehension - Rename \"states\" in ApplicationState to \"STATES\"","messageBody":"","fileTypesAndContributionMap":{"java":{"insertions":31,"deletions":29}}},{"hash":"bf3d93a77ddb9cbe616cc9f4ba4a49ebfdb31434","isMergeCommit":false,"messageTitle":"Remove integer literal","messageBody":"","fileTypesAndContributionMap":{"java":{"insertions":5,"deletions":4}}},{"hash":"3c6e663f41c6b80a945f32526dfb49f1f9e423d1","isMergeCommit":false,"messageTitle":"Rename variables and pass tokens list directly to addOption in Command class","messageBody":"","fileTypesAndContributionMap":{"java":{"insertions":8,"deletions":9}}},{"hash":"b00646648568dcdf8fe2001dc535fb4254990a53","isMergeCommit":false,"messageTitle":"Extract execution flow to method","messageBody":"","fileTypesAndContributionMap":{"java":{"insertions":10,"deletions":8}}}]},{"date":"2023-09-09","commitResults":[{"hash":"984701dbd86a93cd195f076a5839b6c39c4ad1cb","isMergeCommit":false,"messageTitle":"Implement each runnable command as a class on its own","messageBody":"","fileTypesAndContributionMap":{"java":{"insertions":374,"deletions":179}}},{"hash":"e3613dd1015372beecc9a56316bc338829f4cedb","isMergeCommit":false,"messageTitle":"Provide feedback when invalid command is provided - Move checking of empty command into ActionRegistry\u0027s execute method","messageBody":"","fileTypesAndContributionMap":{"java":{"insertions":16,"deletions":6}}},{"hash":"3ccb0fcb0d23d61ffa59b524e07d3d84619b91d2","isMergeCommit":false,"messageTitle":"Ensure alias string is not blank","messageBody":"","fileTypesAndContributionMap":{"java":{"insertions":2,"deletions":0}}},{"hash":"52c2c7c0fcdcff25fad17364a78ed36e060dc143","isMergeCommit":false,"messageTitle":"Fix bug where unmark command marks tasks as done instead of marking as undone","messageBody":"","fileTypesAndContributionMap":{"java":{"insertions":1,"deletions":1}}},{"hash":"02c37e54cf825c013a3b6d85ec1b80cf11cd07e3","isMergeCommit":false,"messageTitle":"Make action class abstract","messageBody":"","fileTypesAndContributionMap":{"java":{"insertions":2,"deletions":4}}},{"hash":"f8cf90f6f5a6c76b9231b545ed8de04740568a03","isMergeCommit":false,"messageTitle":"Remove override annotation from direct child of Action class","messageBody":"","fileTypesAndContributionMap":{"java":{"insertions":0,"deletions":4}}},{"hash":"22557e6eba869c8b24d1f6994b0988ff8dda92bc","isMergeCommit":false,"messageTitle":"Store isEnded in boolean variable outside of STATES","messageBody":"","fileTypesAndContributionMap":{"java":{"insertions":3,"deletions":4}}},{"hash":"be6781d877816ad4779882c7340ded176b153aaf","isMergeCommit":false,"messageTitle":"Update tests to include invalid inputs","messageBody":"","fileTypesAndContributionMap":{"txt":{"insertions":3,"deletions":0}}},{"hash":"7258e7080103c2bfd5e55c03c4ec1d75bce75df2","isMergeCommit":true,"messageTitle":"Merge branch \u0027branch-A-Packages\u0027","messageBody":"","tags":["A-Packages"],"fileTypesAndContributionMap":{}},{"hash":"33eb04d60276fdf310d41f5d09360e2726f2ee22","isMergeCommit":false,"messageTitle":"Add DukeException class - All program errors will be thrown as DukeException errors - Add handler code for DukeException error in ActionRegistry execute method","messageBody":"","fileTypesAndContributionMap":{"txt":{"insertions":1,"deletions":0},"java":{"insertions":80,"deletions":29}}},{"hash":"002faa8b5c92a159617449a9abf585671ddee15e","isMergeCommit":true,"messageTitle":"Merge branch \u0027branch-Level-5\u0027","messageBody":"","tags":["Level-5","A-Exceptions"],"fileTypesAndContributionMap":{}}]},{"date":"2023-09-16","commitResults":[{"hash":"8c8f5aa7d4649845453d46ba16f7a08cc0ca930a","isMergeCommit":false,"messageTitle":"Move getTask function out of MarkTask class, rename variable in ProgramConstants","messageBody":"","fileTypesAndContributionMap":{"java":{"insertions":12,"deletions":11}}},{"hash":"757423e200595fa429da8d267646a5cd42b3b39b","isMergeCommit":false,"messageTitle":"Add task deletion command","messageBody":"","fileTypesAndContributionMap":{"java":{"insertions":66,"deletions":0}}},{"hash":"5acc178c8137abee10db6947af7492116b57c05c","isMergeCommit":false,"messageTitle":"Update tests to include delete command","messageBody":"","tags":["Level-6","A-Collections"],"fileTypesAndContributionMap":{"txt":{"insertions":8,"deletions":0}}}]},{"date":"2023-09-17","commitResults":[{"hash":"d7635c8179d2cce10ab7d30488fc17989d5458d0","isMergeCommit":false,"messageTitle":"Add save functionality for tasks","messageBody":"","fileTypesAndContributionMap":{"java":{"insertions":391,"deletions":14}}},{"hash":"92181958b7d37f35bcca237277bb8cd9a5833e24","isMergeCommit":true,"messageTitle":"Merge branch \u0027branch-Level-6\u0027","messageBody":"","fileTypesAndContributionMap":{}},{"hash":"87cf8c36dcff872961024d7400dd62ff90612226","isMergeCommit":true,"messageTitle":"Merge branch \u0027branch-Level-7\u0027","messageBody":"","tags":["Level-7","A-Jar"],"fileTypesAndContributionMap":{}}]},{"date":"2023-09-23","commitResults":[{"hash":"8670d70c4a097f8dce7c38494b0c8a3ec8fd98a5","isMergeCommit":false,"messageTitle":"Add JavaDocs","messageBody":"","fileTypesAndContributionMap":{"java":{"insertions":343,"deletions":183}}},{"hash":"fbbf94926999ee353c5090b85b4d5f1342879f04","isMergeCommit":false,"messageTitle":"Add OOP classes","messageBody":"","fileTypesAndContributionMap":{"java":{"insertions":536,"deletions":334}}},{"hash":"b029cea35b2a3438bdc1a68d3a6d47350a02191f","isMergeCommit":true,"messageTitle":"Merge branch \u0027branch-A-MoreOOP\u0027 into branch-A-JavaDoc","messageBody":"","fileTypesAndContributionMap":{}},{"hash":"7947ad7ccf1c7456728c7faa8ecd94100f8c77f8","isMergeCommit":true,"messageTitle":"Merge pull request #2 from Jonoans/branch-A-MoreOOP","messageBody":"A-MoreOOP","fileTypesAndContributionMap":{}},{"hash":"7c34b7b36ad6ff8106d5be2ca13a0badce84d711","isMergeCommit":true,"messageTitle":"Merge pull request #3 from Jonoans/branch-A-JavaDoc","messageBody":"A-JavaDoc","fileTypesAndContributionMap":{}}]}]},"authorFileTypeContributionMap":{"Jonoans":{"java":1324,"md":2,"fxml":0,"sh":2,"bat":0,"gradle":0,"txt":31}},"authorContributionVariance":{"Jonoans":66282.28},"authorDisplayNameMap":{"Jonoans":"CS2113-W12-3 TAN ..THAN"}}
