{"authorDailyContributionsMap":{"Jonoans":[{"date":"2023-08-23","commitResults":[{"hash":"eddae2b2e8415a38292cdba48ccd042076a5773b","isMergeCommit":false,"messageTitle":"Completed Level-0","messageBody":"","tags":["Level-0"],"fileTypesAndContributionMap":{"java":{"insertions":17,"deletions":6}}}]},{"date":"2023-08-26","commitResults":[{"hash":"58ab708d33c53b6d683afebaafe77eb646cbabd5","isMergeCommit":false,"messageTitle":"Added echo and bye command","messageBody":"","tags":["Level-1"],"fileTypesAndContributionMap":{"java":{"insertions":38,"deletions":4}}}]},{"date":"2023-08-27","commitResults":[{"hash":"ba054484692e4c1045adeece31f086f56a89dec9","isMergeCommit":false,"messageTitle":"Added task addition and listing","messageBody":"","tags":["Level-2"],"fileTypesAndContributionMap":{"java":{"insertions":45,"deletions":3}}},{"hash":"10799e91eddec020c1ba58b8c73d9e4a9cb17e6a","isMergeCommit":false,"messageTitle":"Add task marking and unmarking features","messageBody":"","tags":["Level-3"],"fileTypesAndContributionMap":{"java":{"insertions":106,"deletions":15}}}]},{"date":"2023-08-30","commitResults":[{"hash":"a96f2fa4dc366433ae808364b4c09d7c2544cde5","isMergeCommit":false,"messageTitle":"Refactor done variable to isDone - conform to coding standard","messageBody":"","fileTypesAndContributionMap":{"java":{"insertions":5,"deletions":5}}},{"hash":"1459b09c11e1cb8d72ed1cc3b88d9808d8707cd3","isMergeCommit":false,"messageTitle":"Check for empty inputs","messageBody":"","fileTypesAndContributionMap":{"java":{"insertions":6,"deletions":1}}},{"hash":"1099fee7bd0e9178ef5c205d9dc485251589a5a1","isMergeCommit":false,"messageTitle":"Refactor code to comply to coding standard","messageBody":"","fileTypesAndContributionMap":{"java":{"insertions":12,"deletions":10}}},{"hash":"84f48ffe7a156294585d18a0b60339b555d2c1fc","isMergeCommit":false,"messageTitle":"Refactor final task variable to all caps","messageBody":"","tags":["A-CodingStandard"],"fileTypesAndContributionMap":{"java":{"insertions":5,"deletions":5}}}]},{"date":"2023-09-04","commitResults":[{"hash":"bdfa511db24f574905b9f1a185e4ae4d01306049","isMergeCommit":false,"messageTitle":"Refactor ApplicationState - Move implementation details for tasks state into task class","messageBody":"","fileTypesAndContributionMap":{"java":{"insertions":40,"deletions":15}}},{"hash":"b0a31917abc18d9c8995cae12f3ae021c004174f","isMergeCommit":false,"messageTitle":"Add Command class to parse commands","messageBody":"","fileTypesAndContributionMap":{"java":{"insertions":80,"deletions":5}}},{"hash":"9f137b61fdba016a0e67aec100466242c960c416","isMergeCommit":false,"messageTitle":"Remove unused imports and variable assignment","messageBody":"","fileTypesAndContributionMap":{"java":{"insertions":1,"deletions":4}}},{"hash":"8ae0892678e8237854204fc2022b78db56005bba","isMergeCommit":false,"messageTitle":"Add task types deadline, event and todo","messageBody":"","fileTypesAndContributionMap":{"java":{"insertions":94,"deletions":14}}},{"hash":"1181933f8b77a09a26d6e501ce397d09e3d8ac9b","isMergeCommit":false,"messageTitle":"Change print message when adding tasks","messageBody":"","tags":["Level-4","A-Inheritance"],"fileTypesAndContributionMap":{"java":{"insertions":13,"deletions":2}}},{"hash":"0d43944188900b1129da9973152a9ed818c32903","isMergeCommit":false,"messageTitle":"Add testcases for UI test","messageBody":"","tags":["A-TextUiTesting"],"fileTypesAndContributionMap":{"txt":{"insertions":19,"deletions":0}}}]},{"date":"2023-09-06","commitResults":[{"hash":"c958fa4a92b4629830321a13eb11ee7a5e1272e1","isMergeCommit":false,"messageTitle":"Fix coding standard violation","messageBody":"","fileTypesAndContributionMap":{"java":{"insertions":3,"deletions":1}}},{"hash":"86040efc3dfcf245874fa9c39a773e9ad228d751","isMergeCommit":false,"messageTitle":"Add missing space","messageBody":"","fileTypesAndContributionMap":{"java":{"insertions":1,"deletions":1}}},{"hash":"92fbc5ae25084e91fcbc91adfb6d10e67fde07d2","isMergeCommit":false,"messageTitle":"Re-organise code into packages","messageBody":"","fileTypesAndContributionMap":{"java":{"insertions":30,"deletions":0},"sh":{"insertions":2,"deletions":2},"md":{"insertions":2,"deletions":2}}},{"hash":"2c878c255bd9d4d95bb68376625589ec1b5ce77f","isMergeCommit":false,"messageTitle":"Add new method printWrapped, accepting String array for printing","messageBody":"","tags":["A-CodeQuality"],"fileTypesAndContributionMap":{"java":{"insertions":25,"deletions":12}}}]},{"date":"2023-09-08","commitResults":[{"hash":"3ac7c54b7e36f6d1ed48a92296287d9518345d6b","isMergeCommit":false,"messageTitle":"Refactor code - Rename variables in Command class for better comprehension - Rename \"states\" in ApplicationState to \"STATES\"","messageBody":"","fileTypesAndContributionMap":{"java":{"insertions":31,"deletions":29}}},{"hash":"bf3d93a77ddb9cbe616cc9f4ba4a49ebfdb31434","isMergeCommit":false,"messageTitle":"Remove integer literal","messageBody":"","fileTypesAndContributionMap":{"java":{"insertions":5,"deletions":4}}},{"hash":"3c6e663f41c6b80a945f32526dfb49f1f9e423d1","isMergeCommit":false,"messageTitle":"Rename variables and pass tokens list directly to addOption in Command class","messageBody":"","fileTypesAndContributionMap":{"java":{"insertions":8,"deletions":9}}},{"hash":"b00646648568dcdf8fe2001dc535fb4254990a53","isMergeCommit":false,"messageTitle":"Extract execution flow to method","messageBody":"","fileTypesAndContributionMap":{"java":{"insertions":10,"deletions":8}}}]},{"date":"2023-09-09","commitResults":[{"hash":"984701dbd86a93cd195f076a5839b6c39c4ad1cb","isMergeCommit":false,"messageTitle":"Implement each runnable command as a class on its own","messageBody":"","fileTypesAndContributionMap":{"java":{"insertions":374,"deletions":179}}}]}]},"authorFileTypeContributionMap":{"Jonoans":{"java":623,"md":2,"fxml":0,"sh":2,"bat":0,"gradle":0,"txt":19}},"authorContributionVariance":{"Jonoans":15844.549},"authorDisplayNameMap":{"Jonoans":"TAN ..THAN"}}
