{"authorDailyContributionsMap":{"BenedictChannn":[{"date":"2023-08-29","commitResults":[{"hash":"537a71a6e11e2c3c4466830f88d09f5dbcee14ff","isMergeCommit":false,"messageTitle":"Add logo","messageBody":"","tags":["Level-0"],"fileTypesAndContributionMap":{"gradle":{"insertions":0,"deletions":42},"java":{"insertions":16,"deletions":6}}},{"hash":"f46e37dc971958a3dfea5a1d77f75bb71a57b210","isMergeCommit":false,"messageTitle":"Add echo","messageBody":"","tags":["Level-1"],"fileTypesAndContributionMap":{"java":{"insertions":15,"deletions":2}}},{"hash":"e8e7b8a0845385560f8fdf7b5eb36f76539b1242","isMergeCommit":false,"messageTitle":"Add storage capability","messageBody":"","tags":["Level-2"],"fileTypesAndContributionMap":{"java":{"insertions":19,"deletions":5}}},{"hash":"0e4acd62699968994fc640326cdc52bbf4dcc128","isMergeCommit":false,"messageTitle":"Add task class and ability to mark tasks","messageBody":"","tags":["Level-3"],"fileTypesAndContributionMap":{"java":{"insertions":53,"deletions":9}}}]},{"date":"2023-09-05","commitResults":[{"hash":"407a0e2fbeb307f6a6736b17238241d13ec8e780","isMergeCommit":false,"messageTitle":"Add functionality for managing ToDos, Events, and Deadlines","messageBody":"","tags":["Level-4"],"fileTypesAndContributionMap":{"java":{"insertions":176,"deletions":44}}},{"hash":"0b62aa136c170ba8c5b552ae2a918327675b02cc","isMergeCommit":false,"messageTitle":"Implement I/O redirection for semi-automated Ken class testing","messageBody":"","tags":["A-TextUiTesting"],"fileTypesAndContributionMap":{"txt":{"insertions":14,"deletions":0},"java":{"insertions":11,"deletions":10},"bat":{"insertions":1,"deletions":1}}}]},{"date":"2023-09-06","commitResults":[{"hash":"e82ef657128f1434f0775a718c30ad6cf4156ea0","isMergeCommit":false,"messageTitle":"Reformat print statements and tidy code","messageBody":"","fileTypesAndContributionMap":{"java":{"insertions":30,"deletions":35}}},{"hash":"13be9791bf60d3399aaebaf1159ccc4309286dc0","isMergeCommit":false,"messageTitle":"Add a new method addTask to extract out common code","messageBody":"","tags":["A-CodingStandard"],"fileTypesAndContributionMap":{"java":{"insertions":13,"deletions":21}}}]},{"date":"2023-09-11","commitResults":[{"hash":"17b6bca4b0ec393c1450741764b1a335c251f507","isMergeCommit":false,"messageTitle":"Add UI class for better abstraction of UI code","messageBody":"","fileTypesAndContributionMap":{"java":{"insertions":41,"deletions":0}}},{"hash":"5a58dd20e4e098932783547509e035bb6a3f1dd4","isMergeCommit":false,"messageTitle":"Tidy up code","messageBody":"","tags":["A-CodeQuality"],"fileTypesAndContributionMap":{"java":{"insertions":9,"deletions":47}}}]},{"date":"2023-09-12","commitResults":[{"hash":"9795d0f04523bf93dbdbf1a792df6dbece0661ac","isMergeCommit":false,"messageTitle":"Add ParsingException class to deal with exceptions","messageBody":"","fileTypesAndContributionMap":{"java":{"insertions":5,"deletions":0}}},{"hash":"1b421a5bbc5d64bb09465a797586761104027508","isMergeCommit":false,"messageTitle":"Refactor code to deal with exceptions from user input","messageBody":"","fileTypesAndContributionMap":{"java":{"insertions":105,"deletions":50}}},{"hash":"59739a5a7f5965e67a3765ba23f1ce4264531fb5","isMergeCommit":true,"messageTitle":"Merge branch \u0027branch-Level-5\u0027","messageBody":"","tags":["Level-5","A-Exceptions"],"fileTypesAndContributionMap":{}},{"hash":"3a1edb0daf8c86b7420a209a053a00fa62d1c00a","isMergeCommit":false,"messageTitle":"Organize classes to one package","messageBody":"","fileTypesAndContributionMap":{"java":{"insertions":14,"deletions":0}}},{"hash":"12712049b2c3b8544d47199934087faffb38a01a","isMergeCommit":false,"messageTitle":"Amend runtest.bat file","messageBody":"","fileTypesAndContributionMap":{"bat":{"insertions":1,"deletions":1}}}]},{"date":"2023-09-18","commitResults":[{"hash":"603737dc530e6e8a43379cfa9888260aead04b96","isMergeCommit":false,"messageTitle":"Add new Package to contain the Exceptions","messageBody":"","fileTypesAndContributionMap":{"java":{"insertions":39,"deletions":23}}},{"hash":"7fe7dfe188802426ca01c18ef456aade2f41f15d","isMergeCommit":false,"messageTitle":"Add TaskList class and refactor code","messageBody":"","fileTypesAndContributionMap":{"java":{"insertions":67,"deletions":27}}},{"hash":"158e579875945b15c7a19dc076bfb4cfb01b8887","isMergeCommit":false,"messageTitle":"Add new Commands package to contain the different commands","messageBody":"","fileTypesAndContributionMap":{"java":{"insertions":34,"deletions":11}}},{"hash":"07b6931ea9a700b203a0a78a81adba6511528acd","isMergeCommit":false,"messageTitle":"Add List class to Commands package","messageBody":"","fileTypesAndContributionMap":{"java":{"insertions":13,"deletions":1}}},{"hash":"9096cf53e06c46874d0edc765dc5d6c0ae14dcb0","isMergeCommit":false,"messageTitle":"Add Update class to Command package to mark/ unmark tasks","messageBody":"","fileTypesAndContributionMap":{"java":{"insertions":38,"deletions":17}}},{"hash":"2f865b7727ad634bfe2e41576c643df27112a5fe","isMergeCommit":false,"messageTitle":"Add Goodbye class to Commands package","messageBody":"","fileTypesAndContributionMap":{"java":{"insertions":23,"deletions":1}}}]},{"date":"2023-09-19","commitResults":[{"hash":"4ff2b00c66e1651d29bd6515912691f3ba7abee3","isMergeCommit":false,"messageTitle":"Add a ParseCommands class to parse user input and refactor code accordingly","messageBody":"","fileTypesAndContributionMap":{"java":{"insertions":119,"deletions":100}}},{"hash":"0585b9efe790fc0b0e72471e19b496dddabda015","isMergeCommit":true,"messageTitle":"Merge branch \u0027branch-A-Packages\u0027","messageBody":"","tags":["A-Packages"],"fileTypesAndContributionMap":{}},{"hash":"f0f3c0391aa8a5da2f20f3efebac2e847a142d8f","isMergeCommit":false,"messageTitle":"Add Delete class to Commands package and refactored taskList to be an ArrayList","messageBody":"","fileTypesAndContributionMap":{"java":{"insertions":62,"deletions":10}}}]},{"date":"2023-09-20","commitResults":[{"hash":"d71609ec2af41742575b370dd66c9e1b55da56da","isMergeCommit":false,"messageTitle":"Add error handling for reading and writing to file","messageBody":"","fileTypesAndContributionMap":{"java":{"insertions":14,"deletions":0}}},{"hash":"5e48ac08382c23394c6e1653e417a2dd7db66fc0","isMergeCommit":false,"messageTitle":"Add a FileHandler class to read from file and write to file","messageBody":"","fileTypesAndContributionMap":{"txt":{"insertions":1,"deletions":0},"java":{"insertions":49,"deletions":0}}},{"hash":"8686ba9d3b1f01baab4cf27f6e9d8d8c2fb56ff2","isMergeCommit":false,"messageTitle":"Add error handling for file corruption","messageBody":"","fileTypesAndContributionMap":{"java":{"insertions":7,"deletions":0}}},{"hash":"4e76060c1e0439068f5243c7123b4466ee20467b","isMergeCommit":false,"messageTitle":"Add getDataFromFile class to read data from text file and input to task list","messageBody":"","fileTypesAndContributionMap":{"java":{"insertions":57,"deletions":2}}},{"hash":"c5ae1c12fbdb2c1c6fe96513bd7c616b45cd3218","isMergeCommit":false,"messageTitle":"Refactor code for better readability and UI","messageBody":"","fileTypesAndContributionMap":{"txt":{"insertions":3,"deletions":1},"java":{"insertions":8,"deletions":8}}},{"hash":"2357cb0d7aaa654a0eee1f6a3784a0b358c9886e","isMergeCommit":false,"messageTitle":"Refactor code to handle errors due to file corruption","messageBody":"","fileTypesAndContributionMap":{"java":{"insertions":58,"deletions":21}}},{"hash":"16e2d060e8da683123da193792316314b9c042ed","isMergeCommit":true,"messageTitle":"Merge branch \u0027branch-Level-6\u0027","messageBody":"","fileTypesAndContributionMap":{}},{"hash":"7024d5c03b8e333f20afe7d7f07e7a5fd119a036","isMergeCommit":true,"messageTitle":"Merge branch \u0027branch-Level-7\u0027","messageBody":"","tags":["Level-7","Level-6"],"fileTypesAndContributionMap":{}},{"hash":"6fb020e56d4c2a240004ec07d2cf52b44aa7712f","isMergeCommit":false,"messageTitle":"Handle error in code after merge","messageBody":"","tags":["A-Jar"],"fileTypesAndContributionMap":{"txt":{"insertions":1,"deletions":3},"java":{"insertions":2,"deletions":1}}}]},{"date":"2023-09-25","commitResults":[{"hash":"044318f5f89088c92fe90e59df96e6e564ddf695","isMergeCommit":false,"messageTitle":"Refactor code into different packages for more OOP","messageBody":"","tags":["A-MoreOOP"],"fileTypesAndContributionMap":{"java":{"insertions":39,"deletions":37}}}]},{"date":"2023-09-26","commitResults":[{"hash":"04ff6e56ad77d1586c858c3f9d6b1e550a204249","isMergeCommit":false,"messageTitle":"Add formatting for date \u0026 time to ensure input by user is acceptable","messageBody":"","fileTypesAndContributionMap":{"txt":{"insertions":5,"deletions":1},"java":{"insertions":70,"deletions":27}}}]},{"date":"2023-09-27","commitResults":[{"hash":"08463b1037d8d19ca96067ce8a11e4345e290e3b","isMergeCommit":false,"messageTitle":"Add Find class into Commands package","messageBody":"","fileTypesAndContributionMap":{"java":{"insertions":20,"deletions":0}}},{"hash":"5cbbb9e7249ee962c98ec22b40e4368c836d472f","isMergeCommit":false,"messageTitle":"Add getTasks method to list out matching tasks","messageBody":"","fileTypesAndContributionMap":{"java":{"insertions":23,"deletions":0}}},{"hash":"b55d3f83b5032beeabdbc5446279a0afd2fa850d","isMergeCommit":false,"messageTitle":"Add another form of printTexts method","messageBody":"","fileTypesAndContributionMap":{"java":{"insertions":11,"deletions":0}}},{"hash":"fb85a0f67dde36c6007b95f28001c42d39328cd5","isMergeCommit":false,"messageTitle":"Add getMatchTask class to process user input for commands \"find\"","messageBody":"","fileTypesAndContributionMap":{"txt":{"insertions":0,"deletions":1},"java":{"insertions":12,"deletions":0}}}]},{"date":"2023-10-02","commitResults":[{"hash":"138593d8da98a097758b447a31e442e308279d4d","isMergeCommit":false,"messageTitle":"Add error handling to make sure the from date and to date for Events are in chronological order","messageBody":"","fileTypesAndContributionMap":{"java":{"insertions":3,"deletions":0}}},{"hash":"2cecf7301bd4b3474ac269fed01892a82b2546ed","isMergeCommit":false,"messageTitle":"Add JavaDoc for Ken package","messageBody":"","fileTypesAndContributionMap":{"java":{"insertions":16,"deletions":0}}},{"hash":"1614eba4b4b7284cee2104f6ce32d0f8b87af2b2","isMergeCommit":false,"messageTitle":"Add JavaDoc for Commands package","messageBody":"","fileTypesAndContributionMap":{"java":{"insertions":85,"deletions":5}}}]},{"date":"2023-10-03","commitResults":[{"hash":"2378db7d7066ab4e31a26abd8056b536f2ae1c5e","isMergeCommit":false,"messageTitle":"Add JavaDoc for Exceptions package","messageBody":"","fileTypesAndContributionMap":{"java":{"insertions":67,"deletions":0}}},{"hash":"2786606045d5e4c5a587e477c783c3a54a5b63ca","isMergeCommit":false,"messageTitle":"Add JavaDoc for Parser package and fix bug","messageBody":"","fileTypesAndContributionMap":{"java":{"insertions":14,"deletions":2}}},{"hash":"088581df60b916dd1c0e3eb83a382a0c788341c2","isMergeCommit":false,"messageTitle":"Add JavaDoc for Storage package","messageBody":"","fileTypesAndContributionMap":{"java":{"insertions":26,"deletions":7}}},{"hash":"6fe93ff302f0c3701279a3ae9dbf11dac137be55","isMergeCommit":false,"messageTitle":"Add JavaDoc for Tasks package","messageBody":"","fileTypesAndContributionMap":{"txt":{"insertions":1,"deletions":0},"java":{"insertions":141,"deletions":5}}},{"hash":"f6c2b11e9552f3cd84b49bbce034e07059e7e6eb","isMergeCommit":false,"messageTitle":"Add JavaDoc for UI package","messageBody":"","fileTypesAndContributionMap":{"java":{"insertions":23,"deletions":0}}},{"hash":"72da010f0659de2ea227547081617e2337c85fa6","isMergeCommit":true,"messageTitle":"Merge pull request #1 from BenedictChannn/branch-Level-8","messageBody":"Add formatting for date \u0026 time to ensure input by user is acceptable","fileTypesAndContributionMap":{}},{"hash":"2e665c43beb1dfb4c84daacd3d3a459d557183af","isMergeCommit":true,"messageTitle":"Merge pull request #2 from BenedictChannn/branch-Level-9","messageBody":"Add Find class","fileTypesAndContributionMap":{}},{"hash":"f7ae195ca3f13039a03bdbd2ebc3fa3e3fa4d12b","isMergeCommit":true,"messageTitle":"Merge pull request #3 from BenedictChannn/branch-A-JavaDoc","messageBody":"Add JavaDoc for all packages","tags":["Level-9","Level-8","A-JavaDoc"],"fileTypesAndContributionMap":{}}]}]},"authorFileTypeContributionMap":{"BenedictChannn":{"java":1121,"md":0,"fxml":0,"sh":0,"bat":2,"gradle":0,"txt":19}},"authorContributionVariance":{"BenedictChannn":8021.4463},"authorDisplayNameMap":{"BenedictChannn":"CS2113-W12-2 CHAN..DICT"}}
