[{"path":"src/main/java/Deadline.java","fileType":"java","lines":[{"lineNumber":1,"author":{"gitId":"J-Y-Yan"},"content":"public class Deadline extends Task {","lastModifiedDate":"2023-09-07"},{"lineNumber":2,"author":{"gitId":"J-Y-Yan"},"content":"","lastModifiedDate":"2023-09-07"},{"lineNumber":3,"author":{"gitId":"J-Y-Yan"},"content":"    protected String byDeadline;","lastModifiedDate":"2023-09-10"},{"lineNumber":4,"author":{"gitId":"J-Y-Yan"},"content":"","lastModifiedDate":"2023-09-07"},{"lineNumber":5,"author":{"gitId":"J-Y-Yan"},"content":"    public Deadline(String description, String by) {","lastModifiedDate":"2023-09-07"},{"lineNumber":6,"author":{"gitId":"J-Y-Yan"},"content":"        super(description);","lastModifiedDate":"2023-09-07"},{"lineNumber":7,"author":{"gitId":"J-Y-Yan"},"content":"        this.byDeadline \u003d by;","lastModifiedDate":"2023-09-10"},{"lineNumber":8,"author":{"gitId":"J-Y-Yan"},"content":"    }","lastModifiedDate":"2023-09-07"},{"lineNumber":9,"author":{"gitId":"J-Y-Yan"},"content":"","lastModifiedDate":"2023-09-07"},{"lineNumber":10,"author":{"gitId":"J-Y-Yan"},"content":"    @Override","lastModifiedDate":"2023-09-07"},{"lineNumber":11,"author":{"gitId":"J-Y-Yan"},"content":"    public String toString() {","lastModifiedDate":"2023-09-07"},{"lineNumber":12,"author":{"gitId":"J-Y-Yan"},"content":"        return \"[D]\" + super.toString() + \" (by: \" + this.byDeadline + \")\";","lastModifiedDate":"2023-09-10"},{"lineNumber":13,"author":{"gitId":"J-Y-Yan"},"content":"    }","lastModifiedDate":"2023-09-07"},{"lineNumber":14,"author":{"gitId":"J-Y-Yan"},"content":"}","lastModifiedDate":"2023-09-07"}],"authorContributionMap":{"J-Y-Yan":14}},{"path":"src/main/java/Duke.java","fileType":"java","lines":[{"lineNumber":1,"author":{"gitId":"J-Y-Yan"},"content":"import java.util.Scanner;","lastModifiedDate":"2023-09-07"},{"lineNumber":2,"author":{"gitId":"J-Y-Yan"},"content":"","lastModifiedDate":"2023-09-07"},{"lineNumber":3,"author":{"gitId":"-"},"content":"public class Duke {","lastModifiedDate":"2019-07-29"},{"lineNumber":4,"author":{"gitId":"J-Y-Yan"},"content":"","lastModifiedDate":"2023-09-07"},{"lineNumber":5,"author":{"gitId":"J-Y-Yan"},"content":"    public static int taskCount \u003d 0;","lastModifiedDate":"2023-09-10"},{"lineNumber":6,"author":{"gitId":"J-Y-Yan"},"content":"    private static Task[] list \u003d new Task[100];","lastModifiedDate":"2023-09-10"},{"lineNumber":7,"author":{"gitId":"J-Y-Yan"},"content":"","lastModifiedDate":"2023-09-10"},{"lineNumber":8,"author":{"gitId":"-"},"content":"    public static void main(String[] args) {","lastModifiedDate":"2023-09-10"},{"lineNumber":9,"author":{"gitId":"J-Y-Yan"},"content":"        printWelcomeMessage();","lastModifiedDate":"2023-09-10"},{"lineNumber":10,"author":{"gitId":"J-Y-Yan"},"content":"        Scanner keyboard \u003d new Scanner(System.in);","lastModifiedDate":"2023-09-10"},{"lineNumber":11,"author":{"gitId":"J-Y-Yan"},"content":"","lastModifiedDate":"2023-09-07"},{"lineNumber":12,"author":{"gitId":"J-Y-Yan"},"content":"        while (true) {","lastModifiedDate":"2023-09-07"},{"lineNumber":13,"author":{"gitId":"J-Y-Yan"},"content":"            String command \u003d keyboard.nextLine();","lastModifiedDate":"2023-09-10"},{"lineNumber":14,"author":{"gitId":"J-Y-Yan"},"content":"            String[] commendSplits \u003d command.split(\" \");","lastModifiedDate":"2023-09-10"},{"lineNumber":15,"author":{"gitId":"J-Y-Yan"},"content":"            int spaceIndex, taskNo;","lastModifiedDate":"2023-09-10"},{"lineNumber":16,"author":{"gitId":"J-Y-Yan"},"content":"","lastModifiedDate":"2023-09-07"},{"lineNumber":17,"author":{"gitId":"J-Y-Yan"},"content":"            switch (commendSplits[0]) {","lastModifiedDate":"2023-09-10"},{"lineNumber":18,"author":{"gitId":"J-Y-Yan"},"content":"            case \"bye\":","lastModifiedDate":"2023-09-07"},{"lineNumber":19,"author":{"gitId":"J-Y-Yan"},"content":"                printByeMessage();","lastModifiedDate":"2023-09-10"},{"lineNumber":20,"author":{"gitId":"J-Y-Yan"},"content":"                keyboard.close();","lastModifiedDate":"2023-09-10"},{"lineNumber":21,"author":{"gitId":"J-Y-Yan"},"content":"                return;","lastModifiedDate":"2023-09-07"},{"lineNumber":22,"author":{"gitId":"J-Y-Yan"},"content":"","lastModifiedDate":"2023-09-07"},{"lineNumber":23,"author":{"gitId":"J-Y-Yan"},"content":"            case \"list\":","lastModifiedDate":"2023-09-07"},{"lineNumber":24,"author":{"gitId":"J-Y-Yan"},"content":"                printList(taskCount, list);","lastModifiedDate":"2023-09-10"},{"lineNumber":25,"author":{"gitId":"J-Y-Yan"},"content":"                break;","lastModifiedDate":"2023-09-07"},{"lineNumber":26,"author":{"gitId":"J-Y-Yan"},"content":"","lastModifiedDate":"2023-09-07"},{"lineNumber":27,"author":{"gitId":"J-Y-Yan"},"content":"            case \"mark\":","lastModifiedDate":"2023-09-07"},{"lineNumber":28,"author":{"gitId":"J-Y-Yan"},"content":"                // command format e.g. mark 1","lastModifiedDate":"2023-09-10"},{"lineNumber":29,"author":{"gitId":"J-Y-Yan"},"content":"                taskNo \u003d Integer.parseInt(commendSplits[1]);   //assume  saved in part[1], need further improve","lastModifiedDate":"2023-09-10"},{"lineNumber":30,"author":{"gitId":"J-Y-Yan"},"content":"                list[taskNo - 1].setDone(taskNo, taskCount, list);","lastModifiedDate":"2023-09-10"},{"lineNumber":31,"author":{"gitId":"J-Y-Yan"},"content":"                break;","lastModifiedDate":"2023-09-07"},{"lineNumber":32,"author":{"gitId":"J-Y-Yan"},"content":"","lastModifiedDate":"2023-09-07"},{"lineNumber":33,"author":{"gitId":"J-Y-Yan"},"content":"            case \"unmark\":","lastModifiedDate":"2023-09-07"},{"lineNumber":34,"author":{"gitId":"J-Y-Yan"},"content":"                taskNo \u003d Integer.parseInt(commendSplits[1]);   //assume  saved in part[1], need further improve","lastModifiedDate":"2023-09-10"},{"lineNumber":35,"author":{"gitId":"J-Y-Yan"},"content":"                list[taskNo - 1].setNotDone(taskNo, taskCount, list);","lastModifiedDate":"2023-09-10"},{"lineNumber":36,"author":{"gitId":"J-Y-Yan"},"content":"                break;","lastModifiedDate":"2023-09-07"},{"lineNumber":37,"author":{"gitId":"J-Y-Yan"},"content":"","lastModifiedDate":"2023-09-07"},{"lineNumber":38,"author":{"gitId":"J-Y-Yan"},"content":"            case \"todo\":","lastModifiedDate":"2023-09-07"},{"lineNumber":39,"author":{"gitId":"J-Y-Yan"},"content":"                // command format e.g. todo borrow book","lastModifiedDate":"2023-09-10"},{"lineNumber":40,"author":{"gitId":"J-Y-Yan"},"content":"                String[] todoSplit \u003d command.split(\" \", 2);","lastModifiedDate":"2023-09-07"},{"lineNumber":41,"author":{"gitId":"J-Y-Yan"},"content":"                list[taskCount] \u003d new Todo(todoSplit[1]);","lastModifiedDate":"2023-09-10"},{"lineNumber":42,"author":{"gitId":"J-Y-Yan"},"content":"                createTaskSuccessMsg();","lastModifiedDate":"2023-09-10"},{"lineNumber":43,"author":{"gitId":"J-Y-Yan"},"content":"                break;","lastModifiedDate":"2023-09-07"},{"lineNumber":44,"author":{"gitId":"J-Y-Yan"},"content":"","lastModifiedDate":"2023-09-07"},{"lineNumber":45,"author":{"gitId":"J-Y-Yan"},"content":"            case \"deadline\":","lastModifiedDate":"2023-09-07"},{"lineNumber":46,"author":{"gitId":"J-Y-Yan"},"content":"                // command e.g. deadline return book /by Sunday","lastModifiedDate":"2023-09-07"},{"lineNumber":47,"author":{"gitId":"J-Y-Yan"},"content":"                String[] ddlSplit \u003d command.split(\"/\");","lastModifiedDate":"2023-09-07"},{"lineNumber":48,"author":{"gitId":"J-Y-Yan"},"content":"                spaceIndex \u003d ddlSplit[0].indexOf(\" \");","lastModifiedDate":"2023-09-07"},{"lineNumber":49,"author":{"gitId":"J-Y-Yan"},"content":"                String ddlTask \u003d ddlSplit[0].substring(spaceIndex + 1).trim();","lastModifiedDate":"2023-09-07"},{"lineNumber":50,"author":{"gitId":"J-Y-Yan"},"content":"                list[taskCount] \u003d new Deadline(ddlTask, ddlSplit[1].substring(3));","lastModifiedDate":"2023-09-10"},{"lineNumber":51,"author":{"gitId":"J-Y-Yan"},"content":"                createTaskSuccessMsg();","lastModifiedDate":"2023-09-10"},{"lineNumber":52,"author":{"gitId":"J-Y-Yan"},"content":"                break;","lastModifiedDate":"2023-09-07"},{"lineNumber":53,"author":{"gitId":"J-Y-Yan"},"content":"","lastModifiedDate":"2023-09-07"},{"lineNumber":54,"author":{"gitId":"J-Y-Yan"},"content":"            case \"event\":","lastModifiedDate":"2023-09-07"},{"lineNumber":55,"author":{"gitId":"J-Y-Yan"},"content":"                //command e.g. event project meeting /from Mon 2pm /to 4pm","lastModifiedDate":"2023-09-07"},{"lineNumber":56,"author":{"gitId":"J-Y-Yan"},"content":"                String[] eventSplit \u003d command.split(\"/\");","lastModifiedDate":"2023-09-07"},{"lineNumber":57,"author":{"gitId":"J-Y-Yan"},"content":"                spaceIndex \u003d eventSplit[0].indexOf(\" \");","lastModifiedDate":"2023-09-07"},{"lineNumber":58,"author":{"gitId":"J-Y-Yan"},"content":"                String eventTask \u003d eventSplit[0].substring(spaceIndex + 1).trim();","lastModifiedDate":"2023-09-07"},{"lineNumber":59,"author":{"gitId":"J-Y-Yan"},"content":"                String start \u003d eventSplit[1].trim().substring(5); // Remove \"/from \" prefix","lastModifiedDate":"2023-09-07"},{"lineNumber":60,"author":{"gitId":"J-Y-Yan"},"content":"                String end \u003d eventSplit[2].trim().substring(3); // Remove \"/to \" prefix","lastModifiedDate":"2023-09-07"},{"lineNumber":61,"author":{"gitId":"J-Y-Yan"},"content":"                list[taskCount] \u003d new Event(eventTask, start, end);","lastModifiedDate":"2023-09-10"},{"lineNumber":62,"author":{"gitId":"J-Y-Yan"},"content":"                createTaskSuccessMsg();","lastModifiedDate":"2023-09-10"},{"lineNumber":63,"author":{"gitId":"J-Y-Yan"},"content":"                break;","lastModifiedDate":"2023-09-10"},{"lineNumber":64,"author":{"gitId":"J-Y-Yan"},"content":"","lastModifiedDate":"2023-09-07"},{"lineNumber":65,"author":{"gitId":"J-Y-Yan"},"content":"            default:","lastModifiedDate":"2023-09-07"},{"lineNumber":66,"author":{"gitId":"J-Y-Yan"},"content":"                System.out.println(\"Sorry. This is not expected.\");","lastModifiedDate":"2023-09-10"},{"lineNumber":67,"author":{"gitId":"J-Y-Yan"},"content":"                System.out.println(\"Please type in \\\"help\\\" to look for command format\");","lastModifiedDate":"2023-09-10"},{"lineNumber":68,"author":{"gitId":"J-Y-Yan"},"content":"            }","lastModifiedDate":"2023-09-10"},{"lineNumber":69,"author":{"gitId":"J-Y-Yan"},"content":"        }","lastModifiedDate":"2023-09-07"},{"lineNumber":70,"author":{"gitId":"J-Y-Yan"},"content":"","lastModifiedDate":"2023-09-10"},{"lineNumber":71,"author":{"gitId":"-"},"content":"    }","lastModifiedDate":"2023-09-07"},{"lineNumber":72,"author":{"gitId":"J-Y-Yan"},"content":"","lastModifiedDate":"2023-09-07"},{"lineNumber":73,"author":{"gitId":"J-Y-Yan"},"content":"    private static void createTaskSuccessMsg() {","lastModifiedDate":"2023-09-10"},{"lineNumber":74,"author":{"gitId":"J-Y-Yan"},"content":"        System.out.println(\"Got it. I\u0027ve added this task:\");","lastModifiedDate":"2023-09-10"},{"lineNumber":75,"author":{"gitId":"J-Y-Yan"},"content":"        System.out.println(list[taskCount]);","lastModifiedDate":"2023-09-10"},{"lineNumber":76,"author":{"gitId":"J-Y-Yan"},"content":"        taskCount++;","lastModifiedDate":"2023-09-10"},{"lineNumber":77,"author":{"gitId":"J-Y-Yan"},"content":"        System.out.println(\"Now you have \" + taskCount + \" tasks in the list.\");","lastModifiedDate":"2023-09-10"},{"lineNumber":78,"author":{"gitId":"J-Y-Yan"},"content":"    }","lastModifiedDate":"2023-09-10"},{"lineNumber":79,"author":{"gitId":"J-Y-Yan"},"content":"","lastModifiedDate":"2023-09-07"},{"lineNumber":80,"author":{"gitId":"J-Y-Yan"},"content":"    private static void printByeMessage() {","lastModifiedDate":"2023-09-10"},{"lineNumber":81,"author":{"gitId":"J-Y-Yan"},"content":"        System.out.println(\"Bye. Hope to see you again soon!\");","lastModifiedDate":"2023-09-10"},{"lineNumber":82,"author":{"gitId":"-"},"content":"    }","lastModifiedDate":"2019-07-29"},{"lineNumber":83,"author":{"gitId":"J-Y-Yan"},"content":"","lastModifiedDate":"2023-09-10"},{"lineNumber":84,"author":{"gitId":"J-Y-Yan"},"content":"    private static void printWelcomeMessage() {","lastModifiedDate":"2023-09-10"},{"lineNumber":85,"author":{"gitId":"J-Y-Yan"},"content":"        System.out.println(\"Hello! I\u0027m Oriento.\");","lastModifiedDate":"2023-09-10"},{"lineNumber":86,"author":{"gitId":"J-Y-Yan"},"content":"        System.out.println(\"What can I do for you?\");","lastModifiedDate":"2023-09-10"},{"lineNumber":87,"author":{"gitId":"J-Y-Yan"},"content":"    }","lastModifiedDate":"2023-09-10"},{"lineNumber":88,"author":{"gitId":"J-Y-Yan"},"content":"","lastModifiedDate":"2023-09-10"},{"lineNumber":89,"author":{"gitId":"J-Y-Yan"},"content":"    private static void printList(int count, Task[] list) {","lastModifiedDate":"2023-09-10"},{"lineNumber":90,"author":{"gitId":"J-Y-Yan"},"content":"        for (int i \u003d 0; i \u003c count; i++) {","lastModifiedDate":"2023-09-10"},{"lineNumber":91,"author":{"gitId":"J-Y-Yan"},"content":"            //example 1.[T][X] read book","lastModifiedDate":"2023-09-10"},{"lineNumber":92,"author":{"gitId":"J-Y-Yan"},"content":"            System.out.println((i + 1) + \".\" + list[i]);","lastModifiedDate":"2023-09-10"},{"lineNumber":93,"author":{"gitId":"J-Y-Yan"},"content":"        }","lastModifiedDate":"2023-09-10"},{"lineNumber":94,"author":{"gitId":"J-Y-Yan"},"content":"    }","lastModifiedDate":"2023-09-10"},{"lineNumber":95,"author":{"gitId":"J-Y-Yan"},"content":"","lastModifiedDate":"2023-09-10"},{"lineNumber":96,"author":{"gitId":"-"},"content":"}","lastModifiedDate":"2019-07-29"}],"authorContributionMap":{"J-Y-Yan":91,"-":5}},{"path":"src/main/java/Event.java","fileType":"java","lines":[{"lineNumber":1,"author":{"gitId":"J-Y-Yan"},"content":"public class Event extends Task {","lastModifiedDate":"2023-09-07"},{"lineNumber":2,"author":{"gitId":"J-Y-Yan"},"content":"    protected String start, end;","lastModifiedDate":"2023-09-07"},{"lineNumber":3,"author":{"gitId":"J-Y-Yan"},"content":"","lastModifiedDate":"2023-09-07"},{"lineNumber":4,"author":{"gitId":"J-Y-Yan"},"content":"    public Event(String description, String start, String end) {","lastModifiedDate":"2023-09-07"},{"lineNumber":5,"author":{"gitId":"J-Y-Yan"},"content":"        super(description);","lastModifiedDate":"2023-09-07"},{"lineNumber":6,"author":{"gitId":"J-Y-Yan"},"content":"        this.start \u003d start;","lastModifiedDate":"2023-09-07"},{"lineNumber":7,"author":{"gitId":"J-Y-Yan"},"content":"        this.end \u003d end;","lastModifiedDate":"2023-09-07"},{"lineNumber":8,"author":{"gitId":"J-Y-Yan"},"content":"    }","lastModifiedDate":"2023-09-07"},{"lineNumber":9,"author":{"gitId":"J-Y-Yan"},"content":"","lastModifiedDate":"2023-09-07"},{"lineNumber":10,"author":{"gitId":"J-Y-Yan"},"content":"","lastModifiedDate":"2023-09-07"},{"lineNumber":11,"author":{"gitId":"J-Y-Yan"},"content":"    @Override","lastModifiedDate":"2023-09-07"},{"lineNumber":12,"author":{"gitId":"J-Y-Yan"},"content":"    public String toString() {","lastModifiedDate":"2023-09-07"},{"lineNumber":13,"author":{"gitId":"J-Y-Yan"},"content":"        //print example: [E][ ] project meeting (from: Aug 6th 2pm to: 4pm)","lastModifiedDate":"2023-09-07"},{"lineNumber":14,"author":{"gitId":"J-Y-Yan"},"content":"        return \"[E]\" + super.toString() + \" (from: \" + this.start +  \" to: \" + this.end + \")\";","lastModifiedDate":"2023-09-07"},{"lineNumber":15,"author":{"gitId":"J-Y-Yan"},"content":"    }","lastModifiedDate":"2023-09-07"},{"lineNumber":16,"author":{"gitId":"J-Y-Yan"},"content":"","lastModifiedDate":"2023-09-07"},{"lineNumber":17,"author":{"gitId":"J-Y-Yan"},"content":"}","lastModifiedDate":"2023-09-07"}],"authorContributionMap":{"J-Y-Yan":17}},{"path":"src/main/java/Task.java","fileType":"java","lines":[{"lineNumber":1,"author":{"gitId":"J-Y-Yan"},"content":"public class Task {","lastModifiedDate":"2023-09-07"},{"lineNumber":2,"author":{"gitId":"J-Y-Yan"},"content":"    protected String description;","lastModifiedDate":"2023-09-07"},{"lineNumber":3,"author":{"gitId":"J-Y-Yan"},"content":"    protected boolean isDone;","lastModifiedDate":"2023-09-07"},{"lineNumber":4,"author":{"gitId":"J-Y-Yan"},"content":"","lastModifiedDate":"2023-09-07"},{"lineNumber":5,"author":{"gitId":"J-Y-Yan"},"content":"    public Task(String description) {","lastModifiedDate":"2023-09-07"},{"lineNumber":6,"author":{"gitId":"J-Y-Yan"},"content":"        this.description \u003d description;","lastModifiedDate":"2023-09-07"},{"lineNumber":7,"author":{"gitId":"J-Y-Yan"},"content":"        this.isDone \u003d false;","lastModifiedDate":"2023-09-07"},{"lineNumber":8,"author":{"gitId":"J-Y-Yan"},"content":"    }","lastModifiedDate":"2023-09-07"},{"lineNumber":9,"author":{"gitId":"J-Y-Yan"},"content":"","lastModifiedDate":"2023-09-07"},{"lineNumber":10,"author":{"gitId":"J-Y-Yan"},"content":"    public String getStatusIcon() {","lastModifiedDate":"2023-09-07"},{"lineNumber":11,"author":{"gitId":"J-Y-Yan"},"content":"        return (isDone ? \"X\" : \" \"); // mark done task with X","lastModifiedDate":"2023-09-07"},{"lineNumber":12,"author":{"gitId":"J-Y-Yan"},"content":"    }","lastModifiedDate":"2023-09-07"},{"lineNumber":13,"author":{"gitId":"J-Y-Yan"},"content":"","lastModifiedDate":"2023-09-07"},{"lineNumber":14,"author":{"gitId":"J-Y-Yan"},"content":"    public void setDone(int taskNo, int taskCount, Task[] list){","lastModifiedDate":"2023-09-10"},{"lineNumber":15,"author":{"gitId":"J-Y-Yan"},"content":"        if( (taskNo \u003e taskCount ) || (taskNo \u003c1) ){","lastModifiedDate":"2023-09-10"},{"lineNumber":16,"author":{"gitId":"J-Y-Yan"},"content":"            System.out.println(\"Oops! You don\u0027t have any task in this positions.\");","lastModifiedDate":"2023-09-10"},{"lineNumber":17,"author":{"gitId":"J-Y-Yan"},"content":"        }else if(this.isDone){","lastModifiedDate":"2023-09-10"},{"lineNumber":18,"author":{"gitId":"J-Y-Yan"},"content":"            System.out.println(\"You have already completed the task.\");","lastModifiedDate":"2023-09-10"},{"lineNumber":19,"author":{"gitId":"J-Y-Yan"},"content":"        } else{","lastModifiedDate":"2023-09-10"},{"lineNumber":20,"author":{"gitId":"J-Y-Yan"},"content":"            this.isDone \u003d true;","lastModifiedDate":"2023-09-07"},{"lineNumber":21,"author":{"gitId":"J-Y-Yan"},"content":"            System.out.println(\"  Nice! I\u0027ve marked this task as done:\\n\"","lastModifiedDate":"2023-09-10"},{"lineNumber":22,"author":{"gitId":"J-Y-Yan"},"content":"                    + \"  [X] \" + list[taskNo - 1].description);","lastModifiedDate":"2023-09-10"},{"lineNumber":23,"author":{"gitId":"J-Y-Yan"},"content":"        }","lastModifiedDate":"2023-09-10"},{"lineNumber":24,"author":{"gitId":"J-Y-Yan"},"content":"    }","lastModifiedDate":"2023-09-07"},{"lineNumber":25,"author":{"gitId":"J-Y-Yan"},"content":"","lastModifiedDate":"2023-09-07"},{"lineNumber":26,"author":{"gitId":"J-Y-Yan"},"content":"    public void setNotDone(int taskNo, int taskCount, Task[] list){","lastModifiedDate":"2023-09-10"},{"lineNumber":27,"author":{"gitId":"J-Y-Yan"},"content":"        if( (taskNo \u003e taskCount ) || (taskNo \u003c1) ){","lastModifiedDate":"2023-09-10"},{"lineNumber":28,"author":{"gitId":"J-Y-Yan"},"content":"            System.out.println(\"Oops! You don\u0027t have any task in this position.\");","lastModifiedDate":"2023-09-10"},{"lineNumber":29,"author":{"gitId":"J-Y-Yan"},"content":"        }else if(!this.isDone){","lastModifiedDate":"2023-09-10"},{"lineNumber":30,"author":{"gitId":"J-Y-Yan"},"content":"            System.out.println(\"Oh, you haven\u0027t finished this yet.\");","lastModifiedDate":"2023-09-10"},{"lineNumber":31,"author":{"gitId":"J-Y-Yan"},"content":"        } else{","lastModifiedDate":"2023-09-10"},{"lineNumber":32,"author":{"gitId":"J-Y-Yan"},"content":"            this.isDone \u003d false;","lastModifiedDate":"2023-09-07"},{"lineNumber":33,"author":{"gitId":"J-Y-Yan"},"content":"            System.out.println(\"OK, I\u0027ve marked this task as not done yet:\\n\"","lastModifiedDate":"2023-09-10"},{"lineNumber":34,"author":{"gitId":"J-Y-Yan"},"content":"                    + \"  [ ] \" + list[taskNo - 1].description);","lastModifiedDate":"2023-09-10"},{"lineNumber":35,"author":{"gitId":"J-Y-Yan"},"content":"        }","lastModifiedDate":"2023-09-10"},{"lineNumber":36,"author":{"gitId":"J-Y-Yan"},"content":"    }","lastModifiedDate":"2023-09-07"},{"lineNumber":37,"author":{"gitId":"J-Y-Yan"},"content":"","lastModifiedDate":"2023-09-07"},{"lineNumber":38,"author":{"gitId":"J-Y-Yan"},"content":"    @Override","lastModifiedDate":"2023-09-07"},{"lineNumber":39,"author":{"gitId":"J-Y-Yan"},"content":"    public String toString() {","lastModifiedDate":"2023-09-07"},{"lineNumber":40,"author":{"gitId":"J-Y-Yan"},"content":"        return \"[\" + this.getStatusIcon() + \"] \" + this.description;","lastModifiedDate":"2023-09-07"},{"lineNumber":41,"author":{"gitId":"J-Y-Yan"},"content":"    }","lastModifiedDate":"2023-09-07"},{"lineNumber":42,"author":{"gitId":"J-Y-Yan"},"content":"","lastModifiedDate":"2023-09-07"},{"lineNumber":43,"author":{"gitId":"J-Y-Yan"},"content":"}","lastModifiedDate":"2023-09-07"}],"authorContributionMap":{"J-Y-Yan":43}},{"path":"src/main/java/Todo.java","fileType":"java","lines":[{"lineNumber":1,"author":{"gitId":"J-Y-Yan"},"content":"public class Todo extends Task {","lastModifiedDate":"2023-09-07"},{"lineNumber":2,"author":{"gitId":"J-Y-Yan"},"content":"","lastModifiedDate":"2023-09-07"},{"lineNumber":3,"author":{"gitId":"J-Y-Yan"},"content":"    public Todo(String description) {","lastModifiedDate":"2023-09-07"},{"lineNumber":4,"author":{"gitId":"J-Y-Yan"},"content":"        super(description);","lastModifiedDate":"2023-09-07"},{"lineNumber":5,"author":{"gitId":"J-Y-Yan"},"content":"    }","lastModifiedDate":"2023-09-07"},{"lineNumber":6,"author":{"gitId":"J-Y-Yan"},"content":"","lastModifiedDate":"2023-09-07"},{"lineNumber":7,"author":{"gitId":"J-Y-Yan"},"content":"    @Override","lastModifiedDate":"2023-09-07"},{"lineNumber":8,"author":{"gitId":"J-Y-Yan"},"content":"    public String toString() {","lastModifiedDate":"2023-09-07"},{"lineNumber":9,"author":{"gitId":"J-Y-Yan"},"content":"        return \"[T]\" + super.toString() ;","lastModifiedDate":"2023-09-07"},{"lineNumber":10,"author":{"gitId":"J-Y-Yan"},"content":"    }","lastModifiedDate":"2023-09-07"},{"lineNumber":11,"author":{"gitId":"J-Y-Yan"},"content":"}","lastModifiedDate":"2023-09-07"}],"authorContributionMap":{"J-Y-Yan":11}},{"path":"src/main/java/text-ui-test/EXPECTED.txt","fileType":"txt","lines":[{"lineNumber":1,"author":{"gitId":"J-Y-Yan"},"content":"Hello! I\u0027m Oriento.","lastModifiedDate":"2023-09-10"},{"lineNumber":2,"author":{"gitId":"J-Y-Yan"},"content":"What can I do for you?","lastModifiedDate":"2023-09-10"},{"lineNumber":3,"author":{"gitId":"J-Y-Yan"},"content":"Got it. I\u0027ve added this task:","lastModifiedDate":"2023-09-10"},{"lineNumber":4,"author":{"gitId":"J-Y-Yan"},"content":"[T][ ] read book","lastModifiedDate":"2023-09-10"},{"lineNumber":5,"author":{"gitId":"J-Y-Yan"},"content":"Now you have 1 tasks in the list.","lastModifiedDate":"2023-09-10"},{"lineNumber":6,"author":{"gitId":"J-Y-Yan"},"content":"Got it. I\u0027ve added this task:","lastModifiedDate":"2023-09-10"},{"lineNumber":7,"author":{"gitId":"J-Y-Yan"},"content":"[T][ ] play piano","lastModifiedDate":"2023-09-10"},{"lineNumber":8,"author":{"gitId":"J-Y-Yan"},"content":"Now you have 2 tasks in the list.","lastModifiedDate":"2023-09-10"},{"lineNumber":9,"author":{"gitId":"J-Y-Yan"},"content":"  Nice! I\u0027ve marked this task as done:","lastModifiedDate":"2023-09-10"},{"lineNumber":10,"author":{"gitId":"J-Y-Yan"},"content":"  [X] play piano","lastModifiedDate":"2023-09-10"},{"lineNumber":11,"author":{"gitId":"J-Y-Yan"},"content":"Got it. I\u0027ve added this task:","lastModifiedDate":"2023-09-10"},{"lineNumber":12,"author":{"gitId":"J-Y-Yan"},"content":"[D][ ] return book (by: Friday)","lastModifiedDate":"2023-09-10"},{"lineNumber":13,"author":{"gitId":"J-Y-Yan"},"content":"Now you have 3 tasks in the list.","lastModifiedDate":"2023-09-10"},{"lineNumber":14,"author":{"gitId":"J-Y-Yan"},"content":"Got it. I\u0027ve added this task:","lastModifiedDate":"2023-09-10"},{"lineNumber":15,"author":{"gitId":"J-Y-Yan"},"content":"[E][ ] java lesson (from: Friday 4pm to: 6pm)","lastModifiedDate":"2023-09-10"},{"lineNumber":16,"author":{"gitId":"J-Y-Yan"},"content":"Now you have 4 tasks in the list.","lastModifiedDate":"2023-09-10"},{"lineNumber":17,"author":{"gitId":"J-Y-Yan"},"content":"Oh, you haven\u0027t finished this yet.","lastModifiedDate":"2023-09-10"},{"lineNumber":18,"author":{"gitId":"J-Y-Yan"},"content":"1.[T][ ] read book","lastModifiedDate":"2023-09-10"},{"lineNumber":19,"author":{"gitId":"J-Y-Yan"},"content":"2.[T][X] play piano","lastModifiedDate":"2023-09-10"},{"lineNumber":20,"author":{"gitId":"J-Y-Yan"},"content":"3.[D][ ] return book (by: Friday)","lastModifiedDate":"2023-09-10"},{"lineNumber":21,"author":{"gitId":"J-Y-Yan"},"content":"4.[E][ ] java lesson (from: Friday 4pm to: 6pm)","lastModifiedDate":"2023-09-10"},{"lineNumber":22,"author":{"gitId":"J-Y-Yan"},"content":"Bye. Hope to see you again soon!","lastModifiedDate":"2023-09-10"}],"authorContributionMap":{"J-Y-Yan":22}},{"path":"src/main/java/text-ui-test/input.txt","fileType":"txt","lines":[{"lineNumber":1,"author":{"gitId":"J-Y-Yan"},"content":"todo read book","lastModifiedDate":"2023-09-10"},{"lineNumber":2,"author":{"gitId":"J-Y-Yan"},"content":"todo play piano","lastModifiedDate":"2023-09-10"},{"lineNumber":3,"author":{"gitId":"J-Y-Yan"},"content":"mark 2","lastModifiedDate":"2023-09-10"},{"lineNumber":4,"author":{"gitId":"J-Y-Yan"},"content":"deadline return book /by Friday","lastModifiedDate":"2023-09-10"},{"lineNumber":5,"author":{"gitId":"J-Y-Yan"},"content":"event java lesson /from Friday 4pm /to 6pm","lastModifiedDate":"2023-09-10"},{"lineNumber":6,"author":{"gitId":"J-Y-Yan"},"content":"unmark 4","lastModifiedDate":"2023-09-10"},{"lineNumber":7,"author":{"gitId":"J-Y-Yan"},"content":"list","lastModifiedDate":"2023-09-10"},{"lineNumber":8,"author":{"gitId":"J-Y-Yan"},"content":"bye","lastModifiedDate":"2023-09-10"}],"authorContributionMap":{"J-Y-Yan":8}},{"path":"src/main/java/text-ui-test/runtest.bat","fileType":"bat","lines":[{"lineNumber":1,"author":{"gitId":"J-Y-Yan"},"content":"@ECHO OFF","lastModifiedDate":"2023-09-07"},{"lineNumber":2,"author":{"gitId":"J-Y-Yan"},"content":"","lastModifiedDate":"2023-09-07"},{"lineNumber":3,"author":{"gitId":"J-Y-Yan"},"content":"REM create bin directory if it doesn\u0027t exist","lastModifiedDate":"2023-09-07"},{"lineNumber":4,"author":{"gitId":"J-Y-Yan"},"content":"if not exist ..\\bin mkdir ..\\bin","lastModifiedDate":"2023-09-07"},{"lineNumber":5,"author":{"gitId":"J-Y-Yan"},"content":"","lastModifiedDate":"2023-09-07"},{"lineNumber":6,"author":{"gitId":"J-Y-Yan"},"content":"REM delete output from previous run","lastModifiedDate":"2023-09-07"},{"lineNumber":7,"author":{"gitId":"J-Y-Yan"},"content":"del ACTUAL.TXT","lastModifiedDate":"2023-09-07"},{"lineNumber":8,"author":{"gitId":"J-Y-Yan"},"content":"","lastModifiedDate":"2023-09-07"},{"lineNumber":9,"author":{"gitId":"J-Y-Yan"},"content":"REM compile the code into the bin folder","lastModifiedDate":"2023-09-07"},{"lineNumber":10,"author":{"gitId":"J-Y-Yan"},"content":"javac  -cp ..\\src\\main\\java -Xlint:none -d ..\\bin ..\\src\\main\\java\\*.java","lastModifiedDate":"2023-09-07"},{"lineNumber":11,"author":{"gitId":"J-Y-Yan"},"content":"IF ERRORLEVEL 1 (","lastModifiedDate":"2023-09-07"},{"lineNumber":12,"author":{"gitId":"J-Y-Yan"},"content":"    echo ********** BUILD FAILURE **********","lastModifiedDate":"2023-09-07"},{"lineNumber":13,"author":{"gitId":"J-Y-Yan"},"content":"    exit /b 1","lastModifiedDate":"2023-09-07"},{"lineNumber":14,"author":{"gitId":"J-Y-Yan"},"content":")","lastModifiedDate":"2023-09-07"},{"lineNumber":15,"author":{"gitId":"J-Y-Yan"},"content":"REM no error here, errorlevel \u003d\u003d 0","lastModifiedDate":"2023-09-07"},{"lineNumber":16,"author":{"gitId":"J-Y-Yan"},"content":"","lastModifiedDate":"2023-09-07"},{"lineNumber":17,"author":{"gitId":"J-Y-Yan"},"content":"REM run the program, feed commands from input.txt file and redirect the output to the ACTUAL.TXT","lastModifiedDate":"2023-09-07"},{"lineNumber":18,"author":{"gitId":"J-Y-Yan"},"content":"java -classpath ..\\bin Duke \u003c input.txt \u003e ACTUAL.TXT","lastModifiedDate":"2023-09-07"},{"lineNumber":19,"author":{"gitId":"J-Y-Yan"},"content":"","lastModifiedDate":"2023-09-07"},{"lineNumber":20,"author":{"gitId":"J-Y-Yan"},"content":"REM compare the output to the expected output","lastModifiedDate":"2023-09-07"},{"lineNumber":21,"author":{"gitId":"J-Y-Yan"},"content":"FC ACTUAL.TXT EXPECTED.TXT","lastModifiedDate":"2023-09-07"}],"authorContributionMap":{"J-Y-Yan":21}}]
