{"authorDailyContributionsMap":{"J-Y-Yan":[{"date":"2023-09-06","commitResults":[{"hash":"aa5ed3de15b718e1cf3a1dac1e5e71f1b0f3f095","isMergeCommit":false,"messageTitle":"add file \"Hello.txt\"","messageBody":"","fileTypesAndContributionMap":{"txt":{"insertions":0,"deletions":0}}},{"hash":"28f7f8f56e447cdff4e8f89fdcb34418a125465a","isMergeCommit":false,"messageTitle":"add new file \"HelloAgain.txt\"","messageBody":"","fileTypesAndContributionMap":{"txt":{"insertions":0,"deletions":0}}}]},{"date":"2023-09-07","commitResults":[{"hash":"1a006bea87db09fc7d72d01b6f785c2e2e0e1a19","isMergeCommit":false,"messageTitle":"remove the file \"Hello.txt\" and \"HelloAgain.txt\"","messageBody":"","fileTypesAndContributionMap":{"txt":{"insertions":0,"deletions":0},"java":{"insertions":8,"deletions":0}}},{"hash":"f96320359306dc0cb0fd8cb3753aa03b14036825","isMergeCommit":false,"messageTitle":"add new file \"Deadline.java\" as subclass of Tast","messageBody":"","fileTypesAndContributionMap":{"java":{"insertions":13,"deletions":1}}},{"hash":"ce21c8cf584471efd379e5924323863d3f42ad93","isMergeCommit":false,"messageTitle":"implement the main function Duke to finish the required tasks from lv1 - 4","messageBody":"","tags":["Level-4","Level-3","Level-2","Level-1"],"fileTypesAndContributionMap":{"java":{"insertions":93,"deletions":6}}},{"hash":"d6f453712c6fe3c215f238cc151bee087677f262","isMergeCommit":false,"messageTitle":"add new file \"Event.java\" as subclass of Task","messageBody":"","fileTypesAndContributionMap":{"java":{"insertions":16,"deletions":1}}},{"hash":"22f7501b1f3f14836a6f491900502aa43ffa5b96","isMergeCommit":false,"messageTitle":"add new file \"Task.java\" as parent class of task objects","messageBody":"","fileTypesAndContributionMap":{"java":{"insertions":26,"deletions":1}}},{"hash":"a1515040e36340925b89924989e08ffc467540cc","isMergeCommit":false,"messageTitle":"add new file \"Todo.java\" as subclass of Task","messageBody":"","fileTypesAndContributionMap":{"java":{"insertions":10,"deletions":1}}},{"hash":"752b8bf56a3e65525ae2b69c780e2f917ed28778","isMergeCommit":false,"messageTitle":"add file \"EXPECTED.txt\" to test the output. ***content not yet initialised","messageBody":"","fileTypesAndContributionMap":{"txt":{"insertions":0,"deletions":0}}},{"hash":"abd15480333559826dcd50e93c3a8f638c1d7a2b","isMergeCommit":false,"messageTitle":"add \"input.txt\" containing the input commands","messageBody":"","fileTypesAndContributionMap":{"txt":{"insertions":0,"deletions":0}}},{"hash":"677d91b0c696106b3a1745ef07633a6c3d04d951","isMergeCommit":false,"messageTitle":"add \"runtest.bat\" to compile the file. ***main class location is not yet mateched","messageBody":"","fileTypesAndContributionMap":{"bat":{"insertions":21,"deletions":0}}}]},{"date":"2023-09-10","commitResults":[{"hash":"661743125f4b672ce725a6d0b5e8a8bf29fbf779","isMergeCommit":false,"messageTitle":"rename a few variables and methods to aviod confusion","messageBody":"","fileTypesAndContributionMap":{"java":{"insertions":73,"deletions":59}}},{"hash":"0c932c02440a4b1d47e6b22886566a0c4daa7cd2","isMergeCommit":false,"messageTitle":"create more methods to different classes by code extraction to become OO style","messageBody":"","tags":["A-CodeQuality"],"fileTypesAndContributionMap":{"java":{"insertions":3,"deletions":2}}},{"hash":"4024b7ff3895e0a38358b158d495531eea5a35e1","isMergeCommit":false,"messageTitle":"initialise the content of input and expected output txt to conduct a simple output run","messageBody":"","tags":["A-TextUiTesting"],"fileTypesAndContributionMap":{"txt":{"insertions":30,"deletions":0}}}]},{"date":"2023-09-15","commitResults":[{"hash":"e01ca3e923b7c323e5063702ba6881576f0daa86","isMergeCommit":false,"messageTitle":"- add task object creation methods for all kind of task to improve readability of the main(Duke) class - ready to trackle exception","messageBody":"","fileTypesAndContributionMap":{"java":{"insertions":50,"deletions":24}}},{"hash":"888d9c5e3e80ecbe9a01cfc22639c72d872acaa3","isMergeCommit":false,"messageTitle":"remove unused variable spaceIndex","messageBody":"","fileTypesAndContributionMap":{"java":{"insertions":1,"deletions":1}}},{"hash":"ec736b8f8340c14a13aa89b2aa33990b6c3c3218","isMergeCommit":false,"messageTitle":"- Implement exception to catch some main error caused by user inputs - Seperate files into different package for easier management","messageBody":"","tags":["Level-5","A-Packages"],"fileTypesAndContributionMap":{"txt":{"insertions":0,"deletions":0},"java":{"insertions":217,"deletions":100},"bat":{"insertions":2,"deletions":2}}}]},{"date":"2023-09-16","commitResults":[{"hash":"f87152bd489b340ebec55916aeee35286a10886d","isMergeCommit":false,"messageTitle":"add the delete method and some exception handling for the method","messageBody":"","tags":["Level-6"],"fileTypesAndContributionMap":{"java":{"insertions":42,"deletions":2}}}]},{"date":"2023-09-21","commitResults":[{"hash":"eabd967b31e8eac40fd6d6adbcbf6c5f8ef44f7f","isMergeCommit":false,"messageTitle":"-implement file input ouput methods to sava the tasks data -add file and data checker methods        if files or folder not exist, create one;        if failed to create, throw error for incorrect path -add backup method to save all currect data in current run of program -correct bugs on fileIO over creating new task or delete task","messageBody":"","tags":["Level-7"],"fileTypesAndContributionMap":{"java":{"insertions":103,"deletions":11}}},{"hash":"73d471465132e1d219e5097d4a59113756bfa8fa","isMergeCommit":false,"messageTitle":"create directory \u0027data\u0027 and taskList.txt and corresponding backup file to collect task data","messageBody":"","tags":["Level-0"],"fileTypesAndContributionMap":{"txt":{"insertions":4,"deletions":0}}}]},{"date":"2023-09-22","commitResults":[{"hash":"12e33abd6c35eb38d9306a1be5ef283288a83c2c","isMergeCommit":false,"messageTitle":"output jar file to release ver. 1.0 application","messageBody":"","tags":["A-Jar"],"fileTypesAndContributionMap":{"txt":{"insertions":3,"deletions":4},"java":{"insertions":0,"deletions":1}}}]},{"date":"2023-09-24","commitResults":[{"hash":"e49be039114a0aede0025b4dc613b5947205dcf6","isMergeCommit":false,"messageTitle":"modify the clearData method so that it only clear data in the beginning when the file is not empty","messageBody":"","fileTypesAndContributionMap":{"txt":{"insertions":4,"deletions":3},"java":{"insertions":3,"deletions":1}}},{"hash":"0e0d08a53d4f1d37ace3799b2631b79f6dd3ce25","isMergeCommit":false,"messageTitle":"fixed a bug of inputting consecutive space","messageBody":"","fileTypesAndContributionMap":{"txt":{"insertions":1,"deletions":2},"java":{"insertions":21,"deletions":15}}},{"hash":"346d4bfac2a6234793467f0ff82d3947206894cd","isMergeCommit":false,"messageTitle":"add command class to take care of command format issue","messageBody":"","fileTypesAndContributionMap":{"java":{"insertions":14,"deletions":0}}}]},{"date":"2023-10-06","commitResults":[{"hash":"59084267f3123e273a4708e43cecc1be9fc227b4","isMergeCommit":false,"messageTitle":"introduce command class and make large update to more OO implementation","messageBody":"","tags":["A-MoreOOP","A-Exceptions"],"fileTypesAndContributionMap":{"txt":{"insertions":11,"deletions":1},"java":{"insertions":500,"deletions":244},"bat":{"insertions":4,"deletions":4}}},{"hash":"8c9a743796fe2d6e6df2b05c9ebe7fbb68342d88","isMergeCommit":false,"messageTitle":"add time praser functionality","messageBody":"","fileTypesAndContributionMap":{"txt":{"insertions":0,"deletions":5},"java":{"insertions":186,"deletions":48}}},{"hash":"73a6403df7e5e54e77658e14042b8029aaec5529","isMergeCommit":false,"messageTitle":"correct bugs on time praser","messageBody":"","tags":["Level-8"],"fileTypesAndContributionMap":{"txt":{"insertions":3,"deletions":0},"java":{"insertions":16,"deletions":5}}},{"hash":"851801ed8d7250f2615ef225ba5b0bfc9242dbb4","isMergeCommit":false,"messageTitle":"add find functionality","messageBody":"","tags":["Level-9","Jar-released","A-JavaDoc"],"fileTypesAndContributionMap":{"txt":{"insertions":3,"deletions":3},"java":{"insertions":118,"deletions":7}}}]}]},"authorFileTypeContributionMap":{"J-Y-Yan":{"java":993,"md":0,"fxml":0,"sh":0,"bat":22,"gradle":0,"txt":41}},"authorContributionVariance":{"J-Y-Yan":29851.652},"authorDisplayNameMap":{"J-Y-Yan":"CS2113-F11-1 TIAN..AYAN"}}
