{"authorDailyContributionsMap":{"J-Y-Yan":[{"date":"2023-09-06","commitResults":[{"hash":"aa5ed3de15b718e1cf3a1dac1e5e71f1b0f3f095","isMergeCommit":false,"messageTitle":"add file \"Hello.txt\"","messageBody":"","fileTypesAndContributionMap":{"txt":{"insertions":0,"deletions":0}}},{"hash":"28f7f8f56e447cdff4e8f89fdcb34418a125465a","isMergeCommit":false,"messageTitle":"add new file \"HelloAgain.txt\"","messageBody":"","fileTypesAndContributionMap":{"txt":{"insertions":0,"deletions":0}}}]}]},"authorFileTypeContributionMap":{"J-Y-Yan":{"java":0,"md":0,"fxml":0,"sh":0,"bat":0,"gradle":0,"txt":0}},"authorContributionVariance":{"J-Y-Yan":0.0},"authorDisplayNameMap":{"J-Y-Yan":"TIAN..AYAN"}}
