{"authorDailyContributionsMap":{"J-Y-Yan":[{"date":"2023-09-06","commitResults":[{"hash":"aa5ed3de15b718e1cf3a1dac1e5e71f1b0f3f095","isMergeCommit":false,"messageTitle":"add file \"Hello.txt\"","messageBody":"","fileTypesAndContributionMap":{"txt":{"insertions":0,"deletions":0}}},{"hash":"28f7f8f56e447cdff4e8f89fdcb34418a125465a","isMergeCommit":false,"messageTitle":"add new file \"HelloAgain.txt\"","messageBody":"","fileTypesAndContributionMap":{"txt":{"insertions":0,"deletions":0}}}]},{"date":"2023-09-07","commitResults":[{"hash":"1a006bea87db09fc7d72d01b6f785c2e2e0e1a19","isMergeCommit":false,"messageTitle":"remove the file \"Hello.txt\" and \"HelloAgain.txt\"","messageBody":"","fileTypesAndContributionMap":{"txt":{"insertions":0,"deletions":0},"java":{"insertions":8,"deletions":0}}},{"hash":"f96320359306dc0cb0fd8cb3753aa03b14036825","isMergeCommit":false,"messageTitle":"add new file \"Deadline.java\" as subclass of Tast","messageBody":"","fileTypesAndContributionMap":{"java":{"insertions":13,"deletions":1}}},{"hash":"ce21c8cf584471efd379e5924323863d3f42ad93","isMergeCommit":false,"messageTitle":"implement the main function Duke to finish the required tasks from lv1 - 4","messageBody":"","fileTypesAndContributionMap":{"java":{"insertions":93,"deletions":6}}},{"hash":"d6f453712c6fe3c215f238cc151bee087677f262","isMergeCommit":false,"messageTitle":"add new file \"Event.java\" as subclass of Task","messageBody":"","fileTypesAndContributionMap":{"java":{"insertions":16,"deletions":1}}},{"hash":"22f7501b1f3f14836a6f491900502aa43ffa5b96","isMergeCommit":false,"messageTitle":"add new file \"Task.java\" as parent class of task objects","messageBody":"","fileTypesAndContributionMap":{"java":{"insertions":26,"deletions":1}}},{"hash":"a1515040e36340925b89924989e08ffc467540cc","isMergeCommit":false,"messageTitle":"add new file \"Todo.java\" as subclass of Task","messageBody":"","fileTypesAndContributionMap":{"java":{"insertions":10,"deletions":1}}},{"hash":"752b8bf56a3e65525ae2b69c780e2f917ed28778","isMergeCommit":false,"messageTitle":"add file \"EXPECTED.txt\" to test the output. ***content not yet initialised","messageBody":"","fileTypesAndContributionMap":{"txt":{"insertions":0,"deletions":0}}},{"hash":"abd15480333559826dcd50e93c3a8f638c1d7a2b","isMergeCommit":false,"messageTitle":"add \"input.txt\" containing the input commands","messageBody":"","fileTypesAndContributionMap":{"txt":{"insertions":0,"deletions":0}}},{"hash":"677d91b0c696106b3a1745ef07633a6c3d04d951","isMergeCommit":false,"messageTitle":"add \"runtest.bat\" to compile the file. ***main class location is not yet mateched","messageBody":"","fileTypesAndContributionMap":{"bat":{"insertions":21,"deletions":0}}}]},{"date":"2023-09-10","commitResults":[{"hash":"661743125f4b672ce725a6d0b5e8a8bf29fbf779","isMergeCommit":false,"messageTitle":"rename a few variables and methods to aviod confusion","messageBody":"","fileTypesAndContributionMap":{"java":{"insertions":73,"deletions":59}}},{"hash":"0c932c02440a4b1d47e6b22886566a0c4daa7cd2","isMergeCommit":false,"messageTitle":"create more methods to different classes by code extraction to become OO style","messageBody":"","fileTypesAndContributionMap":{"java":{"insertions":3,"deletions":2}}},{"hash":"4024b7ff3895e0a38358b158d495531eea5a35e1","isMergeCommit":false,"messageTitle":"initialise the content of input and expected output txt to conduct a simple output run","messageBody":"","fileTypesAndContributionMap":{"txt":{"insertions":30,"deletions":0}}}]}]},"authorFileTypeContributionMap":{"J-Y-Yan":{"java":176,"md":0,"fxml":0,"sh":0,"bat":21,"gradle":0,"txt":30}},"authorContributionVariance":{"J-Y-Yan":2549.0554},"authorDisplayNameMap":{"J-Y-Yan":"CS2113-F11-1 TIAN..AYAN"}}
