{"authorDailyContributionsMap":{"JoanneJo":[{"date":"2023-08-25","commitResults":[{"hash":"47ef15c28d8d0e7ef5849af0a0dcaeb37921b353","isMergeCommit":false,"messageTitle":"Add Level 0 - Rename, Greet, Exit","messageBody":"","tags":["Level-0"],"fileTypesAndContributionMap":{"java":{"insertions":34,"deletions":6}}}]},{"date":"2023-08-31","commitResults":[{"hash":"b57d8735dfb129859c3413c8d5f9f88a1a601333","isMergeCommit":false,"messageTitle":"Add Level 1 - Echo","messageBody":"","tags":["Level-1"],"fileTypesAndContributionMap":{"java":{"insertions":29,"deletions":4}}},{"hash":"6243576dd06a05d84bdf2035404cc02e85db5e56","isMergeCommit":false,"messageTitle":"Add Level 2 - Add, List","messageBody":"","tags":["Level-2"],"fileTypesAndContributionMap":{"java":{"insertions":34,"deletions":11}}},{"hash":"e7684d80a9f35f6f85a9a9ef36064e0ac6206bd8","isMergeCommit":false,"messageTitle":"Add Level 3 - Mark as Done","messageBody":"","tags":["Level-3"],"fileTypesAndContributionMap":{"java":{"insertions":67,"deletions":7}}},{"hash":"fdc7a228dfe10efd6f9d491968b1731a8880b972","isMergeCommit":false,"messageTitle":"Add A-CodingStandard","messageBody":"","tags":["A-CodingStandard"],"fileTypesAndContributionMap":{"java":{"insertions":13,"deletions":11}}}]},{"date":"2023-09-04","commitResults":[{"hash":"2762169be3931a5ec49d1af763f6b6ec7117a364","isMergeCommit":false,"messageTitle":"Add Level 4 - ToDos, Events, Deadlines","messageBody":"","tags":["Level-4","A-Inheritance"],"fileTypesAndContributionMap":{"java":{"insertions":88,"deletions":23}}},{"hash":"7a4b80e17d2aeb7c77bc5b60f43df47c68b80f5f","isMergeCommit":false,"messageTitle":"Add A-TextUiTesting","messageBody":"","tags":["A-TextUiTesting"],"fileTypesAndContributionMap":{"txt":{"insertions":5,"deletions":0},"java":{"insertions":7,"deletions":7}}},{"hash":"8efbad106a71b0a4ca799b95e38abed5d1b77ed1","isMergeCommit":false,"messageTitle":"Add A-CodeQuality","messageBody":"","tags":["A-CodeQuality"],"fileTypesAndContributionMap":{"java":{"insertions":124,"deletions":90}}}]},{"date":"2023-09-15","commitResults":[{"hash":"33c2f5d7a663a095e917f892a0924cd40254858d","isMergeCommit":false,"messageTitle":"Update Lemon.java","messageBody":"Modified the naming convention and reduced the use of global variables to fit the coding standard.\n","fileTypesAndContributionMap":{"java":{"insertions":38,"deletions":42},"bat":{"insertions":1,"deletions":1},"md":{"insertions":2,"deletions":2}}},{"hash":"dad5dbc385cafc7b643b242d08493418898c1fda","isMergeCommit":false,"messageTitle":"Add Level 5 - Handle Errors","messageBody":"Lemon.java: add error checking and exception\nhandling for todo, deadline and event tasks,\nand for marking and unmarking of tasks\n\nLemonException.java: add a class to represent\nexceptions specific to Lemon\n\nError handling is not implemented in Lemon.java.\n\nWrong input from users may cause error and\nexceptions causing the program to fail or exit.\n\nImplement error and exception handling.\n\nImplementing error handling allows the program to\nrespond to unexpected input gracefully. Users are\nalso able to know how to pass a valid input.\n\nError and exceptions include wrong format input,\ninvalid input, empty input, array index out of\nbounds, null pointer, empty list, unexpected input.\n","fileTypesAndContributionMap":{"java":{"insertions":161,"deletions":75}}},{"hash":"ec76f46efb4c79c46ea887585381809ddfc1cc16","isMergeCommit":true,"messageTitle":"Merge branch \u0027branch-Level-5\u0027","messageBody":"","tags":["Level-5","A-Exceptions"],"fileTypesAndContributionMap":{}},{"hash":"8b8c03543bf4411884b219883f5e27faebf4a3e2","isMergeCommit":false,"messageTitle":"Add A-Packages","messageBody":"Create 2 packages: lemon.command and lemon.task\n\nLemonException.java move to lemon.command\nTask.java, Todo.java, Deadline.java, Event.java\nmove to lemon.task\n","fileTypesAndContributionMap":{"java":{"insertions":18,"deletions":0}}},{"hash":"6ad39886cd12bb8500a78018c957abccb3d1fe91","isMergeCommit":true,"messageTitle":"Merge branch \u0027branch-A-Packages\u0027","messageBody":"","tags":["A-Packages"],"fileTypesAndContributionMap":{}}]}]},"authorFileTypeContributionMap":{"JoanneJo":{"java":345,"md":2,"fxml":0,"sh":0,"bat":1,"gradle":0,"txt":5}},"authorContributionVariance":{"JoanneJo":8226.93},"authorDisplayNameMap":{"JoanneJo":"CS2113T-W11-1 JOAN..LING"}}
