[{"path":"src/main/java/Deadline.java","fileType":"java","lines":[{"lineNumber":1,"author":{"gitId":"hshiah"},"content":"public class Deadline extends Task{","lastModifiedDate":"2023-09-17"},{"lineNumber":2,"author":{"gitId":"hshiah"},"content":"    protected String by;","lastModifiedDate":"2023-09-17"},{"lineNumber":3,"author":{"gitId":"hshiah"},"content":"","lastModifiedDate":"2023-09-17"},{"lineNumber":4,"author":{"gitId":"hshiah"},"content":"    public Deadline(String description, String by) throws DukeException{","lastModifiedDate":"2023-09-17"},{"lineNumber":5,"author":{"gitId":"hshiah"},"content":"        super(description);","lastModifiedDate":"2023-09-17"},{"lineNumber":6,"author":{"gitId":"hshiah"},"content":"        this.by \u003d by;","lastModifiedDate":"2023-09-17"},{"lineNumber":7,"author":{"gitId":"hshiah"},"content":"    }","lastModifiedDate":"2023-09-17"},{"lineNumber":8,"author":{"gitId":"hshiah"},"content":"","lastModifiedDate":"2023-09-17"},{"lineNumber":9,"author":{"gitId":"hshiah"},"content":"    @Override","lastModifiedDate":"2023-09-17"},{"lineNumber":10,"author":{"gitId":"hshiah"},"content":"    public String toString() {","lastModifiedDate":"2023-09-17"},{"lineNumber":11,"author":{"gitId":"hshiah"},"content":"        return \"[D]\" + super.toString() + \" (by: \" + by + \")\";","lastModifiedDate":"2023-09-17"},{"lineNumber":12,"author":{"gitId":"hshiah"},"content":"    }","lastModifiedDate":"2023-09-17"},{"lineNumber":13,"author":{"gitId":"hshiah"},"content":"}","lastModifiedDate":"2023-09-17"}],"authorContributionMap":{"hshiah":13}},{"path":"src/main/java/Duke.java","fileType":"java","lines":[{"lineNumber":1,"author":{"gitId":"hshiah"},"content":"import java.util.Scanner;","lastModifiedDate":"2023-09-06"},{"lineNumber":2,"author":{"gitId":"hshiah"},"content":"import java.util.List;","lastModifiedDate":"2023-09-06"},{"lineNumber":3,"author":{"gitId":"hshiah"},"content":"import java.util.ArrayList;","lastModifiedDate":"2023-09-06"},{"lineNumber":4,"author":{"gitId":"-"},"content":"public class Duke {","lastModifiedDate":"2019-07-29"},{"lineNumber":5,"author":{"gitId":"hshiah"},"content":"    protected final static String LINE \u003d \"_______________________________________________\";","lastModifiedDate":"2023-09-18"},{"lineNumber":6,"author":{"gitId":"hshiah"},"content":"    protected final static String GREET \u003d \"Hello! I\u0027m Elwin\\n\" + \"What can I do for you?\";","lastModifiedDate":"2023-09-18"},{"lineNumber":7,"author":{"gitId":"hshiah"},"content":"    protected final static String EXIT \u003d \"Bye. Hope to see you again soon!\";","lastModifiedDate":"2023-09-18"},{"lineNumber":8,"author":{"gitId":"hshiah"},"content":"    protected final static String LIST \u003d \"Here are the tasks in your list:\";","lastModifiedDate":"2023-09-18"},{"lineNumber":9,"author":{"gitId":"hshiah"},"content":"    protected final static String MARK \u003d \"Nice! I\u0027ve marked this task as done:\";","lastModifiedDate":"2023-09-18"},{"lineNumber":10,"author":{"gitId":"hshiah"},"content":"    protected final static String UNMARK \u003d \"OK, I\u0027ve marked this task as not done yet:\";","lastModifiedDate":"2023-09-18"},{"lineNumber":11,"author":{"gitId":"hshiah"},"content":"","lastModifiedDate":"2023-09-18"},{"lineNumber":12,"author":{"gitId":"hshiah"},"content":"    private static void print(String message){","lastModifiedDate":"2023-09-17"},{"lineNumber":13,"author":{"gitId":"hshiah"},"content":"        System.out.println(LINE);","lastModifiedDate":"2023-09-18"},{"lineNumber":14,"author":{"gitId":"hshiah"},"content":"        System.out.println(message);","lastModifiedDate":"2023-09-17"},{"lineNumber":15,"author":{"gitId":"hshiah"},"content":"        System.out.println(LINE);","lastModifiedDate":"2023-09-18"},{"lineNumber":16,"author":{"gitId":"hshiah"},"content":"    }","lastModifiedDate":"2023-09-17"},{"lineNumber":17,"author":{"gitId":"-"},"content":"    public static void main(String[] args) {","lastModifiedDate":"2019-07-29"},{"lineNumber":18,"author":{"gitId":"hshiah"},"content":"        Scanner scanner \u003d new Scanner(System.in);","lastModifiedDate":"2023-09-06"},{"lineNumber":19,"author":{"gitId":"hshiah"},"content":"        List\u003cTask\u003e todoList \u003d new ArrayList\u003c\u003e();","lastModifiedDate":"2023-09-06"},{"lineNumber":20,"author":{"gitId":"hshiah"},"content":"        print(GREET);","lastModifiedDate":"2023-09-18"},{"lineNumber":21,"author":{"gitId":"hshiah"},"content":"        while(true){","lastModifiedDate":"2023-09-06"},{"lineNumber":22,"author":{"gitId":"hshiah"},"content":"            String input \u003d scanner.nextLine();","lastModifiedDate":"2023-09-06"},{"lineNumber":23,"author":{"gitId":"hshiah"},"content":"            if(input.equals(\"bye\")){","lastModifiedDate":"2023-09-06"},{"lineNumber":24,"author":{"gitId":"hshiah"},"content":"                break;","lastModifiedDate":"2023-09-06"},{"lineNumber":25,"author":{"gitId":"hshiah"},"content":"            }else if(input.equals(\"list\")){","lastModifiedDate":"2023-09-06"},{"lineNumber":26,"author":{"gitId":"hshiah"},"content":"                System.out.println(LINE);","lastModifiedDate":"2023-09-18"},{"lineNumber":27,"author":{"gitId":"hshiah"},"content":"                System.out.println(LIST);","lastModifiedDate":"2023-09-18"},{"lineNumber":28,"author":{"gitId":"hshiah"},"content":"                for(int i \u003d 0; i \u003c todoList.size(); i++){","lastModifiedDate":"2023-09-06"},{"lineNumber":29,"author":{"gitId":"hshiah"},"content":"                    System.out.println(i+1 + \".\" + todoList.get(i));","lastModifiedDate":"2023-09-17"},{"lineNumber":30,"author":{"gitId":"hshiah"},"content":"                }","lastModifiedDate":"2023-09-06"},{"lineNumber":31,"author":{"gitId":"hshiah"},"content":"                System.out.println(LINE);","lastModifiedDate":"2023-09-18"},{"lineNumber":32,"author":{"gitId":"hshiah"},"content":"            }else if(input.matches(\"^mark \\\\d+$\")) {","lastModifiedDate":"2023-09-18"},{"lineNumber":33,"author":{"gitId":"hshiah"},"content":"                int index \u003d Integer.parseInt(input.substring(5));","lastModifiedDate":"2023-09-06"},{"lineNumber":34,"author":{"gitId":"hshiah"},"content":"                try{","lastModifiedDate":"2023-09-17"},{"lineNumber":35,"author":{"gitId":"hshiah"},"content":"                    todoList.get(index-1).unmarkAsDone();","lastModifiedDate":"2023-09-17"},{"lineNumber":36,"author":{"gitId":"hshiah"},"content":"                }catch(IndexOutOfBoundsException e){","lastModifiedDate":"2023-09-17"},{"lineNumber":37,"author":{"gitId":"hshiah"},"content":"                    print(\"☹ OOPS!!! The task number is not in the list.\");","lastModifiedDate":"2023-09-17"},{"lineNumber":38,"author":{"gitId":"hshiah"},"content":"                    continue;","lastModifiedDate":"2023-09-17"},{"lineNumber":39,"author":{"gitId":"hshiah"},"content":"                }","lastModifiedDate":"2023-09-17"},{"lineNumber":40,"author":{"gitId":"hshiah"},"content":"                print(MARK+\"\\n  \"+todoList.get(index-1));","lastModifiedDate":"2023-09-18"},{"lineNumber":41,"author":{"gitId":"hshiah"},"content":"            }else if(input.matches(\"^unmark \\\\d+$\")) {","lastModifiedDate":"2023-09-18"},{"lineNumber":42,"author":{"gitId":"hshiah"},"content":"                int index \u003d Integer.parseInt(input.substring(7));","lastModifiedDate":"2023-09-06"},{"lineNumber":43,"author":{"gitId":"hshiah"},"content":"                try{","lastModifiedDate":"2023-09-17"},{"lineNumber":44,"author":{"gitId":"hshiah"},"content":"                    todoList.get(index-1).unmarkAsDone();","lastModifiedDate":"2023-09-06"},{"lineNumber":45,"author":{"gitId":"hshiah"},"content":"                }catch(IndexOutOfBoundsException e){","lastModifiedDate":"2023-09-17"},{"lineNumber":46,"author":{"gitId":"hshiah"},"content":"                    print(\"☹ OOPS!!! The task number is not in the list.\");","lastModifiedDate":"2023-09-17"},{"lineNumber":47,"author":{"gitId":"hshiah"},"content":"                    continue;","lastModifiedDate":"2023-09-17"},{"lineNumber":48,"author":{"gitId":"hshiah"},"content":"                }","lastModifiedDate":"2023-09-17"},{"lineNumber":49,"author":{"gitId":"hshiah"},"content":"                print(UNMARK+\"\\n  \"+todoList.get(index-1));","lastModifiedDate":"2023-09-18"},{"lineNumber":50,"author":{"gitId":"hshiah"},"content":"            }else if(input.split(\" \")[0].equals(\"todo\")){","lastModifiedDate":"2023-09-17"},{"lineNumber":51,"author":{"gitId":"hshiah"},"content":"                Todo todo;","lastModifiedDate":"2023-09-17"},{"lineNumber":52,"author":{"gitId":"hshiah"},"content":"                try{","lastModifiedDate":"2023-09-17"},{"lineNumber":53,"author":{"gitId":"hshiah"},"content":"                    todo \u003d new Todo(input.substring(4, input.length()));","lastModifiedDate":"2023-09-17"},{"lineNumber":54,"author":{"gitId":"hshiah"},"content":"                }catch(DukeException e){","lastModifiedDate":"2023-09-17"},{"lineNumber":55,"author":{"gitId":"hshiah"},"content":"                    continue;","lastModifiedDate":"2023-09-17"},{"lineNumber":56,"author":{"gitId":"hshiah"},"content":"                }","lastModifiedDate":"2023-09-17"},{"lineNumber":57,"author":{"gitId":"hshiah"},"content":"                todoList.add(todo);","lastModifiedDate":"2023-09-17"},{"lineNumber":58,"author":{"gitId":"hshiah"},"content":"                print(\"Got it. I\u0027ve added this task:\\n  \"+todo+\"\\nNow you have \" + todoList.size() + \" tasks in the list.\");","lastModifiedDate":"2023-09-17"},{"lineNumber":59,"author":{"gitId":"hshiah"},"content":"            }else if(input.split(\" \")[0].equals(\"deadline\")){","lastModifiedDate":"2023-09-17"},{"lineNumber":60,"author":{"gitId":"hshiah"},"content":"                Deadline deadline;","lastModifiedDate":"2023-09-17"},{"lineNumber":61,"author":{"gitId":"hshiah"},"content":"                try {","lastModifiedDate":"2023-09-17"},{"lineNumber":62,"author":{"gitId":"hshiah"},"content":"                    deadline \u003d new Deadline(input.split(\"/\")[0].substring(9, input.split(\"/\")[0].length() - 1), input.split(\"/\")[1].replace(\"by \", \"\"));","lastModifiedDate":"2023-09-17"},{"lineNumber":63,"author":{"gitId":"hshiah"},"content":"                }catch (DukeException e){","lastModifiedDate":"2023-09-17"},{"lineNumber":64,"author":{"gitId":"hshiah"},"content":"                    continue;","lastModifiedDate":"2023-09-17"},{"lineNumber":65,"author":{"gitId":"hshiah"},"content":"                }","lastModifiedDate":"2023-09-17"},{"lineNumber":66,"author":{"gitId":"hshiah"},"content":"                todoList.add(deadline);","lastModifiedDate":"2023-09-17"},{"lineNumber":67,"author":{"gitId":"hshiah"},"content":"                print(\"Got it. I\u0027ve added this task:\\n  \"+deadline+\"\\nNow you have \" + todoList.size() + \" tasks in the list.\");","lastModifiedDate":"2023-09-17"},{"lineNumber":68,"author":{"gitId":"hshiah"},"content":"            }else if(input.split(\" \")[0].equals(\"event\")){","lastModifiedDate":"2023-09-17"},{"lineNumber":69,"author":{"gitId":"hshiah"},"content":"                Event event;","lastModifiedDate":"2023-09-17"},{"lineNumber":70,"author":{"gitId":"hshiah"},"content":"                try{","lastModifiedDate":"2023-09-17"},{"lineNumber":71,"author":{"gitId":"hshiah"},"content":"                    event \u003d new Event(input.split(\"/\")[0].substring(5, input.split(\"/\")[0].length()-1), input.split(\"/\")[1], input.split(\"/\")[2]);","lastModifiedDate":"2023-09-17"},{"lineNumber":72,"author":{"gitId":"hshiah"},"content":"                }catch(DukeException e){","lastModifiedDate":"2023-09-17"},{"lineNumber":73,"author":{"gitId":"hshiah"},"content":"                    continue;","lastModifiedDate":"2023-09-17"},{"lineNumber":74,"author":{"gitId":"hshiah"},"content":"                }catch(StringIndexOutOfBoundsException e){","lastModifiedDate":"2023-09-17"},{"lineNumber":75,"author":{"gitId":"hshiah"},"content":"                    print(\"☹ OOPS!!! The description of a event should use \\\\ mark start time and end time.\");","lastModifiedDate":"2023-09-17"},{"lineNumber":76,"author":{"gitId":"hshiah"},"content":"                    continue;","lastModifiedDate":"2023-09-17"},{"lineNumber":77,"author":{"gitId":"hshiah"},"content":"                }","lastModifiedDate":"2023-09-17"},{"lineNumber":78,"author":{"gitId":"hshiah"},"content":"                todoList.add(event);","lastModifiedDate":"2023-09-17"},{"lineNumber":79,"author":{"gitId":"hshiah"},"content":"                print(\"Got it. I\u0027ve added this task:\\n  \"+event+\"\\nNow you have \" + todoList.size() + \" tasks in the list.\");","lastModifiedDate":"2023-09-17"},{"lineNumber":80,"author":{"gitId":"hshiah"},"content":"            }else{","lastModifiedDate":"2023-09-06"},{"lineNumber":81,"author":{"gitId":"hshiah"},"content":"                print(\"☹ OOPS!!! I\u0027m sorry, but I don\u0027t know what that means :-(\");","lastModifiedDate":"2023-09-17"},{"lineNumber":82,"author":{"gitId":"hshiah"},"content":"            }","lastModifiedDate":"2023-09-06"},{"lineNumber":83,"author":{"gitId":"hshiah"},"content":"        }","lastModifiedDate":"2023-09-06"},{"lineNumber":84,"author":{"gitId":"hshiah"},"content":"        scanner.close();","lastModifiedDate":"2023-09-06"},{"lineNumber":85,"author":{"gitId":"hshiah"},"content":"        System.out.println(EXIT);","lastModifiedDate":"2023-09-18"},{"lineNumber":86,"author":{"gitId":"hshiah"},"content":"        System.out.println(LINE);","lastModifiedDate":"2023-09-18"},{"lineNumber":87,"author":{"gitId":"-"},"content":"    }","lastModifiedDate":"2019-07-29"},{"lineNumber":88,"author":{"gitId":"-"},"content":"}","lastModifiedDate":"2019-07-29"}],"authorContributionMap":{"-":4,"hshiah":84}},{"path":"src/main/java/DukeException.java","fileType":"java","lines":[{"lineNumber":1,"author":{"gitId":"hshiah"},"content":"public class DukeException extends Exception{","lastModifiedDate":"2023-09-17"},{"lineNumber":2,"author":{"gitId":"hshiah"},"content":"    protected String line \u003d \"_______________________________________________\";","lastModifiedDate":"2023-09-17"},{"lineNumber":3,"author":{"gitId":"hshiah"},"content":"    public DukeException(String message){","lastModifiedDate":"2023-09-17"},{"lineNumber":4,"author":{"gitId":"hshiah"},"content":"        super(message);","lastModifiedDate":"2023-09-17"},{"lineNumber":5,"author":{"gitId":"hshiah"},"content":"        System.out.println(line);","lastModifiedDate":"2023-09-17"},{"lineNumber":6,"author":{"gitId":"hshiah"},"content":"        System.out.println(message);","lastModifiedDate":"2023-09-17"},{"lineNumber":7,"author":{"gitId":"hshiah"},"content":"        System.out.println(line);","lastModifiedDate":"2023-09-17"},{"lineNumber":8,"author":{"gitId":"hshiah"},"content":"    }","lastModifiedDate":"2023-09-17"},{"lineNumber":9,"author":{"gitId":"hshiah"},"content":"}","lastModifiedDate":"2023-09-17"}],"authorContributionMap":{"hshiah":9}},{"path":"src/main/java/Event.java","fileType":"java","lines":[{"lineNumber":1,"author":{"gitId":"hshiah"},"content":"public class Event extends Task{","lastModifiedDate":"2023-09-17"},{"lineNumber":2,"author":{"gitId":"hshiah"},"content":"    protected String by;","lastModifiedDate":"2023-09-17"},{"lineNumber":3,"author":{"gitId":"hshiah"},"content":"    protected String from;","lastModifiedDate":"2023-09-17"},{"lineNumber":4,"author":{"gitId":"hshiah"},"content":"    public Event(String description, String from, String by) throws DukeException{","lastModifiedDate":"2023-09-17"},{"lineNumber":5,"author":{"gitId":"hshiah"},"content":"        super(description);","lastModifiedDate":"2023-09-17"},{"lineNumber":6,"author":{"gitId":"hshiah"},"content":"        if(!from.contains(\"from \")){","lastModifiedDate":"2023-09-17"},{"lineNumber":7,"author":{"gitId":"hshiah"},"content":"            throw new DukeException(\"☹ OOPS!!! The description of a event must contain \\\"from\\\" time.\");","lastModifiedDate":"2023-09-17"},{"lineNumber":8,"author":{"gitId":"hshiah"},"content":"        }else if(!by.contains(\"to \")){","lastModifiedDate":"2023-09-17"},{"lineNumber":9,"author":{"gitId":"hshiah"},"content":"            throw new DukeException(\"☹ OOPS!!! The description of a event must contain \\\"to\\\" time.\");","lastModifiedDate":"2023-09-17"},{"lineNumber":10,"author":{"gitId":"hshiah"},"content":"        }","lastModifiedDate":"2023-09-17"},{"lineNumber":11,"author":{"gitId":"hshiah"},"content":"        this.from \u003d from;","lastModifiedDate":"2023-09-17"},{"lineNumber":12,"author":{"gitId":"hshiah"},"content":"        this.by \u003d by;","lastModifiedDate":"2023-09-17"},{"lineNumber":13,"author":{"gitId":"hshiah"},"content":"    }","lastModifiedDate":"2023-09-17"},{"lineNumber":14,"author":{"gitId":"hshiah"},"content":"","lastModifiedDate":"2023-09-17"},{"lineNumber":15,"author":{"gitId":"hshiah"},"content":"    @Override","lastModifiedDate":"2023-09-17"},{"lineNumber":16,"author":{"gitId":"hshiah"},"content":"    public String toString() {","lastModifiedDate":"2023-09-17"},{"lineNumber":17,"author":{"gitId":"hshiah"},"content":"        return \"[E]\" + super.toString() + \" (from: \" + this.from + \" to: \" + this.by + \")\";","lastModifiedDate":"2023-09-17"},{"lineNumber":18,"author":{"gitId":"hshiah"},"content":"    }","lastModifiedDate":"2023-09-17"},{"lineNumber":19,"author":{"gitId":"hshiah"},"content":"}","lastModifiedDate":"2023-09-17"}],"authorContributionMap":{"hshiah":19}},{"path":"src/main/java/Task.java","fileType":"java","lines":[{"lineNumber":1,"author":{"gitId":"hshiah"},"content":"public class Task{","lastModifiedDate":"2023-09-06"},{"lineNumber":2,"author":{"gitId":"hshiah"},"content":"    protected String description;","lastModifiedDate":"2023-09-06"},{"lineNumber":3,"author":{"gitId":"hshiah"},"content":"    protected boolean isDone;","lastModifiedDate":"2023-09-06"},{"lineNumber":4,"author":{"gitId":"hshiah"},"content":"","lastModifiedDate":"2023-09-06"},{"lineNumber":5,"author":{"gitId":"hshiah"},"content":"    public Task(String description) throws DukeException {","lastModifiedDate":"2023-09-17"},{"lineNumber":6,"author":{"gitId":"hshiah"},"content":"        if(description.isBlank()){","lastModifiedDate":"2023-09-17"},{"lineNumber":7,"author":{"gitId":"hshiah"},"content":"            throw new DukeException(\"☹ OOPS!!! The description of a task cannot be empty.\");","lastModifiedDate":"2023-09-17"},{"lineNumber":8,"author":{"gitId":"hshiah"},"content":"        }","lastModifiedDate":"2023-09-17"},{"lineNumber":9,"author":{"gitId":"hshiah"},"content":"        this.description \u003d description;","lastModifiedDate":"2023-09-06"},{"lineNumber":10,"author":{"gitId":"hshiah"},"content":"        this.isDone \u003d false;","lastModifiedDate":"2023-09-06"},{"lineNumber":11,"author":{"gitId":"hshiah"},"content":"    }","lastModifiedDate":"2023-09-06"},{"lineNumber":12,"author":{"gitId":"hshiah"},"content":"","lastModifiedDate":"2023-09-06"},{"lineNumber":13,"author":{"gitId":"hshiah"},"content":"    public String getStatusIcon() {","lastModifiedDate":"2023-09-06"},{"lineNumber":14,"author":{"gitId":"hshiah"},"content":"        return (isDone ? \"X\" : \" \"); // mark done task with X","lastModifiedDate":"2023-09-06"},{"lineNumber":15,"author":{"gitId":"hshiah"},"content":"    }","lastModifiedDate":"2023-09-06"},{"lineNumber":16,"author":{"gitId":"hshiah"},"content":"","lastModifiedDate":"2023-09-06"},{"lineNumber":17,"author":{"gitId":"hshiah"},"content":"    public void markAsDone() {","lastModifiedDate":"2023-09-06"},{"lineNumber":18,"author":{"gitId":"hshiah"},"content":"        this.isDone \u003d true;","lastModifiedDate":"2023-09-06"},{"lineNumber":19,"author":{"gitId":"hshiah"},"content":"    }","lastModifiedDate":"2023-09-06"},{"lineNumber":20,"author":{"gitId":"hshiah"},"content":"","lastModifiedDate":"2023-09-06"},{"lineNumber":21,"author":{"gitId":"hshiah"},"content":"    public void unmarkAsDone(){","lastModifiedDate":"2023-09-06"},{"lineNumber":22,"author":{"gitId":"hshiah"},"content":"        this.isDone \u003d false;","lastModifiedDate":"2023-09-06"},{"lineNumber":23,"author":{"gitId":"hshiah"},"content":"    }","lastModifiedDate":"2023-09-06"},{"lineNumber":24,"author":{"gitId":"hshiah"},"content":"","lastModifiedDate":"2023-09-06"},{"lineNumber":25,"author":{"gitId":"hshiah"},"content":"    @Override","lastModifiedDate":"2023-09-17"},{"lineNumber":26,"author":{"gitId":"hshiah"},"content":"    public String toString() {","lastModifiedDate":"2023-09-17"},{"lineNumber":27,"author":{"gitId":"hshiah"},"content":"        return \"[\" + getStatusIcon() + \"]\" + this.description;","lastModifiedDate":"2023-09-17"},{"lineNumber":28,"author":{"gitId":"hshiah"},"content":"    }","lastModifiedDate":"2023-09-06"},{"lineNumber":29,"author":{"gitId":"hshiah"},"content":"}","lastModifiedDate":"2023-09-06"}],"authorContributionMap":{"hshiah":29}},{"path":"src/main/java/Todo.java","fileType":"java","lines":[{"lineNumber":1,"author":{"gitId":"hshiah"},"content":"public class Todo extends Task{","lastModifiedDate":"2023-09-17"},{"lineNumber":2,"author":{"gitId":"hshiah"},"content":"    public Todo(String description) throws DukeException{","lastModifiedDate":"2023-09-17"},{"lineNumber":3,"author":{"gitId":"hshiah"},"content":"        super(description);","lastModifiedDate":"2023-09-17"},{"lineNumber":4,"author":{"gitId":"hshiah"},"content":"    }","lastModifiedDate":"2023-09-17"},{"lineNumber":5,"author":{"gitId":"hshiah"},"content":"","lastModifiedDate":"2023-09-17"},{"lineNumber":6,"author":{"gitId":"hshiah"},"content":"    @Override","lastModifiedDate":"2023-09-17"},{"lineNumber":7,"author":{"gitId":"hshiah"},"content":"    public String toString() {","lastModifiedDate":"2023-09-17"},{"lineNumber":8,"author":{"gitId":"hshiah"},"content":"        return \"[T]\" + super.toString();","lastModifiedDate":"2023-09-17"},{"lineNumber":9,"author":{"gitId":"hshiah"},"content":"    }","lastModifiedDate":"2023-09-17"},{"lineNumber":10,"author":{"gitId":"hshiah"},"content":"}","lastModifiedDate":"2023-09-17"}],"authorContributionMap":{"hshiah":10}}]
