{"authorDailyContributionsMap":{"hshiah":[{"date":"2023-09-05","commitResults":[{"hash":"cd6d347ee07299cffd0e226c0857325cf58d49e0","isMergeCommit":false,"messageTitle":"Level-0","messageBody":"","tags":["Level-0"],"fileTypesAndContributionMap":{"java":{"insertions":13,"deletions":6}}}]},{"date":"2023-09-06","commitResults":[{"hash":"13ec2200a3c8ea1bfd895dd3dea1d69bbc6c4591","isMergeCommit":false,"messageTitle":"Week 3 changes","messageBody":"","tags":["Level-3","Level-2","Level-1","A-CodingStandard"],"fileTypesAndContributionMap":{"java":{"insertions":69,"deletions":5}}}]},{"date":"2023-09-17","commitResults":[{"hash":"18f70b5faf473ab9430ed93c187e4ffdcd720463","isMergeCommit":false,"messageTitle":"Level 5","messageBody":"","tags":["Level-5","Level-4","A-TextUiTesting","A-Exceptions","A-CodeQuality"],"fileTypesAndContributionMap":{"java":{"insertions":112,"deletions":21}}}]},{"date":"2023-09-18","commitResults":[{"hash":"71a2724defa07f9a8474af576ba8a513ba8d85e0","isMergeCommit":false,"messageTitle":"Code Improvement","messageBody":"","fileTypesAndContributionMap":{"java":{"insertions":19,"deletions":23}}}]},{"date":"2023-09-21","commitResults":[{"hash":"69f1c6ccb70c333a57e208c414b1c73fb23caedd","isMergeCommit":false,"messageTitle":"Add increment level 6 and 7.","messageBody":"","tags":["Level-7","Level-6","A-Jar","A-Collections"],"fileTypesAndContributionMap":{"java":{"insertions":124,"deletions":18}}}]},{"date":"2023-10-06","commitResults":[{"hash":"4d8d6eca7be9f60b4bbef11ba552e586645958ef","isMergeCommit":false,"messageTitle":"update README","messageBody":"","tags":["A-UserGuide"],"fileTypesAndContributionMap":{"md":{"insertions":127,"deletions":14}}},{"hash":"faddc9e3aca7de6aa4adfc5e2c84ccbd0a357b81","isMergeCommit":false,"messageTitle":"Level-9","messageBody":"","tags":["Level-9"],"fileTypesAndContributionMap":{"java":{"insertions":446,"deletions":185}}}]},{"date":"2023-10-09","commitResults":[{"hash":"b800f93e92d628b8b9c89e896ec07c87ceedcb65","isMergeCommit":false,"messageTitle":"Fix wrong output for find task.","messageBody":"","tags":["A-Release"],"fileTypesAndContributionMap":{"java":{"insertions":1,"deletions":1}}}]}]},"authorFileTypeContributionMap":{"hshiah":{"java":535,"md":118,"fxml":0,"sh":0,"bat":0,"gradle":0,"txt":0}},"authorContributionVariance":{"hshiah":11603.621},"authorDisplayNameMap":{"hshiah":"CS2113-T18-2 SHI ..CHEN"}}
