{"authorDailyContributionsMap":{"junhyeong0411":[{"date":"2023-08-23","commitResults":[{"hash":"77b150c4c37eac2b02077cbbd985a2074a73dca3","isMergeCommit":false,"messageTitle":"level 0","messageBody":"","tags":["Level-0"],"fileTypesAndContributionMap":{"java":{"insertions":6,"deletions":6}}}]},{"date":"2023-08-31","commitResults":[{"hash":"acc84ea79aed53ce874103715d215e08cf77f94c","isMergeCommit":false,"messageTitle":"level 1","messageBody":"","tags":["Level-1"],"fileTypesAndContributionMap":{"java":{"insertions":23,"deletions":6}}},{"hash":"40666eb5a1dc21fe8a0f54613c16dc35d6c55f7d","isMergeCommit":false,"messageTitle":"level 2","messageBody":"","tags":["Level-2"],"fileTypesAndContributionMap":{"java":{"insertions":24,"deletions":6}}},{"hash":"8318944849fd8bf1b686fea7ff1a060fb92eb243","isMergeCommit":false,"messageTitle":"level 3","messageBody":"","tags":["Level-3"],"fileTypesAndContributionMap":{"java":{"insertions":90,"deletions":6}}},{"hash":"9442519058c136f3ed6cd20592ec6ab354fb5406","isMergeCommit":false,"messageTitle":"A-CodingStandard","messageBody":"","tags":["A-CodingStandard"],"fileTypesAndContributionMap":{"java":{"insertions":8,"deletions":2}}}]},{"date":"2023-09-07","commitResults":[{"hash":"56f85304b4232d484b90ea0a9f859666993a1ae7","isMergeCommit":false,"messageTitle":"Added \"todo\"","messageBody":"","fileTypesAndContributionMap":{"java":{"insertions":64,"deletions":32}}},{"hash":"f6ecd7988cae6fb0e607af88da6ad9ffacf90768","isMergeCommit":false,"messageTitle":"Added \"deadline\" and \"event\"","messageBody":"","tags":["Level-4"],"fileTypesAndContributionMap":{"java":{"insertions":100,"deletions":3}}},{"hash":"d94114135c4613779f6b80661fa31fd5e253d763","isMergeCommit":false,"messageTitle":"text-ui-test","messageBody":"","tags":["A-TextUiTesting"],"fileTypesAndContributionMap":{"txt":{"insertions":10,"deletions":0}}},{"hash":"92fe4923c96c42a1c7f31b5b5803b98242b18a37","isMergeCommit":false,"messageTitle":"Code Quality Check","messageBody":"","tags":["A-CodeQuality"],"fileTypesAndContributionMap":{"java":{"insertions":10,"deletions":0}}}]},{"date":"2023-09-09","commitResults":[{"hash":"4423f84340208403fada9cf0e93a33213770480d","isMergeCommit":false,"messageTitle":"Check Coding Standard","messageBody":"","fileTypesAndContributionMap":{"txt":{"insertions":4,"deletions":8},"java":{"insertions":8,"deletions":14}}},{"hash":"418888fca00d18c76175b4058ab9146baf855a9b","isMergeCommit":false,"messageTitle":"Error handling for \u003cmark\u003e","messageBody":"","fileTypesAndContributionMap":{"java":{"insertions":18,"deletions":11}}},{"hash":"6e0e1469204e2b40f7aae49c00dbd3c08a32b16f","isMergeCommit":false,"messageTitle":"Error handling for \u003cunmark\u003e","messageBody":"","fileTypesAndContributionMap":{"java":{"insertions":16,"deletions":10}}},{"hash":"3a514ddd4487fdae86631ab444b0d155c1e33f8e","isMergeCommit":false,"messageTitle":"Error handling for \u003ctodo\u003e","messageBody":"","fileTypesAndContributionMap":{"java":{"insertions":17,"deletions":7}}},{"hash":"2c9a97778a483b0cca863ef9333ae5366b7c186f","isMergeCommit":false,"messageTitle":"Error handling for \u003cdeadline\u003e","messageBody":"","fileTypesAndContributionMap":{"java":{"insertions":20,"deletions":11}}},{"hash":"15962cdc4c601e3a159b95c0e6b7a4c45faf2d30","isMergeCommit":false,"messageTitle":"Error handling for \u003cevent\u003e","messageBody":"","fileTypesAndContributionMap":{"java":{"insertions":16,"deletions":6}}},{"hash":"e9e47beadc46d097b409a914101b1da16849d305","isMergeCommit":false,"messageTitle":"Level 5 Fin","messageBody":"","tags":["Level-5","A-Exceptions"],"fileTypesAndContributionMap":{"java":{"insertions":2,"deletions":2}}}]},{"date":"2023-09-21","commitResults":[{"hash":"2ff694303b9f378e67874cdfb6e1834b93ac08a3","isMergeCommit":false,"messageTitle":"Storing task in ArrayList","messageBody":"","fileTypesAndContributionMap":{"java":{"insertions":15,"deletions":9}}},{"hash":"bd33100968d2e197d02b254eb0198abc8ac5d847","isMergeCommit":false,"messageTitle":"Level 6 : Delete Fin","messageBody":"","tags":["Level-6"],"fileTypesAndContributionMap":{"java":{"insertions":36,"deletions":3}}}]},{"date":"2023-09-22","commitResults":[{"hash":"7a4e2770e3463af5e829265b52c487a48f80bad2","isMergeCommit":false,"messageTitle":"Level 7 : Save Fin","messageBody":"","tags":["v0.1","Level-7"],"fileTypesAndContributionMap":{"java":{"insertions":74,"deletions":4}}},{"hash":"9a4c2023fd3810754162dc70114492701a7f3c20","isMergeCommit":false,"messageTitle":"Changed name into nupjuk","messageBody":"","tags":["v0.1.1","A-Collections"],"fileTypesAndContributionMap":{"java":{"insertions":2,"deletions":2}}}]},{"date":"2023-10-05","commitResults":[{"hash":"46dea585a256766fc3fda3c31f4ba21f2945328e","isMergeCommit":false,"messageTitle":"Extracted TaskList, Storage, and FormatChecker","messageBody":"","fileTypesAndContributionMap":{"java":{"insertions":169,"deletions":108}}},{"hash":"d3ad074f6416c14e1b6497a25f6a61f2f23c3dfd","isMergeCommit":false,"messageTitle":"Extracted Storage","messageBody":"","fileTypesAndContributionMap":{"java":{"insertions":20,"deletions":22}}},{"hash":"2829d58caf4c69e728858254c92b0f1337b0090b","isMergeCommit":false,"messageTitle":"MoreOOP fin","messageBody":"","tags":["A-MoreOOP"],"fileTypesAndContributionMap":{"java":{"insertions":238,"deletions":218}}}]},{"date":"2023-10-06","commitResults":[{"hash":"00d058c575fa12e0bed0628245cb97b659acc50b","isMergeCommit":false,"messageTitle":"Added Dates and Times","messageBody":"","tags":["Level-8"],"fileTypesAndContributionMap":{"java":{"insertions":74,"deletions":20}}},{"hash":"bb02c17bf4ea6324197fff908b22a74fc70b01ef","isMergeCommit":false,"messageTitle":"Added Dates and Times","messageBody":"","fileTypesAndContributionMap":{"java":{"insertions":1,"deletions":1}}},{"hash":"9add885edbfeab36d461bbad169ef731768993cc","isMergeCommit":true,"messageTitle":"Merge pull request #1 from junhyeong0411/branch-Level-8","messageBody":"Branch level 8","fileTypesAndContributionMap":{}},{"hash":"d4e9fa85723290ac06ffffa012866df18f392909","isMergeCommit":false,"messageTitle":"Level 9: added \u0027find\u0027","messageBody":"","tags":["Level-9"],"fileTypesAndContributionMap":{"java":{"insertions":19,"deletions":2}}},{"hash":"4eab6b405398bf543513dd26f51ab6b9be369926","isMergeCommit":true,"messageTitle":"Merge pull request #2 from junhyeong0411/branch-Level-9","messageBody":"Level 9: added \u0027find\u0027","fileTypesAndContributionMap":{}},{"hash":"fff1700222021eedac43693a7fb4060a2ad1dee2","isMergeCommit":false,"messageTitle":"A-JavaDoc for all functions/classes","messageBody":"","fileTypesAndContributionMap":{"java":{"insertions":124,"deletions":37},"bat":{"insertions":1,"deletions":1},"md":{"insertions":2,"deletions":2}}},{"hash":"e10cbbd158be85501ae639ae0e1390c5fb600e5c","isMergeCommit":true,"messageTitle":"Merge pull request #3 from junhyeong0411/branch-A-JavaDoc","messageBody":"A-JavaDoc for all functions/classes","tags":["A-JavaDoc"],"fileTypesAndContributionMap":{}},{"hash":"1b38d782a47ad0df6ed1c5c94e4fe1fdf7840a4c","isMergeCommit":false,"messageTitle":"Resolved Unmark Problem","messageBody":"","fileTypesAndContributionMap":{"java":{"insertions":1,"deletions":1}}},{"hash":"9def264d0c2457b7144e28a30b1ceba283c52d35","isMergeCommit":false,"messageTitle":"Update README.md (Not Finished","messageBody":"","fileTypesAndContributionMap":{"md":{"insertions":56,"deletions":24}}},{"hash":"efb85c074e7b0001d4cf01ed770b406d786dc7d9","isMergeCommit":false,"messageTitle":"Update README.md","messageBody":"","fileTypesAndContributionMap":{"md":{"insertions":29,"deletions":1}}},{"hash":"bb0c76ed4740d49b46dd13a7c128f685a2de4478","isMergeCommit":false,"messageTitle":"Resolved Mark Problem","messageBody":"","fileTypesAndContributionMap":{"java":{"insertions":1,"deletions":1}}},{"hash":"92e61aa19afeee5d994bf84b54a448e23412ebb3","isMergeCommit":false,"messageTitle":"Update User Guide","messageBody":"","tags":["v1.0","v0.2","A-UserGuide"],"fileTypesAndContributionMap":{"md":{"insertions":71,"deletions":16}}}]},{"date":"2023-10-25","commitResults":[{"hash":"de8900bdcb1d03178e4b911a30fc1775670f0207","isMergeCommit":false,"messageTitle":"Separated Todo command class","messageBody":"","fileTypesAndContributionMap":{"java":{"insertions":100,"deletions":49},"bat":{"insertions":1,"deletions":1},"md":{"insertions":4,"deletions":4}}},{"hash":"1091ef8ccd2be2770ac7b3b751e66472efc998f7","isMergeCommit":false,"messageTitle":"Separated Event \u0026 Deadline command class","messageBody":"","fileTypesAndContributionMap":{"java":{"insertions":142,"deletions":93}}},{"hash":"484977eb5fc54566e4c52a5ef85551e40b9d0b21","isMergeCommit":false,"messageTitle":"Separate all Commands","messageBody":"","fileTypesAndContributionMap":{"txt":{"insertions":5,"deletions":0},"java":{"insertions":196,"deletions":122}}},{"hash":"775d5d5454f76308dba5ab93e165a937ebc04e77","isMergeCommit":false,"messageTitle":"Check coding style","messageBody":"","tags":["v1.1"],"fileTypesAndContributionMap":{"txt":{"insertions":3,"deletions":0},"java":{"insertions":138,"deletions":114}}}]}]},"authorFileTypeContributionMap":{"junhyeong0411":{"java":852,"md":143,"fxml":0,"sh":0,"bat":1,"gradle":0,"txt":14}},"authorContributionVariance":{"junhyeong0411":25652.629},"authorDisplayNameMap":{"junhyeong0411":"CS2113-F11-3 BANG..EONG"}}
