{"authorDailyContributionsMap":{"junhyeong0411":[{"date":"2023-08-23","commitResults":[{"hash":"77b150c4c37eac2b02077cbbd985a2074a73dca3","isMergeCommit":false,"messageTitle":"level 0","messageBody":"","fileTypesAndContributionMap":{"java":{"insertions":6,"deletions":6}}}]},{"date":"2023-08-31","commitResults":[{"hash":"acc84ea79aed53ce874103715d215e08cf77f94c","isMergeCommit":false,"messageTitle":"level 1","messageBody":"","fileTypesAndContributionMap":{"java":{"insertions":23,"deletions":6}}},{"hash":"40666eb5a1dc21fe8a0f54613c16dc35d6c55f7d","isMergeCommit":false,"messageTitle":"level 2","messageBody":"","fileTypesAndContributionMap":{"java":{"insertions":24,"deletions":6}}},{"hash":"8318944849fd8bf1b686fea7ff1a060fb92eb243","isMergeCommit":false,"messageTitle":"level 3","messageBody":"","fileTypesAndContributionMap":{"java":{"insertions":90,"deletions":6}}},{"hash":"9442519058c136f3ed6cd20592ec6ab354fb5406","isMergeCommit":false,"messageTitle":"A-CodingStandard","messageBody":"","fileTypesAndContributionMap":{"java":{"insertions":8,"deletions":2}}}]},{"date":"2023-09-07","commitResults":[{"hash":"56f85304b4232d484b90ea0a9f859666993a1ae7","isMergeCommit":false,"messageTitle":"Added \"todo\"","messageBody":"","fileTypesAndContributionMap":{"java":{"insertions":64,"deletions":32}}},{"hash":"f6ecd7988cae6fb0e607af88da6ad9ffacf90768","isMergeCommit":false,"messageTitle":"Added \"deadline\" and \"event\"","messageBody":"","fileTypesAndContributionMap":{"java":{"insertions":100,"deletions":3}}},{"hash":"d94114135c4613779f6b80661fa31fd5e253d763","isMergeCommit":false,"messageTitle":"text-ui-test","messageBody":"","fileTypesAndContributionMap":{"txt":{"insertions":10,"deletions":0}}},{"hash":"92fe4923c96c42a1c7f31b5b5803b98242b18a37","isMergeCommit":false,"messageTitle":"Code Quality Check","messageBody":"","fileTypesAndContributionMap":{"java":{"insertions":10,"deletions":0}}}]},{"date":"2023-09-09","commitResults":[{"hash":"4423f84340208403fada9cf0e93a33213770480d","isMergeCommit":false,"messageTitle":"Check Coding Standard","messageBody":"","fileTypesAndContributionMap":{"txt":{"insertions":4,"deletions":8},"java":{"insertions":8,"deletions":14}}},{"hash":"418888fca00d18c76175b4058ab9146baf855a9b","isMergeCommit":false,"messageTitle":"Error handling for \u003cmark\u003e","messageBody":"","fileTypesAndContributionMap":{"java":{"insertions":18,"deletions":11}}},{"hash":"6e0e1469204e2b40f7aae49c00dbd3c08a32b16f","isMergeCommit":false,"messageTitle":"Error handling for \u003cunmark\u003e","messageBody":"","fileTypesAndContributionMap":{"java":{"insertions":16,"deletions":10}}},{"hash":"3a514ddd4487fdae86631ab444b0d155c1e33f8e","isMergeCommit":false,"messageTitle":"Error handling for \u003ctodo\u003e","messageBody":"","fileTypesAndContributionMap":{"java":{"insertions":17,"deletions":7}}},{"hash":"2c9a97778a483b0cca863ef9333ae5366b7c186f","isMergeCommit":false,"messageTitle":"Error handling for \u003cdeadline\u003e","messageBody":"","fileTypesAndContributionMap":{"java":{"insertions":20,"deletions":11}}},{"hash":"15962cdc4c601e3a159b95c0e6b7a4c45faf2d30","isMergeCommit":false,"messageTitle":"Error handling for \u003cevent\u003e","messageBody":"","fileTypesAndContributionMap":{"java":{"insertions":16,"deletions":6}}},{"hash":"e9e47beadc46d097b409a914101b1da16849d305","isMergeCommit":false,"messageTitle":"Level 5 Fin","messageBody":"","fileTypesAndContributionMap":{"java":{"insertions":2,"deletions":2}}}]},{"date":"2023-09-21","commitResults":[{"hash":"2ff694303b9f378e67874cdfb6e1834b93ac08a3","isMergeCommit":false,"messageTitle":"Storing task in ArrayList","messageBody":"","fileTypesAndContributionMap":{"java":{"insertions":15,"deletions":9}}},{"hash":"bd33100968d2e197d02b254eb0198abc8ac5d847","isMergeCommit":false,"messageTitle":"Level 6 : Delete Fin","messageBody":"","fileTypesAndContributionMap":{"java":{"insertions":36,"deletions":3}}}]},{"date":"2023-09-22","commitResults":[{"hash":"7a4e2770e3463af5e829265b52c487a48f80bad2","isMergeCommit":false,"messageTitle":"Level 7 : Save Fin","messageBody":"","tags":["v0.1"],"fileTypesAndContributionMap":{"java":{"insertions":74,"deletions":4}}},{"hash":"9a4c2023fd3810754162dc70114492701a7f3c20","isMergeCommit":false,"messageTitle":"Changed name into nupjuk","messageBody":"","tags":["v0.1.1"],"fileTypesAndContributionMap":{"java":{"insertions":2,"deletions":2}}}]}]},"authorFileTypeContributionMap":{"junhyeong0411":{"java":416,"md":0,"fxml":0,"sh":0,"bat":0,"gradle":0,"txt":6}},"authorContributionVariance":{"junhyeong0411":2802.2432},"authorDisplayNameMap":{"junhyeong0411":"CS2113-F11-3 BANG..EONG"}}
