{"authorDailyContributionsMap":{"ChoonSiang":[{"date":"2023-08-22","commitResults":[{"hash":"8fa65450bc6d3d8d860092fbbcba873ec7feccc0","isMergeCommit":false,"messageTitle":"Rename bot and greet user.","messageBody":"Signed-off-by: choonsiang \u003cchoonsiang_ccs@hotmail.com\u003e\n","tags":["Level-0"],"fileTypesAndContributionMap":{"java":{"insertions":11,"deletions":6}}}]},{"date":"2023-08-27","commitResults":[{"hash":"4b7e598968f722d3e8fd4c8cd1765321cad8c386","isMergeCommit":false,"messageTitle":"Echo user command and exit when user input bye.","messageBody":"Signed-off-by: choonsiang \u003cchoonsiang_ccs@hotmail.com\u003e\n","tags":["Level-1"],"fileTypesAndContributionMap":{"java":{"insertions":45,"deletions":8}}},{"hash":"68d2eeb848189579221cc3f6f2807ffe2aea7d89","isMergeCommit":false,"messageTitle":"Add Task and TaskManager class. Add new task and list tasks","messageBody":"Signed-off-by: choonsiang \u003cchoonsiang_ccs@hotmail.com\u003e\n","tags":["Level-2"],"fileTypesAndContributionMap":{"java":{"insertions":45,"deletions":1}}},{"hash":"45d5637e6e1aa75e197236ca8040e5b434590aa3","isMergeCommit":false,"messageTitle":"Add mark and unmark task as done","messageBody":"Signed-off-by: choonsiang \u003cchoonsiang_ccs@hotmail.com\u003e\n","tags":["Level-3"],"fileTypesAndContributionMap":{"java":{"insertions":44,"deletions":6}}}]},{"date":"2023-08-29","commitResults":[{"hash":"ec72a2b1e23d4ebf3ecfe36cffe498c6fdaeb2d4","isMergeCommit":false,"messageTitle":"Add line wrapping to keep line length short","messageBody":"Signed-off-by: choonsiang \u003cchoonsiang_ccs@hotmail.com\u003e\n","tags":["A-CodingStandard"],"fileTypesAndContributionMap":{"java":{"insertions":14,"deletions":6}}}]},{"date":"2023-09-02","commitResults":[{"hash":"41afbd14fb4f32724b0f565165c601108aa11827","isMergeCommit":false,"messageTitle":"Add ToDo, Event and Deadline","messageBody":"Signed-off-by: choonsiang \u003cchoonsiang_ccs@hotmail.com\u003e\n","tags":["Level-4"],"fileTypesAndContributionMap":{"java":{"insertions":108,"deletions":10}}},{"hash":"4c8c9b582d590983f07834f954dee135f7457977","isMergeCommit":false,"messageTitle":"Add Text UI Testing (Modify input.txt and EXPECTED.TXT)","messageBody":"Signed-off-by: choonsiang \u003cchoonsiang_ccs@hotmail.com\u003e\n","tags":["A-TextUiTesting","A-CodeQuality"],"fileTypesAndContributionMap":{"txt":{"insertions":12,"deletions":0}}}]},{"date":"2023-09-08","commitResults":[{"hash":"c7afe084ee3b3224885f24d46812c124b7b2ce92","isMergeCommit":false,"messageTitle":"Add a space after function declaration to comply with coding standard","messageBody":"Signed-off-by: choonsiang \u003cchoonsiang_ccs@hotmail.com\u003e\n","fileTypesAndContributionMap":{"java":{"insertions":47,"deletions":47}}}]},{"date":"2023-09-12","commitResults":[{"hash":"90026b6ab00858e174d139d125498aa8aec54c2d","isMergeCommit":false,"messageTitle":"Add DukeException class to handle Duke specified exception","messageBody":"Signed-off-by: choonsiang \u003cchoonsiang_ccs@hotmail.com\u003e\n","fileTypesAndContributionMap":{"java":{"insertions":7,"deletions":0}}},{"hash":"1e5f7fa3416320b5d4d0a03844eccf6a997f28d3","isMergeCommit":false,"messageTitle":"Add exceptions to handle error when adding task","messageBody":"Signed-off-by: choonsiang \u003cchoonsiang_ccs@hotmail.com\u003e\n","fileTypesAndContributionMap":{"java":{"insertions":39,"deletions":11}}},{"hash":"da87421eea1d453276ddc6389d5be1f8399a6f82","isMergeCommit":false,"messageTitle":"Format code to comply with coding standard","messageBody":"Signed-off-by: choonsiang \u003cchoonsiang_ccs@hotmail.com\u003e\n","fileTypesAndContributionMap":{"java":{"insertions":1,"deletions":1}}},{"hash":"90a61e7e0bbc6d4175227d577f5c96c5d6c40ee3","isMergeCommit":true,"messageTitle":"Merge branch \u0027branch-Level-5\u0027","messageBody":"","tags":["Level-5","A-Exceptions"],"fileTypesAndContributionMap":{}},{"hash":"1150f3ca3e38cf185dc8b652916855aa7eedd977","isMergeCommit":false,"messageTitle":"Organise classes into packages","messageBody":"Signed-off-by: choonsiang \u003cchoonsiang_ccs@hotmail.com\u003e\n","fileTypesAndContributionMap":{"java":{"insertions":20,"deletions":0}}},{"hash":"a0d39ecbeb95745cad66b8122df05ef0f1eee7b6","isMergeCommit":false,"messageTitle":"Refactor into more classes","messageBody":"Signed-off-by: choonsiang \u003cchoonsiang_ccs@hotmail.com\u003e\n","fileTypesAndContributionMap":{"java":{"insertions":178,"deletions":107}}},{"hash":"38e9b4f9ec9ac8dd7049163d2c82221569bfeb32","isMergeCommit":false,"messageTitle":"Update runtest.bat to reflect package structure and remove unused imports","messageBody":"Signed-off-by: choonsiang \u003cchoonsiang_ccs@hotmail.com\u003e\n","fileTypesAndContributionMap":{"java":{"insertions":0,"deletions":5},"bat":{"insertions":2,"deletions":2}}},{"hash":"6e9bc8f7c81de168bcb2b2a1b35ce89ca59661d9","isMergeCommit":false,"messageTitle":"Fix event task showing wrong start and end time","messageBody":"Signed-off-by: choonsiang \u003cchoonsiang_ccs@hotmail.com\u003e\n","fileTypesAndContributionMap":{"java":{"insertions":2,"deletions":2}}},{"hash":"01da3e00acff3bd2f9d40abbc392400c4b19d39a","isMergeCommit":true,"messageTitle":"Merge branch \u0027branch-A-Packages\u0027","messageBody":"","tags":["A-Packages"],"fileTypesAndContributionMap":{}}]},{"date":"2023-09-17","commitResults":[{"hash":"e1827f826032281afc60d92523db96c607b39890","isMergeCommit":false,"messageTitle":"Refactor to use ArrayList instead of Array to store tasks","messageBody":"Signed-off-by: choonsiang \u003cchoonsiang_ccs@hotmail.com\u003e\n","fileTypesAndContributionMap":{"java":{"insertions":18,"deletions":13}}},{"hash":"72903d9451782e5cc85a5c729e02768ed2e72228","isMergeCommit":false,"messageTitle":"Add delete command to remove task","messageBody":"Signed-off-by: choonsiang \u003cchoonsiang_ccs@hotmail.com\u003e\n","fileTypesAndContributionMap":{"java":{"insertions":30,"deletions":3}}},{"hash":"218b385bde4504034b6346df8eefcd6eaec60dff","isMergeCommit":false,"messageTitle":"Organize all duke exception messages into a class","messageBody":"Signed-off-by: choonsiang \u003cchoonsiang_ccs@hotmail.com\u003e\n","fileTypesAndContributionMap":{"java":{"insertions":61,"deletions":16}}},{"hash":"5b190cd17cf180ba267b8d1ee07c45d39d84f3b0","isMergeCommit":false,"messageTitle":"Add loading tasks from file and saving tasks to file","messageBody":"Signed-off-by: choonsiang \u003cchoonsiang_ccs@hotmail.com\u003e\n","fileTypesAndContributionMap":{"java":{"insertions":180,"deletions":8}}},{"hash":"55676038709f7189fba1c2bbe8f845400575ca29","isMergeCommit":true,"messageTitle":"Merge branch \u0027branch-Level-6\u0027","messageBody":"","tags":["Level-6","A-Collections"],"fileTypesAndContributionMap":{}},{"hash":"7e4634ed53481258c9e9a92dfccdc58a59d12b01","isMergeCommit":true,"messageTitle":"Reolve merge conflict","messageBody":"Signed-off-by: choonsiang \u003cchoonsiang_ccs@hotmail.com\u003e\n","tags":["Level-7"],"fileTypesAndContributionMap":{}},{"hash":"084f617e11246fa42a3b967f7a42fb89358a7d1d","isMergeCommit":false,"messageTitle":"Change location of saved tasks file","messageBody":"Signed-off-by: choonsiang \u003cchoonsiang_ccs@hotmail.com\u003e\n","tags":["A-Jar"],"fileTypesAndContributionMap":{"java":{"insertions":2,"deletions":2}}}]},{"date":"2023-09-27","commitResults":[{"hash":"22adf4fb7020ab58f1ad4b83ad93b4968c955631","isMergeCommit":false,"messageTitle":"Refactor to Ui, Storage, Parser, Tasklist classes","messageBody":"Signed-off-by: choonsiang \u003cchoonsiang_ccs@hotmail.com\u003e\n","fileTypesAndContributionMap":{"java":{"insertions":51,"deletions":56}}},{"hash":"a88f57b095d123ade7ab13c805ea38da836c9f37","isMergeCommit":false,"messageTitle":"Refactor to create class for each command","messageBody":"Signed-off-by: choonsiang \u003cchoonsiang_ccs@hotmail.com\u003e\n","fileTypesAndContributionMap":{"java":{"insertions":307,"deletions":182}}},{"hash":"b33838f63bb59d5026673bd72a980247568dcae4","isMergeCommit":false,"messageTitle":"Remove unused imports","messageBody":"Signed-off-by: choonsiang \u003cchoonsiang_ccs@hotmail.com\u003e\n","fileTypesAndContributionMap":{"java":{"insertions":0,"deletions":3}}},{"hash":"19327c0e8f6e724c10933d483196bd1b47b85f2d","isMergeCommit":true,"messageTitle":"Merge branch \u0027MoreOOP\u0027","messageBody":"","tags":["A-MoreOOP"],"fileTypesAndContributionMap":{}}]}]},"authorFileTypeContributionMap":{"ChoonSiang":{"java":724,"md":0,"fxml":0,"sh":0,"bat":2,"gradle":0,"txt":12}},"authorContributionVariance":{"ChoonSiang":14350.554},"authorDisplayNameMap":{"ChoonSiang":"CS2113-W12-3 CHAN..IANG"}}
