{"authorDailyContributionsMap":{"azfarulmatin":[{"date":"2023-09-05","commitResults":[{"hash":"326786bde9b2148fb8b03edfab2bc5782e976519","isMergeCommit":false,"messageTitle":"Add chatbot message","messageBody":"","tags":["level-0"],"fileTypesAndContributionMap":{"java":{"insertions":2,"deletions":6}}}]}]},"authorFileTypeContributionMap":{"azfarulmatin":{"java":2,"md":0,"fxml":0,"sh":0,"bat":0,"gradle":0,"txt":0}},"authorContributionVariance":{"azfarulmatin":3.1911361},"authorDisplayNameMap":{"azfarulmatin":"AZFA..ANDI"}}
