[{"path":"README.md","fileType":"md","lines":[{"lineNumber":1,"author":{"gitId":"woodenclock"},"content":"# Elvis project template","lastModifiedDate":"2023-09-01"},{"lineNumber":2,"author":{"gitId":"-"},"content":"","lastModifiedDate":"2020-05-25"},{"lineNumber":3,"author":{"gitId":"-"},"content":"This is a project template for a greenfield Java project. It\u0027s named after the Java mascot _Duke_. Given below are instructions on how to use it.","lastModifiedDate":"2020-05-25"},{"lineNumber":4,"author":{"gitId":"-"},"content":"","lastModifiedDate":"2020-05-25"},{"lineNumber":5,"author":{"gitId":"-"},"content":"## Setting up in Intellij","lastModifiedDate":"2020-05-25"},{"lineNumber":6,"author":{"gitId":"-"},"content":"","lastModifiedDate":"2020-05-25"},{"lineNumber":7,"author":{"gitId":"-"},"content":"Prerequisites: JDK 11, update Intellij to the most recent version.","lastModifiedDate":"2020-05-25"},{"lineNumber":8,"author":{"gitId":"-"},"content":"","lastModifiedDate":"2020-05-25"},{"lineNumber":9,"author":{"gitId":"-"},"content":"1. Open Intellij (if you are not in the welcome screen, click `File` \u003e `Close Project` to close the existing project first)","lastModifiedDate":"2021-01-17"},{"lineNumber":10,"author":{"gitId":"-"},"content":"1. Open the project into Intellij as follows:","lastModifiedDate":"2021-01-17"},{"lineNumber":11,"author":{"gitId":"-"},"content":"   1. Click `Open`.","lastModifiedDate":"2021-01-17"},{"lineNumber":12,"author":{"gitId":"-"},"content":"   1. Select the project directory, and click `OK`.","lastModifiedDate":"2021-01-17"},{"lineNumber":13,"author":{"gitId":"-"},"content":"   1. If there are any further prompts, accept the defaults.","lastModifiedDate":"2020-05-25"},{"lineNumber":14,"author":{"gitId":"-"},"content":"1. Configure the project to use **JDK 11** (not other versions) as explained in [here](https://www.jetbrains.com/help/idea/sdk.html#set-up-jdk).\u003cbr\u003e","lastModifiedDate":"2021-07-29"},{"lineNumber":15,"author":{"gitId":"-"},"content":"   In the same dialog, set the **Project language level** field to the `SDK default` option.","lastModifiedDate":"2021-07-29"},{"lineNumber":16,"author":{"gitId":"woodenclock"},"content":"3. After that, locate the `src/main/java/Elvis.java` file, right-click it, and choose `Run Elvis.main()` (if the code editor is showing compile errors, try restarting the IDE). If the setup is correct, you should see something like the below as the output:","lastModifiedDate":"2023-09-01"},{"lineNumber":17,"author":{"gitId":"-"},"content":"   ```","lastModifiedDate":"2020-05-25"},{"lineNumber":18,"author":{"gitId":"-"},"content":"   Hello from","lastModifiedDate":"2020-05-25"},{"lineNumber":19,"author":{"gitId":"-"},"content":"    ____        _        ","lastModifiedDate":"2020-05-25"},{"lineNumber":20,"author":{"gitId":"-"},"content":"   |  _ \\ _   _| | _____ ","lastModifiedDate":"2020-05-25"},{"lineNumber":21,"author":{"gitId":"-"},"content":"   | | | | | | | |/ / _ \\","lastModifiedDate":"2020-05-25"},{"lineNumber":22,"author":{"gitId":"-"},"content":"   | |_| | |_| |   \u003c  __/","lastModifiedDate":"2020-05-25"},{"lineNumber":23,"author":{"gitId":"-"},"content":"   |____/ \\__,_|_|\\_\\___|","lastModifiedDate":"2020-05-25"},{"lineNumber":24,"author":{"gitId":"-"},"content":"   ```","lastModifiedDate":"2020-05-25"}],"authorContributionMap":{"woodenclock":2,"-":22}},{"path":"src/Deadlines.java","fileType":"java","lines":[{"lineNumber":1,"author":{"gitId":"woodenclock"},"content":"public class Deadlines extends Task {","lastModifiedDate":"2023-09-03"},{"lineNumber":2,"author":{"gitId":"woodenclock"},"content":"    private char taskType \u003d \u0027D\u0027;","lastModifiedDate":"2023-09-03"},{"lineNumber":3,"author":{"gitId":"woodenclock"},"content":"    private String date;","lastModifiedDate":"2023-09-03"},{"lineNumber":4,"author":{"gitId":"woodenclock"},"content":"    public Deadlines(String description, String date) {","lastModifiedDate":"2023-09-03"},{"lineNumber":5,"author":{"gitId":"woodenclock"},"content":"        super(description);","lastModifiedDate":"2023-09-03"},{"lineNumber":6,"author":{"gitId":"woodenclock"},"content":"        this.date \u003d date;","lastModifiedDate":"2023-09-03"},{"lineNumber":7,"author":{"gitId":"woodenclock"},"content":"    }","lastModifiedDate":"2023-09-03"},{"lineNumber":8,"author":{"gitId":"woodenclock"},"content":"","lastModifiedDate":"2023-09-03"},{"lineNumber":9,"author":{"gitId":"woodenclock"},"content":"    @Override","lastModifiedDate":"2023-09-03"},{"lineNumber":10,"author":{"gitId":"woodenclock"},"content":"    public char getTaskType() {","lastModifiedDate":"2023-09-03"},{"lineNumber":11,"author":{"gitId":"woodenclock"},"content":"        return taskType;","lastModifiedDate":"2023-09-03"},{"lineNumber":12,"author":{"gitId":"woodenclock"},"content":"    }","lastModifiedDate":"2023-09-03"},{"lineNumber":13,"author":{"gitId":"woodenclock"},"content":"","lastModifiedDate":"2023-09-03"},{"lineNumber":14,"author":{"gitId":"woodenclock"},"content":"    @Override","lastModifiedDate":"2023-09-03"},{"lineNumber":15,"author":{"gitId":"woodenclock"},"content":"    public String getDate() {","lastModifiedDate":"2023-09-03"},{"lineNumber":16,"author":{"gitId":"woodenclock"},"content":"        return date;","lastModifiedDate":"2023-09-03"},{"lineNumber":17,"author":{"gitId":"woodenclock"},"content":"    }","lastModifiedDate":"2023-09-03"},{"lineNumber":18,"author":{"gitId":"woodenclock"},"content":"}","lastModifiedDate":"2023-09-03"}],"authorContributionMap":{"woodenclock":18}},{"path":"src/Echo.java","fileType":"java","lines":[{"lineNumber":1,"author":{"gitId":"woodenclock"},"content":"import java.util.Scanner;","lastModifiedDate":"2023-08-28"},{"lineNumber":2,"author":{"gitId":"woodenclock"},"content":"","lastModifiedDate":"2023-08-28"},{"lineNumber":3,"author":{"gitId":"woodenclock"},"content":"public class Echo {","lastModifiedDate":"2023-08-28"},{"lineNumber":4,"author":{"gitId":"woodenclock"},"content":"","lastModifiedDate":"2023-08-28"},{"lineNumber":5,"author":{"gitId":"woodenclock"},"content":"    public static void shoutEcho() {","lastModifiedDate":"2023-08-30"},{"lineNumber":6,"author":{"gitId":"woodenclock"},"content":"        String line;","lastModifiedDate":"2023-08-28"},{"lineNumber":7,"author":{"gitId":"woodenclock"},"content":"        Scanner in \u003d new Scanner(System.in);","lastModifiedDate":"2023-08-28"},{"lineNumber":8,"author":{"gitId":"woodenclock"},"content":"","lastModifiedDate":"2023-08-28"},{"lineNumber":9,"author":{"gitId":"woodenclock"},"content":"        Elvis.bootUp();","lastModifiedDate":"2023-09-01"},{"lineNumber":10,"author":{"gitId":"woodenclock"},"content":"        while (true) {","lastModifiedDate":"2023-08-28"},{"lineNumber":11,"author":{"gitId":"woodenclock"},"content":"            String inputBuffer \u003d in.nextLine().trim();","lastModifiedDate":"2023-08-30"},{"lineNumber":12,"author":{"gitId":"woodenclock"},"content":"            Scanner bufferScanner \u003d new Scanner(inputBuffer);","lastModifiedDate":"2023-08-30"},{"lineNumber":13,"author":{"gitId":"woodenclock"},"content":"            if (!bufferScanner.hasNext()) {","lastModifiedDate":"2023-08-30"},{"lineNumber":14,"author":{"gitId":"woodenclock"},"content":"                System.out.println(\"Please input a valid input\");","lastModifiedDate":"2023-08-30"},{"lineNumber":15,"author":{"gitId":"woodenclock"},"content":"                continue;","lastModifiedDate":"2023-08-30"},{"lineNumber":16,"author":{"gitId":"woodenclock"},"content":"            } else {","lastModifiedDate":"2023-08-30"},{"lineNumber":17,"author":{"gitId":"woodenclock"},"content":"                line \u003d inputBuffer;","lastModifiedDate":"2023-08-30"},{"lineNumber":18,"author":{"gitId":"woodenclock"},"content":"            }","lastModifiedDate":"2023-08-30"},{"lineNumber":19,"author":{"gitId":"woodenclock"},"content":"","lastModifiedDate":"2023-08-30"},{"lineNumber":20,"author":{"gitId":"woodenclock"},"content":"            if (line.contains(\"bye\")) {","lastModifiedDate":"2023-08-28"},{"lineNumber":21,"author":{"gitId":"woodenclock"},"content":"                break;","lastModifiedDate":"2023-08-28"},{"lineNumber":22,"author":{"gitId":"woodenclock"},"content":"            }","lastModifiedDate":"2023-08-28"},{"lineNumber":23,"author":{"gitId":"woodenclock"},"content":"            Elvis.printHorizontalLines();","lastModifiedDate":"2023-09-01"},{"lineNumber":24,"author":{"gitId":"woodenclock"},"content":"            System.out.println(line);","lastModifiedDate":"2023-08-28"},{"lineNumber":25,"author":{"gitId":"woodenclock"},"content":"            Elvis.printHorizontalLines();","lastModifiedDate":"2023-09-01"},{"lineNumber":26,"author":{"gitId":"woodenclock"},"content":"        }","lastModifiedDate":"2023-08-28"},{"lineNumber":27,"author":{"gitId":"woodenclock"},"content":"        Elvis.shutDown();","lastModifiedDate":"2023-09-01"},{"lineNumber":28,"author":{"gitId":"woodenclock"},"content":"    }","lastModifiedDate":"2023-08-28"},{"lineNumber":29,"author":{"gitId":"woodenclock"},"content":"}","lastModifiedDate":"2023-08-28"}],"authorContributionMap":{"woodenclock":29}},{"path":"src/Elvis.java","fileType":"java","lines":[{"lineNumber":1,"author":{"gitId":"woodenclock"},"content":"public class Elvis {","lastModifiedDate":"2023-09-01"},{"lineNumber":2,"author":{"gitId":"woodenclock"},"content":"    //Logo for ELVIS the Chatbot","lastModifiedDate":"2023-09-03"},{"lineNumber":3,"author":{"gitId":"woodenclock"},"content":"    public static String logo \u003d","lastModifiedDate":"2023-09-03"},{"lineNumber":4,"author":{"gitId":"woodenclock"},"content":"            \"\\n\" +","lastModifiedDate":"2023-08-28"},{"lineNumber":5,"author":{"gitId":"woodenclock"},"content":"            \"          _____                      _____            _____                      _____                      _____          \\n\" +","lastModifiedDate":"2023-08-28"},{"lineNumber":6,"author":{"gitId":"woodenclock"},"content":"            \"         /\\\\    \\\\                    /\\\\    \\\\          /\\\\    \\\\                    /\\\\    \\\\                    /\\\\    \\\\         \\n\" +","lastModifiedDate":"2023-08-28"},{"lineNumber":7,"author":{"gitId":"woodenclock"},"content":"            \"        /::\\\\    \\\\                  /::\\\\____\\\\        /::\\\\____\\\\                  /::\\\\    \\\\                  /::\\\\    \\\\        \\n\" +","lastModifiedDate":"2023-08-28"},{"lineNumber":8,"author":{"gitId":"woodenclock"},"content":"            \"       /::::\\\\    \\\\                /:::/    /       /:::/    /                  \\\\:::\\\\    \\\\                /::::\\\\    \\\\       \\n\" +","lastModifiedDate":"2023-08-28"},{"lineNumber":9,"author":{"gitId":"woodenclock"},"content":"            \"      /::::::\\\\    \\\\              /:::/    /       /:::/    /                    \\\\:::\\\\    \\\\              /::::::\\\\    \\\\      \\n\" +","lastModifiedDate":"2023-08-28"},{"lineNumber":10,"author":{"gitId":"woodenclock"},"content":"            \"     /:::/\\\\:::\\\\    \\\\            /:::/    /       /:::/    /                      \\\\:::\\\\    \\\\            /:::/\\\\:::\\\\    \\\\     \\n\" +","lastModifiedDate":"2023-08-28"},{"lineNumber":11,"author":{"gitId":"woodenclock"},"content":"            \"    /:::/__\\\\:::\\\\    \\\\          /:::/    /       /:::/____/                        \\\\:::\\\\    \\\\          /:::/__\\\\:::\\\\    \\\\    \\n\" +","lastModifiedDate":"2023-08-28"},{"lineNumber":12,"author":{"gitId":"woodenclock"},"content":"            \"   /::::\\\\   \\\\:::\\\\    \\\\        /:::/    /        |::|    |                         /::::\\\\    \\\\         \\\\:::\\\\   \\\\:::\\\\    \\\\   \\n\" +","lastModifiedDate":"2023-08-28"},{"lineNumber":13,"author":{"gitId":"woodenclock"},"content":"            \"  /::::::\\\\   \\\\:::\\\\    \\\\      /:::/    /         |::|    |     _____      ____    /::::::\\\\    \\\\      ___\\\\:::\\\\   \\\\:::\\\\    \\\\  \\n\" +","lastModifiedDate":"2023-08-28"},{"lineNumber":14,"author":{"gitId":"woodenclock"},"content":"            \" /:::/\\\\:::\\\\   \\\\:::\\\\    \\\\    /:::/    /          |::|    |    /\\\\    \\\\    /\\\\   \\\\  /:::/\\\\:::\\\\    \\\\    /\\\\   \\\\:::\\\\   \\\\:::\\\\    \\\\ \\n\" +","lastModifiedDate":"2023-08-28"},{"lineNumber":15,"author":{"gitId":"woodenclock"},"content":"            \"/:::/__\\\\:::\\\\   \\\\:::\\\\____\\\\  /:::/____/           |::|    |   /::\\\\____\\\\  /::\\\\   \\\\/:::/  \\\\:::\\\\____\\\\  /::\\\\   \\\\:::\\\\   \\\\:::\\\\____\\\\\\n\" +","lastModifiedDate":"2023-08-28"},{"lineNumber":16,"author":{"gitId":"woodenclock"},"content":"            \"\\\\:::\\\\   \\\\:::\\\\   \\\\::/    /  \\\\:::\\\\    \\\\           |::|    |  /:::/    /  \\\\:::\\\\  /:::/    \\\\::/    /  \\\\:::\\\\   \\\\:::\\\\   \\\\::/    /\\n\" +","lastModifiedDate":"2023-08-28"},{"lineNumber":17,"author":{"gitId":"woodenclock"},"content":"            \" \\\\:::\\\\   \\\\:::\\\\   \\\\/____/    \\\\:::\\\\    \\\\          |::|    | /:::/    /    \\\\:::\\\\/:::/    / \\\\/____/    \\\\:::\\\\   \\\\:::\\\\   \\\\/____/ \\n\" +","lastModifiedDate":"2023-08-28"},{"lineNumber":18,"author":{"gitId":"woodenclock"},"content":"            \"  \\\\:::\\\\   \\\\:::\\\\    \\\\         \\\\:::\\\\    \\\\         |::|____|/:::/    /      \\\\::::::/    /              \\\\:::\\\\   \\\\:::\\\\    \\\\     \\n\" +","lastModifiedDate":"2023-08-28"},{"lineNumber":19,"author":{"gitId":"woodenclock"},"content":"            \"   \\\\:::\\\\   \\\\:::\\\\____\\\\         \\\\:::\\\\    \\\\        |:::::::::::/    /        \\\\::::/____/                \\\\:::\\\\   \\\\:::\\\\____\\\\    \\n\" +","lastModifiedDate":"2023-08-28"},{"lineNumber":20,"author":{"gitId":"woodenclock"},"content":"            \"    \\\\:::\\\\   \\\\::/    /          \\\\:::\\\\    \\\\       \\\\::::::::::/____/          \\\\:::\\\\    \\\\                 \\\\:::\\\\  /:::/    /    \\n\" +","lastModifiedDate":"2023-08-28"},{"lineNumber":21,"author":{"gitId":"woodenclock"},"content":"            \"     \\\\:::\\\\   \\\\/____/            \\\\:::\\\\    \\\\       ~~~~~~~~~~                 \\\\:::\\\\    \\\\                 \\\\:::\\\\/:::/    /     \\n\" +","lastModifiedDate":"2023-08-28"},{"lineNumber":22,"author":{"gitId":"woodenclock"},"content":"            \"      \\\\:::\\\\    \\\\                 \\\\:::\\\\    \\\\                                  \\\\:::\\\\    \\\\                 \\\\::::::/    /      \\n\" +","lastModifiedDate":"2023-08-28"},{"lineNumber":23,"author":{"gitId":"woodenclock"},"content":"            \"       \\\\:::\\\\____\\\\                 \\\\:::\\\\____\\\\                                  \\\\:::\\\\____\\\\                 \\\\::::/    /       \\n\" +","lastModifiedDate":"2023-08-28"},{"lineNumber":24,"author":{"gitId":"woodenclock"},"content":"            \"        \\\\::/    /                  \\\\::/    /                                   \\\\::/    /                  \\\\::/    /        \\n\" +","lastModifiedDate":"2023-08-28"},{"lineNumber":25,"author":{"gitId":"woodenclock"},"content":"            \"         \\\\/____/                    \\\\/____/                                     \\\\/____/                    \\\\/____/         \\n\" +","lastModifiedDate":"2023-08-28"},{"lineNumber":26,"author":{"gitId":"woodenclock"},"content":"            \"                                                                                                                                \\n\";","lastModifiedDate":"2023-08-28"},{"lineNumber":27,"author":{"gitId":"woodenclock"},"content":"","lastModifiedDate":"2023-08-28"},{"lineNumber":28,"author":{"gitId":"woodenclock"},"content":"    public static void printHorizontalLines() {","lastModifiedDate":"2023-09-03"},{"lineNumber":29,"author":{"gitId":"woodenclock"},"content":"        for (int i \u003d 0; i \u003c 60; i++) {","lastModifiedDate":"2023-09-03"},{"lineNumber":30,"author":{"gitId":"woodenclock"},"content":"            System.out.print(\"_\");","lastModifiedDate":"2023-09-03"},{"lineNumber":31,"author":{"gitId":"woodenclock"},"content":"        }","lastModifiedDate":"2023-09-03"},{"lineNumber":32,"author":{"gitId":"woodenclock"},"content":"        System.out.print(System.lineSeparator());","lastModifiedDate":"2023-09-03"},{"lineNumber":33,"author":{"gitId":"woodenclock"},"content":"    }","lastModifiedDate":"2023-09-03"},{"lineNumber":34,"author":{"gitId":"woodenclock"},"content":"","lastModifiedDate":"2023-09-03"},{"lineNumber":35,"author":{"gitId":"woodenclock"},"content":"    public static void bootUp() {","lastModifiedDate":"2023-09-03"},{"lineNumber":36,"author":{"gitId":"woodenclock"},"content":"        //ChatBot BootUp","lastModifiedDate":"2023-08-30"},{"lineNumber":37,"author":{"gitId":"woodenclock"},"content":"        System.out.println(logo);","lastModifiedDate":"2023-08-28"},{"lineNumber":38,"author":{"gitId":"woodenclock"},"content":"        printHorizontalLines();","lastModifiedDate":"2023-08-28"},{"lineNumber":39,"author":{"gitId":"woodenclock"},"content":"        System.out.println(\"Hello! I\u0027m ELVIS\");","lastModifiedDate":"2023-08-28"},{"lineNumber":40,"author":{"gitId":"woodenclock"},"content":"        System.out.println(\"What can I do for you?\");","lastModifiedDate":"2023-08-28"},{"lineNumber":41,"author":{"gitId":"woodenclock"},"content":"        printHorizontalLines();","lastModifiedDate":"2023-08-28"},{"lineNumber":42,"author":{"gitId":"woodenclock"},"content":"    }","lastModifiedDate":"2023-08-30"},{"lineNumber":43,"author":{"gitId":"woodenclock"},"content":"","lastModifiedDate":"2023-08-28"},{"lineNumber":44,"author":{"gitId":"woodenclock"},"content":"    public static void shutDown() {","lastModifiedDate":"2023-08-30"},{"lineNumber":45,"author":{"gitId":"woodenclock"},"content":"        //ChatBot Ending","lastModifiedDate":"2023-08-28"},{"lineNumber":46,"author":{"gitId":"woodenclock"},"content":"        printHorizontalLines();","lastModifiedDate":"2023-08-28"},{"lineNumber":47,"author":{"gitId":"woodenclock"},"content":"        System.out.println(\"Bye. Hope to see you again soon!\");","lastModifiedDate":"2023-08-23"},{"lineNumber":48,"author":{"gitId":"woodenclock"},"content":"        printHorizontalLines();","lastModifiedDate":"2023-08-28"},{"lineNumber":49,"author":{"gitId":"-"},"content":"    }","lastModifiedDate":"2019-07-29"},{"lineNumber":50,"author":{"gitId":"woodenclock"},"content":"","lastModifiedDate":"2023-08-30"},{"lineNumber":51,"author":{"gitId":"woodenclock"},"content":"    public static void main(String[] args) {","lastModifiedDate":"2023-08-30"},{"lineNumber":52,"author":{"gitId":"woodenclock"},"content":"","lastModifiedDate":"2023-08-30"},{"lineNumber":53,"author":{"gitId":"woodenclock"},"content":"        //Functionalities of ChatBot","lastModifiedDate":"2023-08-30"},{"lineNumber":54,"author":{"gitId":"woodenclock"},"content":"        //Echo.shoutEcho();","lastModifiedDate":"2023-09-03"},{"lineNumber":55,"author":{"gitId":"woodenclock"},"content":"        //List.makeList();","lastModifiedDate":"2023-09-03"},{"lineNumber":56,"author":{"gitId":"woodenclock"},"content":"        Task.manageTask();","lastModifiedDate":"2023-08-30"},{"lineNumber":57,"author":{"gitId":"woodenclock"},"content":"    }","lastModifiedDate":"2023-08-30"},{"lineNumber":58,"author":{"gitId":"-"},"content":"}","lastModifiedDate":"2019-07-29"}],"authorContributionMap":{"woodenclock":56,"-":2}},{"path":"src/Events.java","fileType":"java","lines":[{"lineNumber":1,"author":{"gitId":"woodenclock"},"content":"public class Events extends Task {","lastModifiedDate":"2023-09-03"},{"lineNumber":2,"author":{"gitId":"woodenclock"},"content":"    private char taskType \u003d \u0027E\u0027;","lastModifiedDate":"2023-09-03"},{"lineNumber":3,"author":{"gitId":"woodenclock"},"content":"    private String startTime;","lastModifiedDate":"2023-09-03"},{"lineNumber":4,"author":{"gitId":"woodenclock"},"content":"    private String endTime;","lastModifiedDate":"2023-09-03"},{"lineNumber":5,"author":{"gitId":"woodenclock"},"content":"    public Events(String description, String startTime, String endTime) {","lastModifiedDate":"2023-09-03"},{"lineNumber":6,"author":{"gitId":"woodenclock"},"content":"        super(description);","lastModifiedDate":"2023-09-03"},{"lineNumber":7,"author":{"gitId":"woodenclock"},"content":"        this.startTime \u003d startTime;","lastModifiedDate":"2023-09-03"},{"lineNumber":8,"author":{"gitId":"woodenclock"},"content":"        this.endTime \u003d endTime;","lastModifiedDate":"2023-09-03"},{"lineNumber":9,"author":{"gitId":"woodenclock"},"content":"    }","lastModifiedDate":"2023-09-03"},{"lineNumber":10,"author":{"gitId":"woodenclock"},"content":"","lastModifiedDate":"2023-09-03"},{"lineNumber":11,"author":{"gitId":"woodenclock"},"content":"    @Override","lastModifiedDate":"2023-09-03"},{"lineNumber":12,"author":{"gitId":"woodenclock"},"content":"    public char getTaskType() {","lastModifiedDate":"2023-09-03"},{"lineNumber":13,"author":{"gitId":"woodenclock"},"content":"        return taskType;","lastModifiedDate":"2023-09-03"},{"lineNumber":14,"author":{"gitId":"woodenclock"},"content":"    }","lastModifiedDate":"2023-09-03"},{"lineNumber":15,"author":{"gitId":"woodenclock"},"content":"","lastModifiedDate":"2023-09-03"},{"lineNumber":16,"author":{"gitId":"woodenclock"},"content":"    @Override","lastModifiedDate":"2023-09-03"},{"lineNumber":17,"author":{"gitId":"woodenclock"},"content":"    public String getStartTime() {","lastModifiedDate":"2023-09-03"},{"lineNumber":18,"author":{"gitId":"woodenclock"},"content":"        return startTime;","lastModifiedDate":"2023-09-03"},{"lineNumber":19,"author":{"gitId":"woodenclock"},"content":"    }","lastModifiedDate":"2023-09-03"},{"lineNumber":20,"author":{"gitId":"woodenclock"},"content":"","lastModifiedDate":"2023-09-03"},{"lineNumber":21,"author":{"gitId":"woodenclock"},"content":"    @Override","lastModifiedDate":"2023-09-03"},{"lineNumber":22,"author":{"gitId":"woodenclock"},"content":"    public String getEndTime() {","lastModifiedDate":"2023-09-03"},{"lineNumber":23,"author":{"gitId":"woodenclock"},"content":"        return endTime;","lastModifiedDate":"2023-09-03"},{"lineNumber":24,"author":{"gitId":"woodenclock"},"content":"    }","lastModifiedDate":"2023-09-03"},{"lineNumber":25,"author":{"gitId":"woodenclock"},"content":"}","lastModifiedDate":"2023-09-03"}],"authorContributionMap":{"woodenclock":25}},{"path":"src/List.java","fileType":"java","lines":[{"lineNumber":1,"author":{"gitId":"woodenclock"},"content":"import java.util.Scanner;","lastModifiedDate":"2023-08-28"},{"lineNumber":2,"author":{"gitId":"woodenclock"},"content":"","lastModifiedDate":"2023-08-28"},{"lineNumber":3,"author":{"gitId":"woodenclock"},"content":"public class List {","lastModifiedDate":"2023-08-28"},{"lineNumber":4,"author":{"gitId":"woodenclock"},"content":"    public static void makeList() {","lastModifiedDate":"2023-08-30"},{"lineNumber":5,"author":{"gitId":"woodenclock"},"content":"        String[] list \u003d new String[100];","lastModifiedDate":"2023-08-28"},{"lineNumber":6,"author":{"gitId":"woodenclock"},"content":"        int listCount \u003d 0;","lastModifiedDate":"2023-08-28"},{"lineNumber":7,"author":{"gitId":"woodenclock"},"content":"        Scanner in \u003d new Scanner(System.in);","lastModifiedDate":"2023-08-28"},{"lineNumber":8,"author":{"gitId":"woodenclock"},"content":"","lastModifiedDate":"2023-08-28"},{"lineNumber":9,"author":{"gitId":"woodenclock"},"content":"        Elvis.bootUp();","lastModifiedDate":"2023-09-01"},{"lineNumber":10,"author":{"gitId":"woodenclock"},"content":"        while (true) {","lastModifiedDate":"2023-08-28"},{"lineNumber":11,"author":{"gitId":"woodenclock"},"content":"            String inputBuffer \u003d in.nextLine().trim();","lastModifiedDate":"2023-08-30"},{"lineNumber":12,"author":{"gitId":"woodenclock"},"content":"            Scanner bufferScanner \u003d new Scanner(inputBuffer);","lastModifiedDate":"2023-08-30"},{"lineNumber":13,"author":{"gitId":"woodenclock"},"content":"            if (!bufferScanner.hasNext()) {","lastModifiedDate":"2023-08-30"},{"lineNumber":14,"author":{"gitId":"woodenclock"},"content":"                System.out.println(\"Please input a valid input\");","lastModifiedDate":"2023-08-30"},{"lineNumber":15,"author":{"gitId":"woodenclock"},"content":"                continue;","lastModifiedDate":"2023-08-30"},{"lineNumber":16,"author":{"gitId":"woodenclock"},"content":"            } else {","lastModifiedDate":"2023-08-30"},{"lineNumber":17,"author":{"gitId":"woodenclock"},"content":"                list[listCount] \u003d inputBuffer;","lastModifiedDate":"2023-08-30"},{"lineNumber":18,"author":{"gitId":"woodenclock"},"content":"            }","lastModifiedDate":"2023-08-30"},{"lineNumber":19,"author":{"gitId":"woodenclock"},"content":"","lastModifiedDate":"2023-08-30"},{"lineNumber":20,"author":{"gitId":"woodenclock"},"content":"            if (list[listCount].contains(\"bye\")) {","lastModifiedDate":"2023-08-28"},{"lineNumber":21,"author":{"gitId":"woodenclock"},"content":"                break;","lastModifiedDate":"2023-08-28"},{"lineNumber":22,"author":{"gitId":"woodenclock"},"content":"            } else if (list[listCount].contains(\"list\")) {","lastModifiedDate":"2023-08-28"},{"lineNumber":23,"author":{"gitId":"woodenclock"},"content":"                Elvis.printHorizontalLines();","lastModifiedDate":"2023-09-01"},{"lineNumber":24,"author":{"gitId":"woodenclock"},"content":"                for (int i \u003d 0; i \u003c listCount; i++) {","lastModifiedDate":"2023-08-28"},{"lineNumber":25,"author":{"gitId":"woodenclock"},"content":"                    System.out.println(i+1 + \". \" + list[i]);","lastModifiedDate":"2023-08-28"},{"lineNumber":26,"author":{"gitId":"woodenclock"},"content":"                }","lastModifiedDate":"2023-08-28"},{"lineNumber":27,"author":{"gitId":"woodenclock"},"content":"                Elvis.printHorizontalLines();","lastModifiedDate":"2023-09-01"},{"lineNumber":28,"author":{"gitId":"woodenclock"},"content":"            } else {","lastModifiedDate":"2023-08-28"},{"lineNumber":29,"author":{"gitId":"woodenclock"},"content":"                Elvis.printHorizontalLines();","lastModifiedDate":"2023-09-01"},{"lineNumber":30,"author":{"gitId":"woodenclock"},"content":"                System.out.println(\"added: \" + list[listCount]);","lastModifiedDate":"2023-08-28"},{"lineNumber":31,"author":{"gitId":"woodenclock"},"content":"                Elvis.printHorizontalLines();","lastModifiedDate":"2023-09-01"},{"lineNumber":32,"author":{"gitId":"woodenclock"},"content":"                listCount++;","lastModifiedDate":"2023-08-28"},{"lineNumber":33,"author":{"gitId":"woodenclock"},"content":"            }","lastModifiedDate":"2023-08-28"},{"lineNumber":34,"author":{"gitId":"woodenclock"},"content":"        }","lastModifiedDate":"2023-08-28"},{"lineNumber":35,"author":{"gitId":"woodenclock"},"content":"        Elvis.shutDown();","lastModifiedDate":"2023-09-01"},{"lineNumber":36,"author":{"gitId":"woodenclock"},"content":"    }","lastModifiedDate":"2023-08-28"},{"lineNumber":37,"author":{"gitId":"woodenclock"},"content":"}","lastModifiedDate":"2023-08-28"}],"authorContributionMap":{"woodenclock":37}},{"path":"src/Task.java","fileType":"java","lines":[{"lineNumber":1,"author":{"gitId":"woodenclock"},"content":"import java.util.Scanner;","lastModifiedDate":"2023-08-28"},{"lineNumber":2,"author":{"gitId":"woodenclock"},"content":"","lastModifiedDate":"2023-08-28"},{"lineNumber":3,"author":{"gitId":"woodenclock"},"content":"//Task Class that stores the descriptions of task and whether it has been done","lastModifiedDate":"2023-09-03"},{"lineNumber":4,"author":{"gitId":"woodenclock"},"content":"public class Task {","lastModifiedDate":"2023-08-28"},{"lineNumber":5,"author":{"gitId":"woodenclock"},"content":"    public static Scanner in \u003d new Scanner(System.in);  //Scanner for Input","lastModifiedDate":"2023-09-03"},{"lineNumber":6,"author":{"gitId":"woodenclock"},"content":"    private static int listCount \u003d 0;                   //Counter for the list filled up","lastModifiedDate":"2023-09-03"},{"lineNumber":7,"author":{"gitId":"woodenclock"},"content":"    private static final Task[] list \u003d new Task[100];   //Keeps track of all Task Instances made","lastModifiedDate":"2023-09-03"},{"lineNumber":8,"author":{"gitId":"woodenclock"},"content":"    protected String description;","lastModifiedDate":"2023-09-03"},{"lineNumber":9,"author":{"gitId":"woodenclock"},"content":"    protected boolean isDone;","lastModifiedDate":"2023-08-28"},{"lineNumber":10,"author":{"gitId":"woodenclock"},"content":"","lastModifiedDate":"2023-08-28"},{"lineNumber":11,"author":{"gitId":"woodenclock"},"content":"    //Constructor of the Task Class","lastModifiedDate":"2023-08-30"},{"lineNumber":12,"author":{"gitId":"woodenclock"},"content":"    public Task(String description) {","lastModifiedDate":"2023-09-03"},{"lineNumber":13,"author":{"gitId":"woodenclock"},"content":"        this.description \u003d description;","lastModifiedDate":"2023-09-03"},{"lineNumber":14,"author":{"gitId":"woodenclock"},"content":"        this.isDone \u003d false;","lastModifiedDate":"2023-08-28"},{"lineNumber":15,"author":{"gitId":"woodenclock"},"content":"    }","lastModifiedDate":"2023-08-28"},{"lineNumber":16,"author":{"gitId":"woodenclock"},"content":"","lastModifiedDate":"2023-08-28"},{"lineNumber":17,"author":{"gitId":"woodenclock"},"content":"    public static void listOut() {","lastModifiedDate":"2023-09-03"},{"lineNumber":18,"author":{"gitId":"woodenclock"},"content":"        if (listCount \u003d\u003d 0) {   //If there\u0027s nothing the list","lastModifiedDate":"2023-09-03"},{"lineNumber":19,"author":{"gitId":"woodenclock"},"content":"            Elvis.printHorizontalLines();","lastModifiedDate":"2023-09-01"},{"lineNumber":20,"author":{"gitId":"woodenclock"},"content":"            System.out.println(\"Nothing to list\");","lastModifiedDate":"2023-08-28"},{"lineNumber":21,"author":{"gitId":"woodenclock"},"content":"            Elvis.printHorizontalLines();","lastModifiedDate":"2023-09-01"},{"lineNumber":22,"author":{"gitId":"woodenclock"},"content":"        } else {                //Print out everything in the list","lastModifiedDate":"2023-09-03"},{"lineNumber":23,"author":{"gitId":"woodenclock"},"content":"            Elvis.printHorizontalLines();","lastModifiedDate":"2023-09-01"},{"lineNumber":24,"author":{"gitId":"woodenclock"},"content":"            System.out.println(\"Here are the tasks in your list: \");","lastModifiedDate":"2023-09-03"},{"lineNumber":25,"author":{"gitId":"woodenclock"},"content":"","lastModifiedDate":"2023-09-03"},{"lineNumber":26,"author":{"gitId":"woodenclock"},"content":"            for (int i \u003d 0; i \u003c listCount; i++) {","lastModifiedDate":"2023-08-28"},{"lineNumber":27,"author":{"gitId":"woodenclock"},"content":"                System.out.print(i + 1 + \".\" + \"[\" + list[i].getTaskType() + \"]\");","lastModifiedDate":"2023-09-03"},{"lineNumber":28,"author":{"gitId":"woodenclock"},"content":"                System.out.print(\"[\" + list[i].getStatus() + \"] \" + list[i].getDescription());","lastModifiedDate":"2023-09-03"},{"lineNumber":29,"author":{"gitId":"woodenclock"},"content":"","lastModifiedDate":"2023-09-03"},{"lineNumber":30,"author":{"gitId":"woodenclock"},"content":"                // Check if the task is of type \u0027D\u0027 (Deadlines) and cast it to Deadlines if so","lastModifiedDate":"2023-09-03"},{"lineNumber":31,"author":{"gitId":"woodenclock"},"content":"                if (list[i] instanceof Deadlines) {","lastModifiedDate":"2023-09-03"},{"lineNumber":32,"author":{"gitId":"woodenclock"},"content":"                    Deadlines deadlineTask \u003d (Deadlines) list[i];","lastModifiedDate":"2023-09-03"},{"lineNumber":33,"author":{"gitId":"woodenclock"},"content":"                    System.out.println(\" (by: \" + deadlineTask.getDate() + \")\");","lastModifiedDate":"2023-09-03"},{"lineNumber":34,"author":{"gitId":"woodenclock"},"content":"                } else if (list[i] instanceof Events) {","lastModifiedDate":"2023-09-03"},{"lineNumber":35,"author":{"gitId":"woodenclock"},"content":"                    Events eventTask \u003d (Events) list[i];","lastModifiedDate":"2023-09-03"},{"lineNumber":36,"author":{"gitId":"woodenclock"},"content":"                    System.out.println(\" (from: \" + eventTask.getStartTime() + \" to: \" + eventTask.getEndTime() + \")\");","lastModifiedDate":"2023-09-03"},{"lineNumber":37,"author":{"gitId":"woodenclock"},"content":"                } else {","lastModifiedDate":"2023-09-03"},{"lineNumber":38,"author":{"gitId":"woodenclock"},"content":"                    System.out.println(\"\");","lastModifiedDate":"2023-09-03"},{"lineNumber":39,"author":{"gitId":"woodenclock"},"content":"                }","lastModifiedDate":"2023-08-28"},{"lineNumber":40,"author":{"gitId":"woodenclock"},"content":"            }","lastModifiedDate":"2023-09-03"},{"lineNumber":41,"author":{"gitId":"woodenclock"},"content":"            Elvis.printHorizontalLines();","lastModifiedDate":"2023-09-01"},{"lineNumber":42,"author":{"gitId":"woodenclock"},"content":"        }","lastModifiedDate":"2023-09-03"},{"lineNumber":43,"author":{"gitId":"woodenclock"},"content":"    }","lastModifiedDate":"2023-09-03"},{"lineNumber":44,"author":{"gitId":"woodenclock"},"content":"","lastModifiedDate":"2023-09-03"},{"lineNumber":45,"author":{"gitId":"woodenclock"},"content":"    public static void markTask(int numberInput) {","lastModifiedDate":"2023-09-03"},{"lineNumber":46,"author":{"gitId":"woodenclock"},"content":"        int nthTask \u003d numberInput - 1;","lastModifiedDate":"2023-08-28"},{"lineNumber":47,"author":{"gitId":"woodenclock"},"content":"        if (numberInput \u003e listCount || nthTask \u003c 0 || listCount \u003d\u003d 0) {","lastModifiedDate":"2023-08-28"},{"lineNumber":48,"author":{"gitId":"woodenclock"},"content":"            System.out.println(\"No such Task!\");","lastModifiedDate":"2023-08-28"},{"lineNumber":49,"author":{"gitId":"woodenclock"},"content":"            return;","lastModifiedDate":"2023-09-03"},{"lineNumber":50,"author":{"gitId":"woodenclock"},"content":"        }","lastModifiedDate":"2023-08-28"},{"lineNumber":51,"author":{"gitId":"woodenclock"},"content":"        list[nthTask].setStatus(true);","lastModifiedDate":"2023-08-28"},{"lineNumber":52,"author":{"gitId":"woodenclock"},"content":"        Elvis.printHorizontalLines();","lastModifiedDate":"2023-09-01"},{"lineNumber":53,"author":{"gitId":"woodenclock"},"content":"        System.out.println(\"Nice! I\u0027ve marked this task as done:\");","lastModifiedDate":"2023-08-28"},{"lineNumber":54,"author":{"gitId":"woodenclock"},"content":"        System.out.println(nthTask + 1 + \".\" + \"[\" + list[nthTask].getTaskType() + \"]\" +","lastModifiedDate":"2023-09-03"},{"lineNumber":55,"author":{"gitId":"woodenclock"},"content":"                \"[\" + list[nthTask].getStatus() + \"] \" + list[nthTask].getDescription());","lastModifiedDate":"2023-09-03"},{"lineNumber":56,"author":{"gitId":"woodenclock"},"content":"        Elvis.printHorizontalLines();","lastModifiedDate":"2023-09-01"},{"lineNumber":57,"author":{"gitId":"woodenclock"},"content":"    }","lastModifiedDate":"2023-09-03"},{"lineNumber":58,"author":{"gitId":"woodenclock"},"content":"","lastModifiedDate":"2023-09-03"},{"lineNumber":59,"author":{"gitId":"woodenclock"},"content":"    public static void unmarkTask(int numberInput) {","lastModifiedDate":"2023-09-03"},{"lineNumber":60,"author":{"gitId":"woodenclock"},"content":"        int nthTask \u003d numberInput - 1;  //Remember that index of list starts from 0","lastModifiedDate":"2023-09-03"},{"lineNumber":61,"author":{"gitId":"woodenclock"},"content":"        if (numberInput \u003e listCount || nthTask \u003c 0 || listCount \u003d\u003d 0) {","lastModifiedDate":"2023-09-03"},{"lineNumber":62,"author":{"gitId":"woodenclock"},"content":"            System.out.println(\"No such Task!\");","lastModifiedDate":"2023-09-03"},{"lineNumber":63,"author":{"gitId":"woodenclock"},"content":"            return;","lastModifiedDate":"2023-09-03"},{"lineNumber":64,"author":{"gitId":"woodenclock"},"content":"        }","lastModifiedDate":"2023-09-03"},{"lineNumber":65,"author":{"gitId":"woodenclock"},"content":"        list[nthTask].setStatus(false);","lastModifiedDate":"2023-09-03"},{"lineNumber":66,"author":{"gitId":"woodenclock"},"content":"        Elvis.printHorizontalLines();","lastModifiedDate":"2023-09-01"},{"lineNumber":67,"author":{"gitId":"woodenclock"},"content":"        System.out.println(\"OK, I\u0027ve marked this task as not done yet:\");","lastModifiedDate":"2023-09-03"},{"lineNumber":68,"author":{"gitId":"woodenclock"},"content":"        System.out.println(nthTask + 1 + \".\" + \"[\" + list[nthTask].getTaskType() + \"]\" +","lastModifiedDate":"2023-09-03"},{"lineNumber":69,"author":{"gitId":"woodenclock"},"content":"                \"[\" + list[nthTask].getStatus() + \"] \" + list[nthTask].getDescription());","lastModifiedDate":"2023-09-03"},{"lineNumber":70,"author":{"gitId":"woodenclock"},"content":"        Elvis.printHorizontalLines();","lastModifiedDate":"2023-09-03"},{"lineNumber":71,"author":{"gitId":"woodenclock"},"content":"    }","lastModifiedDate":"2023-09-03"},{"lineNumber":72,"author":{"gitId":"woodenclock"},"content":"","lastModifiedDate":"2023-09-03"},{"lineNumber":73,"author":{"gitId":"woodenclock"},"content":"    public static void insertToDo(String inputBuffer) {","lastModifiedDate":"2023-09-03"},{"lineNumber":74,"author":{"gitId":"woodenclock"},"content":"        Elvis.printHorizontalLines();","lastModifiedDate":"2023-09-03"},{"lineNumber":75,"author":{"gitId":"woodenclock"},"content":"        list[listCount] \u003d new ToDo(inputBuffer.trim().replace(\"todo \", \"\"));","lastModifiedDate":"2023-09-03"},{"lineNumber":76,"author":{"gitId":"woodenclock"},"content":"        System.out.println(\"Got it. I\u0027ve added this task:\");","lastModifiedDate":"2023-09-03"},{"lineNumber":77,"author":{"gitId":"woodenclock"},"content":"        System.out.println(\"[\" + \u0027T\u0027 + \"]\" +","lastModifiedDate":"2023-09-03"},{"lineNumber":78,"author":{"gitId":"woodenclock"},"content":"                \"[\" + list[listCount].getStatus() + \"] \" + list[listCount].getDescription());","lastModifiedDate":"2023-09-03"},{"lineNumber":79,"author":{"gitId":"woodenclock"},"content":"        System.out.println(\"Now you have \" + (listCount+1) + \" task(s) in the list.\");","lastModifiedDate":"2023-09-03"},{"lineNumber":80,"author":{"gitId":"woodenclock"},"content":"        Elvis.printHorizontalLines();","lastModifiedDate":"2023-09-03"},{"lineNumber":81,"author":{"gitId":"woodenclock"},"content":"        listCount++;","lastModifiedDate":"2023-09-03"},{"lineNumber":82,"author":{"gitId":"woodenclock"},"content":"    }","lastModifiedDate":"2023-09-03"},{"lineNumber":83,"author":{"gitId":"woodenclock"},"content":"","lastModifiedDate":"2023-09-03"},{"lineNumber":84,"author":{"gitId":"woodenclock"},"content":"    public static void insertDeadline(String inputBuffer) {","lastModifiedDate":"2023-09-03"},{"lineNumber":85,"author":{"gitId":"woodenclock"},"content":"        Elvis.printHorizontalLines();","lastModifiedDate":"2023-09-03"},{"lineNumber":86,"author":{"gitId":"woodenclock"},"content":"        String date \u003d inputBuffer.substring(inputBuffer.indexOf(\"/by\") + 3).trim();","lastModifiedDate":"2023-09-03"},{"lineNumber":87,"author":{"gitId":"woodenclock"},"content":"        String deadlineWithDate \u003d inputBuffer.replace(\"deadline \", \"\").trim();","lastModifiedDate":"2023-09-03"},{"lineNumber":88,"author":{"gitId":"woodenclock"},"content":"        String deadline \u003d deadlineWithDate.substring(0, deadlineWithDate.indexOf(\"/by\")).trim();","lastModifiedDate":"2023-09-03"},{"lineNumber":89,"author":{"gitId":"woodenclock"},"content":"","lastModifiedDate":"2023-09-03"},{"lineNumber":90,"author":{"gitId":"woodenclock"},"content":"        list[listCount] \u003d new Deadlines(deadline, date);","lastModifiedDate":"2023-09-03"},{"lineNumber":91,"author":{"gitId":"woodenclock"},"content":"        System.out.println(\"Got it. I\u0027ve added this task:\");","lastModifiedDate":"2023-09-03"},{"lineNumber":92,"author":{"gitId":"woodenclock"},"content":"        System.out.println(\"[\" + \u0027D\u0027 + \"]\" +","lastModifiedDate":"2023-09-03"},{"lineNumber":93,"author":{"gitId":"woodenclock"},"content":"                \"[\" + list[listCount].getStatus() + \"] \" + list[listCount].getDescription() +","lastModifiedDate":"2023-09-03"},{"lineNumber":94,"author":{"gitId":"woodenclock"},"content":"                \" (by: \" + date + \")\");","lastModifiedDate":"2023-09-03"},{"lineNumber":95,"author":{"gitId":"woodenclock"},"content":"        System.out.println(\"Now you have \" + (listCount+1) + \" task(s) in the list.\");","lastModifiedDate":"2023-09-03"},{"lineNumber":96,"author":{"gitId":"woodenclock"},"content":"        Elvis.printHorizontalLines();","lastModifiedDate":"2023-09-01"},{"lineNumber":97,"author":{"gitId":"woodenclock"},"content":"        listCount++;","lastModifiedDate":"2023-08-28"},{"lineNumber":98,"author":{"gitId":"woodenclock"},"content":"    }","lastModifiedDate":"2023-08-28"},{"lineNumber":99,"author":{"gitId":"woodenclock"},"content":"","lastModifiedDate":"2023-09-03"},{"lineNumber":100,"author":{"gitId":"woodenclock"},"content":"    public static void insertEvent(String inputBuffer) {","lastModifiedDate":"2023-09-03"},{"lineNumber":101,"author":{"gitId":"woodenclock"},"content":"        Elvis.printHorizontalLines();","lastModifiedDate":"2023-09-03"},{"lineNumber":102,"author":{"gitId":"woodenclock"},"content":"        String startTime \u003d inputBuffer.substring(inputBuffer.indexOf(\"/from\") + 5, inputBuffer.indexOf(\"/to\")).trim();","lastModifiedDate":"2023-09-03"},{"lineNumber":103,"author":{"gitId":"woodenclock"},"content":"        String endTime \u003d inputBuffer.substring(inputBuffer.indexOf(\"/to\") + 3).trim();","lastModifiedDate":"2023-09-03"},{"lineNumber":104,"author":{"gitId":"woodenclock"},"content":"        String eventWithTime \u003d inputBuffer.replace(\"event \", \"\").trim();","lastModifiedDate":"2023-09-03"},{"lineNumber":105,"author":{"gitId":"woodenclock"},"content":"        String event \u003d eventWithTime.substring(0, eventWithTime.indexOf(\"/from\")).trim();","lastModifiedDate":"2023-09-03"},{"lineNumber":106,"author":{"gitId":"woodenclock"},"content":"","lastModifiedDate":"2023-09-03"},{"lineNumber":107,"author":{"gitId":"woodenclock"},"content":"        list[listCount] \u003d new Events(event, startTime, endTime);","lastModifiedDate":"2023-09-03"},{"lineNumber":108,"author":{"gitId":"woodenclock"},"content":"        System.out.println(\"Got it. I\u0027ve added this task:\");","lastModifiedDate":"2023-09-03"},{"lineNumber":109,"author":{"gitId":"woodenclock"},"content":"        System.out.println(\"[\" + \u0027D\u0027 + \"]\" +","lastModifiedDate":"2023-09-03"},{"lineNumber":110,"author":{"gitId":"woodenclock"},"content":"                \"[\" + list[listCount].getStatus() + \"] \" + list[listCount].getDescription() +","lastModifiedDate":"2023-09-03"},{"lineNumber":111,"author":{"gitId":"woodenclock"},"content":"                \" (from: \" + startTime + \" to: \" + endTime + \")\");","lastModifiedDate":"2023-09-03"},{"lineNumber":112,"author":{"gitId":"woodenclock"},"content":"        System.out.println(\"Now you have \" + (listCount+1) + \" task(s) in the list.\");","lastModifiedDate":"2023-09-03"},{"lineNumber":113,"author":{"gitId":"woodenclock"},"content":"        Elvis.printHorizontalLines();","lastModifiedDate":"2023-09-03"},{"lineNumber":114,"author":{"gitId":"woodenclock"},"content":"        listCount++;","lastModifiedDate":"2023-09-03"},{"lineNumber":115,"author":{"gitId":"woodenclock"},"content":"    }","lastModifiedDate":"2023-09-03"},{"lineNumber":116,"author":{"gitId":"woodenclock"},"content":"","lastModifiedDate":"2023-09-03"},{"lineNumber":117,"author":{"gitId":"woodenclock"},"content":"    public static void manageTask() {","lastModifiedDate":"2023-09-03"},{"lineNumber":118,"author":{"gitId":"woodenclock"},"content":"        Elvis.bootUp();","lastModifiedDate":"2023-09-03"},{"lineNumber":119,"author":{"gitId":"woodenclock"},"content":"","lastModifiedDate":"2023-09-03"},{"lineNumber":120,"author":{"gitId":"woodenclock"},"content":"        while (true) {","lastModifiedDate":"2023-09-03"},{"lineNumber":121,"author":{"gitId":"woodenclock"},"content":"            //Preparation stage","lastModifiedDate":"2023-09-03"},{"lineNumber":122,"author":{"gitId":"woodenclock"},"content":"            String inputBuffer \u003d in.nextLine(); //Scans I/O and all input stored in inputBuffer","lastModifiedDate":"2023-09-03"},{"lineNumber":123,"author":{"gitId":"woodenclock"},"content":"            Scanner bufferScanner \u003d new Scanner(inputBuffer);   //Scanner for the buffer","lastModifiedDate":"2023-09-03"},{"lineNumber":124,"author":{"gitId":"woodenclock"},"content":"            if (!bufferScanner.hasNext()) { //Checks for the case when there is no input","lastModifiedDate":"2023-09-03"},{"lineNumber":125,"author":{"gitId":"woodenclock"},"content":"                System.out.println(\"Invalid input!\");","lastModifiedDate":"2023-09-03"},{"lineNumber":126,"author":{"gitId":"woodenclock"},"content":"                continue;","lastModifiedDate":"2023-09-03"},{"lineNumber":127,"author":{"gitId":"woodenclock"},"content":"            }","lastModifiedDate":"2023-09-03"},{"lineNumber":128,"author":{"gitId":"woodenclock"},"content":"            String firstWord \u003d bufferScanner.next().trim();     //Stores first word in the input","lastModifiedDate":"2023-09-03"},{"lineNumber":129,"author":{"gitId":"woodenclock"},"content":"            boolean hasInteger \u003d bufferScanner.hasNextInt();    //Indicates that some integer was input","lastModifiedDate":"2023-09-03"},{"lineNumber":130,"author":{"gitId":"woodenclock"},"content":"            int numberInput \u003d -1;    //Stores the number input","lastModifiedDate":"2023-09-03"},{"lineNumber":131,"author":{"gitId":"woodenclock"},"content":"            if (hasInteger) {","lastModifiedDate":"2023-09-03"},{"lineNumber":132,"author":{"gitId":"woodenclock"},"content":"                numberInput \u003d bufferScanner.nextInt();","lastModifiedDate":"2023-09-03"},{"lineNumber":133,"author":{"gitId":"woodenclock"},"content":"            }","lastModifiedDate":"2023-09-03"},{"lineNumber":134,"author":{"gitId":"woodenclock"},"content":"","lastModifiedDate":"2023-09-03"},{"lineNumber":135,"author":{"gitId":"woodenclock"},"content":"            //Functionality","lastModifiedDate":"2023-09-03"},{"lineNumber":136,"author":{"gitId":"woodenclock"},"content":"            if (inputBuffer.contains(\"bye\")) {  //Program exit","lastModifiedDate":"2023-09-03"},{"lineNumber":137,"author":{"gitId":"woodenclock"},"content":"                break;","lastModifiedDate":"2023-09-03"},{"lineNumber":138,"author":{"gitId":"woodenclock"},"content":"            } else if (inputBuffer.equals(\"list\")) {","lastModifiedDate":"2023-09-03"},{"lineNumber":139,"author":{"gitId":"woodenclock"},"content":"                listOut();","lastModifiedDate":"2023-09-03"},{"lineNumber":140,"author":{"gitId":"woodenclock"},"content":"            } else if (firstWord.equals(\"todo\")) {","lastModifiedDate":"2023-09-03"},{"lineNumber":141,"author":{"gitId":"woodenclock"},"content":"                insertToDo(inputBuffer);","lastModifiedDate":"2023-09-03"},{"lineNumber":142,"author":{"gitId":"woodenclock"},"content":"            } else if (firstWord.equals(\"mark\") \u0026\u0026 hasInteger \u0026\u0026 !bufferScanner.hasNext()) {","lastModifiedDate":"2023-09-03"},{"lineNumber":143,"author":{"gitId":"woodenclock"},"content":"                markTask(numberInput);","lastModifiedDate":"2023-09-03"},{"lineNumber":144,"author":{"gitId":"woodenclock"},"content":"            } else if (firstWord.equals(\"unmark\") \u0026\u0026 hasInteger \u0026\u0026 !bufferScanner.hasNext()) {","lastModifiedDate":"2023-09-03"},{"lineNumber":145,"author":{"gitId":"woodenclock"},"content":"                unmarkTask(numberInput);","lastModifiedDate":"2023-09-03"},{"lineNumber":146,"author":{"gitId":"woodenclock"},"content":"            } else if (firstWord.equals(\"deadline\")) {","lastModifiedDate":"2023-09-03"},{"lineNumber":147,"author":{"gitId":"woodenclock"},"content":"                insertDeadline(inputBuffer);","lastModifiedDate":"2023-09-03"},{"lineNumber":148,"author":{"gitId":"woodenclock"},"content":"            } else if (firstWord.equals(\"event\")) {","lastModifiedDate":"2023-09-03"},{"lineNumber":149,"author":{"gitId":"woodenclock"},"content":"                insertEvent(inputBuffer);","lastModifiedDate":"2023-09-03"},{"lineNumber":150,"author":{"gitId":"woodenclock"},"content":"            } else {","lastModifiedDate":"2023-09-03"},{"lineNumber":151,"author":{"gitId":"woodenclock"},"content":"                System.out.println(\"Invalid input!\");","lastModifiedDate":"2023-09-03"},{"lineNumber":152,"author":{"gitId":"woodenclock"},"content":"            }","lastModifiedDate":"2023-09-03"},{"lineNumber":153,"author":{"gitId":"woodenclock"},"content":"        }","lastModifiedDate":"2023-08-28"},{"lineNumber":154,"author":{"gitId":"woodenclock"},"content":"        Elvis.shutDown();","lastModifiedDate":"2023-09-01"},{"lineNumber":155,"author":{"gitId":"woodenclock"},"content":"    }","lastModifiedDate":"2023-08-28"},{"lineNumber":156,"author":{"gitId":"woodenclock"},"content":"","lastModifiedDate":"2023-08-28"},{"lineNumber":157,"author":{"gitId":"woodenclock"},"content":"    //Getting the To-Do attribute of the task instance","lastModifiedDate":"2023-08-28"},{"lineNumber":158,"author":{"gitId":"woodenclock"},"content":"    public String getDescription() {","lastModifiedDate":"2023-09-03"},{"lineNumber":159,"author":{"gitId":"woodenclock"},"content":"        return this.description;","lastModifiedDate":"2023-09-03"},{"lineNumber":160,"author":{"gitId":"woodenclock"},"content":"    }","lastModifiedDate":"2023-08-28"},{"lineNumber":161,"author":{"gitId":"woodenclock"},"content":"","lastModifiedDate":"2023-08-28"},{"lineNumber":162,"author":{"gitId":"woodenclock"},"content":"    //Getting the isDone attribute of the task instance","lastModifiedDate":"2023-08-28"},{"lineNumber":163,"author":{"gitId":"woodenclock"},"content":"    public String getStatus() {","lastModifiedDate":"2023-08-28"},{"lineNumber":164,"author":{"gitId":"woodenclock"},"content":"        return (this.isDone ? \"X\" : \" \");    // mark done task with X","lastModifiedDate":"2023-08-28"},{"lineNumber":165,"author":{"gitId":"woodenclock"},"content":"    }","lastModifiedDate":"2023-08-28"},{"lineNumber":166,"author":{"gitId":"woodenclock"},"content":"","lastModifiedDate":"2023-08-28"},{"lineNumber":167,"author":{"gitId":"woodenclock"},"content":"    //Setting the status of the isDone","lastModifiedDate":"2023-08-28"},{"lineNumber":168,"author":{"gitId":"woodenclock"},"content":"    public void setStatus(boolean truthValue) {","lastModifiedDate":"2023-08-28"},{"lineNumber":169,"author":{"gitId":"woodenclock"},"content":"        this.isDone \u003d truthValue;","lastModifiedDate":"2023-08-28"},{"lineNumber":170,"author":{"gitId":"woodenclock"},"content":"    }","lastModifiedDate":"2023-08-28"},{"lineNumber":171,"author":{"gitId":"woodenclock"},"content":"","lastModifiedDate":"2023-09-03"},{"lineNumber":172,"author":{"gitId":"woodenclock"},"content":"    //Getting the taskType attribute of ToDo, Deadlines, Events instantiations","lastModifiedDate":"2023-09-03"},{"lineNumber":173,"author":{"gitId":"woodenclock"},"content":"    public char getTaskType() {","lastModifiedDate":"2023-09-03"},{"lineNumber":174,"author":{"gitId":"woodenclock"},"content":"        return \u0027?\u0027;","lastModifiedDate":"2023-09-03"},{"lineNumber":175,"author":{"gitId":"woodenclock"},"content":"    }","lastModifiedDate":"2023-08-28"},{"lineNumber":176,"author":{"gitId":"woodenclock"},"content":"","lastModifiedDate":"2023-09-03"},{"lineNumber":177,"author":{"gitId":"woodenclock"},"content":"    public String getDate() {","lastModifiedDate":"2023-09-03"},{"lineNumber":178,"author":{"gitId":"woodenclock"},"content":"        return \"?\";","lastModifiedDate":"2023-09-03"},{"lineNumber":179,"author":{"gitId":"woodenclock"},"content":"    }","lastModifiedDate":"2023-09-03"},{"lineNumber":180,"author":{"gitId":"woodenclock"},"content":"    public String getStartTime() {","lastModifiedDate":"2023-09-03"},{"lineNumber":181,"author":{"gitId":"woodenclock"},"content":"        return \"?\";","lastModifiedDate":"2023-09-03"},{"lineNumber":182,"author":{"gitId":"woodenclock"},"content":"    }","lastModifiedDate":"2023-09-03"},{"lineNumber":183,"author":{"gitId":"woodenclock"},"content":"","lastModifiedDate":"2023-09-03"},{"lineNumber":184,"author":{"gitId":"woodenclock"},"content":"    public String getEndTime() {","lastModifiedDate":"2023-09-03"},{"lineNumber":185,"author":{"gitId":"woodenclock"},"content":"        return \"?\";","lastModifiedDate":"2023-09-03"},{"lineNumber":186,"author":{"gitId":"woodenclock"},"content":"    }","lastModifiedDate":"2023-09-03"},{"lineNumber":187,"author":{"gitId":"woodenclock"},"content":"}","lastModifiedDate":"2023-09-03"}],"authorContributionMap":{"woodenclock":187}},{"path":"src/ToDo.java","fileType":"java","lines":[{"lineNumber":1,"author":{"gitId":"woodenclock"},"content":"public class ToDo extends Task {","lastModifiedDate":"2023-09-03"},{"lineNumber":2,"author":{"gitId":"woodenclock"},"content":"    private char taskType \u003d \u0027T\u0027;","lastModifiedDate":"2023-09-03"},{"lineNumber":3,"author":{"gitId":"woodenclock"},"content":"    public ToDo(String description) {","lastModifiedDate":"2023-09-03"},{"lineNumber":4,"author":{"gitId":"woodenclock"},"content":"        super(description);","lastModifiedDate":"2023-09-03"},{"lineNumber":5,"author":{"gitId":"woodenclock"},"content":"    }","lastModifiedDate":"2023-09-03"},{"lineNumber":6,"author":{"gitId":"woodenclock"},"content":"","lastModifiedDate":"2023-09-03"},{"lineNumber":7,"author":{"gitId":"woodenclock"},"content":"    @Override","lastModifiedDate":"2023-09-03"},{"lineNumber":8,"author":{"gitId":"woodenclock"},"content":"    public char getTaskType() {","lastModifiedDate":"2023-09-03"},{"lineNumber":9,"author":{"gitId":"woodenclock"},"content":"        return taskType;","lastModifiedDate":"2023-09-03"},{"lineNumber":10,"author":{"gitId":"woodenclock"},"content":"    }","lastModifiedDate":"2023-09-03"},{"lineNumber":11,"author":{"gitId":"woodenclock"},"content":"}","lastModifiedDate":"2023-09-03"}],"authorContributionMap":{"woodenclock":11}},{"path":"text-ui-test/input.txt","fileType":"txt","lines":[{"lineNumber":1,"author":{"gitId":"woodenclock"},"content":"   todo borrow book    ","lastModifiedDate":"2023-09-03"},{"lineNumber":2,"author":{"gitId":"woodenclock"},"content":"   deadline return book /by Sunday   ","lastModifiedDate":"2023-09-03"},{"lineNumber":3,"author":{"gitId":"woodenclock"},"content":"   event project meeting     /from Mon 2pm     /to 4pm   ","lastModifiedDate":"2023-09-03"},{"lineNumber":4,"author":{"gitId":"woodenclock"},"content":"    todo join sprts club","lastModifiedDate":"2023-09-03"},{"lineNumber":5,"author":{"gitId":"woodenclock"},"content":"todo borrow book  ","lastModifiedDate":"2023-09-03"},{"lineNumber":6,"author":{"gitId":"woodenclock"},"content":"   mark 1","lastModifiedDate":"2023-09-03"},{"lineNumber":7,"author":{"gitId":"woodenclock"},"content":"mark 4","lastModifiedDate":"2023-09-03"},{"lineNumber":8,"author":{"gitId":"woodenclock"},"content":"   event go to workshop /from Tmr 1pm    /to 3pm    ","lastModifiedDate":"2023-09-03"},{"lineNumber":9,"author":{"gitId":"woodenclock"},"content":"list","lastModifiedDate":"2023-09-03"},{"lineNumber":10,"author":{"gitId":"woodenclock"},"content":"    mark 6     ","lastModifiedDate":"2023-09-03"},{"lineNumber":11,"author":{"gitId":"woodenclock"},"content":"unmark 6","lastModifiedDate":"2023-09-03"},{"lineNumber":12,"author":{"gitId":"woodenclock"},"content":"unmark 1","lastModifiedDate":"2023-09-03"},{"lineNumber":13,"author":{"gitId":"woodenclock"},"content":"list","lastModifiedDate":"2023-09-03"},{"lineNumber":14,"author":{"gitId":"woodenclock"},"content":"bye","lastModifiedDate":"2023-09-03"}],"authorContributionMap":{"woodenclock":14}},{"path":"text-ui-test/output.txt","fileType":"txt","lines":[{"lineNumber":1,"author":{"gitId":"woodenclock"},"content":" ","lastModifiedDate":"2023-09-03"},{"lineNumber":2,"author":{"gitId":"woodenclock"},"content":"          _____                      _____            _____                      _____                      _____          ","lastModifiedDate":"2023-09-03"},{"lineNumber":3,"author":{"gitId":"woodenclock"},"content":"         /\\    \\                    /\\    \\          /\\    \\                    /\\    \\                    /\\    \\         ","lastModifiedDate":"2023-09-03"},{"lineNumber":4,"author":{"gitId":"woodenclock"},"content":"        /::\\    \\                  /::\\____\\        /::\\____\\                  /::\\    \\                  /::\\    \\        ","lastModifiedDate":"2023-09-03"},{"lineNumber":5,"author":{"gitId":"woodenclock"},"content":"       /::::\\    \\                /:::/    /       /:::/    /                  \\:::\\    \\                /::::\\    \\       ","lastModifiedDate":"2023-09-03"},{"lineNumber":6,"author":{"gitId":"woodenclock"},"content":"      /::::::\\    \\              /:::/    /       /:::/    /                    \\:::\\    \\              /::::::\\    \\      ","lastModifiedDate":"2023-09-03"},{"lineNumber":7,"author":{"gitId":"woodenclock"},"content":"     /:::/\\:::\\    \\            /:::/    /       /:::/    /                      \\:::\\    \\            /:::/\\:::\\    \\     ","lastModifiedDate":"2023-09-03"},{"lineNumber":8,"author":{"gitId":"woodenclock"},"content":"    /:::/__\\:::\\    \\          /:::/    /       /:::/____/                        \\:::\\    \\          /:::/__\\:::\\    \\    ","lastModifiedDate":"2023-09-03"},{"lineNumber":9,"author":{"gitId":"woodenclock"},"content":"   /::::\\   \\:::\\    \\        /:::/    /        |::|    |                         /::::\\    \\         \\:::\\   \\:::\\    \\   ","lastModifiedDate":"2023-09-03"},{"lineNumber":10,"author":{"gitId":"woodenclock"},"content":"  /::::::\\   \\:::\\    \\      /:::/    /         |::|    |     _____      ____    /::::::\\    \\      ___\\:::\\   \\:::\\    \\  ","lastModifiedDate":"2023-09-03"},{"lineNumber":11,"author":{"gitId":"woodenclock"},"content":" /:::/\\:::\\   \\:::\\    \\    /:::/    /          |::|    |    /\\    \\    /\\   \\  /:::/\\:::\\    \\    /\\   \\:::\\   \\:::\\    \\ ","lastModifiedDate":"2023-09-03"},{"lineNumber":12,"author":{"gitId":"woodenclock"},"content":"/:::/__\\:::\\   \\:::\\____\\  /:::/____/           |::|    |   /::\\____\\  /::\\   \\/:::/  \\:::\\____\\  /::\\   \\:::\\   \\:::\\____\\","lastModifiedDate":"2023-09-03"},{"lineNumber":13,"author":{"gitId":"woodenclock"},"content":"\\:::\\   \\:::\\   \\::/    /  \\:::\\    \\           |::|    |  /:::/    /  \\:::\\  /:::/    \\::/    /  \\:::\\   \\:::\\   \\::/    /","lastModifiedDate":"2023-09-03"},{"lineNumber":14,"author":{"gitId":"woodenclock"},"content":" \\:::\\   \\:::\\   \\/____/    \\:::\\    \\          |::|    | /:::/    /    \\:::\\/:::/    / \\/____/    \\:::\\   \\:::\\   \\/____/ ","lastModifiedDate":"2023-09-03"},{"lineNumber":15,"author":{"gitId":"woodenclock"},"content":"  \\:::\\   \\:::\\    \\         \\:::\\    \\         |::|____|/:::/    /      \\::::::/    /              \\:::\\   \\:::\\    \\     ","lastModifiedDate":"2023-09-03"},{"lineNumber":16,"author":{"gitId":"woodenclock"},"content":"   \\:::\\   \\:::\\____\\         \\:::\\    \\        |:::::::::::/    /        \\::::/____/                \\:::\\   \\:::\\____\\    ","lastModifiedDate":"2023-09-03"},{"lineNumber":17,"author":{"gitId":"woodenclock"},"content":"    \\:::\\   \\::/    /          \\:::\\    \\       \\::::::::::/____/          \\:::\\    \\                 \\:::\\  /:::/    /    ","lastModifiedDate":"2023-09-03"},{"lineNumber":18,"author":{"gitId":"woodenclock"},"content":"     \\:::\\   \\/____/            \\:::\\    \\       ~~~~~~~~~~                 \\:::\\    \\                 \\:::\\/:::/    /     ","lastModifiedDate":"2023-09-03"},{"lineNumber":19,"author":{"gitId":"woodenclock"},"content":"      \\:::\\    \\                 \\:::\\    \\                                  \\:::\\    \\                 \\::::::/    /      ","lastModifiedDate":"2023-09-03"},{"lineNumber":20,"author":{"gitId":"woodenclock"},"content":"       \\:::\\____\\                 \\:::\\____\\                                  \\:::\\____\\                 \\::::/    /       ","lastModifiedDate":"2023-09-03"},{"lineNumber":21,"author":{"gitId":"woodenclock"},"content":"        \\::/    /                  \\::/    /                                   \\::/    /                  \\::/    /        ","lastModifiedDate":"2023-09-03"},{"lineNumber":22,"author":{"gitId":"woodenclock"},"content":"         \\/____/                    \\/____/                                     \\/____/                    \\/____/         ","lastModifiedDate":"2023-09-03"},{"lineNumber":23,"author":{"gitId":"woodenclock"},"content":"                                                                                                                                ","lastModifiedDate":"2023-09-03"},{"lineNumber":24,"author":{"gitId":"woodenclock"},"content":"","lastModifiedDate":"2023-09-03"},{"lineNumber":25,"author":{"gitId":"woodenclock"},"content":"____________________________________________________________","lastModifiedDate":"2023-09-03"},{"lineNumber":26,"author":{"gitId":"woodenclock"},"content":"Hello! I\u0027m ELVIS","lastModifiedDate":"2023-09-03"},{"lineNumber":27,"author":{"gitId":"woodenclock"},"content":"What can I do for you?","lastModifiedDate":"2023-09-03"},{"lineNumber":28,"author":{"gitId":"woodenclock"},"content":"____________________________________________________________","lastModifiedDate":"2023-09-03"},{"lineNumber":29,"author":{"gitId":"woodenclock"},"content":"____________________________________________________________","lastModifiedDate":"2023-09-03"},{"lineNumber":30,"author":{"gitId":"woodenclock"},"content":"Got it. I\u0027ve added this task:","lastModifiedDate":"2023-09-03"},{"lineNumber":31,"author":{"gitId":"woodenclock"},"content":"[T][ ] borrow book","lastModifiedDate":"2023-09-03"},{"lineNumber":32,"author":{"gitId":"woodenclock"},"content":"Now you have 1 task(s) in the list.","lastModifiedDate":"2023-09-03"},{"lineNumber":33,"author":{"gitId":"woodenclock"},"content":"____________________________________________________________","lastModifiedDate":"2023-09-03"},{"lineNumber":34,"author":{"gitId":"woodenclock"},"content":"____________________________________________________________","lastModifiedDate":"2023-09-03"},{"lineNumber":35,"author":{"gitId":"woodenclock"},"content":"Got it. I\u0027ve added this task:","lastModifiedDate":"2023-09-03"},{"lineNumber":36,"author":{"gitId":"woodenclock"},"content":"[D][ ] return book (by: Sunday)","lastModifiedDate":"2023-09-03"},{"lineNumber":37,"author":{"gitId":"woodenclock"},"content":"Now you have 2 task(s) in the list.","lastModifiedDate":"2023-09-03"},{"lineNumber":38,"author":{"gitId":"woodenclock"},"content":"____________________________________________________________","lastModifiedDate":"2023-09-03"},{"lineNumber":39,"author":{"gitId":"woodenclock"},"content":"____________________________________________________________","lastModifiedDate":"2023-09-03"},{"lineNumber":40,"author":{"gitId":"woodenclock"},"content":"Got it. I\u0027ve added this task:","lastModifiedDate":"2023-09-03"},{"lineNumber":41,"author":{"gitId":"woodenclock"},"content":"[D][ ] project meeting (from: Mon 2pm to: 4pm)","lastModifiedDate":"2023-09-03"},{"lineNumber":42,"author":{"gitId":"woodenclock"},"content":"Now you have 3 task(s) in the list.","lastModifiedDate":"2023-09-03"},{"lineNumber":43,"author":{"gitId":"woodenclock"},"content":"____________________________________________________________","lastModifiedDate":"2023-09-03"},{"lineNumber":44,"author":{"gitId":"woodenclock"},"content":"____________________________________________________________","lastModifiedDate":"2023-09-03"},{"lineNumber":45,"author":{"gitId":"woodenclock"},"content":"Got it. I\u0027ve added this task:","lastModifiedDate":"2023-09-03"},{"lineNumber":46,"author":{"gitId":"woodenclock"},"content":"[T][ ] join sprts club","lastModifiedDate":"2023-09-03"},{"lineNumber":47,"author":{"gitId":"woodenclock"},"content":"Now you have 4 task(s) in the list.","lastModifiedDate":"2023-09-03"},{"lineNumber":48,"author":{"gitId":"woodenclock"},"content":"____________________________________________________________","lastModifiedDate":"2023-09-03"},{"lineNumber":49,"author":{"gitId":"woodenclock"},"content":"____________________________________________________________","lastModifiedDate":"2023-09-03"},{"lineNumber":50,"author":{"gitId":"woodenclock"},"content":"Got it. I\u0027ve added this task:","lastModifiedDate":"2023-09-03"},{"lineNumber":51,"author":{"gitId":"woodenclock"},"content":"[T][ ] borrow book","lastModifiedDate":"2023-09-03"},{"lineNumber":52,"author":{"gitId":"woodenclock"},"content":"Now you have 5 task(s) in the list.","lastModifiedDate":"2023-09-03"},{"lineNumber":53,"author":{"gitId":"woodenclock"},"content":"____________________________________________________________","lastModifiedDate":"2023-09-03"},{"lineNumber":54,"author":{"gitId":"woodenclock"},"content":"____________________________________________________________","lastModifiedDate":"2023-09-03"},{"lineNumber":55,"author":{"gitId":"woodenclock"},"content":"Nice! I\u0027ve marked this task as done:","lastModifiedDate":"2023-09-03"},{"lineNumber":56,"author":{"gitId":"woodenclock"},"content":"1.[T][X] borrow book","lastModifiedDate":"2023-09-03"},{"lineNumber":57,"author":{"gitId":"woodenclock"},"content":"____________________________________________________________","lastModifiedDate":"2023-09-03"},{"lineNumber":58,"author":{"gitId":"woodenclock"},"content":"____________________________________________________________","lastModifiedDate":"2023-09-03"},{"lineNumber":59,"author":{"gitId":"woodenclock"},"content":"Nice! I\u0027ve marked this task as done:","lastModifiedDate":"2023-09-03"},{"lineNumber":60,"author":{"gitId":"woodenclock"},"content":"4.[T][X] join sprts club","lastModifiedDate":"2023-09-03"},{"lineNumber":61,"author":{"gitId":"woodenclock"},"content":"____________________________________________________________","lastModifiedDate":"2023-09-03"},{"lineNumber":62,"author":{"gitId":"woodenclock"},"content":"____________________________________________________________","lastModifiedDate":"2023-09-03"},{"lineNumber":63,"author":{"gitId":"woodenclock"},"content":"Got it. I\u0027ve added this task:","lastModifiedDate":"2023-09-03"},{"lineNumber":64,"author":{"gitId":"woodenclock"},"content":"[D][ ] go to workshop (from: Tmr 1pm to: 3pm)","lastModifiedDate":"2023-09-03"},{"lineNumber":65,"author":{"gitId":"woodenclock"},"content":"Now you have 6 task(s) in the list.","lastModifiedDate":"2023-09-03"},{"lineNumber":66,"author":{"gitId":"woodenclock"},"content":"____________________________________________________________","lastModifiedDate":"2023-09-03"},{"lineNumber":67,"author":{"gitId":"woodenclock"},"content":"____________________________________________________________","lastModifiedDate":"2023-09-03"},{"lineNumber":68,"author":{"gitId":"woodenclock"},"content":"Here are the tasks in your list: ","lastModifiedDate":"2023-09-03"},{"lineNumber":69,"author":{"gitId":"woodenclock"},"content":"1.[T][X] borrow book","lastModifiedDate":"2023-09-03"},{"lineNumber":70,"author":{"gitId":"woodenclock"},"content":"2.[D][ ] return book (by: Sunday)","lastModifiedDate":"2023-09-03"},{"lineNumber":71,"author":{"gitId":"woodenclock"},"content":"3.[E][ ] project meeting (from: Mon 2pm to: 4pm)","lastModifiedDate":"2023-09-03"},{"lineNumber":72,"author":{"gitId":"woodenclock"},"content":"4.[T][X] join sprts club","lastModifiedDate":"2023-09-03"},{"lineNumber":73,"author":{"gitId":"woodenclock"},"content":"5.[T][ ] borrow book","lastModifiedDate":"2023-09-03"},{"lineNumber":74,"author":{"gitId":"woodenclock"},"content":"6.[E][ ] go to workshop (from: Tmr 1pm to: 3pm)","lastModifiedDate":"2023-09-03"},{"lineNumber":75,"author":{"gitId":"woodenclock"},"content":"____________________________________________________________","lastModifiedDate":"2023-09-03"},{"lineNumber":76,"author":{"gitId":"woodenclock"},"content":"____________________________________________________________","lastModifiedDate":"2023-09-03"},{"lineNumber":77,"author":{"gitId":"woodenclock"},"content":"Nice! I\u0027ve marked this task as done:","lastModifiedDate":"2023-09-03"},{"lineNumber":78,"author":{"gitId":"woodenclock"},"content":"6.[E][X] go to workshop","lastModifiedDate":"2023-09-03"},{"lineNumber":79,"author":{"gitId":"woodenclock"},"content":"____________________________________________________________","lastModifiedDate":"2023-09-03"},{"lineNumber":80,"author":{"gitId":"woodenclock"},"content":"____________________________________________________________","lastModifiedDate":"2023-09-03"},{"lineNumber":81,"author":{"gitId":"woodenclock"},"content":"OK, I\u0027ve marked this task as not done yet:","lastModifiedDate":"2023-09-03"},{"lineNumber":82,"author":{"gitId":"woodenclock"},"content":"6.[E][ ] go to workshop","lastModifiedDate":"2023-09-03"},{"lineNumber":83,"author":{"gitId":"woodenclock"},"content":"____________________________________________________________","lastModifiedDate":"2023-09-03"},{"lineNumber":84,"author":{"gitId":"woodenclock"},"content":"____________________________________________________________","lastModifiedDate":"2023-09-03"},{"lineNumber":85,"author":{"gitId":"woodenclock"},"content":"OK, I\u0027ve marked this task as not done yet:","lastModifiedDate":"2023-09-03"},{"lineNumber":86,"author":{"gitId":"woodenclock"},"content":"1.[T][ ] borrow book","lastModifiedDate":"2023-09-03"},{"lineNumber":87,"author":{"gitId":"woodenclock"},"content":"____________________________________________________________","lastModifiedDate":"2023-09-03"},{"lineNumber":88,"author":{"gitId":"woodenclock"},"content":"____________________________________________________________","lastModifiedDate":"2023-09-03"},{"lineNumber":89,"author":{"gitId":"woodenclock"},"content":"Here are the tasks in your list: ","lastModifiedDate":"2023-09-03"},{"lineNumber":90,"author":{"gitId":"woodenclock"},"content":"1.[T][ ] borrow book","lastModifiedDate":"2023-09-03"},{"lineNumber":91,"author":{"gitId":"woodenclock"},"content":"2.[D][ ] return book (by: Sunday)","lastModifiedDate":"2023-09-03"},{"lineNumber":92,"author":{"gitId":"woodenclock"},"content":"3.[E][ ] project meeting (from: Mon 2pm to: 4pm)","lastModifiedDate":"2023-09-03"},{"lineNumber":93,"author":{"gitId":"woodenclock"},"content":"4.[T][X] join sprts club","lastModifiedDate":"2023-09-03"},{"lineNumber":94,"author":{"gitId":"woodenclock"},"content":"5.[T][ ] borrow book","lastModifiedDate":"2023-09-03"},{"lineNumber":95,"author":{"gitId":"woodenclock"},"content":"6.[E][ ] go to workshop (from: Tmr 1pm to: 3pm)","lastModifiedDate":"2023-09-03"},{"lineNumber":96,"author":{"gitId":"woodenclock"},"content":"____________________________________________________________","lastModifiedDate":"2023-09-03"},{"lineNumber":97,"author":{"gitId":"woodenclock"},"content":"____________________________________________________________","lastModifiedDate":"2023-09-03"},{"lineNumber":98,"author":{"gitId":"woodenclock"},"content":"Bye. Hope to see you again soon!","lastModifiedDate":"2023-09-03"},{"lineNumber":99,"author":{"gitId":"woodenclock"},"content":"____________________________________________________________","lastModifiedDate":"2023-09-03"}],"authorContributionMap":{"woodenclock":99}},{"path":"text-ui-test/runtest.bat","fileType":"bat","lines":[{"lineNumber":1,"author":{"gitId":"-"},"content":"@ECHO OFF","lastModifiedDate":"2020-05-25"},{"lineNumber":2,"author":{"gitId":"-"},"content":"","lastModifiedDate":"2020-05-25"},{"lineNumber":3,"author":{"gitId":"-"},"content":"REM create bin directory if it doesn\u0027t exist","lastModifiedDate":"2020-05-25"},{"lineNumber":4,"author":{"gitId":"-"},"content":"if not exist ..\\bin mkdir ..\\bin","lastModifiedDate":"2020-05-25"},{"lineNumber":5,"author":{"gitId":"-"},"content":"","lastModifiedDate":"2020-05-25"},{"lineNumber":6,"author":{"gitId":"-"},"content":"REM delete output from previous run","lastModifiedDate":"2020-05-25"},{"lineNumber":7,"author":{"gitId":"-"},"content":"if exist ACTUAL.TXT del ACTUAL.TXT","lastModifiedDate":"2020-08-25"},{"lineNumber":8,"author":{"gitId":"-"},"content":"","lastModifiedDate":"2020-05-25"},{"lineNumber":9,"author":{"gitId":"-"},"content":"REM compile the code into the bin folder","lastModifiedDate":"2020-05-25"},{"lineNumber":10,"author":{"gitId":"-"},"content":"javac  -cp ..\\src\\main\\java -Xlint:none -d ..\\bin ..\\src\\main\\java\\*.java","lastModifiedDate":"2020-08-25"},{"lineNumber":11,"author":{"gitId":"-"},"content":"IF ERRORLEVEL 1 (","lastModifiedDate":"2020-05-25"},{"lineNumber":12,"author":{"gitId":"-"},"content":"    echo ********** BUILD FAILURE **********","lastModifiedDate":"2020-05-25"},{"lineNumber":13,"author":{"gitId":"-"},"content":"    exit /b 1","lastModifiedDate":"2020-05-25"},{"lineNumber":14,"author":{"gitId":"-"},"content":")","lastModifiedDate":"2020-05-25"},{"lineNumber":15,"author":{"gitId":"-"},"content":"REM no error here, errorlevel \u003d\u003d 0","lastModifiedDate":"2020-05-25"},{"lineNumber":16,"author":{"gitId":"-"},"content":"","lastModifiedDate":"2020-05-25"},{"lineNumber":17,"author":{"gitId":"-"},"content":"REM run the program, feed commands from input.txt file and redirect the output to the ACTUAL.TXT","lastModifiedDate":"2020-05-25"},{"lineNumber":18,"author":{"gitId":"woodenclock"},"content":"java -classpath ..\\bin Elvis \u003c input.txt \u003e ACTUAL.TXT","lastModifiedDate":"2023-09-01"},{"lineNumber":19,"author":{"gitId":"-"},"content":"","lastModifiedDate":"2020-05-25"},{"lineNumber":20,"author":{"gitId":"-"},"content":"REM compare the output to the expected output","lastModifiedDate":"2020-05-25"},{"lineNumber":21,"author":{"gitId":"-"},"content":"FC ACTUAL.TXT EXPECTED.TXT","lastModifiedDate":"2020-05-25"}],"authorContributionMap":{"woodenclock":1,"-":20}},{"path":"text-ui-test/runtest.sh","fileType":"sh","lines":[{"lineNumber":1,"author":{"gitId":"-"},"content":"#!/usr/bin/env bash","lastModifiedDate":"2020-05-25"},{"lineNumber":2,"author":{"gitId":"-"},"content":"","lastModifiedDate":"2020-05-25"},{"lineNumber":3,"author":{"gitId":"-"},"content":"# create bin directory if it doesn\u0027t exist","lastModifiedDate":"2020-05-25"},{"lineNumber":4,"author":{"gitId":"-"},"content":"if [ ! -d \"../bin\" ]","lastModifiedDate":"2020-05-25"},{"lineNumber":5,"author":{"gitId":"-"},"content":"then","lastModifiedDate":"2020-05-25"},{"lineNumber":6,"author":{"gitId":"-"},"content":"    mkdir ../bin","lastModifiedDate":"2020-05-25"},{"lineNumber":7,"author":{"gitId":"-"},"content":"fi","lastModifiedDate":"2020-05-25"},{"lineNumber":8,"author":{"gitId":"-"},"content":"","lastModifiedDate":"2020-05-25"},{"lineNumber":9,"author":{"gitId":"-"},"content":"# delete output from previous run","lastModifiedDate":"2020-05-25"},{"lineNumber":10,"author":{"gitId":"-"},"content":"if [ -e \"./ACTUAL.TXT\" ]","lastModifiedDate":"2020-05-25"},{"lineNumber":11,"author":{"gitId":"-"},"content":"then","lastModifiedDate":"2020-05-25"},{"lineNumber":12,"author":{"gitId":"-"},"content":"    rm ACTUAL.TXT","lastModifiedDate":"2020-05-25"},{"lineNumber":13,"author":{"gitId":"-"},"content":"fi","lastModifiedDate":"2020-05-25"},{"lineNumber":14,"author":{"gitId":"-"},"content":"","lastModifiedDate":"2020-05-25"},{"lineNumber":15,"author":{"gitId":"-"},"content":"# compile the code into the bin folder, terminates if error occurred","lastModifiedDate":"2020-05-25"},{"lineNumber":16,"author":{"gitId":"-"},"content":"if ! javac -cp ../src/main/java -Xlint:none -d ../bin ../src/main/java/*.java","lastModifiedDate":"2020-08-25"},{"lineNumber":17,"author":{"gitId":"-"},"content":"then","lastModifiedDate":"2020-05-25"},{"lineNumber":18,"author":{"gitId":"-"},"content":"    echo \"********** BUILD FAILURE **********\"","lastModifiedDate":"2020-05-25"},{"lineNumber":19,"author":{"gitId":"-"},"content":"    exit 1","lastModifiedDate":"2020-05-25"},{"lineNumber":20,"author":{"gitId":"-"},"content":"fi","lastModifiedDate":"2020-05-25"},{"lineNumber":21,"author":{"gitId":"-"},"content":"","lastModifiedDate":"2020-05-25"},{"lineNumber":22,"author":{"gitId":"-"},"content":"# run the program, feed commands from input.txt file and redirect the output to the ACTUAL.TXT","lastModifiedDate":"2020-05-25"},{"lineNumber":23,"author":{"gitId":"woodenclock"},"content":"java -classpath ../bin Elvis \u003c input.txt \u003e ACTUAL.TXT","lastModifiedDate":"2023-09-01"},{"lineNumber":24,"author":{"gitId":"-"},"content":"","lastModifiedDate":"2020-05-25"},{"lineNumber":25,"author":{"gitId":"-"},"content":"# convert to UNIX format","lastModifiedDate":"2020-05-25"},{"lineNumber":26,"author":{"gitId":"-"},"content":"cp EXPECTED.TXT EXPECTED-UNIX.TXT","lastModifiedDate":"2020-05-25"},{"lineNumber":27,"author":{"gitId":"-"},"content":"dos2unix ACTUAL.TXT EXPECTED-UNIX.TXT","lastModifiedDate":"2020-05-25"},{"lineNumber":28,"author":{"gitId":"-"},"content":"","lastModifiedDate":"2020-05-25"},{"lineNumber":29,"author":{"gitId":"-"},"content":"# compare the output to the expected output","lastModifiedDate":"2020-05-25"},{"lineNumber":30,"author":{"gitId":"-"},"content":"diff ACTUAL.TXT EXPECTED-UNIX.TXT","lastModifiedDate":"2020-05-25"},{"lineNumber":31,"author":{"gitId":"-"},"content":"if [ $? -eq 0 ]","lastModifiedDate":"2020-05-25"},{"lineNumber":32,"author":{"gitId":"-"},"content":"then","lastModifiedDate":"2020-05-25"},{"lineNumber":33,"author":{"gitId":"-"},"content":"    echo \"Test result: PASSED\"","lastModifiedDate":"2020-05-25"},{"lineNumber":34,"author":{"gitId":"-"},"content":"    exit 0","lastModifiedDate":"2020-05-25"},{"lineNumber":35,"author":{"gitId":"-"},"content":"else","lastModifiedDate":"2020-05-25"},{"lineNumber":36,"author":{"gitId":"-"},"content":"    echo \"Test result: FAILED\"","lastModifiedDate":"2020-05-25"},{"lineNumber":37,"author":{"gitId":"-"},"content":"    exit 1","lastModifiedDate":"2020-05-25"},{"lineNumber":38,"author":{"gitId":"-"},"content":"fi","lastModifiedDate":"2020-05-25"}],"authorContributionMap":{"woodenclock":1,"-":37}}]
