{"authorDailyContributionsMap":{"woodenclock":[{"date":"2023-08-23","commitResults":[{"hash":"d169c94d5b4d79e764826f87b019315e17b1ea5b","isMergeCommit":false,"messageTitle":"Update Duke.java for Level 0","messageBody":"","tags":["Level-0"],"fileTypesAndContributionMap":{"java":{"insertions":13,"deletions":1}}}]},{"date":"2023-08-28","commitResults":[{"hash":"d88e634228ec2237c956186cae6d107668f2fa41","isMergeCommit":false,"messageTitle":"Update Duke.java for Level 1","messageBody":"","tags":["Level-1"],"fileTypesAndContributionMap":{"java":{"insertions":35,"deletions":11}}},{"hash":"b6376de9d0bb9fa22a7c78c6c48490f20f8d9570","isMergeCommit":false,"messageTitle":"Update Duke.java for Level 2","messageBody":"","fileTypesAndContributionMap":{"java":{"insertions":47,"deletions":13}}},{"hash":"53f1515e76c8fe596f909827fa12138ac39c8539","isMergeCommit":false,"messageTitle":"Update Duke.java for Level 2","messageBody":"","tags":["Level-2"],"fileTypesAndContributionMap":{"java":{"insertions":31,"deletions":6}}},{"hash":"0cb05913c3f31a519eff9e659fbf162125bd739a","isMergeCommit":false,"messageTitle":"Update Duke.java for Level 3","messageBody":"","tags":["Level-3"],"fileTypesAndContributionMap":{"java":{"insertions":103,"deletions":5}}},{"hash":"ed3b19b5d8e2d92c8b86293e8d0846080334d09f","isMergeCommit":false,"messageTitle":"Update Logo","messageBody":"","fileTypesAndContributionMap":{"java":{"insertions":2,"deletions":2}}}]},{"date":"2023-08-30","commitResults":[{"hash":"ddf5623445a320e41ec7bd492b827dd10c7077a8","isMergeCommit":false,"messageTitle":"Update Duke.java for A-CodingStandard Fix code such that when empty input keyed in, will recognize as invalid input","messageBody":"","tags":["A-CodingStandard"],"fileTypesAndContributionMap":{"java":{"insertions":80,"deletions":55}}}]},{"date":"2023-09-01","commitResults":[{"hash":"411059e91f8c053932587f732accb5af2bc2de58","isMergeCommit":false,"messageTitle":"Update ip","messageBody":"","fileTypesAndContributionMap":{"java":{"insertions":0,"deletions":0}}},{"hash":"50989b48dd389f0d7f9b7a41030390b6efbbda3a","isMergeCommit":false,"messageTitle":"Update Duke.java to Elvis.java Change in chatbot name","messageBody":"","fileTypesAndContributionMap":{"java":{"insertions":23,"deletions":23},"bat":{"insertions":1,"deletions":1},"sh":{"insertions":1,"deletions":1},"md":{"insertions":2,"deletions":2}}}]},{"date":"2023-09-03","commitResults":[{"hash":"10443e227e94cfcf5d30595189429927a2184e8b","isMergeCommit":false,"messageTitle":"Create Week 4 Level 4","messageBody":"","fileTypesAndContributionMap":{"txt":{"insertions":112,"deletions":0},"java":{"insertions":202,"deletions":90}}},{"hash":"b9287305e01ecab1f482c482ce9384b98ae8dc72","isMergeCommit":false,"messageTitle":"Update Elvis.java for Level 4","messageBody":"","tags":["Level-4","A-Inheritance"],"fileTypesAndContributionMap":{"java":{"insertions":71,"deletions":46}}},{"hash":"6ed5cc9f003863f2277c6ed823f37cab65cde851","isMergeCommit":false,"messageTitle":"Update Elvis.java text-ui-test","messageBody":"","tags":["A-TextUiTesting","A-CodeQuality"],"fileTypesAndContributionMap":{"txt":{"insertions":32,"deletions":31}}}]},{"date":"2023-09-06","commitResults":[{"hash":"82f34afbee142994325480ded21deb99279a0ae7","isMergeCommit":false,"messageTitle":"Update Elvis.java logo","messageBody":"","fileTypesAndContributionMap":{"java":{"insertions":23,"deletions":23}}},{"hash":"988f71c38b7e1a10c43992f94570f71e70e95ba2","isMergeCommit":false,"messageTitle":"Update Elvis.java such that the Task and TaskManager are now separate objects","messageBody":"","fileTypesAndContributionMap":{"java":{"insertions":165,"deletions":155}}}]},{"date":"2023-09-08","commitResults":[{"hash":"50ef4ed1092319923e563e6e0acbace4fa798867","isMergeCommit":false,"messageTitle":"Update Elvis.java separate dummy code","messageBody":"","fileTypesAndContributionMap":{"java":{"insertions":4,"deletions":3}}}]},{"date":"2023-09-10","commitResults":[{"hash":"3dbd01458a653ceddde165dee26044f74158cf27","isMergeCommit":false,"messageTitle":"Create ip","messageBody":"","fileTypesAndContributionMap":{"java":{"insertions":130,"deletions":66}}},{"hash":"6a80561b5fbe52938fa44335373a36d124cc2d83","isMergeCommit":false,"messageTitle":"Create Level-5 branching for addition of exception","messageBody":"","fileTypesAndContributionMap":{"java":{"insertions":130,"deletions":66}}},{"hash":"63878b6470c6d307b0840fc1e6a0acdfbb0ce9aa","isMergeCommit":false,"messageTitle":"Create branch for packaging. Changed Dummy to dummy","messageBody":"","fileTypesAndContributionMap":{"java":{"insertions":32,"deletions":0}}},{"hash":"af1231b0c295a7aaa2a0302b1fd5f7f4a195fd45","isMergeCommit":false,"messageTitle":"Update packaging","messageBody":"","fileTypesAndContributionMap":{"java":{"insertions":18,"deletions":12}}},{"hash":"923beb713c72a30585c0782f318784b4b158c279","isMergeCommit":false,"messageTitle":"Update packaging Changed Dummy to dummy","messageBody":"","fileTypesAndContributionMap":{"java":{"insertions":30,"deletions":0}}},{"hash":"7b4ca5a2667e0eb4242361fcaaf72801fa0da64a","isMergeCommit":false,"messageTitle":"Add Help.java Create Miscellaneous.java for storing basic functionalities","messageBody":"","fileTypesAndContributionMap":{"java":{"insertions":142,"deletions":86}}},{"hash":"808e4bbf52d722730847544c38b313c9f2260626","isMergeCommit":false,"messageTitle":"Update TaskManager.java","messageBody":"","fileTypesAndContributionMap":{"java":{"insertions":1,"deletions":0}}},{"hash":"d6eebccec8657256961cfb87b4a19054f5879c52","isMergeCommit":true,"messageTitle":"Merge branch \u0027branch-A-Packages\u0027","messageBody":"# Conflicts:\n#\tsrc/elvis/TaskManager.java\n","tags":["A-Packages"],"fileTypesAndContributionMap":{}},{"hash":"ea2fd876d5d5a29282b882da93970e340e4513fd","isMergeCommit":false,"messageTitle":"Update Elvis.java","messageBody":"","fileTypesAndContributionMap":{"java":{"insertions":0,"deletions":1}}}]},{"date":"2023-09-15","commitResults":[{"hash":"b62b96f088152870968ca486da303b5b9aa0d962","isMergeCommit":false,"messageTitle":"Update Elvis.java fixed some bugs","messageBody":"","fileTypesAndContributionMap":{"java":{"insertions":50,"deletions":38}}},{"hash":"54ef5d9d4a22830eeaad1f18032b3a72d2d7f6de","isMergeCommit":false,"messageTitle":"Delete src/Dummy directory","messageBody":"","fileTypesAndContributionMap":{"java":{"insertions":0,"deletions":75}}},{"hash":"6e27770d48ac81fddc364a29de0ad6585b2cb02d","isMergeCommit":false,"messageTitle":"Add dummy","messageBody":"","fileTypesAndContributionMap":{"java":{"insertions":75,"deletions":0}}}]},{"date":"2023-09-16","commitResults":[{"hash":"7fbfcbc75c9854645ee4a1450a6ca093e0d4afec","isMergeCommit":false,"messageTitle":"Improve code quality and coding standards","messageBody":"","fileTypesAndContributionMap":{"java":{"insertions":40,"deletions":32}}}]},{"date":"2023-09-17","commitResults":[{"hash":"033194a580c9461a34b524030ce7b7b76a2b71a5","isMergeCommit":false,"messageTitle":"Update README","messageBody":"","fileTypesAndContributionMap":{"md":{"insertions":27,"deletions":7}}},{"hash":"edd5d15c022cb8ca4db9a8a08be9fc23cdb9ea39","isMergeCommit":false,"messageTitle":"Update README","messageBody":"","fileTypesAndContributionMap":{"md":{"insertions":5,"deletions":4}}},{"hash":"982d5adbf92828282543083c896e8d913e08c04d","isMergeCommit":false,"messageTitle":"Create branch for Level 6 Add new exception for empty delete Create delete funtion","messageBody":"","fileTypesAndContributionMap":{"java":{"insertions":88,"deletions":61}}},{"hash":"d1cd0be1fabb9260096b9d07decc73f7db96f2a8","isMergeCommit":false,"messageTitle":"Make small changes in the order of some functions","messageBody":"","fileTypesAndContributionMap":{"java":{"insertions":6,"deletions":6}}},{"hash":"6adc77f9930f17500c650c1be718bec7111b2157","isMergeCommit":false,"messageTitle":"Update branch for Level 6","messageBody":"","fileTypesAndContributionMap":{"java":{"insertions":8,"deletions":80}}}]},{"date":"2023-09-18","commitResults":[{"hash":"3cd1e7c0c154db5e4e9681e62e17ae64860a3c7d","isMergeCommit":false,"messageTitle":"Update branch-Level-6","messageBody":"","fileTypesAndContributionMap":{"txt":{"insertions":44,"deletions":26},"java":{"insertions":8,"deletions":20}}},{"hash":"6b462057f06944669177ccb2eeee9885dfbb3e41","isMergeCommit":false,"messageTitle":"Update for branch-Level-6","messageBody":"","fileTypesAndContributionMap":{"java":{"insertions":5,"deletions":0}}},{"hash":"b5d2fe0015afdd56a3007299084d8bb5c7d4a727","isMergeCommit":false,"messageTitle":"Create branch-Level-7","messageBody":"","fileTypesAndContributionMap":{"txt":{"insertions":73,"deletions":6},"java":{"insertions":105,"deletions":67}}},{"hash":"8c1991fab3da52af4885cbcc9409ba4c4e572181","isMergeCommit":false,"messageTitle":"Update master","messageBody":"","fileTypesAndContributionMap":{"java":{"insertions":88,"deletions":67}}},{"hash":"de4b93225b6a6a4db5b6e23208d09e536bf0b224","isMergeCommit":false,"messageTitle":"Update for branch-Level-6","messageBody":"","fileTypesAndContributionMap":{"java":{"insertions":0,"deletions":4}}},{"hash":"99e628b4f3577d757158b2d1ebec406639bcdd0f","isMergeCommit":false,"messageTitle":"Update branch Level 7","messageBody":"","fileTypesAndContributionMap":{"java":{"insertions":76,"deletions":20}}},{"hash":"07c38595cb2f1ddb8266ba6a5c6a1e8d67e463f3","isMergeCommit":false,"messageTitle":"Update input.txt and output.txt","messageBody":"","fileTypesAndContributionMap":{"txt":{"insertions":40,"deletions":89}}},{"hash":"0af971ef93118ecc4e6dc7c2b713eccab72f65df","isMergeCommit":false,"messageTitle":"Update branch Level 7","messageBody":"","fileTypesAndContributionMap":{"java":{"insertions":55,"deletions":34}}},{"hash":"228fff73e434f4231e3c78178ceea7416edea71a","isMergeCommit":false,"messageTitle":"Update branch Level 7","messageBody":"","fileTypesAndContributionMap":{"txt":{"insertions":12,"deletions":4},"java":{"insertions":91,"deletions":58}}},{"hash":"0576bb48d9b216f73c2c31788a867ae9c7590cf3","isMergeCommit":false,"messageTitle":"Update branch Level 7","messageBody":"","fileTypesAndContributionMap":{"txt":{"insertions":7,"deletions":3},"java":{"insertions":27,"deletions":9}}},{"hash":"6d6fa70b6fc7e80f32c8c8793b55eb49a9ef8466","isMergeCommit":true,"messageTitle":"Merge branch \u0027branch-Level-6\u0027","messageBody":"# Conflicts:\n#\tsrc/elvis/TaskManager.java\n","tags":["Level-6","A-Collections"],"fileTypesAndContributionMap":{}},{"hash":"0521cea703cc2e8372ecf67024713ad298e0e458","isMergeCommit":true,"messageTitle":"Merge branch \u0027branch-Level-7\u0027","messageBody":"# Conflicts:\n#\tsrc/dummy/Echo.java\n#\tsrc/dummy/List.java\n#\tsrc/elvis/Elvis.java\n#\tsrc/elvis/TaskManager.java\n#\ttext-ui-test/EXPECTED.TXT\n","tags":["Level-7"],"fileTypesAndContributionMap":{}},{"hash":"cf5fdf6a3f6ebb4fc252aeaecffc28bcf0e861d6","isMergeCommit":false,"messageTitle":"Delete dummy files","messageBody":"","tags":["A-Jar"],"fileTypesAndContributionMap":{"java":{"insertions":0,"deletions":78}}},{"hash":"c4e742728c7de55e4751726a9622486f4e46e4f9","isMergeCommit":false,"messageTitle":"Delete CONTRIBUTORS.md","messageBody":"","fileTypesAndContributionMap":{"md":{"insertions":0,"deletions":9}}}]},{"date":"2023-09-24","commitResults":[{"hash":"3bf733a06d9a35cda1dd6779e4e05668aa19efe5","isMergeCommit":false,"messageTitle":"Update Elvis.java extract out classes","messageBody":"","tags":["A-MoreOOP"],"fileTypesAndContributionMap":{"java":{"insertions":459,"deletions":316}}},{"hash":"23974f1040faff1f8cbff3f7db22459457e4f66d","isMergeCommit":false,"messageTitle":"Update main","messageBody":"","fileTypesAndContributionMap":{"txt":{"insertions":3,"deletions":8},"java":{"insertions":4,"deletions":2}}},{"hash":"7567a8a2f5adc3ede7ac8202ec2d2851b68e2943","isMergeCommit":false,"messageTitle":"Update for extracting out the commands","messageBody":"","fileTypesAndContributionMap":{"java":{"insertions":178,"deletions":124}}},{"hash":"75b2f263d97910f74502a3dfc5f5644ebc6283f4","isMergeCommit":false,"messageTitle":"Update to fix bugs for delete command","messageBody":"","fileTypesAndContributionMap":{"txt":{"insertions":164,"deletions":40},"java":{"insertions":53,"deletions":28}}}]},{"date":"2023-09-25","commitResults":[{"hash":"c22c979b363570f2b71d54f8d71265316d38c11d","isMergeCommit":false,"messageTitle":"Branch for date and time addition","messageBody":"","fileTypesAndContributionMap":{"java":{"insertions":144,"deletions":55}}},{"hash":"feadab3854709fbc0c0cd973ec081556003df3ca","isMergeCommit":false,"messageTitle":"Update final for date and time","messageBody":"","fileTypesAndContributionMap":{"txt":{"insertions":74,"deletions":165},"java":{"insertions":133,"deletions":35}}},{"hash":"dbd8fcd961d49536c47672af4e6ed4dba56b207e","isMergeCommit":false,"messageTitle":"Update dummy for master branch","messageBody":"","fileTypesAndContributionMap":{"java":{"insertions":0,"deletions":1}}},{"hash":"a465155e4af1a338c54c4640b0a7168d24582d06","isMergeCommit":false,"messageTitle":"Update Elvis for find function","messageBody":"","fileTypesAndContributionMap":{"txt":{"insertions":47,"deletions":148},"java":{"insertions":55,"deletions":3}}},{"hash":"849ecde2c544642c055512c695d9140ee908c4ae","isMergeCommit":true,"messageTitle":"Merge pull request #1 from woodenclock/branch-Level-8","messageBody":"PR for branch level 8","tags":["Level-8"],"fileTypesAndContributionMap":{}},{"hash":"0c577c3f24dd7d3674ef4d78576dd0901b3fdc8d","isMergeCommit":true,"messageTitle":"Merge branch \u0027master\u0027 into branch-Level-9","messageBody":"","fileTypesAndContributionMap":{}},{"hash":"ff636544f1ab169f3ea5fed0b1d0ec4700420956","isMergeCommit":true,"messageTitle":"Merge pull request #2 from woodenclock/branch-Level-9","messageBody":"PR for branch level 9","tags":["Level-9"],"fileTypesAndContributionMap":{}},{"hash":"ce77ad36b105daec3795f374f1d7fb267bd33790","isMergeCommit":false,"messageTitle":"Update Elvis.java remove redundant lines","messageBody":"","fileTypesAndContributionMap":{"java":{"insertions":0,"deletions":2}}},{"hash":"620e87975ce44d530d923853b72c21f80d82f96e","isMergeCommit":false,"messageTitle":"Update Elvis for JavaDoc","messageBody":"","fileTypesAndContributionMap":{"txt":{"insertions":134,"deletions":0},"java":{"insertions":565,"deletions":45}}},{"hash":"0e6000292e3b626bcf393be3dfbc38ea4b8a96a3","isMergeCommit":false,"messageTitle":"Update README","messageBody":"","fileTypesAndContributionMap":{"md":{"insertions":1,"deletions":1}}},{"hash":"aa04348d5e02f3d044eb4732dff8eba9c1c22856","isMergeCommit":false,"messageTitle":"Update README.md","messageBody":"","tags":["A-UserGuide"],"fileTypesAndContributionMap":{"md":{"insertions":12,"deletions":0}}},{"hash":"676ef95f07056970a1e44bdb958e021314b8dca1","isMergeCommit":false,"messageTitle":"Update README.md","messageBody":"","fileTypesAndContributionMap":{"md":{"insertions":38,"deletions":4}}},{"hash":"1583ff1060be80cb3520487fa8b6fce43f4b6373","isMergeCommit":false,"messageTitle":"Update README.md","messageBody":"","fileTypesAndContributionMap":{"md":{"insertions":1,"deletions":1}}},{"hash":"d541cc9019142975e04f59fc9ad9d8ceb5dae92e","isMergeCommit":false,"messageTitle":"Update README.md","messageBody":"","fileTypesAndContributionMap":{"md":{"insertions":2,"deletions":2}}},{"hash":"3d85269d0b9b0e709965bc21f1a217243283f8b5","isMergeCommit":false,"messageTitle":"Update README.md","messageBody":"","fileTypesAndContributionMap":{"md":{"insertions":2,"deletions":2}}},{"hash":"126c85fd4db9394a0378f8f1f4f02d14d6b81145","isMergeCommit":false,"messageTitle":"Update README.md","messageBody":"","fileTypesAndContributionMap":{"md":{"insertions":2,"deletions":0}}},{"hash":"5146a256d871a75a0eeb3c89500c2d68faeff4e1","isMergeCommit":false,"messageTitle":"Update README.md","messageBody":"","fileTypesAndContributionMap":{"md":{"insertions":32,"deletions":34}}},{"hash":"e5b36c2d3be7774e74c4ea52255cd15890a0c34e","isMergeCommit":false,"messageTitle":"Update README.md","messageBody":"","fileTypesAndContributionMap":{"md":{"insertions":1,"deletions":2}}},{"hash":"41d191d8851ecfe8232039db3f327ea74bd2b311","isMergeCommit":false,"messageTitle":"Update README.md","messageBody":"","fileTypesAndContributionMap":{"md":{"insertions":24,"deletions":6}}},{"hash":"11203057a42c69b758e2f439822a934408e325b0","isMergeCommit":false,"messageTitle":"Update README.md","messageBody":"","fileTypesAndContributionMap":{"md":{"insertions":113,"deletions":7}}},{"hash":"5253b1fb9f3f9c494e84fc1f8f771f62cb880883","isMergeCommit":false,"messageTitle":"Update README.md","messageBody":"","fileTypesAndContributionMap":{"md":{"insertions":1,"deletions":1}}},{"hash":"3d7ea7e31d73cd380be2a34dbc24e700f0bc2405","isMergeCommit":false,"messageTitle":"Update README.md","messageBody":"","fileTypesAndContributionMap":{"md":{"insertions":1,"deletions":1}}},{"hash":"97d6d205758d51b1f48e45d507ff33df7974729b","isMergeCommit":false,"messageTitle":"Update README.md","messageBody":"","fileTypesAndContributionMap":{"md":{"insertions":5,"deletions":6}}},{"hash":"26f65bdfd5a55010a4255ff1865988de0ac544de","isMergeCommit":false,"messageTitle":"Update README.md","messageBody":"","fileTypesAndContributionMap":{"md":{"insertions":40,"deletions":4}}},{"hash":"5e6de7fc9d940659f9b312f2ed48a0952b8b0e6d","isMergeCommit":false,"messageTitle":"Update README.md","messageBody":"","fileTypesAndContributionMap":{"md":{"insertions":33,"deletions":0}}},{"hash":"34930f12c20c42e2fc2fb1f77e702806780746c2","isMergeCommit":false,"messageTitle":"Update README.md","messageBody":"","fileTypesAndContributionMap":{"md":{"insertions":19,"deletions":0}}},{"hash":"fff3f66f292cb8b16ad09ebc973c25f0aa0aa25d","isMergeCommit":false,"messageTitle":"Update README","messageBody":"","fileTypesAndContributionMap":{"txt":{"insertions":1,"deletions":1},"md":{"insertions":6,"deletions":0}}},{"hash":"6182095f29b8c31abf8dc67f186ed13d72ce060a","isMergeCommit":false,"messageTitle":"Update README.md","messageBody":"","fileTypesAndContributionMap":{"md":{"insertions":22,"deletions":3}}},{"hash":"2953ecdae5facbfca1a54cd07ed0cfb8673e1ef0","isMergeCommit":false,"messageTitle":"Update README.md","messageBody":"","fileTypesAndContributionMap":{"md":{"insertions":19,"deletions":0}}},{"hash":"c305f9a70d6ce5e1b182b6ff824232e084689ffd","isMergeCommit":false,"messageTitle":"Update README.md","messageBody":"","fileTypesAndContributionMap":{"md":{"insertions":6,"deletions":6}}},{"hash":"45466ca13f2faa381668f82b991421f0c25741be","isMergeCommit":false,"messageTitle":"Update README.md","messageBody":"","fileTypesAndContributionMap":{"md":{"insertions":41,"deletions":6}}},{"hash":"6b114339d53e30d34c80c39369ed618c7fabe2be","isMergeCommit":false,"messageTitle":"Update README.md","messageBody":"","fileTypesAndContributionMap":{"md":{"insertions":25,"deletions":2}}},{"hash":"0a9ddd6a73380ba3c6104090421764c993523379","isMergeCommit":false,"messageTitle":"Update README.md","messageBody":"","fileTypesAndContributionMap":{"md":{"insertions":13,"deletions":1}}},{"hash":"205905ad90d32aac1d53458ec82956228934106c","isMergeCommit":false,"messageTitle":"Update README.md","messageBody":"","fileTypesAndContributionMap":{"md":{"insertions":14,"deletions":0}}},{"hash":"df1082a40b5f7c48610dc88139f3b3bba0ead3c3","isMergeCommit":false,"messageTitle":"Update README.md","messageBody":"","fileTypesAndContributionMap":{"md":{"insertions":8,"deletions":46}}},{"hash":"9126f95db2b310d0bf5f0a9c9927a4924cc454ec","isMergeCommit":false,"messageTitle":"Update README.md","messageBody":"","fileTypesAndContributionMap":{"md":{"insertions":13,"deletions":2}}},{"hash":"260aac80320254f11d75ee3932e9967faa8e8c03","isMergeCommit":false,"messageTitle":"Update README.md","messageBody":"","fileTypesAndContributionMap":{"md":{"insertions":1,"deletions":1}}},{"hash":"5ed5c1ee13832171d03ebe7ff930efa4a16bffb8","isMergeCommit":false,"messageTitle":"Update README.md","messageBody":"","fileTypesAndContributionMap":{"md":{"insertions":5,"deletions":3}}},{"hash":"aef716295087c15b400da7bbf77a59dbd6fd3e06","isMergeCommit":false,"messageTitle":"Update README.md","messageBody":"","fileTypesAndContributionMap":{"md":{"insertions":12,"deletions":12}}},{"hash":"41ef5eca81c233c7c5816eb220a9b020431a651e","isMergeCommit":false,"messageTitle":"Update README.md","messageBody":"","fileTypesAndContributionMap":{"md":{"insertions":3,"deletions":0}}},{"hash":"92e598969a97b5085df82d179c4bd1cc38c59fe3","isMergeCommit":false,"messageTitle":"Update README.md","messageBody":"","fileTypesAndContributionMap":{"md":{"insertions":3,"deletions":0}}},{"hash":"afb96b56eda2b6fa0fcf28373809380780c9aa9e","isMergeCommit":false,"messageTitle":"Update README.md","messageBody":"","fileTypesAndContributionMap":{"md":{"insertions":33,"deletions":32}}},{"hash":"10205661f297fdb298b9f834e5b4d054fa18768d","isMergeCommit":false,"messageTitle":"Update README.md","messageBody":"","fileTypesAndContributionMap":{"md":{"insertions":1,"deletions":1}}},{"hash":"7cc126f786002e24baa251888a65a081c032e556","isMergeCommit":false,"messageTitle":"Update README.md","messageBody":"","fileTypesAndContributionMap":{"md":{"insertions":10,"deletions":7}}}]},{"date":"2023-09-29","commitResults":[{"hash":"79a73c501da29ef0ddea1c34a8844581fefb076a","isMergeCommit":false,"messageTitle":"Delete tasks.txt","messageBody":"","fileTypesAndContributionMap":{"txt":{"insertions":0,"deletions":5}}},{"hash":"59f49936d9873b5682f692374277cc65ffbed701","isMergeCommit":false,"messageTitle":"Update DateTimeHandler to take care of errors","messageBody":"","fileTypesAndContributionMap":{"txt":{"insertions":1,"deletions":1},"java":{"insertions":54,"deletions":53}}},{"hash":"fdcbb8995176521ee05d984933ab765bd5ae95e2","isMergeCommit":false,"messageTitle":"Branch for A-JavaDoc","messageBody":"","fileTypesAndContributionMap":{"java":{"insertions":3,"deletions":0}}},{"hash":"fccc01bcd9bcb473cbc10053657dc7a2f7272be7","isMergeCommit":false,"messageTitle":"Update Elvis and Ui for JavaDoc","messageBody":"","fileTypesAndContributionMap":{"java":{"insertions":5,"deletions":1}}},{"hash":"8019532deae67142bc09c582a954ad9126c578b7","isMergeCommit":false,"messageTitle":"Update BootUpShutDown for JavaDoc","messageBody":"","fileTypesAndContributionMap":{"java":{"insertions":3,"deletions":1}}},{"hash":"0910bd3118b9207e0d37172de6d9024b95e514a0","isMergeCommit":true,"messageTitle":"Merge branch \u0027branch-A-JavaDoc\u0027","messageBody":"# Conflicts:\n#\tsrc/elvis/Elvis.java\n#\tsrc/elvis/operation/BootUpShutDown.java\n#\tsrc/elvis/operation/Ui.java\n","tags":["A-JavaDoc"],"fileTypesAndContributionMap":{}},{"hash":"dc2672aef7e20ecb6c52fea4e1a92e645026bdab","isMergeCommit":false,"messageTitle":"Update Elvis for JavaDoc","messageBody":"","fileTypesAndContributionMap":{"java":{"insertions":1,"deletions":0}}},{"hash":"a5cfb1016877c6db8c5279777981bcd8b52ec51b","isMergeCommit":false,"messageTitle":"Update README.md","messageBody":"","fileTypesAndContributionMap":{"md":{"insertions":13,"deletions":13}}},{"hash":"61f00eb64605c4353fb58c4efe8c06243df21c48","isMergeCommit":false,"messageTitle":"Update README.md","messageBody":"","fileTypesAndContributionMap":{"md":{"insertions":12,"deletions":2}}},{"hash":"c73c60d27028cad51342a0d8153ba6da5b02d6d0","isMergeCommit":false,"messageTitle":"Update README.md","messageBody":"","fileTypesAndContributionMap":{"md":{"insertions":6,"deletions":0}}},{"hash":"8342756e76e45448c713fd03e0364ea3d0669466","isMergeCommit":false,"messageTitle":"Update README.md","messageBody":"","fileTypesAndContributionMap":{"md":{"insertions":4,"deletions":4}}},{"hash":"7cea4a03012a1166dc45e6567593c0e46b550a9c","isMergeCommit":false,"messageTitle":"Update README.md","messageBody":"","fileTypesAndContributionMap":{"md":{"insertions":8,"deletions":6}}},{"hash":"655a53c867ad8d6d01f388388c906780d2b0eb61","isMergeCommit":false,"messageTitle":"Update README.md","messageBody":"","fileTypesAndContributionMap":{"md":{"insertions":1,"deletions":1}}},{"hash":"0f1f15644e65bd13fb52fb006b1fafc9eb6bc5ce","isMergeCommit":false,"messageTitle":"Update README.md","messageBody":"","fileTypesAndContributionMap":{"md":{"insertions":1,"deletions":1}}},{"hash":"ab9d98ef344c1772e968464aa08dcf636f29611f","isMergeCommit":false,"messageTitle":"Update README.md","messageBody":"","fileTypesAndContributionMap":{"md":{"insertions":2,"deletions":0}}},{"hash":"e9fb122046b81691d8dea66f1e6ae8a084f129e8","isMergeCommit":false,"messageTitle":"Update README.md","messageBody":"","fileTypesAndContributionMap":{"md":{"insertions":1,"deletions":3}}},{"hash":"457ab4198498998f4335317812a6ae85912bc5cc","isMergeCommit":false,"messageTitle":"Update README.md","messageBody":"","fileTypesAndContributionMap":{"md":{"insertions":1,"deletions":1}}},{"hash":"267450ae2eb2a0a0babb1c584b1794f30eb9d1a6","isMergeCommit":false,"messageTitle":"Update Elvis for release V1.2","messageBody":"","fileTypesAndContributionMap":{"txt":{"insertions":59,"deletions":23},"java":{"insertions":25,"deletions":1}}},{"hash":"bd0f8a3a38ad6616bd5ad4550ec1a0f88a6e66aa","isMergeCommit":true,"messageTitle":"Merge remote-tracking branch \u0027origin/master\u0027","messageBody":"","tags":["Release_V1.2"],"fileTypesAndContributionMap":{}},{"hash":"2a66b51756e870bda459c53a4da31198dd6f2c04","isMergeCommit":false,"messageTitle":"Update Help","messageBody":"","fileTypesAndContributionMap":{"java":{"insertions":1,"deletions":1}}},{"hash":"b052eb910f8a6b75000be96a6dc194c63ccf506d","isMergeCommit":false,"messageTitle":"Update README.md","messageBody":"","fileTypesAndContributionMap":{"md":{"insertions":1,"deletions":1}}},{"hash":"a6e9cbba4533a12f0696f9fc6d3b9abfdfaf1440","isMergeCommit":false,"messageTitle":"Update DateTimeHandler for more robust error handle eg event go for the workshop /from 2023-6-29 1700 /to 58/06/2023 1900 where 58 is not valid","messageBody":"","fileTypesAndContributionMap":{"java":{"insertions":8,"deletions":8}}},{"hash":"4c8fd9484e076b9c9b123e10cc4a56519e80b6e6","isMergeCommit":true,"messageTitle":"Merge remote-tracking branch \u0027origin/master\u0027","messageBody":"","tags":["A-Release"],"fileTypesAndContributionMap":{}}]}]},"authorFileTypeContributionMap":{"woodenclock":{"java":1646,"md":430,"fxml":0,"sh":1,"bat":1,"gradle":0,"txt":182}},"authorContributionVariance":{"woodenclock":200426.23},"authorDisplayNameMap":{"woodenclock":"CS2113T-W11-2 LEE ..GMIN"}}
