{"authorDailyContributionsMap":{"woodenclock":[{"date":"2023-08-23","commitResults":[{"hash":"d169c94d5b4d79e764826f87b019315e17b1ea5b","isMergeCommit":false,"messageTitle":"Update Duke.java for Level 0","messageBody":"","tags":["Level-0"],"fileTypesAndContributionMap":{"java":{"insertions":13,"deletions":1}}}]},{"date":"2023-08-28","commitResults":[{"hash":"d88e634228ec2237c956186cae6d107668f2fa41","isMergeCommit":false,"messageTitle":"Update Duke.java for Level 1","messageBody":"","tags":["Level-1"],"fileTypesAndContributionMap":{"java":{"insertions":35,"deletions":11}}},{"hash":"b6376de9d0bb9fa22a7c78c6c48490f20f8d9570","isMergeCommit":false,"messageTitle":"Update Duke.java for Level 2","messageBody":"","fileTypesAndContributionMap":{"java":{"insertions":47,"deletions":13}}},{"hash":"53f1515e76c8fe596f909827fa12138ac39c8539","isMergeCommit":false,"messageTitle":"Update Duke.java for Level 2","messageBody":"","tags":["Level-2"],"fileTypesAndContributionMap":{"java":{"insertions":31,"deletions":6}}},{"hash":"0cb05913c3f31a519eff9e659fbf162125bd739a","isMergeCommit":false,"messageTitle":"Update Duke.java for Level 3","messageBody":"","tags":["Level-3"],"fileTypesAndContributionMap":{"java":{"insertions":103,"deletions":5}}},{"hash":"ed3b19b5d8e2d92c8b86293e8d0846080334d09f","isMergeCommit":false,"messageTitle":"Update Logo","messageBody":"","fileTypesAndContributionMap":{"java":{"insertions":2,"deletions":2}}}]},{"date":"2023-08-30","commitResults":[{"hash":"ddf5623445a320e41ec7bd492b827dd10c7077a8","isMergeCommit":false,"messageTitle":"Update Duke.java for A-CodingStandard Fix code such that when empty input keyed in, will recognize as invalid input","messageBody":"","tags":["A-CodingStandard"],"fileTypesAndContributionMap":{"java":{"insertions":80,"deletions":55}}}]},{"date":"2023-09-01","commitResults":[{"hash":"411059e91f8c053932587f732accb5af2bc2de58","isMergeCommit":false,"messageTitle":"Update ip","messageBody":"","fileTypesAndContributionMap":{"java":{"insertions":0,"deletions":0}}},{"hash":"50989b48dd389f0d7f9b7a41030390b6efbbda3a","isMergeCommit":false,"messageTitle":"Update Duke.java to Elvis.java Change in chatbot name","messageBody":"","fileTypesAndContributionMap":{"java":{"insertions":23,"deletions":23},"bat":{"insertions":1,"deletions":1},"sh":{"insertions":1,"deletions":1},"md":{"insertions":2,"deletions":2}}}]},{"date":"2023-09-03","commitResults":[{"hash":"10443e227e94cfcf5d30595189429927a2184e8b","isMergeCommit":false,"messageTitle":"Create Week 4 Level 4","messageBody":"","fileTypesAndContributionMap":{"txt":{"insertions":112,"deletions":0},"java":{"insertions":202,"deletions":90}}},{"hash":"b9287305e01ecab1f482c482ce9384b98ae8dc72","isMergeCommit":false,"messageTitle":"Update Elvis.java for Level 4","messageBody":"","tags":["Level-4","A-Inheritance"],"fileTypesAndContributionMap":{"java":{"insertions":71,"deletions":46}}},{"hash":"6ed5cc9f003863f2277c6ed823f37cab65cde851","isMergeCommit":false,"messageTitle":"Update Elvis.java text-ui-test","messageBody":"","tags":["A-TextUiTesting","A-CodeQuality"],"fileTypesAndContributionMap":{"txt":{"insertions":32,"deletions":31}}}]},{"date":"2023-09-06","commitResults":[{"hash":"82f34afbee142994325480ded21deb99279a0ae7","isMergeCommit":false,"messageTitle":"Update Elvis.java logo","messageBody":"","fileTypesAndContributionMap":{"java":{"insertions":23,"deletions":23}}},{"hash":"988f71c38b7e1a10c43992f94570f71e70e95ba2","isMergeCommit":false,"messageTitle":"Update Elvis.java such that the Task and TaskManager are now separate objects","messageBody":"","fileTypesAndContributionMap":{"java":{"insertions":165,"deletions":155}}}]},{"date":"2023-09-08","commitResults":[{"hash":"50ef4ed1092319923e563e6e0acbace4fa798867","isMergeCommit":false,"messageTitle":"Update Elvis.java separate dummy code","messageBody":"","fileTypesAndContributionMap":{"java":{"insertions":4,"deletions":3}}}]},{"date":"2023-09-10","commitResults":[{"hash":"3dbd01458a653ceddde165dee26044f74158cf27","isMergeCommit":false,"messageTitle":"Create ip","messageBody":"","fileTypesAndContributionMap":{"java":{"insertions":130,"deletions":66}}},{"hash":"6a80561b5fbe52938fa44335373a36d124cc2d83","isMergeCommit":false,"messageTitle":"Create Level-5 branching for addition of exception","messageBody":"","fileTypesAndContributionMap":{"java":{"insertions":130,"deletions":66}}},{"hash":"63878b6470c6d307b0840fc1e6a0acdfbb0ce9aa","isMergeCommit":false,"messageTitle":"Create branch for packaging. Changed Dummy to dummy","messageBody":"","fileTypesAndContributionMap":{"java":{"insertions":32,"deletions":0}}},{"hash":"af1231b0c295a7aaa2a0302b1fd5f7f4a195fd45","isMergeCommit":false,"messageTitle":"Update packaging","messageBody":"","fileTypesAndContributionMap":{"java":{"insertions":18,"deletions":12}}},{"hash":"923beb713c72a30585c0782f318784b4b158c279","isMergeCommit":false,"messageTitle":"Update packaging Changed Dummy to dummy","messageBody":"","fileTypesAndContributionMap":{"java":{"insertions":30,"deletions":0}}},{"hash":"7b4ca5a2667e0eb4242361fcaaf72801fa0da64a","isMergeCommit":false,"messageTitle":"Add Help.java Create Miscellaneous.java for storing basic functionalities","messageBody":"","fileTypesAndContributionMap":{"java":{"insertions":142,"deletions":86}}},{"hash":"808e4bbf52d722730847544c38b313c9f2260626","isMergeCommit":false,"messageTitle":"Update TaskManager.java","messageBody":"","fileTypesAndContributionMap":{"java":{"insertions":1,"deletions":0}}},{"hash":"d6eebccec8657256961cfb87b4a19054f5879c52","isMergeCommit":true,"messageTitle":"Merge branch \u0027branch-A-Packages\u0027","messageBody":"# Conflicts:\n#\tsrc/elvis/TaskManager.java\n","tags":["A-Packages"],"fileTypesAndContributionMap":{}},{"hash":"ea2fd876d5d5a29282b882da93970e340e4513fd","isMergeCommit":false,"messageTitle":"Update Elvis.java","messageBody":"","fileTypesAndContributionMap":{"java":{"insertions":0,"deletions":1}}}]},{"date":"2023-09-15","commitResults":[{"hash":"b62b96f088152870968ca486da303b5b9aa0d962","isMergeCommit":false,"messageTitle":"Update Elvis.java fixed some bugs","messageBody":"","fileTypesAndContributionMap":{"java":{"insertions":50,"deletions":38}}},{"hash":"54ef5d9d4a22830eeaad1f18032b3a72d2d7f6de","isMergeCommit":false,"messageTitle":"Delete src/Dummy directory","messageBody":"","fileTypesAndContributionMap":{"java":{"insertions":0,"deletions":75}}},{"hash":"6e27770d48ac81fddc364a29de0ad6585b2cb02d","isMergeCommit":false,"messageTitle":"Add dummy","messageBody":"","fileTypesAndContributionMap":{"java":{"insertions":75,"deletions":0}}}]},{"date":"2023-09-16","commitResults":[{"hash":"7fbfcbc75c9854645ee4a1450a6ca093e0d4afec","isMergeCommit":false,"messageTitle":"Improve code quality and coding standards","messageBody":"","fileTypesAndContributionMap":{"java":{"insertions":40,"deletions":32}}}]},{"date":"2023-09-17","commitResults":[{"hash":"033194a580c9461a34b524030ce7b7b76a2b71a5","isMergeCommit":false,"messageTitle":"Update README","messageBody":"","fileTypesAndContributionMap":{"md":{"insertions":27,"deletions":7}}},{"hash":"edd5d15c022cb8ca4db9a8a08be9fc23cdb9ea39","isMergeCommit":false,"messageTitle":"Update README","messageBody":"","fileTypesAndContributionMap":{"md":{"insertions":5,"deletions":4}}},{"hash":"982d5adbf92828282543083c896e8d913e08c04d","isMergeCommit":false,"messageTitle":"Create branch for Level 6 Add new exception for empty delete Create delete funtion","messageBody":"","fileTypesAndContributionMap":{"java":{"insertions":88,"deletions":61}}},{"hash":"d1cd0be1fabb9260096b9d07decc73f7db96f2a8","isMergeCommit":false,"messageTitle":"Make small changes in the order of some functions","messageBody":"","fileTypesAndContributionMap":{"java":{"insertions":6,"deletions":6}}},{"hash":"6adc77f9930f17500c650c1be718bec7111b2157","isMergeCommit":false,"messageTitle":"Update branch for Level 6","messageBody":"","fileTypesAndContributionMap":{"java":{"insertions":8,"deletions":80}}}]},{"date":"2023-09-18","commitResults":[{"hash":"3cd1e7c0c154db5e4e9681e62e17ae64860a3c7d","isMergeCommit":false,"messageTitle":"Update branch-Level-6","messageBody":"","fileTypesAndContributionMap":{"txt":{"insertions":44,"deletions":26},"java":{"insertions":8,"deletions":20}}},{"hash":"6b462057f06944669177ccb2eeee9885dfbb3e41","isMergeCommit":false,"messageTitle":"Update for branch-Level-6","messageBody":"","fileTypesAndContributionMap":{"java":{"insertions":5,"deletions":0}}},{"hash":"b5d2fe0015afdd56a3007299084d8bb5c7d4a727","isMergeCommit":false,"messageTitle":"Create branch-Level-7","messageBody":"","fileTypesAndContributionMap":{"txt":{"insertions":73,"deletions":6},"java":{"insertions":105,"deletions":67}}},{"hash":"8c1991fab3da52af4885cbcc9409ba4c4e572181","isMergeCommit":false,"messageTitle":"Update master","messageBody":"","fileTypesAndContributionMap":{"java":{"insertions":88,"deletions":67}}},{"hash":"de4b93225b6a6a4db5b6e23208d09e536bf0b224","isMergeCommit":false,"messageTitle":"Update for branch-Level-6","messageBody":"","fileTypesAndContributionMap":{"java":{"insertions":0,"deletions":4}}},{"hash":"99e628b4f3577d757158b2d1ebec406639bcdd0f","isMergeCommit":false,"messageTitle":"Update branch Level 7","messageBody":"","fileTypesAndContributionMap":{"java":{"insertions":76,"deletions":20}}},{"hash":"07c38595cb2f1ddb8266ba6a5c6a1e8d67e463f3","isMergeCommit":false,"messageTitle":"Update input.txt and output.txt","messageBody":"","fileTypesAndContributionMap":{"txt":{"insertions":40,"deletions":89}}},{"hash":"0af971ef93118ecc4e6dc7c2b713eccab72f65df","isMergeCommit":false,"messageTitle":"Update branch Level 7","messageBody":"","fileTypesAndContributionMap":{"java":{"insertions":55,"deletions":34}}},{"hash":"228fff73e434f4231e3c78178ceea7416edea71a","isMergeCommit":false,"messageTitle":"Update branch Level 7","messageBody":"","fileTypesAndContributionMap":{"txt":{"insertions":12,"deletions":4},"java":{"insertions":91,"deletions":58}}},{"hash":"0576bb48d9b216f73c2c31788a867ae9c7590cf3","isMergeCommit":false,"messageTitle":"Update branch Level 7","messageBody":"","fileTypesAndContributionMap":{"txt":{"insertions":7,"deletions":3},"java":{"insertions":27,"deletions":9}}},{"hash":"6d6fa70b6fc7e80f32c8c8793b55eb49a9ef8466","isMergeCommit":true,"messageTitle":"Merge branch \u0027branch-Level-6\u0027","messageBody":"# Conflicts:\n#\tsrc/elvis/TaskManager.java\n","tags":["Level-6","A-Collections"],"fileTypesAndContributionMap":{}},{"hash":"0521cea703cc2e8372ecf67024713ad298e0e458","isMergeCommit":true,"messageTitle":"Merge branch \u0027branch-Level-7\u0027","messageBody":"# Conflicts:\n#\tsrc/dummy/Echo.java\n#\tsrc/dummy/List.java\n#\tsrc/elvis/Elvis.java\n#\tsrc/elvis/TaskManager.java\n#\ttext-ui-test/EXPECTED.TXT\n","tags":["Level-7"],"fileTypesAndContributionMap":{}},{"hash":"cf5fdf6a3f6ebb4fc252aeaecffc28bcf0e861d6","isMergeCommit":false,"messageTitle":"Delete dummy files","messageBody":"","tags":["A-Jar"],"fileTypesAndContributionMap":{"java":{"insertions":0,"deletions":78}}},{"hash":"c4e742728c7de55e4751726a9622486f4e46e4f9","isMergeCommit":false,"messageTitle":"Delete CONTRIBUTORS.md","messageBody":"","fileTypesAndContributionMap":{"md":{"insertions":0,"deletions":9}}}]},{"date":"2023-09-24","commitResults":[{"hash":"3bf733a06d9a35cda1dd6779e4e05668aa19efe5","isMergeCommit":false,"messageTitle":"Update Elvis.java extract out classes","messageBody":"","tags":["A-MoreOOP"],"fileTypesAndContributionMap":{"java":{"insertions":459,"deletions":316}}},{"hash":"23974f1040faff1f8cbff3f7db22459457e4f66d","isMergeCommit":false,"messageTitle":"Update main","messageBody":"","fileTypesAndContributionMap":{"txt":{"insertions":3,"deletions":8},"java":{"insertions":4,"deletions":2}}}]}]},"authorFileTypeContributionMap":{"woodenclock":{"java":785,"md":30,"fxml":0,"sh":1,"bat":1,"gradle":0,"txt":138}},"authorContributionVariance":{"woodenclock":66912.52},"authorDisplayNameMap":{"woodenclock":"CS2113T-W11-2 LEE ..GMIN"}}
