[{"path":"src/main/java/Duke.java","fileType":"java","lines":[{"lineNumber":1,"author":{"gitId":"Hongzhii"},"content":"import java.util.Scanner;","lastModifiedDate":"2023-09-05"},{"lineNumber":2,"author":{"gitId":"Hongzhii"},"content":"","lastModifiedDate":"2023-09-05"},{"lineNumber":3,"author":{"gitId":"-"},"content":"public class Duke {","lastModifiedDate":"2019-07-29"},{"lineNumber":4,"author":{"gitId":"Hongzhii"},"content":"    static private List taskList \u003d new List();","lastModifiedDate":"2023-09-06"},{"lineNumber":5,"author":{"gitId":"Hongzhii"},"content":"","lastModifiedDate":"2023-09-06"},{"lineNumber":6,"author":{"gitId":"Hongzhii"},"content":"    public static void printLine(){","lastModifiedDate":"2023-09-05"},{"lineNumber":7,"author":{"gitId":"Hongzhii"},"content":"        System.out.println(\"____________________________________________________________\");","lastModifiedDate":"2023-09-05"},{"lineNumber":8,"author":{"gitId":"-"},"content":"    }","lastModifiedDate":"2023-09-05"},{"lineNumber":9,"author":{"gitId":"Hongzhii"},"content":"","lastModifiedDate":"2023-09-05"},{"lineNumber":10,"author":{"gitId":"Hongzhii"},"content":"    public static void main(String[] args){","lastModifiedDate":"2023-09-05"},{"lineNumber":11,"author":{"gitId":"Hongzhii"},"content":"","lastModifiedDate":"2023-09-06"},{"lineNumber":12,"author":{"gitId":"Hongzhii"},"content":"        System.out.println(\"Hello! I\u0027m TheChattyFatty\");","lastModifiedDate":"2023-09-05"},{"lineNumber":13,"author":{"gitId":"Hongzhii"},"content":"        System.out.println(\"What can I do for you?\");","lastModifiedDate":"2023-09-05"},{"lineNumber":14,"author":{"gitId":"Hongzhii"},"content":"","lastModifiedDate":"2023-09-05"},{"lineNumber":15,"author":{"gitId":"Hongzhii"},"content":"        Scanner scanner \u003d new Scanner(System.in);","lastModifiedDate":"2023-09-05"},{"lineNumber":16,"author":{"gitId":"Hongzhii"},"content":"        while(true) {","lastModifiedDate":"2023-09-05"},{"lineNumber":17,"author":{"gitId":"Hongzhii"},"content":"            // Get user input","lastModifiedDate":"2023-09-06"},{"lineNumber":18,"author":{"gitId":"Hongzhii"},"content":"            String response \u003d scanner.nextLine();","lastModifiedDate":"2023-09-05"},{"lineNumber":19,"author":{"gitId":"Hongzhii"},"content":"","lastModifiedDate":"2023-09-06"},{"lineNumber":20,"author":{"gitId":"Hongzhii"},"content":"            // Handle basic response cases","lastModifiedDate":"2023-09-06"},{"lineNumber":21,"author":{"gitId":"Hongzhii"},"content":"            if (response.equals(\"bye\")) {","lastModifiedDate":"2023-09-05"},{"lineNumber":22,"author":{"gitId":"Hongzhii"},"content":"                break;","lastModifiedDate":"2023-09-05"},{"lineNumber":23,"author":{"gitId":"Hongzhii"},"content":"            }","lastModifiedDate":"2023-09-06"},{"lineNumber":24,"author":{"gitId":"Hongzhii"},"content":"            else if (response.equals(\"list\")) {","lastModifiedDate":"2023-09-06"},{"lineNumber":25,"author":{"gitId":"Hongzhii"},"content":"                taskList.show();","lastModifiedDate":"2023-09-06"},{"lineNumber":26,"author":{"gitId":"Hongzhii"},"content":"                continue;","lastModifiedDate":"2023-09-06"},{"lineNumber":27,"author":{"gitId":"Hongzhii"},"content":"            }","lastModifiedDate":"2023-09-06"},{"lineNumber":28,"author":{"gitId":"Hongzhii"},"content":"","lastModifiedDate":"2023-09-06"},{"lineNumber":29,"author":{"gitId":"Hongzhii"},"content":"            // Split user input into array of words","lastModifiedDate":"2023-09-06"},{"lineNumber":30,"author":{"gitId":"Hongzhii"},"content":"            String[] words \u003d response.split(\" \");","lastModifiedDate":"2023-09-06"},{"lineNumber":31,"author":{"gitId":"Hongzhii"},"content":"","lastModifiedDate":"2023-09-06"},{"lineNumber":32,"author":{"gitId":"Hongzhii"},"content":"            // Handling mark case","lastModifiedDate":"2023-09-06"},{"lineNumber":33,"author":{"gitId":"Hongzhii"},"content":"            if(words[0].equals(\"mark\")) {","lastModifiedDate":"2023-09-06"},{"lineNumber":34,"author":{"gitId":"Hongzhii"},"content":"                // Handle first exception case: number of elements not equal to 2","lastModifiedDate":"2023-09-06"},{"lineNumber":35,"author":{"gitId":"Hongzhii"},"content":"                if (words.length !\u003d 2) {","lastModifiedDate":"2023-09-06"},{"lineNumber":36,"author":{"gitId":"Hongzhii"},"content":"                    taskList.add(response);","lastModifiedDate":"2023-09-06"},{"lineNumber":37,"author":{"gitId":"Hongzhii"},"content":"                    continue;","lastModifiedDate":"2023-09-06"},{"lineNumber":38,"author":{"gitId":"Hongzhii"},"content":"                }","lastModifiedDate":"2023-09-06"},{"lineNumber":39,"author":{"gitId":"Hongzhii"},"content":"","lastModifiedDate":"2023-09-06"},{"lineNumber":40,"author":{"gitId":"Hongzhii"},"content":"                // Handle second exception case: second element is not an int","lastModifiedDate":"2023-09-06"},{"lineNumber":41,"author":{"gitId":"Hongzhii"},"content":"                try {","lastModifiedDate":"2023-09-06"},{"lineNumber":42,"author":{"gitId":"Hongzhii"},"content":"                    int markIndex \u003d Integer.parseInt(words[1]);","lastModifiedDate":"2023-09-06"},{"lineNumber":43,"author":{"gitId":"Hongzhii"},"content":"                    taskList.mark(markIndex);","lastModifiedDate":"2023-09-06"},{"lineNumber":44,"author":{"gitId":"Hongzhii"},"content":"                }","lastModifiedDate":"2023-09-06"},{"lineNumber":45,"author":{"gitId":"Hongzhii"},"content":"                catch (NumberFormatException e) {","lastModifiedDate":"2023-09-06"},{"lineNumber":46,"author":{"gitId":"Hongzhii"},"content":"                    System.out.println(\"Please enter am integer value for the index\");","lastModifiedDate":"2023-09-06"},{"lineNumber":47,"author":{"gitId":"Hongzhii"},"content":"                }","lastModifiedDate":"2023-09-06"},{"lineNumber":48,"author":{"gitId":"Hongzhii"},"content":"            }","lastModifiedDate":"2023-09-06"},{"lineNumber":49,"author":{"gitId":"Hongzhii"},"content":"            else if(words[0].equals(\"unmark\")){","lastModifiedDate":"2023-09-06"},{"lineNumber":50,"author":{"gitId":"Hongzhii"},"content":"                // Handle first exception case: number of elements not equal to 2","lastModifiedDate":"2023-09-06"},{"lineNumber":51,"author":{"gitId":"Hongzhii"},"content":"                if (words.length !\u003d 2){","lastModifiedDate":"2023-09-06"},{"lineNumber":52,"author":{"gitId":"Hongzhii"},"content":"                    taskList.add(response);","lastModifiedDate":"2023-09-06"},{"lineNumber":53,"author":{"gitId":"Hongzhii"},"content":"                    continue;","lastModifiedDate":"2023-09-06"},{"lineNumber":54,"author":{"gitId":"Hongzhii"},"content":"                }","lastModifiedDate":"2023-09-06"},{"lineNumber":55,"author":{"gitId":"Hongzhii"},"content":"","lastModifiedDate":"2023-09-06"},{"lineNumber":56,"author":{"gitId":"Hongzhii"},"content":"                // Handle second exception case: second element is not an int","lastModifiedDate":"2023-09-06"},{"lineNumber":57,"author":{"gitId":"Hongzhii"},"content":"                try {","lastModifiedDate":"2023-09-06"},{"lineNumber":58,"author":{"gitId":"Hongzhii"},"content":"                    int unmarkIndex \u003d Integer.parseInt(words[1]);","lastModifiedDate":"2023-09-06"},{"lineNumber":59,"author":{"gitId":"Hongzhii"},"content":"                    taskList.unmark(unmarkIndex);","lastModifiedDate":"2023-09-06"},{"lineNumber":60,"author":{"gitId":"Hongzhii"},"content":"                }","lastModifiedDate":"2023-09-06"},{"lineNumber":61,"author":{"gitId":"Hongzhii"},"content":"                catch (NumberFormatException e){","lastModifiedDate":"2023-09-06"},{"lineNumber":62,"author":{"gitId":"Hongzhii"},"content":"                    System.out.println(\"Please enter an integer value for the index\");","lastModifiedDate":"2023-09-06"},{"lineNumber":63,"author":{"gitId":"Hongzhii"},"content":"                }","lastModifiedDate":"2023-09-06"},{"lineNumber":64,"author":{"gitId":"Hongzhii"},"content":"            }","lastModifiedDate":"2023-09-06"},{"lineNumber":65,"author":{"gitId":"Hongzhii"},"content":"","lastModifiedDate":"2023-09-06"},{"lineNumber":66,"author":{"gitId":"Hongzhii"},"content":"            // Default case, add to list","lastModifiedDate":"2023-09-06"},{"lineNumber":67,"author":{"gitId":"Hongzhii"},"content":"            else{","lastModifiedDate":"2023-09-06"},{"lineNumber":68,"author":{"gitId":"Hongzhii"},"content":"                taskList.add(response);","lastModifiedDate":"2023-09-06"},{"lineNumber":69,"author":{"gitId":"Hongzhii"},"content":"            }","lastModifiedDate":"2023-09-05"},{"lineNumber":70,"author":{"gitId":"Hongzhii"},"content":"        }","lastModifiedDate":"2023-09-05"},{"lineNumber":71,"author":{"gitId":"Hongzhii"},"content":"","lastModifiedDate":"2023-09-05"},{"lineNumber":72,"author":{"gitId":"Hongzhii"},"content":"","lastModifiedDate":"2023-09-05"},{"lineNumber":73,"author":{"gitId":"Hongzhii"},"content":"        System.out.println(\"Bye. Hope to see you again soon!\");","lastModifiedDate":"2023-09-05"},{"lineNumber":74,"author":{"gitId":"-"},"content":"    }","lastModifiedDate":"2019-07-29"},{"lineNumber":75,"author":{"gitId":"-"},"content":"}","lastModifiedDate":"2019-07-29"}],"authorContributionMap":{"Hongzhii":71,"-":4}},{"path":"src/main/java/List.java","fileType":"java","lines":[{"lineNumber":1,"author":{"gitId":"Hongzhii"},"content":"public class List{","lastModifiedDate":"2023-09-06"},{"lineNumber":2,"author":{"gitId":"Hongzhii"},"content":"    private String[] tasks;","lastModifiedDate":"2023-09-06"},{"lineNumber":3,"author":{"gitId":"Hongzhii"},"content":"    private boolean[] isDone;","lastModifiedDate":"2023-09-06"},{"lineNumber":4,"author":{"gitId":"Hongzhii"},"content":"    private int numItems;","lastModifiedDate":"2023-09-06"},{"lineNumber":5,"author":{"gitId":"Hongzhii"},"content":"","lastModifiedDate":"2023-09-06"},{"lineNumber":6,"author":{"gitId":"Hongzhii"},"content":"    public List(){","lastModifiedDate":"2023-09-06"},{"lineNumber":7,"author":{"gitId":"Hongzhii"},"content":"        tasks \u003d new String[100];","lastModifiedDate":"2023-09-06"},{"lineNumber":8,"author":{"gitId":"Hongzhii"},"content":"        isDone \u003d new boolean[100];","lastModifiedDate":"2023-09-06"},{"lineNumber":9,"author":{"gitId":"Hongzhii"},"content":"        numItems \u003d 0;","lastModifiedDate":"2023-09-06"},{"lineNumber":10,"author":{"gitId":"Hongzhii"},"content":"","lastModifiedDate":"2023-09-06"},{"lineNumber":11,"author":{"gitId":"Hongzhii"},"content":"        for(int i \u003d 0; i \u003c 100; i++){","lastModifiedDate":"2023-09-06"},{"lineNumber":12,"author":{"gitId":"Hongzhii"},"content":"            isDone[i] \u003d false;","lastModifiedDate":"2023-09-06"},{"lineNumber":13,"author":{"gitId":"Hongzhii"},"content":"        }","lastModifiedDate":"2023-09-06"},{"lineNumber":14,"author":{"gitId":"Hongzhii"},"content":"    }","lastModifiedDate":"2023-09-06"},{"lineNumber":15,"author":{"gitId":"Hongzhii"},"content":"","lastModifiedDate":"2023-09-06"},{"lineNumber":16,"author":{"gitId":"Hongzhii"},"content":"    public void add(String arg){","lastModifiedDate":"2023-09-06"},{"lineNumber":17,"author":{"gitId":"Hongzhii"},"content":"        System.out.println(\"added: \" + arg);","lastModifiedDate":"2023-09-06"},{"lineNumber":18,"author":{"gitId":"Hongzhii"},"content":"        tasks[numItems] \u003d arg;","lastModifiedDate":"2023-09-06"},{"lineNumber":19,"author":{"gitId":"Hongzhii"},"content":"        numItems++;","lastModifiedDate":"2023-09-06"},{"lineNumber":20,"author":{"gitId":"Hongzhii"},"content":"    }","lastModifiedDate":"2023-09-06"},{"lineNumber":21,"author":{"gitId":"Hongzhii"},"content":"","lastModifiedDate":"2023-09-06"},{"lineNumber":22,"author":{"gitId":"Hongzhii"},"content":"    public void mark(int i){","lastModifiedDate":"2023-09-06"},{"lineNumber":23,"author":{"gitId":"Hongzhii"},"content":"        //Check if integer value is in range","lastModifiedDate":"2023-09-06"},{"lineNumber":24,"author":{"gitId":"Hongzhii"},"content":"        if(i \u003c 1 || i \u003e numItems){","lastModifiedDate":"2023-09-06"},{"lineNumber":25,"author":{"gitId":"Hongzhii"},"content":"            System.out.println(\"Please enter an integer index within range\");","lastModifiedDate":"2023-09-06"},{"lineNumber":26,"author":{"gitId":"Hongzhii"},"content":"            return;","lastModifiedDate":"2023-09-06"},{"lineNumber":27,"author":{"gitId":"Hongzhii"},"content":"        }","lastModifiedDate":"2023-09-06"},{"lineNumber":28,"author":{"gitId":"Hongzhii"},"content":"","lastModifiedDate":"2023-09-06"},{"lineNumber":29,"author":{"gitId":"Hongzhii"},"content":"        isDone[i - 1] \u003d true;","lastModifiedDate":"2023-09-06"},{"lineNumber":30,"author":{"gitId":"Hongzhii"},"content":"        System.out.println(\"Marked as done:\");","lastModifiedDate":"2023-09-06"},{"lineNumber":31,"author":{"gitId":"Hongzhii"},"content":"        System.out.println(tasks[i - 1]);","lastModifiedDate":"2023-09-06"},{"lineNumber":32,"author":{"gitId":"Hongzhii"},"content":"        show();","lastModifiedDate":"2023-09-06"},{"lineNumber":33,"author":{"gitId":"Hongzhii"},"content":"    }","lastModifiedDate":"2023-09-06"},{"lineNumber":34,"author":{"gitId":"Hongzhii"},"content":"","lastModifiedDate":"2023-09-06"},{"lineNumber":35,"author":{"gitId":"Hongzhii"},"content":"    public void unmark(int i){","lastModifiedDate":"2023-09-06"},{"lineNumber":36,"author":{"gitId":"Hongzhii"},"content":"        //Check if integer value is in range","lastModifiedDate":"2023-09-06"},{"lineNumber":37,"author":{"gitId":"Hongzhii"},"content":"        if(i \u003c 1 || i \u003e numItems){","lastModifiedDate":"2023-09-06"},{"lineNumber":38,"author":{"gitId":"Hongzhii"},"content":"            System.out.println(\"Please enter an integer index within range\");","lastModifiedDate":"2023-09-06"},{"lineNumber":39,"author":{"gitId":"Hongzhii"},"content":"            return;","lastModifiedDate":"2023-09-06"},{"lineNumber":40,"author":{"gitId":"Hongzhii"},"content":"        }","lastModifiedDate":"2023-09-06"},{"lineNumber":41,"author":{"gitId":"Hongzhii"},"content":"","lastModifiedDate":"2023-09-06"},{"lineNumber":42,"author":{"gitId":"Hongzhii"},"content":"        isDone[i - 1] \u003d false;","lastModifiedDate":"2023-09-06"},{"lineNumber":43,"author":{"gitId":"Hongzhii"},"content":"        System.out.println(\"Marked as not done yet:\");","lastModifiedDate":"2023-09-06"},{"lineNumber":44,"author":{"gitId":"Hongzhii"},"content":"        System.out.println(tasks[i - 1]);","lastModifiedDate":"2023-09-06"},{"lineNumber":45,"author":{"gitId":"Hongzhii"},"content":"        show();","lastModifiedDate":"2023-09-06"},{"lineNumber":46,"author":{"gitId":"Hongzhii"},"content":"    }","lastModifiedDate":"2023-09-06"},{"lineNumber":47,"author":{"gitId":"Hongzhii"},"content":"","lastModifiedDate":"2023-09-06"},{"lineNumber":48,"author":{"gitId":"Hongzhii"},"content":"    public void show(){","lastModifiedDate":"2023-09-06"},{"lineNumber":49,"author":{"gitId":"Hongzhii"},"content":"        for(int i \u003d 0; i \u003c numItems; i++){","lastModifiedDate":"2023-09-06"},{"lineNumber":50,"author":{"gitId":"Hongzhii"},"content":"            System.out.print(i + 1);","lastModifiedDate":"2023-09-06"},{"lineNumber":51,"author":{"gitId":"Hongzhii"},"content":"            System.out.print(\".[\");","lastModifiedDate":"2023-09-06"},{"lineNumber":52,"author":{"gitId":"Hongzhii"},"content":"","lastModifiedDate":"2023-09-06"},{"lineNumber":53,"author":{"gitId":"Hongzhii"},"content":"            if(isDone[i]){","lastModifiedDate":"2023-09-06"},{"lineNumber":54,"author":{"gitId":"Hongzhii"},"content":"                System.out.print(\"X\");","lastModifiedDate":"2023-09-06"},{"lineNumber":55,"author":{"gitId":"Hongzhii"},"content":"            }","lastModifiedDate":"2023-09-06"},{"lineNumber":56,"author":{"gitId":"Hongzhii"},"content":"            else{","lastModifiedDate":"2023-09-06"},{"lineNumber":57,"author":{"gitId":"Hongzhii"},"content":"                System.out.print(\" \");","lastModifiedDate":"2023-09-06"},{"lineNumber":58,"author":{"gitId":"Hongzhii"},"content":"            }","lastModifiedDate":"2023-09-06"},{"lineNumber":59,"author":{"gitId":"Hongzhii"},"content":"","lastModifiedDate":"2023-09-06"},{"lineNumber":60,"author":{"gitId":"Hongzhii"},"content":"            System.out.print(\"] \");","lastModifiedDate":"2023-09-06"},{"lineNumber":61,"author":{"gitId":"Hongzhii"},"content":"            System.out.println(tasks[i]);","lastModifiedDate":"2023-09-06"},{"lineNumber":62,"author":{"gitId":"Hongzhii"},"content":"        }","lastModifiedDate":"2023-09-06"},{"lineNumber":63,"author":{"gitId":"Hongzhii"},"content":"    }","lastModifiedDate":"2023-09-06"},{"lineNumber":64,"author":{"gitId":"Hongzhii"},"content":"}","lastModifiedDate":"2023-09-06"}],"authorContributionMap":{"Hongzhii":64}}]
