[{"path":"src/main/java/Chatty/Chatty.java","fileType":"java","lines":[{"lineNumber":1,"author":{"gitId":"bnjm2000"},"content":"package Chatty;","lastModifiedDate":"2023-09-10"},{"lineNumber":2,"author":{"gitId":"bnjm2000"},"content":"","lastModifiedDate":"2023-09-10"},{"lineNumber":3,"author":{"gitId":"bnjm2000"},"content":"import Chatty.tasks.Deadline;","lastModifiedDate":"2023-09-10"},{"lineNumber":4,"author":{"gitId":"bnjm2000"},"content":"import Chatty.tasks.Event;","lastModifiedDate":"2023-09-10"},{"lineNumber":5,"author":{"gitId":"bnjm2000"},"content":"import Chatty.tasks.Task;","lastModifiedDate":"2023-09-10"},{"lineNumber":6,"author":{"gitId":"bnjm2000"},"content":"import Chatty.tasks.Todo;","lastModifiedDate":"2023-09-10"},{"lineNumber":7,"author":{"gitId":"bnjm2000"},"content":"","lastModifiedDate":"2023-09-10"},{"lineNumber":8,"author":{"gitId":"bnjm2000"},"content":"import java.util.Scanner;","lastModifiedDate":"2023-08-28"},{"lineNumber":9,"author":{"gitId":"bnjm2000"},"content":"public class Chatty {","lastModifiedDate":"2023-08-28"},{"lineNumber":10,"author":{"gitId":"bnjm2000"},"content":"","lastModifiedDate":"2023-09-10"},{"lineNumber":11,"author":{"gitId":"bnjm2000"},"content":"    public static final String LINE \u003d \"____________________________________________________________\";","lastModifiedDate":"2023-09-10"},{"lineNumber":12,"author":{"gitId":"bnjm2000"},"content":"","lastModifiedDate":"2023-09-10"},{"lineNumber":13,"author":{"gitId":"bnjm2000"},"content":"    public static void main(String[] args) {","lastModifiedDate":"2023-08-28"},{"lineNumber":14,"author":{"gitId":"bnjm2000"},"content":"        printWelcomeMessage();","lastModifiedDate":"2023-09-10"},{"lineNumber":15,"author":{"gitId":"bnjm2000"},"content":"        Scanner scanner \u003d new Scanner(System.in);","lastModifiedDate":"2023-08-28"},{"lineNumber":16,"author":{"gitId":"bnjm2000"},"content":"        String input \u003d scanner.nextLine();","lastModifiedDate":"2023-08-28"},{"lineNumber":17,"author":{"gitId":"bnjm2000"},"content":"        Task[] tasks \u003d new Task[100];","lastModifiedDate":"2023-08-28"},{"lineNumber":18,"author":{"gitId":"bnjm2000"},"content":"        int taskCount \u003d 0;","lastModifiedDate":"2023-08-28"},{"lineNumber":19,"author":{"gitId":"bnjm2000"},"content":"        int index;","lastModifiedDate":"2023-09-04"},{"lineNumber":20,"author":{"gitId":"bnjm2000"},"content":"        loop:","lastModifiedDate":"2023-09-04"},{"lineNumber":21,"author":{"gitId":"bnjm2000"},"content":"        while (!input.equalsIgnoreCase(\"bye\")) {","lastModifiedDate":"2023-08-28"},{"lineNumber":22,"author":{"gitId":"bnjm2000"},"content":"            String[] words \u003d input.split(\" \");","lastModifiedDate":"2023-09-04"},{"lineNumber":23,"author":{"gitId":"bnjm2000"},"content":"            String command \u003d words[0].toLowerCase();","lastModifiedDate":"2023-09-04"},{"lineNumber":24,"author":{"gitId":"bnjm2000"},"content":"            switch (command) {","lastModifiedDate":"2023-09-04"},{"lineNumber":25,"author":{"gitId":"bnjm2000"},"content":"                case \"list\":","lastModifiedDate":"2023-09-04"},{"lineNumber":26,"author":{"gitId":"bnjm2000"},"content":"                    listAllTasks(taskCount, tasks);","lastModifiedDate":"2023-09-10"},{"lineNumber":27,"author":{"gitId":"bnjm2000"},"content":"                    input \u003d scanner.nextLine();","lastModifiedDate":"2023-09-10"},{"lineNumber":28,"author":{"gitId":"bnjm2000"},"content":"                    continue loop;","lastModifiedDate":"2023-09-10"},{"lineNumber":29,"author":{"gitId":"bnjm2000"},"content":"                case \"mark\":","lastModifiedDate":"2023-09-10"},{"lineNumber":30,"author":{"gitId":"bnjm2000"},"content":"                    mark(input, tasks);","lastModifiedDate":"2023-09-10"},{"lineNumber":31,"author":{"gitId":"bnjm2000"},"content":"                    break;","lastModifiedDate":"2023-09-10"},{"lineNumber":32,"author":{"gitId":"bnjm2000"},"content":"                case \"unmark\":","lastModifiedDate":"2023-09-10"},{"lineNumber":33,"author":{"gitId":"bnjm2000"},"content":"                    unmark(input, tasks);","lastModifiedDate":"2023-09-10"},{"lineNumber":34,"author":{"gitId":"bnjm2000"},"content":"                    break;","lastModifiedDate":"2023-09-10"},{"lineNumber":35,"author":{"gitId":"bnjm2000"},"content":"                case \"todo\":","lastModifiedDate":"2023-09-10"},{"lineNumber":36,"author":{"gitId":"bnjm2000"},"content":"                    taskCount \u003d createTodo(input, tasks, taskCount);","lastModifiedDate":"2023-09-10"},{"lineNumber":37,"author":{"gitId":"bnjm2000"},"content":"                    break;","lastModifiedDate":"2023-09-10"},{"lineNumber":38,"author":{"gitId":"bnjm2000"},"content":"            case \"deadline\":","lastModifiedDate":"2023-09-10"},{"lineNumber":39,"author":{"gitId":"bnjm2000"},"content":"                    taskCount \u003d createDeadline(input, tasks, taskCount);","lastModifiedDate":"2023-09-10"},{"lineNumber":40,"author":{"gitId":"bnjm2000"},"content":"                    break;","lastModifiedDate":"2023-09-10"},{"lineNumber":41,"author":{"gitId":"bnjm2000"},"content":"            case \"event\":","lastModifiedDate":"2023-09-10"},{"lineNumber":42,"author":{"gitId":"bnjm2000"},"content":"                    taskCount \u003d createEvent(input, tasks, taskCount);","lastModifiedDate":"2023-09-10"},{"lineNumber":43,"author":{"gitId":"bnjm2000"},"content":"                    break;","lastModifiedDate":"2023-09-10"},{"lineNumber":44,"author":{"gitId":"bnjm2000"},"content":"            default:","lastModifiedDate":"2023-09-10"},{"lineNumber":45,"author":{"gitId":"bnjm2000"},"content":"                    System.out.println(LINE);","lastModifiedDate":"2023-09-10"},{"lineNumber":46,"author":{"gitId":"bnjm2000"},"content":"                    System.out.println(\"Unknown command. Please try again or type \\\"help\\\"\");","lastModifiedDate":"2023-09-10"},{"lineNumber":47,"author":{"gitId":"bnjm2000"},"content":"                    System.out.println(LINE);","lastModifiedDate":"2023-09-10"},{"lineNumber":48,"author":{"gitId":"bnjm2000"},"content":"                    input \u003d scanner.nextLine();","lastModifiedDate":"2023-09-10"},{"lineNumber":49,"author":{"gitId":"bnjm2000"},"content":"                    continue loop;","lastModifiedDate":"2023-09-10"},{"lineNumber":50,"author":{"gitId":"bnjm2000"},"content":"            }","lastModifiedDate":"2023-09-10"},{"lineNumber":51,"author":{"gitId":"bnjm2000"},"content":"            System.out.println(\"Now you have \" + taskCount + \" tasks in the list.\");","lastModifiedDate":"2023-09-10"},{"lineNumber":52,"author":{"gitId":"bnjm2000"},"content":"            System.out.println(LINE);","lastModifiedDate":"2023-09-10"},{"lineNumber":53,"author":{"gitId":"bnjm2000"},"content":"            input \u003d scanner.nextLine();","lastModifiedDate":"2023-09-10"},{"lineNumber":54,"author":{"gitId":"bnjm2000"},"content":"        }","lastModifiedDate":"2023-09-10"},{"lineNumber":55,"author":{"gitId":"bnjm2000"},"content":"        System.out.println(LINE);","lastModifiedDate":"2023-09-10"},{"lineNumber":56,"author":{"gitId":"bnjm2000"},"content":"        System.out.println(\"Bye. Hope to see you again soon!\");","lastModifiedDate":"2023-09-10"},{"lineNumber":57,"author":{"gitId":"bnjm2000"},"content":"        System.out.println(LINE);","lastModifiedDate":"2023-09-10"},{"lineNumber":58,"author":{"gitId":"bnjm2000"},"content":"        scanner.close();","lastModifiedDate":"2023-09-10"},{"lineNumber":59,"author":{"gitId":"bnjm2000"},"content":"    }","lastModifiedDate":"2023-09-10"},{"lineNumber":60,"author":{"gitId":"bnjm2000"},"content":"","lastModifiedDate":"2023-09-10"},{"lineNumber":61,"author":{"gitId":"bnjm2000"},"content":"    private static void listAllTasks(int taskCount, Task[] tasks) {","lastModifiedDate":"2023-09-10"},{"lineNumber":62,"author":{"gitId":"bnjm2000"},"content":"        System.out.println(LINE);","lastModifiedDate":"2023-09-10"},{"lineNumber":63,"author":{"gitId":"bnjm2000"},"content":"        System.out.println(\"Here are the tasks in your list:\");","lastModifiedDate":"2023-08-28"},{"lineNumber":64,"author":{"gitId":"bnjm2000"},"content":"        for (int i \u003d 0; i \u003c taskCount; i++) {","lastModifiedDate":"2023-08-28"},{"lineNumber":65,"author":{"gitId":"bnjm2000"},"content":"            System.out.println((i + 1) + \". \" + tasks[i].getDescription());","lastModifiedDate":"2023-09-04"},{"lineNumber":66,"author":{"gitId":"bnjm2000"},"content":"        }","lastModifiedDate":"2023-08-28"},{"lineNumber":67,"author":{"gitId":"bnjm2000"},"content":"        System.out.println(LINE);","lastModifiedDate":"2023-09-10"},{"lineNumber":68,"author":{"gitId":"bnjm2000"},"content":"    }","lastModifiedDate":"2023-09-10"},{"lineNumber":69,"author":{"gitId":"bnjm2000"},"content":"","lastModifiedDate":"2023-09-10"},{"lineNumber":70,"author":{"gitId":"bnjm2000"},"content":"    private static void mark(String input, Task[] tasks) {","lastModifiedDate":"2023-09-10"},{"lineNumber":71,"author":{"gitId":"bnjm2000"},"content":"        int index;","lastModifiedDate":"2023-09-10"},{"lineNumber":72,"author":{"gitId":"bnjm2000"},"content":"        index \u003d Integer.parseInt(input.substring(5)) - 1;","lastModifiedDate":"2023-09-04"},{"lineNumber":73,"author":{"gitId":"bnjm2000"},"content":"        tasks[index].mark();","lastModifiedDate":"2023-09-04"},{"lineNumber":74,"author":{"gitId":"bnjm2000"},"content":"        System.out.println(LINE);","lastModifiedDate":"2023-09-10"},{"lineNumber":75,"author":{"gitId":"bnjm2000"},"content":"        System.out.println(\"Nice! I\u0027ve marked this task as done:\");","lastModifiedDate":"2023-08-28"},{"lineNumber":76,"author":{"gitId":"bnjm2000"},"content":"        System.out.println(tasks[index].getDescription());","lastModifiedDate":"2023-09-04"},{"lineNumber":77,"author":{"gitId":"bnjm2000"},"content":"    }","lastModifiedDate":"2023-09-10"},{"lineNumber":78,"author":{"gitId":"bnjm2000"},"content":"","lastModifiedDate":"2023-09-10"},{"lineNumber":79,"author":{"gitId":"bnjm2000"},"content":"    private static void unmark(String input, Task[] tasks) {","lastModifiedDate":"2023-09-10"},{"lineNumber":80,"author":{"gitId":"bnjm2000"},"content":"        int index;","lastModifiedDate":"2023-09-10"},{"lineNumber":81,"author":{"gitId":"bnjm2000"},"content":"        index \u003d Integer.parseInt(input.substring(7)) - 1;","lastModifiedDate":"2023-09-04"},{"lineNumber":82,"author":{"gitId":"bnjm2000"},"content":"        tasks[index].unmark();","lastModifiedDate":"2023-09-04"},{"lineNumber":83,"author":{"gitId":"bnjm2000"},"content":"        System.out.println(LINE);","lastModifiedDate":"2023-09-10"},{"lineNumber":84,"author":{"gitId":"bnjm2000"},"content":"        System.out.println(\"OK, I\u0027ve marked this task as not done yet:\");","lastModifiedDate":"2023-08-28"},{"lineNumber":85,"author":{"gitId":"bnjm2000"},"content":"        System.out.println(tasks[index].getDescription());","lastModifiedDate":"2023-09-10"},{"lineNumber":86,"author":{"gitId":"bnjm2000"},"content":"    }","lastModifiedDate":"2023-09-10"},{"lineNumber":87,"author":{"gitId":"bnjm2000"},"content":"","lastModifiedDate":"2023-09-10"},{"lineNumber":88,"author":{"gitId":"bnjm2000"},"content":"    private static int createTodo(String input, Task[] tasks, int taskCount) {","lastModifiedDate":"2023-09-10"},{"lineNumber":89,"author":{"gitId":"bnjm2000"},"content":"        if (input.length() \u003e 5) {","lastModifiedDate":"2023-09-10"},{"lineNumber":90,"author":{"gitId":"bnjm2000"},"content":"            String todoDescription \u003d input.substring(5);","lastModifiedDate":"2023-09-04"},{"lineNumber":91,"author":{"gitId":"bnjm2000"},"content":"            tasks[taskCount] \u003d new Todo(todoDescription);","lastModifiedDate":"2023-09-04"},{"lineNumber":92,"author":{"gitId":"bnjm2000"},"content":"            taskCount++;","lastModifiedDate":"2023-09-04"},{"lineNumber":93,"author":{"gitId":"bnjm2000"},"content":"            System.out.println(\"Got it. I\u0027ve added this task:\");","lastModifiedDate":"2023-09-04"},{"lineNumber":94,"author":{"gitId":"bnjm2000"},"content":"            System.out.println(\"[T][ ] \" + todoDescription);","lastModifiedDate":"2023-09-04"},{"lineNumber":95,"author":{"gitId":"bnjm2000"},"content":"        } else{","lastModifiedDate":"2023-09-10"},{"lineNumber":96,"author":{"gitId":"bnjm2000"},"content":"            System.out.println(LINE + \"\\n☹ OOPS!!! The description of a todo cannot be empty.\");","lastModifiedDate":"2023-09-10"},{"lineNumber":97,"author":{"gitId":"bnjm2000"},"content":"        }","lastModifiedDate":"2023-09-10"},{"lineNumber":98,"author":{"gitId":"bnjm2000"},"content":"        return taskCount;","lastModifiedDate":"2023-09-10"},{"lineNumber":99,"author":{"gitId":"bnjm2000"},"content":"    }","lastModifiedDate":"2023-09-10"},{"lineNumber":100,"author":{"gitId":"bnjm2000"},"content":"","lastModifiedDate":"2023-09-10"},{"lineNumber":101,"author":{"gitId":"bnjm2000"},"content":"    private static int createDeadline(String input, Task[] tasks, int taskCount) {","lastModifiedDate":"2023-09-10"},{"lineNumber":102,"author":{"gitId":"bnjm2000"},"content":"        int byIndex \u003d input.indexOf(\"/by\");","lastModifiedDate":"2023-09-04"},{"lineNumber":103,"author":{"gitId":"bnjm2000"},"content":"        //System.out.println(byIndex);","lastModifiedDate":"2023-09-10"},{"lineNumber":104,"author":{"gitId":"bnjm2000"},"content":"        if (byIndex !\u003d -1 \u0026\u0026 input.length() \u003e 9 \u0026\u0026 byIndex !\u003d 9) {","lastModifiedDate":"2023-09-10"},{"lineNumber":105,"author":{"gitId":"bnjm2000"},"content":"            String deadlineDescription \u003d input.substring(9, byIndex).trim();","lastModifiedDate":"2023-09-04"},{"lineNumber":106,"author":{"gitId":"bnjm2000"},"content":"            String by \u003d input.substring(byIndex + 3).trim();","lastModifiedDate":"2023-09-04"},{"lineNumber":107,"author":{"gitId":"bnjm2000"},"content":"            tasks[taskCount] \u003d new Deadline(deadlineDescription, by);","lastModifiedDate":"2023-09-04"},{"lineNumber":108,"author":{"gitId":"bnjm2000"},"content":"            taskCount++;","lastModifiedDate":"2023-09-04"},{"lineNumber":109,"author":{"gitId":"bnjm2000"},"content":"            System.out.println(\"Got it. I\u0027ve added this task:\");","lastModifiedDate":"2023-09-04"},{"lineNumber":110,"author":{"gitId":"bnjm2000"},"content":"            System.out.println(\"[D][ ] \" + deadlineDescription + \" (by: \" + by + \")\");","lastModifiedDate":"2023-09-04"},{"lineNumber":111,"author":{"gitId":"bnjm2000"},"content":"        } else if (byIndex \u003d\u003d -1){","lastModifiedDate":"2023-09-10"},{"lineNumber":112,"author":{"gitId":"bnjm2000"},"content":"            System.out.println(LINE +\"\\n☹ OOPS!!! Invalid Deadline format. Please use /by to specify a deadline.\");","lastModifiedDate":"2023-09-10"},{"lineNumber":113,"author":{"gitId":"bnjm2000"},"content":"            System.out.println(\"E.g. deadline homework /by 20 Aug\");","lastModifiedDate":"2023-09-10"},{"lineNumber":114,"author":{"gitId":"bnjm2000"},"content":"        } else if (byIndex \u003d\u003d 9 || input.length() \u003c\u003d 9){","lastModifiedDate":"2023-09-10"},{"lineNumber":115,"author":{"gitId":"bnjm2000"},"content":"            System.out.println(LINE + \"\\n☹ OOPS!!! Description of Deadline task needed!\");","lastModifiedDate":"2023-09-10"},{"lineNumber":116,"author":{"gitId":"bnjm2000"},"content":"            System.out.println(\"E.g. deadline homework /by 20 Aug\");","lastModifiedDate":"2023-09-10"},{"lineNumber":117,"author":{"gitId":"bnjm2000"},"content":"        } else{","lastModifiedDate":"2023-09-10"},{"lineNumber":118,"author":{"gitId":"bnjm2000"},"content":"            System.out.println(LINE +\"\\n☹ OOPS!!! Unknown Error adding a deadline. Try Again.\");","lastModifiedDate":"2023-09-10"},{"lineNumber":119,"author":{"gitId":"bnjm2000"},"content":"            System.out.println(\"E.g. deadline homework /by 20 Aug\");","lastModifiedDate":"2023-09-10"},{"lineNumber":120,"author":{"gitId":"bnjm2000"},"content":"        }","lastModifiedDate":"2023-09-10"},{"lineNumber":121,"author":{"gitId":"bnjm2000"},"content":"        return taskCount;","lastModifiedDate":"2023-09-10"},{"lineNumber":122,"author":{"gitId":"bnjm2000"},"content":"    }","lastModifiedDate":"2023-09-10"},{"lineNumber":123,"author":{"gitId":"bnjm2000"},"content":"","lastModifiedDate":"2023-09-10"},{"lineNumber":124,"author":{"gitId":"bnjm2000"},"content":"    private static int createEvent(String input, Task[] tasks, int taskCount) {","lastModifiedDate":"2023-09-10"},{"lineNumber":125,"author":{"gitId":"bnjm2000"},"content":"        int fromIndex \u003d input.indexOf(\"/from\");","lastModifiedDate":"2023-09-04"},{"lineNumber":126,"author":{"gitId":"bnjm2000"},"content":"        int toIndex \u003d input.indexOf(\"/to\");","lastModifiedDate":"2023-09-04"},{"lineNumber":127,"author":{"gitId":"bnjm2000"},"content":"        //System.out.println(fromIndex);","lastModifiedDate":"2023-09-10"},{"lineNumber":128,"author":{"gitId":"bnjm2000"},"content":"        //System.out.println(toIndex);","lastModifiedDate":"2023-09-10"},{"lineNumber":129,"author":{"gitId":"bnjm2000"},"content":"        //System.out.println(input.length());","lastModifiedDate":"2023-09-10"},{"lineNumber":130,"author":{"gitId":"bnjm2000"},"content":"        if (fromIndex !\u003d -1 \u0026\u0026 toIndex !\u003d -1 \u0026\u0026 input.length() \u003e 6 \u0026\u0026 fromIndex !\u003d 6 \u0026\u0026 toIndex !\u003d fromIndex+6) {","lastModifiedDate":"2023-09-10"},{"lineNumber":131,"author":{"gitId":"bnjm2000"},"content":"            String eventDescription \u003d input.substring(6, fromIndex).trim();","lastModifiedDate":"2023-09-04"},{"lineNumber":132,"author":{"gitId":"bnjm2000"},"content":"            String from \u003d input.substring(fromIndex + 5, toIndex).trim();","lastModifiedDate":"2023-09-04"},{"lineNumber":133,"author":{"gitId":"bnjm2000"},"content":"            String to \u003d input.substring(toIndex + 3).trim();","lastModifiedDate":"2023-09-04"},{"lineNumber":134,"author":{"gitId":"bnjm2000"},"content":"            tasks[taskCount] \u003d new Event(eventDescription, from, to);","lastModifiedDate":"2023-09-04"},{"lineNumber":135,"author":{"gitId":"bnjm2000"},"content":"            taskCount++;","lastModifiedDate":"2023-09-04"},{"lineNumber":136,"author":{"gitId":"bnjm2000"},"content":"            System.out.println(\"Got it. I\u0027ve added this task:\");","lastModifiedDate":"2023-09-04"},{"lineNumber":137,"author":{"gitId":"bnjm2000"},"content":"            System.out.println(\"[E][ ] \" + eventDescription + \" (from: \" + from + \" to: \" + to + \")\");","lastModifiedDate":"2023-09-04"},{"lineNumber":138,"author":{"gitId":"bnjm2000"},"content":"        } else if (fromIndex \u003d\u003d -1 || toIndex \u003d\u003d -1 || toIndex \u003d\u003d fromIndex+6){","lastModifiedDate":"2023-09-10"},{"lineNumber":139,"author":{"gitId":"bnjm2000"},"content":"            System.out.println(LINE + \"\\n☹ OOPS!!! Invalid Event format. Please use /from to specify the start of an event and /to to specify the end.\");","lastModifiedDate":"2023-09-10"},{"lineNumber":140,"author":{"gitId":"bnjm2000"},"content":"            System.out.println(\"E.g. event project meeting /from 20 Aug 4pm /to 6pm\");","lastModifiedDate":"2023-09-10"},{"lineNumber":141,"author":{"gitId":"bnjm2000"},"content":"        } else if (input.length() \u003c\u003d 6 || fromIndex \u003d\u003d 6){","lastModifiedDate":"2023-09-10"},{"lineNumber":142,"author":{"gitId":"bnjm2000"},"content":"            System.out.println(LINE + \"\\n☹ OOPS!!! Description of Event task needed!\");","lastModifiedDate":"2023-09-10"},{"lineNumber":143,"author":{"gitId":"bnjm2000"},"content":"            System.out.println(\"E.g. event project meeting /from 20 Aug 4pm /to 6pm\");","lastModifiedDate":"2023-09-10"},{"lineNumber":144,"author":{"gitId":"bnjm2000"},"content":"        } else{","lastModifiedDate":"2023-09-10"},{"lineNumber":145,"author":{"gitId":"bnjm2000"},"content":"            System.out.println(LINE +\"\\n☹ OOPS!!! Unknown Error adding an event. Try Again.\");","lastModifiedDate":"2023-09-10"},{"lineNumber":146,"author":{"gitId":"bnjm2000"},"content":"            System.out.println(\"E.g. event project meeting /from 20 Aug 4pm /to 6pm\");","lastModifiedDate":"2023-09-10"},{"lineNumber":147,"author":{"gitId":"bnjm2000"},"content":"        }","lastModifiedDate":"2023-09-04"},{"lineNumber":148,"author":{"gitId":"bnjm2000"},"content":"        return taskCount;","lastModifiedDate":"2023-09-10"},{"lineNumber":149,"author":{"gitId":"bnjm2000"},"content":"    }","lastModifiedDate":"2023-08-28"},{"lineNumber":150,"author":{"gitId":"bnjm2000"},"content":"","lastModifiedDate":"2023-09-10"},{"lineNumber":151,"author":{"gitId":"bnjm2000"},"content":"    private static void printWelcomeMessage() {","lastModifiedDate":"2023-09-10"},{"lineNumber":152,"author":{"gitId":"bnjm2000"},"content":"        System.out.println(LINE);","lastModifiedDate":"2023-09-10"},{"lineNumber":153,"author":{"gitId":"bnjm2000"},"content":"        System.out.println(\"Hello! I\u0027m Chatty!\");","lastModifiedDate":"2023-09-10"},{"lineNumber":154,"author":{"gitId":"bnjm2000"},"content":"        System.out.println(\"What can I do for you?\");","lastModifiedDate":"2023-09-10"},{"lineNumber":155,"author":{"gitId":"bnjm2000"},"content":"        System.out.println(LINE);","lastModifiedDate":"2023-09-10"},{"lineNumber":156,"author":{"gitId":"bnjm2000"},"content":"    }","lastModifiedDate":"2023-08-28"},{"lineNumber":157,"author":{"gitId":"bnjm2000"},"content":"}","lastModifiedDate":"2023-08-28"}],"authorContributionMap":{"bnjm2000":157}},{"path":"src/main/java/Chatty/tasks/Task.java","fileType":"java","lines":[{"lineNumber":1,"author":{"gitId":"bnjm2000"},"content":"package Chatty.tasks;","lastModifiedDate":"2023-09-10"},{"lineNumber":2,"author":{"gitId":"bnjm2000"},"content":"","lastModifiedDate":"2023-09-10"},{"lineNumber":3,"author":{"gitId":"bnjm2000"},"content":"public abstract class Task {","lastModifiedDate":"2023-09-10"},{"lineNumber":4,"author":{"gitId":"bnjm2000"},"content":"    protected String description;","lastModifiedDate":"2023-08-28"},{"lineNumber":5,"author":{"gitId":"bnjm2000"},"content":"    protected boolean isDone;","lastModifiedDate":"2023-08-28"},{"lineNumber":6,"author":{"gitId":"bnjm2000"},"content":"","lastModifiedDate":"2023-08-28"},{"lineNumber":7,"author":{"gitId":"bnjm2000"},"content":"    public Task(String description) {","lastModifiedDate":"2023-08-28"},{"lineNumber":8,"author":{"gitId":"bnjm2000"},"content":"        this.description \u003d description;","lastModifiedDate":"2023-08-28"},{"lineNumber":9,"author":{"gitId":"bnjm2000"},"content":"        this.isDone \u003d false;","lastModifiedDate":"2023-08-28"},{"lineNumber":10,"author":{"gitId":"bnjm2000"},"content":"    }","lastModifiedDate":"2023-08-28"},{"lineNumber":11,"author":{"gitId":"bnjm2000"},"content":"","lastModifiedDate":"2023-08-28"},{"lineNumber":12,"author":{"gitId":"bnjm2000"},"content":"    public void mark(){","lastModifiedDate":"2023-08-28"},{"lineNumber":13,"author":{"gitId":"bnjm2000"},"content":"        this.isDone \u003d true;","lastModifiedDate":"2023-08-28"},{"lineNumber":14,"author":{"gitId":"bnjm2000"},"content":"    }","lastModifiedDate":"2023-08-28"},{"lineNumber":15,"author":{"gitId":"bnjm2000"},"content":"","lastModifiedDate":"2023-08-28"},{"lineNumber":16,"author":{"gitId":"bnjm2000"},"content":"    public void unmark(){","lastModifiedDate":"2023-08-28"},{"lineNumber":17,"author":{"gitId":"bnjm2000"},"content":"        this.isDone \u003d false;","lastModifiedDate":"2023-08-28"},{"lineNumber":18,"author":{"gitId":"bnjm2000"},"content":"    }","lastModifiedDate":"2023-08-28"},{"lineNumber":19,"author":{"gitId":"bnjm2000"},"content":"    public String getDescription() {","lastModifiedDate":"2023-08-28"},{"lineNumber":20,"author":{"gitId":"bnjm2000"},"content":"        return description;","lastModifiedDate":"2023-09-09"},{"lineNumber":21,"author":{"gitId":"bnjm2000"},"content":"    }","lastModifiedDate":"2023-08-28"},{"lineNumber":22,"author":{"gitId":"bnjm2000"},"content":"    public String getStatusIcon() {","lastModifiedDate":"2023-08-28"},{"lineNumber":23,"author":{"gitId":"bnjm2000"},"content":"        return (isDone ? \"X\" : \" \");","lastModifiedDate":"2023-08-30"},{"lineNumber":24,"author":{"gitId":"bnjm2000"},"content":"    }","lastModifiedDate":"2023-08-28"},{"lineNumber":25,"author":{"gitId":"bnjm2000"},"content":"}","lastModifiedDate":"2023-08-28"},{"lineNumber":26,"author":{"gitId":"bnjm2000"},"content":"","lastModifiedDate":"2023-09-04"},{"lineNumber":27,"author":{"gitId":"bnjm2000"},"content":"public class Todo extends Task {","lastModifiedDate":"2023-09-10"},{"lineNumber":28,"author":{"gitId":"bnjm2000"},"content":"    public Todo(String description) {","lastModifiedDate":"2023-09-04"},{"lineNumber":29,"author":{"gitId":"bnjm2000"},"content":"        super(description);","lastModifiedDate":"2023-09-04"},{"lineNumber":30,"author":{"gitId":"bnjm2000"},"content":"    }","lastModifiedDate":"2023-09-04"},{"lineNumber":31,"author":{"gitId":"bnjm2000"},"content":"","lastModifiedDate":"2023-09-04"},{"lineNumber":32,"author":{"gitId":"bnjm2000"},"content":"    @Override","lastModifiedDate":"2023-09-04"},{"lineNumber":33,"author":{"gitId":"bnjm2000"},"content":"    public String getDescription() {","lastModifiedDate":"2023-09-04"},{"lineNumber":34,"author":{"gitId":"bnjm2000"},"content":"        return \"[T][\" + getStatusIcon() + \"] \" + super.getDescription();","lastModifiedDate":"2023-09-04"},{"lineNumber":35,"author":{"gitId":"bnjm2000"},"content":"    }","lastModifiedDate":"2023-09-04"},{"lineNumber":36,"author":{"gitId":"bnjm2000"},"content":"}","lastModifiedDate":"2023-09-04"},{"lineNumber":37,"author":{"gitId":"bnjm2000"},"content":"","lastModifiedDate":"2023-09-04"},{"lineNumber":38,"author":{"gitId":"bnjm2000"},"content":"public class Deadline extends Task {","lastModifiedDate":"2023-09-10"},{"lineNumber":39,"author":{"gitId":"bnjm2000"},"content":"    private String by;","lastModifiedDate":"2023-09-04"},{"lineNumber":40,"author":{"gitId":"bnjm2000"},"content":"","lastModifiedDate":"2023-09-04"},{"lineNumber":41,"author":{"gitId":"bnjm2000"},"content":"    public Deadline(String description, String by) {","lastModifiedDate":"2023-09-04"},{"lineNumber":42,"author":{"gitId":"bnjm2000"},"content":"        super(description);","lastModifiedDate":"2023-09-04"},{"lineNumber":43,"author":{"gitId":"bnjm2000"},"content":"        this.by \u003d by;","lastModifiedDate":"2023-09-04"},{"lineNumber":44,"author":{"gitId":"bnjm2000"},"content":"    }","lastModifiedDate":"2023-09-04"},{"lineNumber":45,"author":{"gitId":"bnjm2000"},"content":"","lastModifiedDate":"2023-09-04"},{"lineNumber":46,"author":{"gitId":"bnjm2000"},"content":"    public String getBy() {","lastModifiedDate":"2023-09-04"},{"lineNumber":47,"author":{"gitId":"bnjm2000"},"content":"        return by;","lastModifiedDate":"2023-09-04"},{"lineNumber":48,"author":{"gitId":"bnjm2000"},"content":"    }","lastModifiedDate":"2023-09-04"},{"lineNumber":49,"author":{"gitId":"bnjm2000"},"content":"","lastModifiedDate":"2023-09-04"},{"lineNumber":50,"author":{"gitId":"bnjm2000"},"content":"    @Override","lastModifiedDate":"2023-09-04"},{"lineNumber":51,"author":{"gitId":"bnjm2000"},"content":"    public String getDescription() {","lastModifiedDate":"2023-09-04"},{"lineNumber":52,"author":{"gitId":"bnjm2000"},"content":"        return \"[D][\" + getStatusIcon() + \"] \" + super.getDescription() + \" (by: \" + by + \")\";","lastModifiedDate":"2023-09-04"},{"lineNumber":53,"author":{"gitId":"bnjm2000"},"content":"    }","lastModifiedDate":"2023-09-04"},{"lineNumber":54,"author":{"gitId":"bnjm2000"},"content":"}","lastModifiedDate":"2023-09-04"},{"lineNumber":55,"author":{"gitId":"bnjm2000"},"content":"","lastModifiedDate":"2023-09-04"},{"lineNumber":56,"author":{"gitId":"bnjm2000"},"content":"public class Event extends Task {","lastModifiedDate":"2023-09-10"},{"lineNumber":57,"author":{"gitId":"bnjm2000"},"content":"    private String from;","lastModifiedDate":"2023-09-04"},{"lineNumber":58,"author":{"gitId":"bnjm2000"},"content":"    private String to;","lastModifiedDate":"2023-09-04"},{"lineNumber":59,"author":{"gitId":"bnjm2000"},"content":"","lastModifiedDate":"2023-09-04"},{"lineNumber":60,"author":{"gitId":"bnjm2000"},"content":"","lastModifiedDate":"2023-09-04"},{"lineNumber":61,"author":{"gitId":"bnjm2000"},"content":"    public Event(String description, String from, String to) {","lastModifiedDate":"2023-09-04"},{"lineNumber":62,"author":{"gitId":"bnjm2000"},"content":"        super(description);","lastModifiedDate":"2023-09-04"},{"lineNumber":63,"author":{"gitId":"bnjm2000"},"content":"        this.from \u003d from;","lastModifiedDate":"2023-09-04"},{"lineNumber":64,"author":{"gitId":"bnjm2000"},"content":"        this.to \u003d to;","lastModifiedDate":"2023-09-04"},{"lineNumber":65,"author":{"gitId":"bnjm2000"},"content":"    }","lastModifiedDate":"2023-09-04"},{"lineNumber":66,"author":{"gitId":"bnjm2000"},"content":"","lastModifiedDate":"2023-09-04"},{"lineNumber":67,"author":{"gitId":"bnjm2000"},"content":"    public String getFrom() {","lastModifiedDate":"2023-09-04"},{"lineNumber":68,"author":{"gitId":"bnjm2000"},"content":"        return from;","lastModifiedDate":"2023-09-04"},{"lineNumber":69,"author":{"gitId":"bnjm2000"},"content":"    }","lastModifiedDate":"2023-09-04"},{"lineNumber":70,"author":{"gitId":"bnjm2000"},"content":"","lastModifiedDate":"2023-09-04"},{"lineNumber":71,"author":{"gitId":"bnjm2000"},"content":"    public String getTo() {","lastModifiedDate":"2023-09-04"},{"lineNumber":72,"author":{"gitId":"bnjm2000"},"content":"        return to;","lastModifiedDate":"2023-09-04"},{"lineNumber":73,"author":{"gitId":"bnjm2000"},"content":"    }","lastModifiedDate":"2023-09-04"},{"lineNumber":74,"author":{"gitId":"bnjm2000"},"content":"","lastModifiedDate":"2023-09-04"},{"lineNumber":75,"author":{"gitId":"bnjm2000"},"content":"    @Override","lastModifiedDate":"2023-09-04"},{"lineNumber":76,"author":{"gitId":"bnjm2000"},"content":"    public String getDescription() {","lastModifiedDate":"2023-09-04"},{"lineNumber":77,"author":{"gitId":"bnjm2000"},"content":"        return \"[E][\" + getStatusIcon() + \"] \" + super.getDescription() + \" (from: \" + from + \" to: \" + to + \")\";","lastModifiedDate":"2023-09-04"},{"lineNumber":78,"author":{"gitId":"bnjm2000"},"content":"    }","lastModifiedDate":"2023-09-04"},{"lineNumber":79,"author":{"gitId":"bnjm2000"},"content":"}","lastModifiedDate":"2023-09-04"}],"authorContributionMap":{"bnjm2000":79}},{"path":"text-ui-test/input.txt","fileType":"txt","lines":[{"lineNumber":1,"author":{"gitId":"bnjm2000"},"content":"todo read book","lastModifiedDate":"2023-09-09"},{"lineNumber":2,"author":{"gitId":"bnjm2000"},"content":"deadline return book /by June 6th","lastModifiedDate":"2023-09-09"},{"lineNumber":3,"author":{"gitId":"bnjm2000"},"content":"event project meeting /from Aug 6th 2pm /to 4pm","lastModifiedDate":"2023-09-09"},{"lineNumber":4,"author":{"gitId":"bnjm2000"},"content":"mark 1","lastModifiedDate":"2023-09-09"},{"lineNumber":5,"author":{"gitId":"bnjm2000"},"content":"todo join sports club","lastModifiedDate":"2023-09-09"},{"lineNumber":6,"author":{"gitId":"bnjm2000"},"content":"mark 4","lastModifiedDate":"2023-09-09"},{"lineNumber":7,"author":{"gitId":"bnjm2000"},"content":"todo borrow book","lastModifiedDate":"2023-09-09"},{"lineNumber":8,"author":{"gitId":"bnjm2000"},"content":"list","lastModifiedDate":"2023-09-09"},{"lineNumber":9,"author":{"gitId":"bnjm2000"},"content":"deadline return book /by Sunday","lastModifiedDate":"2023-09-09"},{"lineNumber":10,"author":{"gitId":"bnjm2000"},"content":"event project meeting /from Mon 2pm /to 4pm","lastModifiedDate":"2023-09-09"},{"lineNumber":11,"author":{"gitId":"bnjm2000"},"content":"deadline do homework /by no idea :-p","lastModifiedDate":"2023-09-09"},{"lineNumber":12,"author":{"gitId":"bnjm2000"},"content":"todo","lastModifiedDate":"2023-09-10"},{"lineNumber":13,"author":{"gitId":"bnjm2000"},"content":"deadline","lastModifiedDate":"2023-09-10"},{"lineNumber":14,"author":{"gitId":"bnjm2000"},"content":"event","lastModifiedDate":"2023-09-10"},{"lineNumber":15,"author":{"gitId":"bnjm2000"},"content":"blah","lastModifiedDate":"2023-09-10"},{"lineNumber":16,"author":{"gitId":"bnjm2000"},"content":"deadline hello","lastModifiedDate":"2023-09-10"},{"lineNumber":17,"author":{"gitId":"bnjm2000"},"content":"deadline /by","lastModifiedDate":"2023-09-10"},{"lineNumber":18,"author":{"gitId":"bnjm2000"},"content":"deadline hello /by","lastModifiedDate":"2023-09-10"},{"lineNumber":19,"author":{"gitId":"bnjm2000"},"content":"deadline /by whenever","lastModifiedDate":"2023-09-10"},{"lineNumber":20,"author":{"gitId":"bnjm2000"},"content":"event /from /to","lastModifiedDate":"2023-09-10"},{"lineNumber":21,"author":{"gitId":"bnjm2000"},"content":"event hello","lastModifiedDate":"2023-09-10"},{"lineNumber":22,"author":{"gitId":"bnjm2000"},"content":"event /from hi /to","lastModifiedDate":"2023-09-10"},{"lineNumber":23,"author":{"gitId":"bnjm2000"},"content":"event /from /to try","lastModifiedDate":"2023-09-10"},{"lineNumber":24,"author":{"gitId":"bnjm2000"},"content":"event hello /from /to","lastModifiedDate":"2023-09-10"},{"lineNumber":25,"author":{"gitId":"bnjm2000"},"content":"event hello /to","lastModifiedDate":"2023-09-10"},{"lineNumber":26,"author":{"gitId":"bnjm2000"},"content":"event hello /from","lastModifiedDate":"2023-09-10"},{"lineNumber":27,"author":{"gitId":"bnjm2000"},"content":"bye","lastModifiedDate":"2023-09-09"}],"authorContributionMap":{"bnjm2000":27}},{"path":"text-ui-test/runtest.sh","fileType":"sh","lines":[{"lineNumber":1,"author":{"gitId":"-"},"content":"#!/usr/bin/env bash","lastModifiedDate":"2020-05-25"},{"lineNumber":2,"author":{"gitId":"-"},"content":"","lastModifiedDate":"2020-05-25"},{"lineNumber":3,"author":{"gitId":"-"},"content":"# create bin directory if it doesn\u0027t exist","lastModifiedDate":"2020-05-25"},{"lineNumber":4,"author":{"gitId":"-"},"content":"if [ ! -d \"../bin\" ]","lastModifiedDate":"2020-05-25"},{"lineNumber":5,"author":{"gitId":"-"},"content":"then","lastModifiedDate":"2020-05-25"},{"lineNumber":6,"author":{"gitId":"-"},"content":"    mkdir ../bin","lastModifiedDate":"2020-05-25"},{"lineNumber":7,"author":{"gitId":"-"},"content":"fi","lastModifiedDate":"2020-05-25"},{"lineNumber":8,"author":{"gitId":"-"},"content":"","lastModifiedDate":"2020-05-25"},{"lineNumber":9,"author":{"gitId":"-"},"content":"# delete output from previous run","lastModifiedDate":"2020-05-25"},{"lineNumber":10,"author":{"gitId":"-"},"content":"if [ -e \"./ACTUAL.TXT\" ]","lastModifiedDate":"2020-05-25"},{"lineNumber":11,"author":{"gitId":"-"},"content":"then","lastModifiedDate":"2020-05-25"},{"lineNumber":12,"author":{"gitId":"-"},"content":"    rm ACTUAL.TXT","lastModifiedDate":"2020-05-25"},{"lineNumber":13,"author":{"gitId":"-"},"content":"fi","lastModifiedDate":"2020-05-25"},{"lineNumber":14,"author":{"gitId":"-"},"content":"","lastModifiedDate":"2020-05-25"},{"lineNumber":15,"author":{"gitId":"-"},"content":"# compile the code into the bin folder, terminates if error occurred","lastModifiedDate":"2020-05-25"},{"lineNumber":16,"author":{"gitId":"bnjm2000"},"content":"if ! javac -cp ../src/main/java -Xlint:none -d ../bin ../src/main/java/Chatty/*.java","lastModifiedDate":"2023-09-10"},{"lineNumber":17,"author":{"gitId":"-"},"content":"then","lastModifiedDate":"2020-05-25"},{"lineNumber":18,"author":{"gitId":"-"},"content":"    echo \"********** BUILD FAILURE **********\"","lastModifiedDate":"2020-05-25"},{"lineNumber":19,"author":{"gitId":"-"},"content":"    exit 1","lastModifiedDate":"2020-05-25"},{"lineNumber":20,"author":{"gitId":"-"},"content":"fi","lastModifiedDate":"2020-05-25"},{"lineNumber":21,"author":{"gitId":"-"},"content":"","lastModifiedDate":"2020-05-25"},{"lineNumber":22,"author":{"gitId":"-"},"content":"# run the program, feed commands from input.txt file and redirect the output to the ACTUAL.TXT","lastModifiedDate":"2020-05-25"},{"lineNumber":23,"author":{"gitId":"bnjm2000"},"content":"java -classpath ../bin Chatty \u003c input.txt \u003e ACTUAL.TXT","lastModifiedDate":"2023-09-09"},{"lineNumber":24,"author":{"gitId":"-"},"content":"","lastModifiedDate":"2020-05-25"},{"lineNumber":25,"author":{"gitId":"-"},"content":"# convert to UNIX format","lastModifiedDate":"2020-05-25"},{"lineNumber":26,"author":{"gitId":"-"},"content":"cp EXPECTED.TXT EXPECTED-UNIX.TXT","lastModifiedDate":"2020-05-25"},{"lineNumber":27,"author":{"gitId":"bnjm2000"},"content":"#dos2unix ACTUAL.TXT EXPECTED-UNIX.TXT","lastModifiedDate":"2023-09-09"},{"lineNumber":28,"author":{"gitId":"-"},"content":"","lastModifiedDate":"2020-05-25"},{"lineNumber":29,"author":{"gitId":"-"},"content":"# compare the output to the expected output","lastModifiedDate":"2020-05-25"},{"lineNumber":30,"author":{"gitId":"-"},"content":"diff ACTUAL.TXT EXPECTED-UNIX.TXT","lastModifiedDate":"2020-05-25"},{"lineNumber":31,"author":{"gitId":"-"},"content":"if [ $? -eq 0 ]","lastModifiedDate":"2020-05-25"},{"lineNumber":32,"author":{"gitId":"-"},"content":"then","lastModifiedDate":"2020-05-25"},{"lineNumber":33,"author":{"gitId":"-"},"content":"    echo \"Test result: PASSED\"","lastModifiedDate":"2020-05-25"},{"lineNumber":34,"author":{"gitId":"-"},"content":"    exit 0","lastModifiedDate":"2020-05-25"},{"lineNumber":35,"author":{"gitId":"-"},"content":"else","lastModifiedDate":"2020-05-25"},{"lineNumber":36,"author":{"gitId":"-"},"content":"    echo \"Test result: FAILED\"","lastModifiedDate":"2020-05-25"},{"lineNumber":37,"author":{"gitId":"-"},"content":"    exit 1","lastModifiedDate":"2020-05-25"},{"lineNumber":38,"author":{"gitId":"-"},"content":"fi","lastModifiedDate":"2020-05-25"}],"authorContributionMap":{"bnjm2000":3,"-":35}}]
