{"authorDailyContributionsMap":{"bnjm2000":[{"date":"2023-08-28","commitResults":[{"hash":"4c318c6bd42b3411ceb8494c133845a1d063f1a8","isMergeCommit":false,"messageTitle":"Renamed Duke to Chatty Add intro to Chatty","messageBody":"","fileTypesAndContributionMap":{"java":{"insertions":17,"deletions":10}}},{"hash":"9330cef2de1a0e347f3dd856f34f4e0fea3264dd","isMergeCommit":false,"messageTitle":"Add echo","messageBody":"","tags":["level-1"],"fileTypesAndContributionMap":{"java":{"insertions":11,"deletions":1}}},{"hash":"06bbdf2e3f6ff98187a0e59d80cafc2965d6997b","isMergeCommit":false,"messageTitle":"Add task list","messageBody":"","tags":["level-2"],"fileTypesAndContributionMap":{"java":{"insertions":14,"deletions":1}}},{"hash":"cfeef9e584e3521f6524793e5604cdb49ab4f7de","isMergeCommit":false,"messageTitle":"Add Task.java class Add ability to mark items done","messageBody":"","tags":["level-3"],"fileTypesAndContributionMap":{"java":{"insertions":47,"deletions":3}}}]},{"date":"2023-08-30","commitResults":[{"hash":"6e59988f7797bcbcb0fc5975f7acf999c18980d3","isMergeCommit":false,"messageTitle":"chore: made code more readable","messageBody":"","tags":["A-CodingStandard"],"fileTypesAndContributionMap":{"java":{"insertions":8,"deletions":7}}}]},{"date":"2023-09-04","commitResults":[{"hash":"082a01e74bc8319c9302f35ad4d1fb1524c5a36e","isMergeCommit":false,"messageTitle":"Add ToDos, Events, Deadlines Change if to switch statements","messageBody":"","tags":["Level-4"],"fileTypesAndContributionMap":{"java":{"insertions":106,"deletions":30}}},{"hash":"e56f10e7d23c83b7c75d577e84d7b748cf913d8b","isMergeCommit":false,"messageTitle":"Add close scanner","messageBody":"","tags":["A-CodeQuality"],"fileTypesAndContributionMap":{"java":{"insertions":1,"deletions":0}}}]},{"date":"2023-09-06","commitResults":[{"hash":"020f5aff4327c303d41833177ae477fb9a856b54","isMergeCommit":false,"messageTitle":"Chore cleaned up code","messageBody":"","fileTypesAndContributionMap":{"java":{"insertions":0,"deletions":2}}}]},{"date":"2023-09-09","commitResults":[{"hash":"c42b1683d56f719ffcc5008f0ba53ef8cce27605","isMergeCommit":false,"messageTitle":"Add self-testing","messageBody":"","tags":["A-TextUiTesting"],"fileTypesAndContributionMap":{"txt":{"insertions":12,"deletions":0},"java":{"insertions":4,"deletions":4},"sh":{"insertions":3,"deletions":3}}}]},{"date":"2023-09-10","commitResults":[{"hash":"cb13da11cff0659c3c80db6a0c460cb4e96635e9","isMergeCommit":false,"messageTitle":"Add exception handling Chore extracted methods for individual cases for easier readibility","messageBody":"","tags":["Level-5"],"fileTypesAndContributionMap":{"txt":{"insertions":15,"deletions":0},"java":{"insertions":126,"deletions":59},"sh":{"insertions":1,"deletions":1}}},{"hash":"8efcf53ae2737084449e4768de91580d9aee03e5","isMergeCommit":false,"messageTitle":"Add packages","messageBody":"","tags":["A-Packages"],"fileTypesAndContributionMap":{"java":{"insertions":13,"deletions":4},"sh":{"insertions":1,"deletions":1}}},{"hash":"71ab85bf4ba805522636e7978c9dc5a6b136a686","isMergeCommit":true,"messageTitle":"Merge branch \u0027branch-Level-5\u0027","messageBody":"* branch-Level-5:\n  Add packages\n  Add exception handling Chore extracted methods for individual cases for easier readibility\n","tags":["A-Exceptions"],"fileTypesAndContributionMap":{}}]}]},"authorFileTypeContributionMap":{"bnjm2000":{"java":236,"md":0,"fxml":0,"sh":3,"bat":0,"gradle":0,"txt":27}},"authorContributionVariance":{"bnjm2000":2862.7068},"authorDisplayNameMap":{"bnjm2000":"BENJ..MING"}}
