[{"path":"src/main/java/Duke.java","fileType":"java","lines":[{"lineNumber":1,"author":{"gitId":"yeo-menghan"},"content":"import java.util.ArrayList;","lastModifiedDate":"2023-08-30"},{"lineNumber":2,"author":{"gitId":"yeo-menghan"},"content":"import java.util.Scanner;","lastModifiedDate":"2023-08-29"},{"lineNumber":3,"author":{"gitId":"yeo-menghan"},"content":"","lastModifiedDate":"2023-08-29"},{"lineNumber":4,"author":{"gitId":"-"},"content":"public class Duke {","lastModifiedDate":"2019-07-29"},{"lineNumber":5,"author":{"gitId":"-"},"content":"    public static void main(String[] args) {","lastModifiedDate":"2019-07-29"},{"lineNumber":6,"author":{"gitId":"yeo-menghan"},"content":"","lastModifiedDate":"2023-08-29"},{"lineNumber":7,"author":{"gitId":"yeo-menghan"},"content":"        String logo \u003d \"\\n\" +","lastModifiedDate":"2023-08-23"},{"lineNumber":8,"author":{"gitId":"yeo-menghan"},"content":"        \"     ____.  _____ ______________   ____.___  _________\\n\" +","lastModifiedDate":"2023-08-23"},{"lineNumber":9,"author":{"gitId":"yeo-menghan"},"content":"        \"    |    | /  _  \\\\\\\\______   \\\\   \\\\ /   /|   |/   _____/\\n\" +","lastModifiedDate":"2023-08-23"},{"lineNumber":10,"author":{"gitId":"yeo-menghan"},"content":"        \"    |    |/  /_\\\\  \\\\|       _/\\\\   Y   / |   |\\\\_____  \\\\ \\n\" +","lastModifiedDate":"2023-08-23"},{"lineNumber":11,"author":{"gitId":"yeo-menghan"},"content":"        \"/\\\\__|    /    |    \\\\    |   \\\\ \\\\     /  |   |/        \\\\\\n\" +","lastModifiedDate":"2023-08-23"},{"lineNumber":12,"author":{"gitId":"yeo-menghan"},"content":"        \"\\\\________\\\\____|__  /____|_  /  \\\\___/   |___/_______  /\\n\" +","lastModifiedDate":"2023-08-23"},{"lineNumber":13,"author":{"gitId":"yeo-menghan"},"content":"        \"                 \\\\/       \\\\/                       \\\\/ \\n\";","lastModifiedDate":"2023-08-23"},{"lineNumber":14,"author":{"gitId":"-"},"content":"        System.out.println(\"Hello from\\n\" + logo);","lastModifiedDate":"2019-07-29"},{"lineNumber":15,"author":{"gitId":"yeo-menghan"},"content":"        System.out.println(\"____________________________________________________________\\n\" +","lastModifiedDate":"2023-08-23"},{"lineNumber":16,"author":{"gitId":"yeo-menghan"},"content":"                \" Hi Sir! I\u0027m JARVIS \\n\" +","lastModifiedDate":"2023-08-30"},{"lineNumber":17,"author":{"gitId":"yeo-menghan"},"content":"                \" What can I do for you today?\\n\" +","lastModifiedDate":"2023-08-30"},{"lineNumber":18,"author":{"gitId":"yeo-menghan"},"content":"                \"____________________________________________________________\\n\" );","lastModifiedDate":"2023-08-23"},{"lineNumber":19,"author":{"gitId":"yeo-menghan"},"content":"","lastModifiedDate":"2023-08-29"},{"lineNumber":20,"author":{"gitId":"yeo-menghan"},"content":"        ArrayList\u003cTask\u003e taskList \u003d new ArrayList\u003c\u003e();","lastModifiedDate":"2023-08-30"},{"lineNumber":21,"author":{"gitId":"yeo-menghan"},"content":"        Scanner sc \u003d new Scanner(System.in);","lastModifiedDate":"2023-08-30"},{"lineNumber":22,"author":{"gitId":"yeo-menghan"},"content":"        String userInput \u003d sc.nextLine();","lastModifiedDate":"2023-08-30"},{"lineNumber":23,"author":{"gitId":"yeo-menghan"},"content":"        while(!userInput.equals(\"bye\")){","lastModifiedDate":"2023-08-30"},{"lineNumber":24,"author":{"gitId":"yeo-menghan"},"content":"            System.out.println(\"____________________________________________________________\");","lastModifiedDate":"2023-08-30"},{"lineNumber":25,"author":{"gitId":"yeo-menghan"},"content":"            if(userInput.equals(\"list\")){","lastModifiedDate":"2023-08-30"},{"lineNumber":26,"author":{"gitId":"yeo-menghan"},"content":"                System.out.println(\"Here\u0027s your tasks!\");","lastModifiedDate":"2023-08-30"},{"lineNumber":27,"author":{"gitId":"yeo-menghan"},"content":"                for(int i \u003d 0; i \u003c taskList.size(); i++){","lastModifiedDate":"2023-08-30"},{"lineNumber":28,"author":{"gitId":"yeo-menghan"},"content":"                    int indexNum \u003d i + 1;","lastModifiedDate":"2023-08-30"},{"lineNumber":29,"author":{"gitId":"yeo-menghan"},"content":"                    System.out.println(taskList.get(i).formatForList(indexNum));","lastModifiedDate":"2023-08-30"},{"lineNumber":30,"author":{"gitId":"yeo-menghan"},"content":"                }","lastModifiedDate":"2023-08-30"},{"lineNumber":31,"author":{"gitId":"yeo-menghan"},"content":"            }","lastModifiedDate":"2023-08-30"},{"lineNumber":32,"author":{"gitId":"yeo-menghan"},"content":"            else if(userInput.startsWith(\"mark \")){","lastModifiedDate":"2023-08-30"},{"lineNumber":33,"author":{"gitId":"yeo-menghan"},"content":"                int index \u003d Integer.parseInt(userInput.substring(5)) - 1;","lastModifiedDate":"2023-08-30"},{"lineNumber":34,"author":{"gitId":"yeo-menghan"},"content":"                // begin index at end of \"mark \", subtract 1 to index-0 format","lastModifiedDate":"2023-08-30"},{"lineNumber":35,"author":{"gitId":"yeo-menghan"},"content":"                if(taskList.size() \u003c\u003d index){","lastModifiedDate":"2023-08-30"},{"lineNumber":36,"author":{"gitId":"yeo-menghan"},"content":"                    System.out.println(\"Invalid task number \" + (index + 1) + \". Try Again!\");","lastModifiedDate":"2023-08-30"},{"lineNumber":37,"author":{"gitId":"yeo-menghan"},"content":"                    // index + 1 to reflect back to index-1 format","lastModifiedDate":"2023-08-30"},{"lineNumber":38,"author":{"gitId":"yeo-menghan"},"content":"                    System.out.println(\"____________________________________________________________\");","lastModifiedDate":"2023-08-30"},{"lineNumber":39,"author":{"gitId":"yeo-menghan"},"content":"                    userInput \u003d sc.nextLine();","lastModifiedDate":"2023-08-30"},{"lineNumber":40,"author":{"gitId":"yeo-menghan"},"content":"                    continue;","lastModifiedDate":"2023-08-30"},{"lineNumber":41,"author":{"gitId":"yeo-menghan"},"content":"                }","lastModifiedDate":"2023-08-30"},{"lineNumber":42,"author":{"gitId":"yeo-menghan"},"content":"                System.out.println(\"I\u0027ve marked these tasks as done\");","lastModifiedDate":"2023-08-30"},{"lineNumber":43,"author":{"gitId":"yeo-menghan"},"content":"                taskList.get(index).markAsDone();","lastModifiedDate":"2023-08-30"},{"lineNumber":44,"author":{"gitId":"yeo-menghan"},"content":"                System.out.println(taskList.get(index).formatForMark(index + 1));","lastModifiedDate":"2023-08-30"},{"lineNumber":45,"author":{"gitId":"yeo-menghan"},"content":"","lastModifiedDate":"2023-08-30"},{"lineNumber":46,"author":{"gitId":"yeo-menghan"},"content":"            }","lastModifiedDate":"2023-08-30"},{"lineNumber":47,"author":{"gitId":"yeo-menghan"},"content":"            else{","lastModifiedDate":"2023-08-30"},{"lineNumber":48,"author":{"gitId":"yeo-menghan"},"content":"                System.out.println(\"added: \" + userInput);","lastModifiedDate":"2023-08-30"},{"lineNumber":49,"author":{"gitId":"yeo-menghan"},"content":"                taskList.add(new Task(userInput));","lastModifiedDate":"2023-08-30"},{"lineNumber":50,"author":{"gitId":"yeo-menghan"},"content":"            }","lastModifiedDate":"2023-08-30"},{"lineNumber":51,"author":{"gitId":"yeo-menghan"},"content":"            System.out.println(\"____________________________________________________________\");","lastModifiedDate":"2023-08-30"},{"lineNumber":52,"author":{"gitId":"yeo-menghan"},"content":"            userInput \u003d sc.nextLine();","lastModifiedDate":"2023-08-30"},{"lineNumber":53,"author":{"gitId":"yeo-menghan"},"content":"        }","lastModifiedDate":"2023-08-30"},{"lineNumber":54,"author":{"gitId":"yeo-menghan"},"content":"        System.out.println(\"--------------------------------------\\n\" +","lastModifiedDate":"2023-08-30"},{"lineNumber":55,"author":{"gitId":"yeo-menghan"},"content":"                \"Good bye sir! Have a good day\" + \"\\n\"","lastModifiedDate":"2023-08-30"},{"lineNumber":56,"author":{"gitId":"yeo-menghan"},"content":"                + \"--------------------------------------\");","lastModifiedDate":"2023-08-30"},{"lineNumber":57,"author":{"gitId":"-"},"content":"    }","lastModifiedDate":"2019-07-29"},{"lineNumber":58,"author":{"gitId":"-"},"content":"}","lastModifiedDate":"2019-07-29"}],"authorContributionMap":{"yeo-menghan":53,"-":5}},{"path":"src/main/java/Task.java","fileType":"java","lines":[{"lineNumber":1,"author":{"gitId":"yeo-menghan"},"content":"public class Task {","lastModifiedDate":"2023-08-30"},{"lineNumber":2,"author":{"gitId":"yeo-menghan"},"content":"    protected String description;","lastModifiedDate":"2023-08-30"},{"lineNumber":3,"author":{"gitId":"yeo-menghan"},"content":"    protected boolean isDone;","lastModifiedDate":"2023-08-30"},{"lineNumber":4,"author":{"gitId":"yeo-menghan"},"content":"","lastModifiedDate":"2023-08-30"},{"lineNumber":5,"author":{"gitId":"yeo-menghan"},"content":"    public Task(String description) {","lastModifiedDate":"2023-08-30"},{"lineNumber":6,"author":{"gitId":"yeo-menghan"},"content":"        this.description \u003d description;","lastModifiedDate":"2023-08-30"},{"lineNumber":7,"author":{"gitId":"yeo-menghan"},"content":"        this.isDone \u003d false;","lastModifiedDate":"2023-08-30"},{"lineNumber":8,"author":{"gitId":"yeo-menghan"},"content":"    }","lastModifiedDate":"2023-08-30"},{"lineNumber":9,"author":{"gitId":"yeo-menghan"},"content":"","lastModifiedDate":"2023-08-30"},{"lineNumber":10,"author":{"gitId":"yeo-menghan"},"content":"    public String getStatusIcon() {","lastModifiedDate":"2023-08-30"},{"lineNumber":11,"author":{"gitId":"yeo-menghan"},"content":"        return (isDone ? \"X\" : \" \"); //return tick symbol once done","lastModifiedDate":"2023-08-30"},{"lineNumber":12,"author":{"gitId":"yeo-menghan"},"content":"    }","lastModifiedDate":"2023-08-30"},{"lineNumber":13,"author":{"gitId":"yeo-menghan"},"content":"","lastModifiedDate":"2023-08-30"},{"lineNumber":14,"author":{"gitId":"yeo-menghan"},"content":"    public void markAsDone() {","lastModifiedDate":"2023-08-30"},{"lineNumber":15,"author":{"gitId":"yeo-menghan"},"content":"        this.isDone \u003d true;","lastModifiedDate":"2023-08-30"},{"lineNumber":16,"author":{"gitId":"yeo-menghan"},"content":"    }","lastModifiedDate":"2023-08-30"},{"lineNumber":17,"author":{"gitId":"yeo-menghan"},"content":"","lastModifiedDate":"2023-08-30"},{"lineNumber":18,"author":{"gitId":"yeo-menghan"},"content":"    // Formats the task information for listing tasks with a status icon","lastModifiedDate":"2023-08-30"},{"lineNumber":19,"author":{"gitId":"yeo-menghan"},"content":"    public String formatForList(int index) {","lastModifiedDate":"2023-08-30"},{"lineNumber":20,"author":{"gitId":"yeo-menghan"},"content":"        return index + \". [\" + getStatusIcon() + \"]\" + \" \" + description;","lastModifiedDate":"2023-08-30"},{"lineNumber":21,"author":{"gitId":"yeo-menghan"},"content":"    }","lastModifiedDate":"2023-08-30"},{"lineNumber":22,"author":{"gitId":"yeo-menghan"},"content":"","lastModifiedDate":"2023-08-30"},{"lineNumber":23,"author":{"gitId":"yeo-menghan"},"content":"    // Formats the task information for marking tasks as done with a status icon","lastModifiedDate":"2023-08-30"},{"lineNumber":24,"author":{"gitId":"yeo-menghan"},"content":"    public String formatForMark(int index) {","lastModifiedDate":"2023-08-30"},{"lineNumber":25,"author":{"gitId":"yeo-menghan"},"content":"        return \" [\" + getStatusIcon() + \"]\" + \" \" + description;","lastModifiedDate":"2023-08-30"},{"lineNumber":26,"author":{"gitId":"yeo-menghan"},"content":"    }","lastModifiedDate":"2023-08-30"},{"lineNumber":27,"author":{"gitId":"yeo-menghan"},"content":"}","lastModifiedDate":"2023-08-30"}],"authorContributionMap":{"yeo-menghan":27}}]
