{"authorDailyContributionsMap":{"yeo-menghan":[{"date":"2023-08-23","commitResults":[{"hash":"585a42b6f701c617013b528bcc32b962f9e7c51d","isMergeCommit":false,"messageTitle":"Rename Duke to Jarvis","messageBody":"","fileTypesAndContributionMap":{"java":{"insertions":8,"deletions":6}}},{"hash":"d26f28426f1ca2f8987942684ed6d249257c9ad0","isMergeCommit":false,"messageTitle":"Add welcome and bye message","messageBody":"","tags":["Level-0"],"fileTypesAndContributionMap":{"java":{"insertions":7,"deletions":0}}}]},{"date":"2023-08-29","commitResults":[{"hash":"fe6803cd05c0b3163648e6aad1c427d283983340","isMergeCommit":false,"messageTitle":"Add Echo to echo user input and bye to exit","messageBody":"","fileTypesAndContributionMap":{"java":{"insertions":65,"deletions":13}}},{"hash":"30e13161c15a833e83021b289c1821b4d99bf6b8","isMergeCommit":false,"messageTitle":"Remove redundant Utilities.java","messageBody":"","tags":["Level-1"],"fileTypesAndContributionMap":{"java":{"insertions":2,"deletions":25}}}]},{"date":"2023-08-30","commitResults":[{"hash":"eb99755b0a2397cb438b2ee4039e79bb5ad0fdb0","isMergeCommit":false,"messageTitle":"Add add-list capabilities, new displayList method","messageBody":"","fileTypesAndContributionMap":{"java":{"insertions":29,"deletions":8}}},{"hash":"8cb3803c6d078c86a58921caa137bb26b04ad119","isMergeCommit":false,"messageTitle":"Add Task.java","messageBody":"","fileTypesAndContributionMap":{"java":{"insertions":21,"deletions":0}}},{"hash":"38c4c61245eea556850bf8ab14deb9626a41e9dd","isMergeCommit":false,"messageTitle":"Change inputList to ArrayList - dynamic lists with in-built methods","messageBody":"","fileTypesAndContributionMap":{"java":{"insertions":21,"deletions":12}}},{"hash":"e29e17d7876e07ed6091d23e395a5ea126428519","isMergeCommit":false,"messageTitle":"Tidy up redundant codes in Duke.java for tag level 2","messageBody":"","tags":["Level-2"],"fileTypesAndContributionMap":{"java":{"insertions":0,"deletions":7}}},{"hash":"b3215fc3237fb0d65a997e35868bf25d87435850","isMergeCommit":false,"messageTitle":"Install mark capabilities into Duke.java","messageBody":"- Remove redundant classes at start --\u003e Replace with if statements within Duke class\n- Add Task.java and include formatForList and formatForMark methods\n- Integrate Duke.java with Task.java\n- Add task number error detection within mark if statement\n\nComplete Level-3\n","tags":["Level-3"],"fileTypesAndContributionMap":{"java":{"insertions":42,"deletions":53}}},{"hash":"8288ae9bd7cec2d775ccc4977f95b70a56a57070","isMergeCommit":false,"messageTitle":"Add comments to Duke.java and Task.java","messageBody":"","tags":["A-CodingStandard"],"fileTypesAndContributionMap":{"java":{"insertions":4,"deletions":0}}}]},{"date":"2023-09-05","commitResults":[{"hash":"9264a07456c8d2099e1093049689f2baaad1f840","isMergeCommit":false,"messageTitle":"Add Deadline.java","messageBody":"","fileTypesAndContributionMap":{"java":{"insertions":14,"deletions":0}}},{"hash":"b591b02deb84f87db665b4b9cedae8513f3752a2","isMergeCommit":false,"messageTitle":"Add Todo.java, Event.java and Level-4 functions","messageBody":"","fileTypesAndContributionMap":{"java":{"insertions":77,"deletions":17}}},{"hash":"138b6507428f8f996978d00a559fcc24127a11f1","isMergeCommit":false,"messageTitle":"Add unmark function in Task.java \u0026 Duke.java","messageBody":"","fileTypesAndContributionMap":{"java":{"insertions":18,"deletions":0}}},{"hash":"9698ea41fed22c57c3a28ddbfb508553deb827e9","isMergeCommit":false,"messageTitle":"Segment code to 3 folders - Command, Jarvis, Tasks for clearer code readability","messageBody":"","tags":["Level-4"],"fileTypesAndContributionMap":{"java":{"insertions":35,"deletions":8}}}]},{"date":"2023-09-07","commitResults":[{"hash":"29c2c3f057551e9c8ccc9f436bc2968c90e2b4a7","isMergeCommit":false,"messageTitle":"Remove unncessary comments in Task.java","messageBody":"","fileTypesAndContributionMap":{"java":{"insertions":0,"deletions":10}}},{"hash":"5a54626f8d6531a7a51380ce0b53d09864694c6c","isMergeCommit":false,"messageTitle":"Add Command files - MessageDisplayer, TaskManager, UserInputHandler and  Refactor Jarvis.java","messageBody":"","fileTypesAndContributionMap":{"java":{"insertions":232,"deletions":116}}},{"hash":"d3c01ce18dc489c5f96089adad4a855779e1da4a","isMergeCommit":false,"messageTitle":"Update code to adhere to good coding practice","messageBody":"","tags":["A-CodeQuality"],"fileTypesAndContributionMap":{"java":{"insertions":12,"deletions":6}}}]},{"date":"2023-09-12","commitResults":[{"hash":"79ccb160886387927a26777f23423dfb38711dec","isMergeCommit":false,"messageTitle":"Add JarvisException class to abstract exceptions away from TaskManager class","messageBody":"","fileTypesAndContributionMap":{"java":{"insertions":24,"deletions":0}}},{"hash":"473c498ee29043302b2393c27ff1c2be8780f034","isMergeCommit":false,"messageTitle":"Refactor todo \u0026 deadline operations on UserInputHandler \u0026 TaskManager","messageBody":"","fileTypesAndContributionMap":{"java":{"insertions":101,"deletions":65}}},{"hash":"46840059e50561157996cfa960a0902d32e9b398","isMergeCommit":false,"messageTitle":"Fix bug for taskList, Refactor UserInputHandler and TaskManager to use JarvisException directly","messageBody":"","fileTypesAndContributionMap":{"java":{"insertions":98,"deletions":89}}},{"hash":"0d03232ab0f5295accb8e7eb5f25443859831d09","isMergeCommit":true,"messageTitle":"Merge branch \u0027branch-Level-5\u0027","messageBody":"","tags":["Level-5","A-Packages","A-Exceptions"],"fileTypesAndContributionMap":{}}]}]},"authorFileTypeContributionMap":{"yeo-menghan":{"java":383,"md":0,"fxml":0,"sh":0,"bat":0,"gradle":0,"txt":0}},"authorContributionVariance":{"yeo-menghan":11643.257},"authorDisplayNameMap":{"yeo-menghan":"CS2113-W12-1 YEO .. HAN"}}
