{"authorDailyContributionsMap":{"yeo-menghan":[{"date":"2023-08-23","commitResults":[{"hash":"585a42b6f701c617013b528bcc32b962f9e7c51d","isMergeCommit":false,"messageTitle":"Rename Duke to Jarvis","messageBody":"","fileTypesAndContributionMap":{"java":{"insertions":8,"deletions":6}}},{"hash":"d26f28426f1ca2f8987942684ed6d249257c9ad0","isMergeCommit":false,"messageTitle":"Add welcome and bye message","messageBody":"","tags":["Level-0"],"fileTypesAndContributionMap":{"java":{"insertions":7,"deletions":0}}}]},{"date":"2023-08-29","commitResults":[{"hash":"fe6803cd05c0b3163648e6aad1c427d283983340","isMergeCommit":false,"messageTitle":"Add Echo to echo user input and bye to exit","messageBody":"","fileTypesAndContributionMap":{"java":{"insertions":65,"deletions":13}}},{"hash":"30e13161c15a833e83021b289c1821b4d99bf6b8","isMergeCommit":false,"messageTitle":"Remove redundant Utilities.java","messageBody":"","tags":["Level-1"],"fileTypesAndContributionMap":{"java":{"insertions":2,"deletions":25}}}]},{"date":"2023-08-30","commitResults":[{"hash":"eb99755b0a2397cb438b2ee4039e79bb5ad0fdb0","isMergeCommit":false,"messageTitle":"Add add-list capabilities, new displayList method","messageBody":"","fileTypesAndContributionMap":{"java":{"insertions":29,"deletions":8}}},{"hash":"8cb3803c6d078c86a58921caa137bb26b04ad119","isMergeCommit":false,"messageTitle":"Add Task.java","messageBody":"","fileTypesAndContributionMap":{"java":{"insertions":21,"deletions":0}}},{"hash":"38c4c61245eea556850bf8ab14deb9626a41e9dd","isMergeCommit":false,"messageTitle":"Change inputList to ArrayList - dynamic lists with in-built methods","messageBody":"","fileTypesAndContributionMap":{"java":{"insertions":21,"deletions":12}}},{"hash":"e29e17d7876e07ed6091d23e395a5ea126428519","isMergeCommit":false,"messageTitle":"Tidy up redundant codes in Duke.java for tag level 2","messageBody":"","tags":["Level-2"],"fileTypesAndContributionMap":{"java":{"insertions":0,"deletions":7}}},{"hash":"b3215fc3237fb0d65a997e35868bf25d87435850","isMergeCommit":false,"messageTitle":"Install mark capabilities into Duke.java","messageBody":"- Remove redundant classes at start --\u003e Replace with if statements within Duke class\n- Add Task.java and include formatForList and formatForMark methods\n- Integrate Duke.java with Task.java\n- Add task number error detection within mark if statement\n\nComplete Level-3\n","tags":["Level-3"],"fileTypesAndContributionMap":{"java":{"insertions":42,"deletions":53}}},{"hash":"8288ae9bd7cec2d775ccc4977f95b70a56a57070","isMergeCommit":false,"messageTitle":"Add comments to Duke.java and Task.java","messageBody":"","tags":["A-CodingStandard"],"fileTypesAndContributionMap":{"java":{"insertions":4,"deletions":0}}}]},{"date":"2023-09-05","commitResults":[{"hash":"9264a07456c8d2099e1093049689f2baaad1f840","isMergeCommit":false,"messageTitle":"Add Deadline.java","messageBody":"","fileTypesAndContributionMap":{"java":{"insertions":14,"deletions":0}}},{"hash":"b591b02deb84f87db665b4b9cedae8513f3752a2","isMergeCommit":false,"messageTitle":"Add Todo.java, Event.java and Level-4 functions","messageBody":"","fileTypesAndContributionMap":{"java":{"insertions":77,"deletions":17}}},{"hash":"138b6507428f8f996978d00a559fcc24127a11f1","isMergeCommit":false,"messageTitle":"Add unmark function in Task.java \u0026 Duke.java","messageBody":"","fileTypesAndContributionMap":{"java":{"insertions":18,"deletions":0}}},{"hash":"9698ea41fed22c57c3a28ddbfb508553deb827e9","isMergeCommit":false,"messageTitle":"Segment code to 3 folders - Command, Jarvis, Tasks for clearer code readability","messageBody":"","tags":["Level-4"],"fileTypesAndContributionMap":{"java":{"insertions":35,"deletions":8}}}]},{"date":"2023-09-07","commitResults":[{"hash":"29c2c3f057551e9c8ccc9f436bc2968c90e2b4a7","isMergeCommit":false,"messageTitle":"Remove unncessary comments in Task.java","messageBody":"","fileTypesAndContributionMap":{"java":{"insertions":0,"deletions":10}}},{"hash":"5a54626f8d6531a7a51380ce0b53d09864694c6c","isMergeCommit":false,"messageTitle":"Add Command files - MessageDisplayer, TaskManager, UserInputHandler and  Refactor Jarvis.java","messageBody":"","fileTypesAndContributionMap":{"java":{"insertions":232,"deletions":116}}},{"hash":"d3c01ce18dc489c5f96089adad4a855779e1da4a","isMergeCommit":false,"messageTitle":"Update code to adhere to good coding practice","messageBody":"","tags":["A-CodeQuality"],"fileTypesAndContributionMap":{"java":{"insertions":12,"deletions":6}}}]},{"date":"2023-09-12","commitResults":[{"hash":"79ccb160886387927a26777f23423dfb38711dec","isMergeCommit":false,"messageTitle":"Add JarvisException class to abstract exceptions away from TaskManager class","messageBody":"","fileTypesAndContributionMap":{"java":{"insertions":24,"deletions":0}}},{"hash":"473c498ee29043302b2393c27ff1c2be8780f034","isMergeCommit":false,"messageTitle":"Refactor todo \u0026 deadline operations on UserInputHandler \u0026 TaskManager","messageBody":"","fileTypesAndContributionMap":{"java":{"insertions":101,"deletions":65}}},{"hash":"46840059e50561157996cfa960a0902d32e9b398","isMergeCommit":false,"messageTitle":"Fix bug for taskList, Refactor UserInputHandler and TaskManager to use JarvisException directly","messageBody":"","fileTypesAndContributionMap":{"java":{"insertions":98,"deletions":89}}},{"hash":"0d03232ab0f5295accb8e7eb5f25443859831d09","isMergeCommit":true,"messageTitle":"Merge branch \u0027branch-Level-5\u0027","messageBody":"","tags":["Level-5","A-Packages","A-Exceptions"],"fileTypesAndContributionMap":{}}]},{"date":"2023-09-15","commitResults":[{"hash":"e44870fd15e6f69db23f06fd948643802e819393","isMergeCommit":false,"messageTitle":"Remove debugger for addToDo","messageBody":"","fileTypesAndContributionMap":{"java":{"insertions":0,"deletions":1}}}]},{"date":"2023-09-18","commitResults":[{"hash":"9022586121573964eb8d2ea30284a4ef87943f52","isMergeCommit":false,"messageTitle":"Add delete function for all tasks using ArrayList implementation","messageBody":"","fileTypesAndContributionMap":{"java":{"insertions":24,"deletions":0}}},{"hash":"9407910c2e0a54d2eb40a1e27fec1ca91c0603fd","isMergeCommit":true,"messageTitle":"Merge branch \u0027branch-Level-6\u0027","messageBody":"","tags":["Level-6","A-Collections"],"fileTypesAndContributionMap":{}},{"hash":"f0992839f5fe0e60797835e2bff6d0d6cc7db8b0","isMergeCommit":false,"messageTitle":"Implement saveTasksToFile, loadTasksFromFile and toFileFormat in TaskManager for saving purpose","messageBody":"","fileTypesAndContributionMap":{"txt":{"insertions":0,"deletions":0},"java":{"insertions":59,"deletions":1}}},{"hash":"e31ac187be03f89c3192400e42aa0f06efdff8d7","isMergeCommit":false,"messageTitle":"Add getTaskType for Task, ToDo, Event and Deadline","messageBody":"","fileTypesAndContributionMap":{"java":{"insertions":20,"deletions":1}}}]},{"date":"2023-09-19","commitResults":[{"hash":"e71d95672441b1b9f0dcef7c7bcb00cbbc47dde9","isMergeCommit":false,"messageTitle":"Implement adding todos to taskList.txt. Face bug that prevents adding Deadline and Event due to error in toFileFormat","messageBody":"","fileTypesAndContributionMap":{"txt":{"insertions":4,"deletions":0},"java":{"insertions":29,"deletions":12}}},{"hash":"9b0f559185133ce9a74d58e891ca46252134a3e3","isMergeCommit":false,"messageTitle":"Add getTime for both Deadline and Event classes - will be used as formatters","messageBody":"","fileTypesAndContributionMap":{"java":{"insertions":22,"deletions":1}}},{"hash":"247a1a23dee3cdffb55f4f4fbc6ceb11ae08ee4e","isMergeCommit":false,"messageTitle":"Fix reading issue caused by additional spacing. Implement file creation when no file exist on startup","messageBody":"","fileTypesAndContributionMap":{"txt":{"insertions":1,"deletions":4},"java":{"insertions":47,"deletions":16}}},{"hash":"99af4c13192115d86efb054fdb80d213409f4921","isMergeCommit":false,"messageTitle":"Add loadTodo, loadDeadline and loadEvent to prevent loaded items from sharing the Add methods","messageBody":"","fileTypesAndContributionMap":{"java":{"insertions":22,"deletions":8}}},{"hash":"60721657fe5bc32e7bfe3bf53dcfd7e407b66dbd","isMergeCommit":false,"messageTitle":"Revert \"Add loadTodo, loadDeadline and loadEvent to prevent loaded items from sharing the Add methods\"","messageBody":"This reverts commit 99af4c13192115d86efb054fdb80d213409f4921.\n","fileTypesAndContributionMap":{"java":{"insertions":8,"deletions":22}}},{"hash":"13626e8d7142495d415b878b48096653be9af308","isMergeCommit":false,"messageTitle":"Re-add loadTodo, loadDeadline and loadEvent","messageBody":"","fileTypesAndContributionMap":{"txt":{"insertions":1,"deletions":0},"java":{"insertions":15,"deletions":0}}},{"hash":"587f54ee99bef60cc03fad23df41ffd3e2f194cb","isMergeCommit":false,"messageTitle":"Add print list after loading","messageBody":"","fileTypesAndContributionMap":{"txt":{"insertions":1,"deletions":0},"java":{"insertions":4,"deletions":4}}},{"hash":"03e8dfacd3ca554c2ca2ab2671e24c166993e2f9","isMergeCommit":true,"messageTitle":"Resolve merge conflict in TaskManager.java","messageBody":"","fileTypesAndContributionMap":{}},{"hash":"86127dd9824426ed3bada49152943c05d1c0d9a8","isMergeCommit":false,"messageTitle":"Resolve merge conflict in TaskManager.java before displayTaskCount","messageBody":"","fileTypesAndContributionMap":{"java":{"insertions":1,"deletions":2}}},{"hash":"f4943963b6a52e804691c8abea066326ef448716","isMergeCommit":false,"messageTitle":"Resolve writing bug after deletion","messageBody":"","tags":["Level-7"],"fileTypesAndContributionMap":{"txt":{"insertions":0,"deletions":1},"java":{"insertions":8,"deletions":7}}}]},{"date":"2023-10-01","commitResults":[{"hash":"53c698e68c8782ffe452b188e9945d2086275092","isMergeCommit":false,"messageTitle":"Segment into new file structure for more-OOP","messageBody":"","fileTypesAndContributionMap":{"txt":{"insertions":0,"deletions":0},"java":{"insertions":58,"deletions":38}}},{"hash":"c6416195844a9a3a4db945afe32fe4cf418dc06a","isMergeCommit":false,"messageTitle":"Standardise getTaskType across tasks package","messageBody":"","fileTypesAndContributionMap":{"java":{"insertions":145,"deletions":36}}},{"hash":"e1ab341b82899fc36bab20a7445c2cb296bca516","isMergeCommit":false,"messageTitle":"Remove DEFAULT taskType","messageBody":"","fileTypesAndContributionMap":{"java":{"insertions":1,"deletions":1}}},{"hash":"f356c834f25084abcde816a5561048768f4d0aab","isMergeCommit":false,"messageTitle":"Create CommandToDo","messageBody":"","fileTypesAndContributionMap":{"java":{"insertions":42,"deletions":7}}},{"hash":"555b51f8ef75197c7081a9d4822152580301cc29","isMergeCommit":false,"messageTitle":"Add TODO function within addToTaskList in TaskList.java","messageBody":"","fileTypesAndContributionMap":{"java":{"insertions":60,"deletions":13}}},{"hash":"dbe4f1a31b0a1a66742d7bd547b7c91c7e9ecd4a","isMergeCommit":false,"messageTitle":"Refactor Bye Command, in the process of refactoring todo and the rest","messageBody":"","fileTypesAndContributionMap":{"java":{"insertions":83,"deletions":20}}}]},{"date":"2023-10-03","commitResults":[{"hash":"6a60c59d71cccc8f48b5caaa23550c5b8b91e399","isMergeCommit":false,"messageTitle":"Resolve issue of TaskList not accessed","messageBody":"","fileTypesAndContributionMap":{"java":{"insertions":3,"deletions":6}}},{"hash":"3404d53eb4eed16e6c3031247f69adf20165807a","isMergeCommit":false,"messageTitle":"Add Event and Deadline for more-OOP","messageBody":"","fileTypesAndContributionMap":{"java":{"insertions":103,"deletions":56}}},{"hash":"951615891e843bb79ac538126115e2f7755d0dce","isMergeCommit":false,"messageTitle":"Implement Mark feature in More-OOP","messageBody":"","fileTypesAndContributionMap":{"java":{"insertions":82,"deletions":10}}},{"hash":"91423ef7aa01729322156d53b186e59f5dc5e8b4","isMergeCommit":false,"messageTitle":"Implement Unmark feature in More-OOP","messageBody":"","fileTypesAndContributionMap":{"java":{"insertions":36,"deletions":3}}},{"hash":"5fee1c3b20faa17259fe437c1f7dc0a9773cae52","isMergeCommit":false,"messageTitle":"Implement Delete feature in More-OOP","messageBody":"","fileTypesAndContributionMap":{"java":{"insertions":58,"deletions":17}}},{"hash":"d0aef690addf8b8000445412b6f00632dc68ccfa","isMergeCommit":false,"messageTitle":"Implement Storage feature in More-OOP","messageBody":"","fileTypesAndContributionMap":{"txt":{"insertions":3,"deletions":1},"java":{"insertions":264,"deletions":312}}},{"hash":"3687c73a6d8a14ecbdc0c8928f07c3fe1fc2163a","isMergeCommit":false,"messageTitle":"Add extra safeguard to mark and unmark when calling mark on marked and unmark on unmarked","messageBody":"","fileTypesAndContributionMap":{"txt":{"insertions":1,"deletions":1},"java":{"insertions":18,"deletions":8}}},{"hash":"bd913835bc9acdf4286a5705c6e3584d32cc66a1","isMergeCommit":false,"messageTitle":"Remove unncessary code from TaskManager and TaskList","messageBody":"","fileTypesAndContributionMap":{"java":{"insertions":0,"deletions":127}}},{"hash":"ff44c59a1460334b179fd3daac2308028f0b1686","isMergeCommit":false,"messageTitle":"Add StorageManager - abstracted handling ToDo, Deadline and Event from Storage","messageBody":"","tags":["A-MoreOOP"],"fileTypesAndContributionMap":{"txt":{"insertions":2,"deletions":2},"java":{"insertions":73,"deletions":59}}},{"hash":"f96c1671339b9c4a2210c824109090dd4960b80c","isMergeCommit":false,"messageTitle":"Implement datetime parsing to TaskManager and StorageManager","messageBody":"","fileTypesAndContributionMap":{"txt":{"insertions":2,"deletions":0},"java":{"insertions":76,"deletions":26}}},{"hash":"db6ca223a4d83048bd57056c04b657445b312df8","isMergeCommit":false,"messageTitle":"Implement datetime features on TaskManager and StorageManager","messageBody":"","fileTypesAndContributionMap":{"java":{"insertions":0,"deletions":2}}},{"hash":"52a2b972107d79078a747c91abd10468d486afd3","isMergeCommit":true,"messageTitle":"Merge pull request #1 from yeo-menghan/branch-Level-8","messageBody":"Branch level 8","tags":["Level-8"],"fileTypesAndContributionMap":{}},{"hash":"1eeddbeeb585f2bed5f9bbfde90f29473d97e80d","isMergeCommit":false,"messageTitle":"Implement Find by description feature - CommandFind","messageBody":"","fileTypesAndContributionMap":{"java":{"insertions":82,"deletions":17}}},{"hash":"09415f308a6d717d4f8e3bb04ccc7ea175ac17af","isMergeCommit":true,"messageTitle":"Merge pull request #2 from yeo-menghan/branch-Level-9","messageBody":"Implement Find by description feature - CommandFind","tags":["Level-9"],"fileTypesAndContributionMap":{}},{"hash":"3c219ec87bac9c2c970eeacba04d1688be0b8717","isMergeCommit":false,"messageTitle":"Add comments for Command Package","messageBody":"","fileTypesAndContributionMap":{"java":{"insertions":140,"deletions":25}}},{"hash":"1423009feac756e06dac3545c533c6110122b607","isMergeCommit":false,"messageTitle":"Add comments for Parser Package","messageBody":"","fileTypesAndContributionMap":{"java":{"insertions":14,"deletions":2}}},{"hash":"ec3aed42e2c7af606fbc767fd3d569b47d56429f","isMergeCommit":false,"messageTitle":"Add comments to Storage Package","messageBody":"","fileTypesAndContributionMap":{"java":{"insertions":60,"deletions":18}}},{"hash":"06c34df981aea3d913dc51aab99db8f93bf5fa35","isMergeCommit":false,"messageTitle":"Add comments to Tasklist Package","messageBody":"","fileTypesAndContributionMap":{"java":{"insertions":44,"deletions":10}}},{"hash":"44c81021d0ba082f2b27d27d25cca1dfc5bfaf30","isMergeCommit":false,"messageTitle":"Add comments to Jarvis main","messageBody":"","fileTypesAndContributionMap":{"txt":{"insertions":1,"deletions":0},"java":{"insertions":18,"deletions":27}}},{"hash":"33bce877d8d07db712786afae8317d25b9420ae8","isMergeCommit":true,"messageTitle":"Merge pull request #3 from yeo-menghan/A-JavaDoc","messageBody":"A-JavaDoc","tags":["A-JavaDoc"],"fileTypesAndContributionMap":{}},{"hash":"5290e440aa1f1d39c5d0e3c67489f7d1981f9831","isMergeCommit":false,"messageTitle":"Update Readme and add list error when empty list","messageBody":"","fileTypesAndContributionMap":{"txt":{"insertions":2,"deletions":6},"java":{"insertions":10,"deletions":6},"md":{"insertions":203,"deletions":24}}},{"hash":"2ea9375294c31a2f4bbd6a52db74aad566d57f30","isMergeCommit":false,"messageTitle":"Remove txt","messageBody":"","fileTypesAndContributionMap":{"txt":{"insertions":0,"deletions":2}}},{"hash":"9840b35fc10732b40e78c9aa0adf6c0b20e3061c","isMergeCommit":false,"messageTitle":"A-Release","messageBody":"","fileTypesAndContributionMap":{"txt":{"insertions":2,"deletions":0}}},{"hash":"d4944e660381349e9eec7577f086f34b06661621","isMergeCommit":false,"messageTitle":"Change Readme to be more comprehensive","messageBody":"","fileTypesAndContributionMap":{"md":{"insertions":193,"deletions":19}}},{"hash":"4fe526143509e3bbcdc42e745e76841d00e3a77f","isMergeCommit":false,"messageTitle":"Remove data folder","messageBody":"","fileTypesAndContributionMap":{"txt":{"insertions":0,"deletions":1}}},{"hash":"11b59f9555612005fc0a912839f3c7a631c5ff85","isMergeCommit":false,"messageTitle":"Change alignment of Jarvis in Readme","messageBody":"","tags":["A-UserGuide"],"fileTypesAndContributionMap":{"md":{"insertions":2,"deletions":2}}}]},{"date":"2023-10-04","commitResults":[{"hash":"1d6658e729186a65fb1c6877ae26e8d91d766e13","isMergeCommit":false,"messageTitle":"Remove saved txt","messageBody":"","fileTypesAndContributionMap":{"txt":{"insertions":0,"deletions":2}}}]},{"date":"2023-10-05","commitResults":[{"hash":"3162f7039d6cc36cbf967867b8546cecf3277ca3","isMergeCommit":false,"messageTitle":"Add exception handling of endDate being earlier than startDate","messageBody":"","fileTypesAndContributionMap":{"java":{"insertions":5,"deletions":0}}},{"hash":"1505167399c558283bc509ca55235f07f85b6e75","isMergeCommit":false,"messageTitle":"Add numberFormatException to JarvisException","messageBody":"","fileTypesAndContributionMap":{"java":{"insertions":50,"deletions":1}}},{"hash":"dd80a73617bd3aac39fa843c0fee576e3e84efe4","isMergeCommit":false,"messageTitle":"Migrate numberFormatException to parser","messageBody":"","tags":["A-Release"],"fileTypesAndContributionMap":{"java":{"insertions":3,"deletions":50}}}]}]},"authorFileTypeContributionMap":{"yeo-menghan":{"java":1201,"md":375,"fxml":0,"sh":0,"bat":0,"gradle":0,"txt":0}},"authorContributionVariance":{"yeo-menghan":112019.336},"authorDisplayNameMap":{"yeo-menghan":"CS2113-W12-1 YEO .. HAN"}}
