[{"path":"src/main/java/Chattie.java","fileType":"java","lines":[{"lineNumber":1,"author":{"gitId":"ShaniceTang"},"content":"import java.util.Scanner;","lastModifiedDate":"2023-08-29"},{"lineNumber":2,"author":{"gitId":"ShaniceTang"},"content":"","lastModifiedDate":"2023-08-29"},{"lineNumber":3,"author":{"gitId":"ShaniceTang"},"content":"public class Chattie {","lastModifiedDate":"2023-08-28"},{"lineNumber":4,"author":{"gitId":"ShaniceTang"},"content":"","lastModifiedDate":"2023-08-30"},{"lineNumber":5,"author":{"gitId":"ShaniceTang"},"content":"    public static void greetUser(String line) {","lastModifiedDate":"2023-09-06"},{"lineNumber":6,"author":{"gitId":"ShaniceTang"},"content":"        line \u003d line.toLowerCase();","lastModifiedDate":"2023-08-30"},{"lineNumber":7,"author":{"gitId":"ShaniceTang"},"content":"","lastModifiedDate":"2023-08-30"},{"lineNumber":8,"author":{"gitId":"ShaniceTang"},"content":"        System.out.println(\"\\t____________________________________________________________\");","lastModifiedDate":"2023-08-30"},{"lineNumber":9,"author":{"gitId":"ShaniceTang"},"content":"        if(line.contains(\"good\")) {","lastModifiedDate":"2023-08-30"},{"lineNumber":10,"author":{"gitId":"ShaniceTang"},"content":"            System.out.println(\"\\tGreat to hear that! :D\");","lastModifiedDate":"2023-08-30"},{"lineNumber":11,"author":{"gitId":"ShaniceTang"},"content":"        } else if (line.contains(\"bad\")) {","lastModifiedDate":"2023-08-30"},{"lineNumber":12,"author":{"gitId":"ShaniceTang"},"content":"            System.out.println(\"\\tI\u0027m sorry to hear that :(\");","lastModifiedDate":"2023-08-30"},{"lineNumber":13,"author":{"gitId":"ShaniceTang"},"content":"        } else {","lastModifiedDate":"2023-08-30"},{"lineNumber":14,"author":{"gitId":"ShaniceTang"},"content":"            System.out.println(\"\\tSounds like you had quite a day\");","lastModifiedDate":"2023-08-30"},{"lineNumber":15,"author":{"gitId":"ShaniceTang"},"content":"        }","lastModifiedDate":"2023-08-30"},{"lineNumber":16,"author":{"gitId":"ShaniceTang"},"content":"        System.out.println(\"\\tWhat can I do for you?\");","lastModifiedDate":"2023-08-29"},{"lineNumber":17,"author":{"gitId":"ShaniceTang"},"content":"        System.out.println(\"\\t____________________________________________________________\");","lastModifiedDate":"2023-08-29"},{"lineNumber":18,"author":{"gitId":"ShaniceTang"},"content":"    }","lastModifiedDate":"2023-08-30"},{"lineNumber":19,"author":{"gitId":"ShaniceTang"},"content":"","lastModifiedDate":"2023-08-30"},{"lineNumber":20,"author":{"gitId":"ShaniceTang"},"content":"    public static void listTasks(Task[] list, int count) {","lastModifiedDate":"2023-09-06"},{"lineNumber":21,"author":{"gitId":"ShaniceTang"},"content":"        System.out.println(\"\\tHere are the tasks in your list:\");","lastModifiedDate":"2023-08-30"},{"lineNumber":22,"author":{"gitId":"ShaniceTang"},"content":"        for (int i \u003d 0; i \u003c count; i++) {","lastModifiedDate":"2023-08-30"},{"lineNumber":23,"author":{"gitId":"ShaniceTang"},"content":"            System.out.print(\"\\t\" + (i+1) + \". \");","lastModifiedDate":"2023-08-30"},{"lineNumber":24,"author":{"gitId":"ShaniceTang"},"content":"            if(list[i].isDone()) {","lastModifiedDate":"2023-08-30"},{"lineNumber":25,"author":{"gitId":"ShaniceTang"},"content":"                System.out.println(list[i]);","lastModifiedDate":"2023-09-06"},{"lineNumber":26,"author":{"gitId":"ShaniceTang"},"content":"            } else {","lastModifiedDate":"2023-08-30"},{"lineNumber":27,"author":{"gitId":"ShaniceTang"},"content":"                System.out.println(list[i]);","lastModifiedDate":"2023-09-06"},{"lineNumber":28,"author":{"gitId":"ShaniceTang"},"content":"            }","lastModifiedDate":"2023-08-30"},{"lineNumber":29,"author":{"gitId":"ShaniceTang"},"content":"        }","lastModifiedDate":"2023-08-30"},{"lineNumber":30,"author":{"gitId":"ShaniceTang"},"content":"    }","lastModifiedDate":"2023-08-30"},{"lineNumber":31,"author":{"gitId":"ShaniceTang"},"content":"","lastModifiedDate":"2023-08-30"},{"lineNumber":32,"author":{"gitId":"ShaniceTang"},"content":"    public static int addTodo(Task[] list, String line, int count) {","lastModifiedDate":"2023-09-06"},{"lineNumber":33,"author":{"gitId":"ShaniceTang"},"content":"        list[count] \u003d new Todo(line.substring(5));","lastModifiedDate":"2023-09-06"},{"lineNumber":34,"author":{"gitId":"ShaniceTang"},"content":"        System.out.println(\"\\tGot it. I\u0027ve added this task:\");","lastModifiedDate":"2023-09-06"},{"lineNumber":35,"author":{"gitId":"ShaniceTang"},"content":"        System.out.println(\"\\t  \" + list[count]);","lastModifiedDate":"2023-09-06"},{"lineNumber":36,"author":{"gitId":"ShaniceTang"},"content":"        count++;","lastModifiedDate":"2023-09-06"},{"lineNumber":37,"author":{"gitId":"ShaniceTang"},"content":"        System.out.println(\"\\tNow you have \" + count + \" tasks in the list.\");","lastModifiedDate":"2023-09-06"},{"lineNumber":38,"author":{"gitId":"ShaniceTang"},"content":"        return count;","lastModifiedDate":"2023-09-06"},{"lineNumber":39,"author":{"gitId":"ShaniceTang"},"content":"    }","lastModifiedDate":"2023-09-06"},{"lineNumber":40,"author":{"gitId":"ShaniceTang"},"content":"","lastModifiedDate":"2023-09-06"},{"lineNumber":41,"author":{"gitId":"ShaniceTang"},"content":"    public static int addDeadline(Task[] list, String line, int count) {","lastModifiedDate":"2023-09-06"},{"lineNumber":42,"author":{"gitId":"ShaniceTang"},"content":"        int slashIndex \u003d line.indexOf(\"/\");","lastModifiedDate":"2023-09-06"},{"lineNumber":43,"author":{"gitId":"ShaniceTang"},"content":"        list[count] \u003d new Deadline(line.substring(9, slashIndex), line.substring(slashIndex + 3));","lastModifiedDate":"2023-09-06"},{"lineNumber":44,"author":{"gitId":"ShaniceTang"},"content":"        System.out.println(\"\\tGot it. I\u0027ve added this task:\");","lastModifiedDate":"2023-09-06"},{"lineNumber":45,"author":{"gitId":"ShaniceTang"},"content":"        System.out.println(\"\\t  \" + list[count]);","lastModifiedDate":"2023-09-06"},{"lineNumber":46,"author":{"gitId":"ShaniceTang"},"content":"        count++;","lastModifiedDate":"2023-09-06"},{"lineNumber":47,"author":{"gitId":"ShaniceTang"},"content":"        System.out.println(\"\\tNow you have \" + count + \" tasks in the list.\");","lastModifiedDate":"2023-09-06"},{"lineNumber":48,"author":{"gitId":"ShaniceTang"},"content":"        return count;","lastModifiedDate":"2023-09-06"},{"lineNumber":49,"author":{"gitId":"ShaniceTang"},"content":"    }","lastModifiedDate":"2023-09-06"},{"lineNumber":50,"author":{"gitId":"ShaniceTang"},"content":"","lastModifiedDate":"2023-09-06"},{"lineNumber":51,"author":{"gitId":"ShaniceTang"},"content":"    public static int addEvent(Task[] list, String line, int count) {","lastModifiedDate":"2023-09-06"},{"lineNumber":52,"author":{"gitId":"ShaniceTang"},"content":"        int firstSlash \u003d line.indexOf(\"/\");","lastModifiedDate":"2023-09-06"},{"lineNumber":53,"author":{"gitId":"ShaniceTang"},"content":"        int secondSlash \u003d line.indexOf(\"/\", firstSlash + 1);","lastModifiedDate":"2023-09-06"},{"lineNumber":54,"author":{"gitId":"ShaniceTang"},"content":"        list[count] \u003d new Event(line.substring(6, firstSlash),","lastModifiedDate":"2023-09-06"},{"lineNumber":55,"author":{"gitId":"ShaniceTang"},"content":"                line.substring(firstSlash + 5, secondSlash),","lastModifiedDate":"2023-09-06"},{"lineNumber":56,"author":{"gitId":"ShaniceTang"},"content":"                line.substring(secondSlash + 3));","lastModifiedDate":"2023-09-06"},{"lineNumber":57,"author":{"gitId":"ShaniceTang"},"content":"        System.out.println(\"\\tGot it. I\u0027ve added this task:\");","lastModifiedDate":"2023-09-06"},{"lineNumber":58,"author":{"gitId":"ShaniceTang"},"content":"        System.out.println(\"\\t  \" + list[count]);","lastModifiedDate":"2023-09-06"},{"lineNumber":59,"author":{"gitId":"ShaniceTang"},"content":"        count++;","lastModifiedDate":"2023-09-06"},{"lineNumber":60,"author":{"gitId":"ShaniceTang"},"content":"        System.out.println(\"\\tNow you have \" + count + \" tasks in the list.\");","lastModifiedDate":"2023-09-06"},{"lineNumber":61,"author":{"gitId":"ShaniceTang"},"content":"        return count;","lastModifiedDate":"2023-09-06"},{"lineNumber":62,"author":{"gitId":"ShaniceTang"},"content":"    }","lastModifiedDate":"2023-09-06"},{"lineNumber":63,"author":{"gitId":"ShaniceTang"},"content":"","lastModifiedDate":"2023-09-06"},{"lineNumber":64,"author":{"gitId":"ShaniceTang"},"content":"    public static void markTask(Task[] list, String[] command) {","lastModifiedDate":"2023-09-06"},{"lineNumber":65,"author":{"gitId":"ShaniceTang"},"content":"        int taskNum \u003d Integer.parseInt(command[1]) - 1;","lastModifiedDate":"2023-08-30"},{"lineNumber":66,"author":{"gitId":"ShaniceTang"},"content":"        if(command[0].equalsIgnoreCase(\"mark\")) {","lastModifiedDate":"2023-08-30"},{"lineNumber":67,"author":{"gitId":"ShaniceTang"},"content":"            list[taskNum].setDone(true);","lastModifiedDate":"2023-08-30"},{"lineNumber":68,"author":{"gitId":"ShaniceTang"},"content":"            System.out.println(\"\\tNice! I\u0027ve marked this task as done:\");","lastModifiedDate":"2023-08-30"},{"lineNumber":69,"author":{"gitId":"ShaniceTang"},"content":"            System.out.println(\"\\t\" + list[taskNum]);","lastModifiedDate":"2023-09-06"},{"lineNumber":70,"author":{"gitId":"ShaniceTang"},"content":"        } else {","lastModifiedDate":"2023-08-30"},{"lineNumber":71,"author":{"gitId":"ShaniceTang"},"content":"            list[taskNum].setDone(false);","lastModifiedDate":"2023-08-30"},{"lineNumber":72,"author":{"gitId":"ShaniceTang"},"content":"            System.out.println(\"\\tOK, I\u0027ve marked this task as not done yet:\");","lastModifiedDate":"2023-08-30"},{"lineNumber":73,"author":{"gitId":"ShaniceTang"},"content":"            System.out.println(\"\\t\" + list[taskNum]);","lastModifiedDate":"2023-09-06"},{"lineNumber":74,"author":{"gitId":"ShaniceTang"},"content":"        }","lastModifiedDate":"2023-08-30"},{"lineNumber":75,"author":{"gitId":"ShaniceTang"},"content":"    }","lastModifiedDate":"2023-08-30"},{"lineNumber":76,"author":{"gitId":"ShaniceTang"},"content":"    ","lastModifiedDate":"2023-08-30"},{"lineNumber":77,"author":{"gitId":"ShaniceTang"},"content":"    public static void main(String[] args) {","lastModifiedDate":"2023-08-30"},{"lineNumber":78,"author":{"gitId":"ShaniceTang"},"content":"","lastModifiedDate":"2023-08-30"},{"lineNumber":79,"author":{"gitId":"ShaniceTang"},"content":"        int count \u003d 0;","lastModifiedDate":"2023-08-30"},{"lineNumber":80,"author":{"gitId":"ShaniceTang"},"content":"        Task[] list \u003d new Task[100];","lastModifiedDate":"2023-08-30"},{"lineNumber":81,"author":{"gitId":"ShaniceTang"},"content":"        String line;","lastModifiedDate":"2023-08-30"},{"lineNumber":82,"author":{"gitId":"ShaniceTang"},"content":"        Scanner in \u003d new Scanner(System.in);","lastModifiedDate":"2023-08-30"},{"lineNumber":83,"author":{"gitId":"ShaniceTang"},"content":"","lastModifiedDate":"2023-08-30"},{"lineNumber":84,"author":{"gitId":"ShaniceTang"},"content":"        System.out.println(\"\\t____________________________________________________________\");","lastModifiedDate":"2023-08-30"},{"lineNumber":85,"author":{"gitId":"ShaniceTang"},"content":"        System.out.println(\"\\tHello! I\u0027m Chattie! How was your day?\");","lastModifiedDate":"2023-08-30"},{"lineNumber":86,"author":{"gitId":"ShaniceTang"},"content":"        System.out.println(\"\\t____________________________________________________________\");","lastModifiedDate":"2023-08-30"},{"lineNumber":87,"author":{"gitId":"ShaniceTang"},"content":"","lastModifiedDate":"2023-08-29"},{"lineNumber":88,"author":{"gitId":"ShaniceTang"},"content":"        line \u003d in.nextLine();","lastModifiedDate":"2023-08-29"},{"lineNumber":89,"author":{"gitId":"ShaniceTang"},"content":"        greetUser(line);","lastModifiedDate":"2023-09-06"},{"lineNumber":90,"author":{"gitId":"ShaniceTang"},"content":"","lastModifiedDate":"2023-08-30"},{"lineNumber":91,"author":{"gitId":"ShaniceTang"},"content":"        line \u003d in.nextLine();","lastModifiedDate":"2023-08-30"},{"lineNumber":92,"author":{"gitId":"ShaniceTang"},"content":"","lastModifiedDate":"2023-08-30"},{"lineNumber":93,"author":{"gitId":"ShaniceTang"},"content":"        while(!line.equals(\"bye\")) {","lastModifiedDate":"2023-08-29"},{"lineNumber":94,"author":{"gitId":"ShaniceTang"},"content":"            System.out.println(\"\\t____________________________________________________________\");","lastModifiedDate":"2023-08-29"},{"lineNumber":95,"author":{"gitId":"ShaniceTang"},"content":"","lastModifiedDate":"2023-08-30"},{"lineNumber":96,"author":{"gitId":"ShaniceTang"},"content":"            if(line.equals(\"list\")) {","lastModifiedDate":"2023-08-30"},{"lineNumber":97,"author":{"gitId":"ShaniceTang"},"content":"                listTasks(list, count);","lastModifiedDate":"2023-09-06"},{"lineNumber":98,"author":{"gitId":"ShaniceTang"},"content":"            } else if(line.contains(\"mark\") || line.contains(\"unmark\")) {","lastModifiedDate":"2023-08-30"},{"lineNumber":99,"author":{"gitId":"ShaniceTang"},"content":"                String[] command \u003d line.split(\" \");","lastModifiedDate":"2023-08-30"},{"lineNumber":100,"author":{"gitId":"ShaniceTang"},"content":"                markTask(list, command);","lastModifiedDate":"2023-09-06"},{"lineNumber":101,"author":{"gitId":"ShaniceTang"},"content":"            } else if (line.contains(\"todo\")) {","lastModifiedDate":"2023-09-06"},{"lineNumber":102,"author":{"gitId":"ShaniceTang"},"content":"                count \u003d addTodo(list, line, count);","lastModifiedDate":"2023-09-06"},{"lineNumber":103,"author":{"gitId":"ShaniceTang"},"content":"            } else if (line.contains(\"deadline\")) {","lastModifiedDate":"2023-09-06"},{"lineNumber":104,"author":{"gitId":"ShaniceTang"},"content":"                count \u003d addDeadline(list, line, count);","lastModifiedDate":"2023-09-06"},{"lineNumber":105,"author":{"gitId":"ShaniceTang"},"content":"            } else if (line.contains(\"event\")) {","lastModifiedDate":"2023-09-06"},{"lineNumber":106,"author":{"gitId":"ShaniceTang"},"content":"                count \u003d addEvent(list, line, count);","lastModifiedDate":"2023-09-06"},{"lineNumber":107,"author":{"gitId":"ShaniceTang"},"content":"            } else {","lastModifiedDate":"2023-08-30"},{"lineNumber":108,"author":{"gitId":"ShaniceTang"},"content":"                list[count] \u003d new Task(line);","lastModifiedDate":"2023-08-30"},{"lineNumber":109,"author":{"gitId":"ShaniceTang"},"content":"                System.out.println(\"\\tadded: \" + list[count].getTask());","lastModifiedDate":"2023-08-30"},{"lineNumber":110,"author":{"gitId":"ShaniceTang"},"content":"                count++;","lastModifiedDate":"2023-08-30"},{"lineNumber":111,"author":{"gitId":"ShaniceTang"},"content":"            }","lastModifiedDate":"2023-08-30"},{"lineNumber":112,"author":{"gitId":"ShaniceTang"},"content":"","lastModifiedDate":"2023-08-30"},{"lineNumber":113,"author":{"gitId":"ShaniceTang"},"content":"            System.out.println(\"\\t____________________________________________________________\");","lastModifiedDate":"2023-08-29"},{"lineNumber":114,"author":{"gitId":"ShaniceTang"},"content":"            line \u003d in.nextLine();","lastModifiedDate":"2023-08-29"},{"lineNumber":115,"author":{"gitId":"ShaniceTang"},"content":"        }","lastModifiedDate":"2023-08-29"},{"lineNumber":116,"author":{"gitId":"ShaniceTang"},"content":"","lastModifiedDate":"2023-08-29"},{"lineNumber":117,"author":{"gitId":"ShaniceTang"},"content":"        System.out.println(\"\\t____________________________________________________________\");","lastModifiedDate":"2023-08-29"},{"lineNumber":118,"author":{"gitId":"ShaniceTang"},"content":"        System.out.println(\"\\tByeeeee. Hope to see you again soon! :)\");","lastModifiedDate":"2023-08-30"},{"lineNumber":119,"author":{"gitId":"ShaniceTang"},"content":"        System.out.println(\"\\t____________________________________________________________\");","lastModifiedDate":"2023-08-29"},{"lineNumber":120,"author":{"gitId":"-"},"content":"    }","lastModifiedDate":"2019-07-29"},{"lineNumber":121,"author":{"gitId":"-"},"content":"}","lastModifiedDate":"2019-07-29"}],"authorContributionMap":{"ShaniceTang":119,"-":2}},{"path":"src/main/java/Deadline.java","fileType":"java","lines":[{"lineNumber":1,"author":{"gitId":"ShaniceTang"},"content":"public class Deadline extends Task{","lastModifiedDate":"2023-09-06"},{"lineNumber":2,"author":{"gitId":"ShaniceTang"},"content":"","lastModifiedDate":"2023-09-06"},{"lineNumber":3,"author":{"gitId":"ShaniceTang"},"content":"    private String by;","lastModifiedDate":"2023-09-06"},{"lineNumber":4,"author":{"gitId":"ShaniceTang"},"content":"","lastModifiedDate":"2023-09-06"},{"lineNumber":5,"author":{"gitId":"ShaniceTang"},"content":"    public Deadline(String task, String by) {","lastModifiedDate":"2023-09-06"},{"lineNumber":6,"author":{"gitId":"ShaniceTang"},"content":"        super(task);","lastModifiedDate":"2023-09-06"},{"lineNumber":7,"author":{"gitId":"ShaniceTang"},"content":"        this.by \u003d by;","lastModifiedDate":"2023-09-06"},{"lineNumber":8,"author":{"gitId":"ShaniceTang"},"content":"    }","lastModifiedDate":"2023-09-06"},{"lineNumber":9,"author":{"gitId":"ShaniceTang"},"content":"","lastModifiedDate":"2023-09-06"},{"lineNumber":10,"author":{"gitId":"ShaniceTang"},"content":"    @Override","lastModifiedDate":"2023-09-06"},{"lineNumber":11,"author":{"gitId":"ShaniceTang"},"content":"    public String toString() {","lastModifiedDate":"2023-09-06"},{"lineNumber":12,"author":{"gitId":"ShaniceTang"},"content":"        if (isDone) {","lastModifiedDate":"2023-09-06"},{"lineNumber":13,"author":{"gitId":"ShaniceTang"},"content":"            return \"[D]\" + super.toString() + \"(by:\" + by + \")\";","lastModifiedDate":"2023-09-06"},{"lineNumber":14,"author":{"gitId":"ShaniceTang"},"content":"        } else {","lastModifiedDate":"2023-09-06"},{"lineNumber":15,"author":{"gitId":"ShaniceTang"},"content":"            return \"[D]\" + super.toString() + \"(by:\" + by + \")\";","lastModifiedDate":"2023-09-06"},{"lineNumber":16,"author":{"gitId":"ShaniceTang"},"content":"        }","lastModifiedDate":"2023-09-06"},{"lineNumber":17,"author":{"gitId":"ShaniceTang"},"content":"    }","lastModifiedDate":"2023-09-06"},{"lineNumber":18,"author":{"gitId":"ShaniceTang"},"content":"}","lastModifiedDate":"2023-09-06"}],"authorContributionMap":{"ShaniceTang":18}},{"path":"src/main/java/Event.java","fileType":"java","lines":[{"lineNumber":1,"author":{"gitId":"ShaniceTang"},"content":"public class Event extends Task{","lastModifiedDate":"2023-09-06"},{"lineNumber":2,"author":{"gitId":"ShaniceTang"},"content":"    private String from;","lastModifiedDate":"2023-09-06"},{"lineNumber":3,"author":{"gitId":"ShaniceTang"},"content":"    private String to;","lastModifiedDate":"2023-09-06"},{"lineNumber":4,"author":{"gitId":"ShaniceTang"},"content":"","lastModifiedDate":"2023-09-06"},{"lineNumber":5,"author":{"gitId":"ShaniceTang"},"content":"    public Event(String task, String from, String to) {","lastModifiedDate":"2023-09-06"},{"lineNumber":6,"author":{"gitId":"ShaniceTang"},"content":"        super(task);","lastModifiedDate":"2023-09-06"},{"lineNumber":7,"author":{"gitId":"ShaniceTang"},"content":"        this.from \u003d from;","lastModifiedDate":"2023-09-06"},{"lineNumber":8,"author":{"gitId":"ShaniceTang"},"content":"        this.to \u003d to;","lastModifiedDate":"2023-09-06"},{"lineNumber":9,"author":{"gitId":"ShaniceTang"},"content":"    }","lastModifiedDate":"2023-09-06"},{"lineNumber":10,"author":{"gitId":"ShaniceTang"},"content":"","lastModifiedDate":"2023-09-06"},{"lineNumber":11,"author":{"gitId":"ShaniceTang"},"content":"    @Override","lastModifiedDate":"2023-09-06"},{"lineNumber":12,"author":{"gitId":"ShaniceTang"},"content":"    public String toString() {","lastModifiedDate":"2023-09-06"},{"lineNumber":13,"author":{"gitId":"ShaniceTang"},"content":"        if (isDone) {","lastModifiedDate":"2023-09-06"},{"lineNumber":14,"author":{"gitId":"ShaniceTang"},"content":"            return \"[E]\" + super.toString() + \"(from:\" + from + \"to:\" + to + \")\";","lastModifiedDate":"2023-09-06"},{"lineNumber":15,"author":{"gitId":"ShaniceTang"},"content":"        } else {","lastModifiedDate":"2023-09-06"},{"lineNumber":16,"author":{"gitId":"ShaniceTang"},"content":"            return \"[E]\" + super.toString() + \"(from:\" + from + \"to:\" + to + \")\";","lastModifiedDate":"2023-09-06"},{"lineNumber":17,"author":{"gitId":"ShaniceTang"},"content":"        }","lastModifiedDate":"2023-09-06"},{"lineNumber":18,"author":{"gitId":"ShaniceTang"},"content":"    }","lastModifiedDate":"2023-09-06"},{"lineNumber":19,"author":{"gitId":"ShaniceTang"},"content":"}","lastModifiedDate":"2023-09-06"}],"authorContributionMap":{"ShaniceTang":19}},{"path":"src/main/java/Task.java","fileType":"java","lines":[{"lineNumber":1,"author":{"gitId":"ShaniceTang"},"content":"public class Task {","lastModifiedDate":"2023-08-30"},{"lineNumber":2,"author":{"gitId":"ShaniceTang"},"content":"    protected String task;","lastModifiedDate":"2023-08-30"},{"lineNumber":3,"author":{"gitId":"ShaniceTang"},"content":"    protected boolean isDone;","lastModifiedDate":"2023-08-30"},{"lineNumber":4,"author":{"gitId":"ShaniceTang"},"content":"","lastModifiedDate":"2023-08-30"},{"lineNumber":5,"author":{"gitId":"ShaniceTang"},"content":"    public Task() {","lastModifiedDate":"2023-08-30"},{"lineNumber":6,"author":{"gitId":"ShaniceTang"},"content":"        setTask(\"\");","lastModifiedDate":"2023-08-30"},{"lineNumber":7,"author":{"gitId":"ShaniceTang"},"content":"        setDone(false);","lastModifiedDate":"2023-08-30"},{"lineNumber":8,"author":{"gitId":"ShaniceTang"},"content":"    }","lastModifiedDate":"2023-08-30"},{"lineNumber":9,"author":{"gitId":"ShaniceTang"},"content":"","lastModifiedDate":"2023-08-30"},{"lineNumber":10,"author":{"gitId":"ShaniceTang"},"content":"    public Task(String task) {","lastModifiedDate":"2023-08-30"},{"lineNumber":11,"author":{"gitId":"ShaniceTang"},"content":"        setTask(task);","lastModifiedDate":"2023-08-30"},{"lineNumber":12,"author":{"gitId":"ShaniceTang"},"content":"        setDone(false);","lastModifiedDate":"2023-08-30"},{"lineNumber":13,"author":{"gitId":"ShaniceTang"},"content":"    }","lastModifiedDate":"2023-08-30"},{"lineNumber":14,"author":{"gitId":"ShaniceTang"},"content":"","lastModifiedDate":"2023-08-30"},{"lineNumber":15,"author":{"gitId":"ShaniceTang"},"content":"    public String getTask() {","lastModifiedDate":"2023-08-30"},{"lineNumber":16,"author":{"gitId":"ShaniceTang"},"content":"        return task;","lastModifiedDate":"2023-08-30"},{"lineNumber":17,"author":{"gitId":"ShaniceTang"},"content":"    }","lastModifiedDate":"2023-08-30"},{"lineNumber":18,"author":{"gitId":"ShaniceTang"},"content":"","lastModifiedDate":"2023-08-30"},{"lineNumber":19,"author":{"gitId":"ShaniceTang"},"content":"    public boolean isDone() {","lastModifiedDate":"2023-08-30"},{"lineNumber":20,"author":{"gitId":"ShaniceTang"},"content":"        return isDone;","lastModifiedDate":"2023-08-30"},{"lineNumber":21,"author":{"gitId":"ShaniceTang"},"content":"    }","lastModifiedDate":"2023-08-30"},{"lineNumber":22,"author":{"gitId":"ShaniceTang"},"content":"","lastModifiedDate":"2023-08-30"},{"lineNumber":23,"author":{"gitId":"ShaniceTang"},"content":"    public void setTask(String task) {","lastModifiedDate":"2023-08-30"},{"lineNumber":24,"author":{"gitId":"ShaniceTang"},"content":"        this.task \u003d task;","lastModifiedDate":"2023-08-30"},{"lineNumber":25,"author":{"gitId":"ShaniceTang"},"content":"    }","lastModifiedDate":"2023-08-30"},{"lineNumber":26,"author":{"gitId":"ShaniceTang"},"content":"","lastModifiedDate":"2023-08-30"},{"lineNumber":27,"author":{"gitId":"ShaniceTang"},"content":"    public void setDone(boolean done) {","lastModifiedDate":"2023-08-30"},{"lineNumber":28,"author":{"gitId":"ShaniceTang"},"content":"        isDone \u003d done;","lastModifiedDate":"2023-08-30"},{"lineNumber":29,"author":{"gitId":"ShaniceTang"},"content":"    }","lastModifiedDate":"2023-08-30"},{"lineNumber":30,"author":{"gitId":"ShaniceTang"},"content":"","lastModifiedDate":"2023-09-06"},{"lineNumber":31,"author":{"gitId":"ShaniceTang"},"content":"    @Override","lastModifiedDate":"2023-09-06"},{"lineNumber":32,"author":{"gitId":"ShaniceTang"},"content":"    public String toString() {","lastModifiedDate":"2023-09-06"},{"lineNumber":33,"author":{"gitId":"ShaniceTang"},"content":"        if (isDone) {","lastModifiedDate":"2023-09-06"},{"lineNumber":34,"author":{"gitId":"ShaniceTang"},"content":"            return \"[X] \" + getTask();","lastModifiedDate":"2023-09-06"},{"lineNumber":35,"author":{"gitId":"ShaniceTang"},"content":"        } else {","lastModifiedDate":"2023-09-06"},{"lineNumber":36,"author":{"gitId":"ShaniceTang"},"content":"            return \"[ ] \" + getTask();","lastModifiedDate":"2023-09-06"},{"lineNumber":37,"author":{"gitId":"ShaniceTang"},"content":"        }","lastModifiedDate":"2023-09-06"},{"lineNumber":38,"author":{"gitId":"ShaniceTang"},"content":"    }","lastModifiedDate":"2023-09-06"},{"lineNumber":39,"author":{"gitId":"ShaniceTang"},"content":"}","lastModifiedDate":"2023-08-30"}],"authorContributionMap":{"ShaniceTang":39}},{"path":"src/main/java/Todo.java","fileType":"java","lines":[{"lineNumber":1,"author":{"gitId":"ShaniceTang"},"content":"public class Todo extends Task{","lastModifiedDate":"2023-09-06"},{"lineNumber":2,"author":{"gitId":"ShaniceTang"},"content":"","lastModifiedDate":"2023-09-06"},{"lineNumber":3,"author":{"gitId":"ShaniceTang"},"content":"    public Todo(String task) {","lastModifiedDate":"2023-09-06"},{"lineNumber":4,"author":{"gitId":"ShaniceTang"},"content":"        super(task);","lastModifiedDate":"2023-09-06"},{"lineNumber":5,"author":{"gitId":"ShaniceTang"},"content":"    }","lastModifiedDate":"2023-09-06"},{"lineNumber":6,"author":{"gitId":"ShaniceTang"},"content":"","lastModifiedDate":"2023-09-06"},{"lineNumber":7,"author":{"gitId":"ShaniceTang"},"content":"    @Override","lastModifiedDate":"2023-09-06"},{"lineNumber":8,"author":{"gitId":"ShaniceTang"},"content":"    public String toString() {","lastModifiedDate":"2023-09-06"},{"lineNumber":9,"author":{"gitId":"ShaniceTang"},"content":"        if (isDone) {","lastModifiedDate":"2023-09-06"},{"lineNumber":10,"author":{"gitId":"ShaniceTang"},"content":"            return \"[T]\" + super.toString();","lastModifiedDate":"2023-09-06"},{"lineNumber":11,"author":{"gitId":"ShaniceTang"},"content":"        } else {","lastModifiedDate":"2023-09-06"},{"lineNumber":12,"author":{"gitId":"ShaniceTang"},"content":"            return \"[T]\" + super.toString();","lastModifiedDate":"2023-09-06"},{"lineNumber":13,"author":{"gitId":"ShaniceTang"},"content":"        }","lastModifiedDate":"2023-09-06"},{"lineNumber":14,"author":{"gitId":"ShaniceTang"},"content":"    }","lastModifiedDate":"2023-09-06"},{"lineNumber":15,"author":{"gitId":"ShaniceTang"},"content":"}","lastModifiedDate":"2023-09-06"}],"authorContributionMap":{"ShaniceTang":15}}]
