[{"path":"src/main/java/DataManager.java","fileType":"java","lines":[{"lineNumber":1,"author":{"gitId":"limyuhching"},"content":"import com.sun.source.tree.AnnotationTree;","lastModifiedDate":"2023-10-03"},{"lineNumber":2,"author":{"gitId":"limyuhching"},"content":"","lastModifiedDate":"2023-10-03"},{"lineNumber":3,"author":{"gitId":"limyuhching"},"content":"import java.io.File;","lastModifiedDate":"2023-10-03"},{"lineNumber":4,"author":{"gitId":"limyuhching"},"content":"import java.io.FileNotFoundException;","lastModifiedDate":"2023-10-03"},{"lineNumber":5,"author":{"gitId":"limyuhching"},"content":"import java.io.FileWriter;","lastModifiedDate":"2023-10-03"},{"lineNumber":6,"author":{"gitId":"limyuhching"},"content":"import java.io.IOException;","lastModifiedDate":"2023-10-03"},{"lineNumber":7,"author":{"gitId":"limyuhching"},"content":"import java.nio.charset.Charset;","lastModifiedDate":"2023-10-03"},{"lineNumber":8,"author":{"gitId":"limyuhching"},"content":"import java.nio.file.Files;","lastModifiedDate":"2023-10-03"},{"lineNumber":9,"author":{"gitId":"limyuhching"},"content":"import java.util.ArrayList;","lastModifiedDate":"2023-10-03"},{"lineNumber":10,"author":{"gitId":"limyuhching"},"content":"import java.util.Scanner;","lastModifiedDate":"2023-10-03"},{"lineNumber":11,"author":{"gitId":"limyuhching"},"content":"public class DataManager {","lastModifiedDate":"2023-10-03"},{"lineNumber":12,"author":{"gitId":"limyuhching"},"content":"    private String filePath;","lastModifiedDate":"2023-10-03"},{"lineNumber":13,"author":{"gitId":"limyuhching"},"content":"","lastModifiedDate":"2023-10-03"},{"lineNumber":14,"author":{"gitId":"limyuhching"},"content":"    public DataManager(String filePath) {","lastModifiedDate":"2023-10-03"},{"lineNumber":15,"author":{"gitId":"limyuhching"},"content":"         this.filePath \u003d filePath;","lastModifiedDate":"2023-10-03"},{"lineNumber":16,"author":{"gitId":"limyuhching"},"content":"    }","lastModifiedDate":"2023-10-03"},{"lineNumber":17,"author":{"gitId":"limyuhching"},"content":"","lastModifiedDate":"2023-10-03"},{"lineNumber":18,"author":{"gitId":"limyuhching"},"content":"    public ArrayList\u003cTask\u003e loadData(){","lastModifiedDate":"2023-10-03"},{"lineNumber":19,"author":{"gitId":"limyuhching"},"content":"        ArrayList\u003cTask\u003e allTasks \u003d new ArrayList\u003cTask\u003e();","lastModifiedDate":"2023-10-03"},{"lineNumber":20,"author":{"gitId":"limyuhching"},"content":"        try {","lastModifiedDate":"2023-10-03"},{"lineNumber":21,"author":{"gitId":"limyuhching"},"content":"            File f \u003d new File(filePath);","lastModifiedDate":"2023-10-03"},{"lineNumber":22,"author":{"gitId":"limyuhching"},"content":"            Scanner s \u003d new Scanner(f);","lastModifiedDate":"2023-10-03"},{"lineNumber":23,"author":{"gitId":"limyuhching"},"content":"            while (s.hasNext()) {","lastModifiedDate":"2023-10-03"},{"lineNumber":24,"author":{"gitId":"limyuhching"},"content":"                String line \u003d s.nextLine();","lastModifiedDate":"2023-10-03"},{"lineNumber":25,"author":{"gitId":"limyuhching"},"content":"                String[] lineTokens \u003d line.split(\"\\\\|\", 3);","lastModifiedDate":"2023-10-03"},{"lineNumber":26,"author":{"gitId":"limyuhching"},"content":"                String taskType \u003d lineTokens[0].trim();","lastModifiedDate":"2023-10-03"},{"lineNumber":27,"author":{"gitId":"limyuhching"},"content":"                String completionStatus \u003d lineTokens[1].trim();","lastModifiedDate":"2023-10-03"},{"lineNumber":28,"author":{"gitId":"limyuhching"},"content":"                String description \u003d lineTokens[2].trim();","lastModifiedDate":"2023-10-03"},{"lineNumber":29,"author":{"gitId":"limyuhching"},"content":"                switch (taskType) {","lastModifiedDate":"2023-10-03"},{"lineNumber":30,"author":{"gitId":"limyuhching"},"content":"                case \"T\":","lastModifiedDate":"2023-10-03"},{"lineNumber":31,"author":{"gitId":"limyuhching"},"content":"                    ToDos todo \u003d new ToDos(description);","lastModifiedDate":"2023-10-03"},{"lineNumber":32,"author":{"gitId":"limyuhching"},"content":"                    allTasks.add(todo);","lastModifiedDate":"2023-10-03"},{"lineNumber":33,"author":{"gitId":"limyuhching"},"content":"                    if (completionStatus.equals(\"1\")) {","lastModifiedDate":"2023-10-03"},{"lineNumber":34,"author":{"gitId":"limyuhching"},"content":"                        todo.setDone(true);","lastModifiedDate":"2023-10-03"},{"lineNumber":35,"author":{"gitId":"limyuhching"},"content":"                    }","lastModifiedDate":"2023-10-03"},{"lineNumber":36,"author":{"gitId":"limyuhching"},"content":"                    break;","lastModifiedDate":"2023-10-03"},{"lineNumber":37,"author":{"gitId":"limyuhching"},"content":"                case \"D\":","lastModifiedDate":"2023-10-03"},{"lineNumber":38,"author":{"gitId":"limyuhching"},"content":"                    String[] deadlineTokens \u003d description.split(\"\\\\|\");","lastModifiedDate":"2023-10-03"},{"lineNumber":39,"author":{"gitId":"limyuhching"},"content":"                    description \u003d deadlineTokens[0].trim();","lastModifiedDate":"2023-10-03"},{"lineNumber":40,"author":{"gitId":"limyuhching"},"content":"                    String by \u003d deadlineTokens[1].trim();","lastModifiedDate":"2023-10-03"},{"lineNumber":41,"author":{"gitId":"limyuhching"},"content":"                    Deadlines deadline \u003d new Deadlines(description, by);","lastModifiedDate":"2023-10-03"},{"lineNumber":42,"author":{"gitId":"limyuhching"},"content":"                    allTasks.add(deadline);","lastModifiedDate":"2023-10-03"},{"lineNumber":43,"author":{"gitId":"limyuhching"},"content":"                    if (completionStatus.equals(\"1\")) {","lastModifiedDate":"2023-10-03"},{"lineNumber":44,"author":{"gitId":"limyuhching"},"content":"                        deadline.setDone(true);","lastModifiedDate":"2023-10-03"},{"lineNumber":45,"author":{"gitId":"limyuhching"},"content":"                    }","lastModifiedDate":"2023-10-03"},{"lineNumber":46,"author":{"gitId":"limyuhching"},"content":"                    break;","lastModifiedDate":"2023-10-03"},{"lineNumber":47,"author":{"gitId":"limyuhching"},"content":"                case \"E\":","lastModifiedDate":"2023-10-03"},{"lineNumber":48,"author":{"gitId":"limyuhching"},"content":"                    String[] eventTokens \u003d description.split(\"\\\\|\");","lastModifiedDate":"2023-10-03"},{"lineNumber":49,"author":{"gitId":"limyuhching"},"content":"                    description \u003d eventTokens[0].trim();","lastModifiedDate":"2023-10-03"},{"lineNumber":50,"author":{"gitId":"limyuhching"},"content":"                    String from \u003d eventTokens[1].trim();","lastModifiedDate":"2023-10-03"},{"lineNumber":51,"author":{"gitId":"limyuhching"},"content":"                    String to \u003d eventTokens[2].trim();","lastModifiedDate":"2023-10-03"},{"lineNumber":52,"author":{"gitId":"limyuhching"},"content":"                    Events event \u003d new Events(description, from, to);","lastModifiedDate":"2023-10-03"},{"lineNumber":53,"author":{"gitId":"limyuhching"},"content":"                    allTasks.add(event);","lastModifiedDate":"2023-10-03"},{"lineNumber":54,"author":{"gitId":"limyuhching"},"content":"                    if (completionStatus.equals(\"1\")) {","lastModifiedDate":"2023-10-03"},{"lineNumber":55,"author":{"gitId":"limyuhching"},"content":"                        event.setDone(true);","lastModifiedDate":"2023-10-03"},{"lineNumber":56,"author":{"gitId":"limyuhching"},"content":"                    }","lastModifiedDate":"2023-10-03"},{"lineNumber":57,"author":{"gitId":"limyuhching"},"content":"                    break;","lastModifiedDate":"2023-10-03"},{"lineNumber":58,"author":{"gitId":"limyuhching"},"content":"                default:","lastModifiedDate":"2023-10-03"},{"lineNumber":59,"author":{"gitId":"limyuhching"},"content":"                    System.out.println(\"\\tUnknown task encountered. Skipping\");","lastModifiedDate":"2023-10-03"},{"lineNumber":60,"author":{"gitId":"limyuhching"},"content":"                    break;","lastModifiedDate":"2023-10-03"},{"lineNumber":61,"author":{"gitId":"limyuhching"},"content":"                }","lastModifiedDate":"2023-10-03"},{"lineNumber":62,"author":{"gitId":"limyuhching"},"content":"            }","lastModifiedDate":"2023-10-03"},{"lineNumber":63,"author":{"gitId":"limyuhching"},"content":"        } catch (FileNotFoundException | ArrayIndexOutOfBoundsException e) {","lastModifiedDate":"2023-10-03"},{"lineNumber":64,"author":{"gitId":"limyuhching"},"content":"            System.out.println(\"\\tFailed to read line\");","lastModifiedDate":"2023-10-03"},{"lineNumber":65,"author":{"gitId":"limyuhching"},"content":"        }","lastModifiedDate":"2023-10-03"},{"lineNumber":66,"author":{"gitId":"limyuhching"},"content":"        return allTasks;","lastModifiedDate":"2023-10-03"},{"lineNumber":67,"author":{"gitId":"limyuhching"},"content":"    }","lastModifiedDate":"2023-10-03"},{"lineNumber":68,"author":{"gitId":"limyuhching"},"content":"","lastModifiedDate":"2023-10-03"},{"lineNumber":69,"author":{"gitId":"limyuhching"},"content":"    public void save(ArrayList\u003cTask\u003e tasks) {","lastModifiedDate":"2023-10-03"},{"lineNumber":70,"author":{"gitId":"limyuhching"},"content":"        try {","lastModifiedDate":"2023-10-03"},{"lineNumber":71,"author":{"gitId":"limyuhching"},"content":"            createFile();","lastModifiedDate":"2023-10-03"},{"lineNumber":72,"author":{"gitId":"limyuhching"},"content":"            FileWriter fw \u003d new FileWriter(filePath);","lastModifiedDate":"2023-10-03"},{"lineNumber":73,"author":{"gitId":"limyuhching"},"content":"            for (Task task : tasks) {","lastModifiedDate":"2023-10-03"},{"lineNumber":74,"author":{"gitId":"limyuhching"},"content":"                fw.write(task.toSave() + \"\\n\");","lastModifiedDate":"2023-10-03"},{"lineNumber":75,"author":{"gitId":"limyuhching"},"content":"            }","lastModifiedDate":"2023-10-03"},{"lineNumber":76,"author":{"gitId":"limyuhching"},"content":"            fw.close();","lastModifiedDate":"2023-10-03"},{"lineNumber":77,"author":{"gitId":"limyuhching"},"content":"        } catch (IOException e) {","lastModifiedDate":"2023-10-03"},{"lineNumber":78,"author":{"gitId":"limyuhching"},"content":"            System.out.println(\"An error has occurred while saving\");","lastModifiedDate":"2023-10-03"},{"lineNumber":79,"author":{"gitId":"limyuhching"},"content":"        }","lastModifiedDate":"2023-10-03"},{"lineNumber":80,"author":{"gitId":"limyuhching"},"content":"    }","lastModifiedDate":"2023-10-03"},{"lineNumber":81,"author":{"gitId":"limyuhching"},"content":"","lastModifiedDate":"2023-10-03"},{"lineNumber":82,"author":{"gitId":"limyuhching"},"content":"    public void createFile() {","lastModifiedDate":"2023-10-03"},{"lineNumber":83,"author":{"gitId":"limyuhching"},"content":"        try {","lastModifiedDate":"2023-10-03"},{"lineNumber":84,"author":{"gitId":"limyuhching"},"content":"            File f \u003d new File(filePath);","lastModifiedDate":"2023-10-03"},{"lineNumber":85,"author":{"gitId":"limyuhching"},"content":"            if (f.exists()) {","lastModifiedDate":"2023-10-03"},{"lineNumber":86,"author":{"gitId":"limyuhching"},"content":"                return;","lastModifiedDate":"2023-10-03"},{"lineNumber":87,"author":{"gitId":"limyuhching"},"content":"            }","lastModifiedDate":"2023-10-03"},{"lineNumber":88,"author":{"gitId":"limyuhching"},"content":"            if (!f.getParentFile().exists()) {","lastModifiedDate":"2023-10-03"},{"lineNumber":89,"author":{"gitId":"limyuhching"},"content":"                f.getParentFile().mkdirs();","lastModifiedDate":"2023-10-03"},{"lineNumber":90,"author":{"gitId":"limyuhching"},"content":"            }","lastModifiedDate":"2023-10-03"},{"lineNumber":91,"author":{"gitId":"limyuhching"},"content":"            f.createNewFile();","lastModifiedDate":"2023-10-03"},{"lineNumber":92,"author":{"gitId":"limyuhching"},"content":"        } catch (IOException e) {","lastModifiedDate":"2023-10-03"},{"lineNumber":93,"author":{"gitId":"limyuhching"},"content":"            System.out.println(\"Cannot create file; reason: \" + e.getMessage());","lastModifiedDate":"2023-10-03"},{"lineNumber":94,"author":{"gitId":"limyuhching"},"content":"        }","lastModifiedDate":"2023-10-03"},{"lineNumber":95,"author":{"gitId":"limyuhching"},"content":"    }","lastModifiedDate":"2023-10-03"},{"lineNumber":96,"author":{"gitId":"limyuhching"},"content":"}","lastModifiedDate":"2023-10-03"}],"authorContributionMap":{"limyuhching":96}},{"path":"src/main/java/Deadlines.java","fileType":"java","lines":[{"lineNumber":1,"author":{"gitId":"limyuhching"},"content":"public class Deadlines extends Task {","lastModifiedDate":"2023-09-07"},{"lineNumber":2,"author":{"gitId":"limyuhching"},"content":"    String by;","lastModifiedDate":"2023-09-07"},{"lineNumber":3,"author":{"gitId":"limyuhching"},"content":"    public Deadlines(String description, String by) {","lastModifiedDate":"2023-09-07"},{"lineNumber":4,"author":{"gitId":"limyuhching"},"content":"        super(description);","lastModifiedDate":"2023-09-07"},{"lineNumber":5,"author":{"gitId":"limyuhching"},"content":"        this.by \u003d by;","lastModifiedDate":"2023-09-07"},{"lineNumber":6,"author":{"gitId":"limyuhching"},"content":"    }","lastModifiedDate":"2023-09-07"},{"lineNumber":7,"author":{"gitId":"limyuhching"},"content":"    public String getBy() {","lastModifiedDate":"2023-09-07"},{"lineNumber":8,"author":{"gitId":"limyuhching"},"content":"        return by;","lastModifiedDate":"2023-09-07"},{"lineNumber":9,"author":{"gitId":"limyuhching"},"content":"    }","lastModifiedDate":"2023-09-07"},{"lineNumber":10,"author":{"gitId":"limyuhching"},"content":"    public void setBy(String by) {","lastModifiedDate":"2023-09-07"},{"lineNumber":11,"author":{"gitId":"limyuhching"},"content":"        this.by \u003d by;","lastModifiedDate":"2023-09-07"},{"lineNumber":12,"author":{"gitId":"limyuhching"},"content":"    }","lastModifiedDate":"2023-09-07"},{"lineNumber":13,"author":{"gitId":"limyuhching"},"content":"","lastModifiedDate":"2023-10-03"},{"lineNumber":14,"author":{"gitId":"limyuhching"},"content":"    @Override","lastModifiedDate":"2023-10-03"},{"lineNumber":15,"author":{"gitId":"limyuhching"},"content":"    public String toString() {","lastModifiedDate":"2023-09-07"},{"lineNumber":16,"author":{"gitId":"limyuhching"},"content":"        return \"[D]\" + super.toString() + \" (by: \" + by + \")\";","lastModifiedDate":"2023-09-07"},{"lineNumber":17,"author":{"gitId":"limyuhching"},"content":"    }","lastModifiedDate":"2023-09-07"},{"lineNumber":18,"author":{"gitId":"limyuhching"},"content":"","lastModifiedDate":"2023-09-07"},{"lineNumber":19,"author":{"gitId":"limyuhching"},"content":"    @Override","lastModifiedDate":"2023-10-03"},{"lineNumber":20,"author":{"gitId":"limyuhching"},"content":"    public String toSave() {","lastModifiedDate":"2023-10-03"},{"lineNumber":21,"author":{"gitId":"limyuhching"},"content":"        return \"D | \" + (this.isDone() ? \"1\" : \"0\") + \" | \" + this.getDescription()","lastModifiedDate":"2023-10-03"},{"lineNumber":22,"author":{"gitId":"limyuhching"},"content":"                + \" | \" + this.getBy();","lastModifiedDate":"2023-10-03"},{"lineNumber":23,"author":{"gitId":"limyuhching"},"content":"    }","lastModifiedDate":"2023-10-03"},{"lineNumber":24,"author":{"gitId":"limyuhching"},"content":"}","lastModifiedDate":"2023-09-07"}],"authorContributionMap":{"limyuhching":24}},{"path":"src/main/java/Duke.java","fileType":"java","lines":[{"lineNumber":1,"author":{"gitId":"limyuhching"},"content":"import java.util.ArrayList;","lastModifiedDate":"2023-10-03"},{"lineNumber":2,"author":{"gitId":"limyuhching"},"content":"import java.util.Scanner;","lastModifiedDate":"2023-09-05"},{"lineNumber":3,"author":{"gitId":"limyuhching"},"content":"import java.io.File;","lastModifiedDate":"2023-10-03"},{"lineNumber":4,"author":{"gitId":"-"},"content":"public class Duke {","lastModifiedDate":"2019-07-29"},{"lineNumber":5,"author":{"gitId":"limyuhching"},"content":"    private static ArrayList\u003cTask\u003e tasks \u003d new ArrayList\u003cTask\u003e();","lastModifiedDate":"2023-10-03"},{"lineNumber":6,"author":{"gitId":"limyuhching"},"content":"","lastModifiedDate":"2023-09-07"},{"lineNumber":7,"author":{"gitId":"limyuhching"},"content":"    public static void addToTasks(String description, Type type) {","lastModifiedDate":"2023-09-07"},{"lineNumber":8,"author":{"gitId":"limyuhching"},"content":"        switch (type) {","lastModifiedDate":"2023-09-07"},{"lineNumber":9,"author":{"gitId":"limyuhching"},"content":"        case TODO:","lastModifiedDate":"2023-09-07"},{"lineNumber":10,"author":{"gitId":"limyuhching"},"content":"            tasks.add(new ToDos(description));","lastModifiedDate":"2023-10-03"},{"lineNumber":11,"author":{"gitId":"limyuhching"},"content":"            break;","lastModifiedDate":"2023-09-07"},{"lineNumber":12,"author":{"gitId":"limyuhching"},"content":"        case DEADLINE:","lastModifiedDate":"2023-09-07"},{"lineNumber":13,"author":{"gitId":"limyuhching"},"content":"            try {","lastModifiedDate":"2023-09-30"},{"lineNumber":14,"author":{"gitId":"limyuhching"},"content":"                String[] deadlineTokens \u003d description.split(\"/by\");","lastModifiedDate":"2023-09-13"},{"lineNumber":15,"author":{"gitId":"limyuhching"},"content":"                description \u003d deadlineTokens[0].trim();","lastModifiedDate":"2023-09-13"},{"lineNumber":16,"author":{"gitId":"limyuhching"},"content":"                String by \u003d deadlineTokens[1].trim();","lastModifiedDate":"2023-09-13"},{"lineNumber":17,"author":{"gitId":"limyuhching"},"content":"                tasks.add(new Deadlines(description, by));","lastModifiedDate":"2023-10-03"},{"lineNumber":18,"author":{"gitId":"limyuhching"},"content":"                break;","lastModifiedDate":"2023-09-07"},{"lineNumber":19,"author":{"gitId":"limyuhching"},"content":"            } catch (IndexOutOfBoundsException e) {","lastModifiedDate":"2023-09-30"},{"lineNumber":20,"author":{"gitId":"limyuhching"},"content":"                System.out.println(\"\\t/by could not be found\");","lastModifiedDate":"2023-09-30"},{"lineNumber":21,"author":{"gitId":"limyuhching"},"content":"                return;","lastModifiedDate":"2023-09-30"},{"lineNumber":22,"author":{"gitId":"limyuhching"},"content":"            }","lastModifiedDate":"2023-09-30"},{"lineNumber":23,"author":{"gitId":"limyuhching"},"content":"        case EVENT:","lastModifiedDate":"2023-09-07"},{"lineNumber":24,"author":{"gitId":"limyuhching"},"content":"            try {","lastModifiedDate":"2023-09-30"},{"lineNumber":25,"author":{"gitId":"limyuhching"},"content":"                String[] eventTokens \u003d description.split(\"/from\");","lastModifiedDate":"2023-09-13"},{"lineNumber":26,"author":{"gitId":"limyuhching"},"content":"                description \u003d eventTokens[0].trim();","lastModifiedDate":"2023-09-13"},{"lineNumber":27,"author":{"gitId":"limyuhching"},"content":"                eventTokens \u003d eventTokens[1].split(\"/to\");","lastModifiedDate":"2023-09-13"},{"lineNumber":28,"author":{"gitId":"limyuhching"},"content":"                String from \u003d eventTokens[0].trim();","lastModifiedDate":"2023-09-13"},{"lineNumber":29,"author":{"gitId":"limyuhching"},"content":"                String to \u003d eventTokens[1].trim();","lastModifiedDate":"2023-09-13"},{"lineNumber":30,"author":{"gitId":"limyuhching"},"content":"                tasks.add(new Events(description, from, to));","lastModifiedDate":"2023-10-03"},{"lineNumber":31,"author":{"gitId":"limyuhching"},"content":"                break;","lastModifiedDate":"2023-09-07"},{"lineNumber":32,"author":{"gitId":"limyuhching"},"content":"            } catch (IndexOutOfBoundsException e) {","lastModifiedDate":"2023-09-30"},{"lineNumber":33,"author":{"gitId":"limyuhching"},"content":"                System.out.println(\"\\tBoth /from and /to are required\");","lastModifiedDate":"2023-09-30"},{"lineNumber":34,"author":{"gitId":"limyuhching"},"content":"                return;","lastModifiedDate":"2023-09-30"},{"lineNumber":35,"author":{"gitId":"limyuhching"},"content":"            }","lastModifiedDate":"2023-09-30"},{"lineNumber":36,"author":{"gitId":"limyuhching"},"content":"        }","lastModifiedDate":"2023-09-07"},{"lineNumber":37,"author":{"gitId":"limyuhching"},"content":"        System.out.println(\"\\tGot it. I\u0027ve added this task:\");","lastModifiedDate":"2023-09-07"},{"lineNumber":38,"author":{"gitId":"limyuhching"},"content":"        System.out.println(\"\\t\" + tasks.get(tasks.size()-1));","lastModifiedDate":"2023-10-03"},{"lineNumber":39,"author":{"gitId":"limyuhching"},"content":"        System.out.println(\"\\tNow you have \" + tasks.size() + \" task(s) in the list.\");","lastModifiedDate":"2023-10-03"},{"lineNumber":40,"author":{"gitId":"limyuhching"},"content":"","lastModifiedDate":"2023-10-03"},{"lineNumber":41,"author":{"gitId":"limyuhching"},"content":"    }","lastModifiedDate":"2023-09-07"},{"lineNumber":42,"author":{"gitId":"limyuhching"},"content":"    public static void printTasks() {","lastModifiedDate":"2023-09-07"},{"lineNumber":43,"author":{"gitId":"limyuhching"},"content":"        if (tasks.isEmpty()) {","lastModifiedDate":"2023-10-03"},{"lineNumber":44,"author":{"gitId":"limyuhching"},"content":"            System.out.println(\"\\tYou do not have any task in the list.\");","lastModifiedDate":"2023-09-07"},{"lineNumber":45,"author":{"gitId":"limyuhching"},"content":"            return;","lastModifiedDate":"2023-09-07"},{"lineNumber":46,"author":{"gitId":"limyuhching"},"content":"        }","lastModifiedDate":"2023-09-07"},{"lineNumber":47,"author":{"gitId":"limyuhching"},"content":"        System.out.println(\"\\tHere are the tasks in your list:\");","lastModifiedDate":"2023-09-07"},{"lineNumber":48,"author":{"gitId":"limyuhching"},"content":"        for (int i\u003d0; i\u003ctasks.size(); i++) {","lastModifiedDate":"2023-10-03"},{"lineNumber":49,"author":{"gitId":"limyuhching"},"content":"            System.out.print(\"\\t\");","lastModifiedDate":"2023-09-07"},{"lineNumber":50,"author":{"gitId":"limyuhching"},"content":"            System.out.print(i+1 + \".\");","lastModifiedDate":"2023-09-07"},{"lineNumber":51,"author":{"gitId":"limyuhching"},"content":"            System.out.println(tasks.get(i));","lastModifiedDate":"2023-10-03"},{"lineNumber":52,"author":{"gitId":"limyuhching"},"content":"        }","lastModifiedDate":"2023-09-07"},{"lineNumber":53,"author":{"gitId":"limyuhching"},"content":"    }","lastModifiedDate":"2023-09-07"},{"lineNumber":54,"author":{"gitId":"limyuhching"},"content":"    public static void markAsDone(int number) {","lastModifiedDate":"2023-09-07"},{"lineNumber":55,"author":{"gitId":"limyuhching"},"content":"        try {","lastModifiedDate":"2023-09-30"},{"lineNumber":56,"author":{"gitId":"limyuhching"},"content":"            tasks.get(number-1).setDone(true);","lastModifiedDate":"2023-10-03"},{"lineNumber":57,"author":{"gitId":"limyuhching"},"content":"            System.out.println(\"\\tNice! I\u0027ve marked this task as done:\");","lastModifiedDate":"2023-09-07"},{"lineNumber":58,"author":{"gitId":"limyuhching"},"content":"            System.out.println(\"\\t\" + tasks.get(number-1));","lastModifiedDate":"2023-10-03"},{"lineNumber":59,"author":{"gitId":"limyuhching"},"content":"        } catch (NullPointerException | IndexOutOfBoundsException e) {","lastModifiedDate":"2023-09-30"},{"lineNumber":60,"author":{"gitId":"limyuhching"},"content":"            System.out.println(\"\\tOops! task \" + number + \" does not exist\");","lastModifiedDate":"2023-09-30"},{"lineNumber":61,"author":{"gitId":"limyuhching"},"content":"        }","lastModifiedDate":"2023-09-30"},{"lineNumber":62,"author":{"gitId":"limyuhching"},"content":"    }","lastModifiedDate":"2023-09-07"},{"lineNumber":63,"author":{"gitId":"limyuhching"},"content":"    public static void markAsUndone(int number) {","lastModifiedDate":"2023-09-07"},{"lineNumber":64,"author":{"gitId":"limyuhching"},"content":"        try {","lastModifiedDate":"2023-09-30"},{"lineNumber":65,"author":{"gitId":"limyuhching"},"content":"            tasks.get(number-1).setDone(false);","lastModifiedDate":"2023-10-03"},{"lineNumber":66,"author":{"gitId":"limyuhching"},"content":"            System.out.println(\"\\tNice! I\u0027ve marked this task as undone:\");","lastModifiedDate":"2023-09-30"},{"lineNumber":67,"author":{"gitId":"limyuhching"},"content":"            System.out.println(\"\\t\" + tasks.get(number-1));","lastModifiedDate":"2023-10-03"},{"lineNumber":68,"author":{"gitId":"limyuhching"},"content":"        } catch (NullPointerException | IndexOutOfBoundsException e) {","lastModifiedDate":"2023-09-30"},{"lineNumber":69,"author":{"gitId":"limyuhching"},"content":"            System.out.println(\"\\tOops! task \" + number + \" does not exist\");","lastModifiedDate":"2023-09-30"},{"lineNumber":70,"author":{"gitId":"limyuhching"},"content":"        }","lastModifiedDate":"2023-09-30"},{"lineNumber":71,"author":{"gitId":"limyuhching"},"content":"    }","lastModifiedDate":"2023-09-30"},{"lineNumber":72,"author":{"gitId":"limyuhching"},"content":"","lastModifiedDate":"2023-09-30"},{"lineNumber":73,"author":{"gitId":"limyuhching"},"content":"    public static void deleteTask(int number) {","lastModifiedDate":"2023-09-30"},{"lineNumber":74,"author":{"gitId":"limyuhching"},"content":"        try {","lastModifiedDate":"2023-09-30"},{"lineNumber":75,"author":{"gitId":"limyuhching"},"content":"            System.out.println(\"\\tNoted. I\u0027ve removed this task:\");","lastModifiedDate":"2023-09-30"},{"lineNumber":76,"author":{"gitId":"limyuhching"},"content":"            System.out.println(\"\\t\" + tasks.get(number-1));","lastModifiedDate":"2023-09-30"},{"lineNumber":77,"author":{"gitId":"limyuhching"},"content":"            tasks.remove(number-1);","lastModifiedDate":"2023-09-30"},{"lineNumber":78,"author":{"gitId":"limyuhching"},"content":"            System.out.println(\"\\tNow you have \" + tasks.size() + \" task(s) in the list.\");","lastModifiedDate":"2023-10-03"},{"lineNumber":79,"author":{"gitId":"limyuhching"},"content":"        } catch (NullPointerException | IndexOutOfBoundsException e) {","lastModifiedDate":"2023-09-30"},{"lineNumber":80,"author":{"gitId":"limyuhching"},"content":"            System.out.println(\"\\tOops! task \" + number + \" does not exist\");","lastModifiedDate":"2023-09-30"},{"lineNumber":81,"author":{"gitId":"limyuhching"},"content":"        }","lastModifiedDate":"2023-09-30"},{"lineNumber":82,"author":{"gitId":"limyuhching"},"content":"    }","lastModifiedDate":"2023-09-07"},{"lineNumber":83,"author":{"gitId":"limyuhching"},"content":"","lastModifiedDate":"2023-09-07"},{"lineNumber":84,"author":{"gitId":"limyuhching"},"content":"","lastModifiedDate":"2023-10-03"},{"lineNumber":85,"author":{"gitId":"-"},"content":"    public static void main(String[] args) {","lastModifiedDate":"2019-07-29"},{"lineNumber":86,"author":{"gitId":"limyuhching"},"content":"        // Greetings","lastModifiedDate":"2023-09-05"},{"lineNumber":87,"author":{"gitId":"limyuhching"},"content":"        String intro \u003d \"~~~~~~~~~~~~~~~~~~~\\n\"","lastModifiedDate":"2023-09-07"},{"lineNumber":88,"author":{"gitId":"limyuhching"},"content":"                + \"Hello! I\u0027m Wenny!\\n\"","lastModifiedDate":"2023-09-07"},{"lineNumber":89,"author":{"gitId":"limyuhching"},"content":"                + \"How may I help you?\\n\"","lastModifiedDate":"2023-09-07"},{"lineNumber":90,"author":{"gitId":"limyuhching"},"content":"                + \"~~~~~~~~~~~~~~~~~~~\";","lastModifiedDate":"2023-09-07"},{"lineNumber":91,"author":{"gitId":"limyuhching"},"content":"        System.out.println(intro);","lastModifiedDate":"2023-09-05"},{"lineNumber":92,"author":{"gitId":"limyuhching"},"content":"        DataManager dataManager \u003d new DataManager(\"./data/data.txt\");","lastModifiedDate":"2023-10-03"},{"lineNumber":93,"author":{"gitId":"limyuhching"},"content":"        tasks \u003d dataManager.loadData();","lastModifiedDate":"2023-10-03"},{"lineNumber":94,"author":{"gitId":"limyuhching"},"content":"","lastModifiedDate":"2023-10-03"},{"lineNumber":95,"author":{"gitId":"limyuhching"},"content":"        while (true) {","lastModifiedDate":"2023-09-05"},{"lineNumber":96,"author":{"gitId":"limyuhching"},"content":"            Scanner scanner \u003d new Scanner(System.in);","lastModifiedDate":"2023-09-05"},{"lineNumber":97,"author":{"gitId":"limyuhching"},"content":"            String userInput \u003d scanner.nextLine();","lastModifiedDate":"2023-09-05"},{"lineNumber":98,"author":{"gitId":"limyuhching"},"content":"            String[] substr \u003d userInput.split(\"\\\\s+\", 2);","lastModifiedDate":"2023-09-30"},{"lineNumber":99,"author":{"gitId":"limyuhching"},"content":"            switch (substr[0]) {","lastModifiedDate":"2023-09-07"},{"lineNumber":100,"author":{"gitId":"limyuhching"},"content":"            case \"bye\":","lastModifiedDate":"2023-09-07"},{"lineNumber":101,"author":{"gitId":"limyuhching"},"content":"                printByeMessage();","lastModifiedDate":"2023-09-13"},{"lineNumber":102,"author":{"gitId":"limyuhching"},"content":"                break;","lastModifiedDate":"2023-09-07"},{"lineNumber":103,"author":{"gitId":"limyuhching"},"content":"            case \"list\":","lastModifiedDate":"2023-09-07"},{"lineNumber":104,"author":{"gitId":"limyuhching"},"content":"                printTasks();","lastModifiedDate":"2023-09-07"},{"lineNumber":105,"author":{"gitId":"limyuhching"},"content":"                break;","lastModifiedDate":"2023-09-07"},{"lineNumber":106,"author":{"gitId":"limyuhching"},"content":"            case \"mark\":","lastModifiedDate":"2023-09-07"},{"lineNumber":107,"author":{"gitId":"limyuhching"},"content":"                markAsDone(Integer.parseInt(substr[1]));","lastModifiedDate":"2023-09-07"},{"lineNumber":108,"author":{"gitId":"limyuhching"},"content":"                dataManager.save(tasks);","lastModifiedDate":"2023-10-03"},{"lineNumber":109,"author":{"gitId":"limyuhching"},"content":"                break;","lastModifiedDate":"2023-09-07"},{"lineNumber":110,"author":{"gitId":"limyuhching"},"content":"            case \"unmark\":","lastModifiedDate":"2023-09-07"},{"lineNumber":111,"author":{"gitId":"limyuhching"},"content":"                markAsUndone(Integer.parseInt(substr[1]));","lastModifiedDate":"2023-09-07"},{"lineNumber":112,"author":{"gitId":"limyuhching"},"content":"                dataManager.save(tasks);","lastModifiedDate":"2023-10-03"},{"lineNumber":113,"author":{"gitId":"limyuhching"},"content":"                break;","lastModifiedDate":"2023-09-07"},{"lineNumber":114,"author":{"gitId":"limyuhching"},"content":"            case \"todo\":","lastModifiedDate":"2023-09-07"},{"lineNumber":115,"author":{"gitId":"limyuhching"},"content":"                try {","lastModifiedDate":"2023-09-30"},{"lineNumber":116,"author":{"gitId":"limyuhching"},"content":"                    addToTasks(substr[1], Type.TODO);","lastModifiedDate":"2023-09-30"},{"lineNumber":117,"author":{"gitId":"limyuhching"},"content":"                    dataManager.save(tasks);","lastModifiedDate":"2023-10-03"},{"lineNumber":118,"author":{"gitId":"limyuhching"},"content":"                    break;","lastModifiedDate":"2023-09-07"},{"lineNumber":119,"author":{"gitId":"limyuhching"},"content":"                } catch (ArrayIndexOutOfBoundsException e) {","lastModifiedDate":"2023-09-30"},{"lineNumber":120,"author":{"gitId":"limyuhching"},"content":"                    System.out.println(\"\\tDescription of a todo cannot be empty\");","lastModifiedDate":"2023-09-30"},{"lineNumber":121,"author":{"gitId":"limyuhching"},"content":"                    break;","lastModifiedDate":"2023-09-30"},{"lineNumber":122,"author":{"gitId":"limyuhching"},"content":"                }","lastModifiedDate":"2023-09-30"},{"lineNumber":123,"author":{"gitId":"limyuhching"},"content":"            case \"deadline\":","lastModifiedDate":"2023-09-07"},{"lineNumber":124,"author":{"gitId":"limyuhching"},"content":"                try {","lastModifiedDate":"2023-09-30"},{"lineNumber":125,"author":{"gitId":"limyuhching"},"content":"                    addToTasks(substr[1], Type.DEADLINE);","lastModifiedDate":"2023-09-30"},{"lineNumber":126,"author":{"gitId":"limyuhching"},"content":"                    dataManager.save(tasks);","lastModifiedDate":"2023-10-03"},{"lineNumber":127,"author":{"gitId":"limyuhching"},"content":"                    break;","lastModifiedDate":"2023-09-30"},{"lineNumber":128,"author":{"gitId":"limyuhching"},"content":"                } catch (ArrayIndexOutOfBoundsException e) {","lastModifiedDate":"2023-09-30"},{"lineNumber":129,"author":{"gitId":"limyuhching"},"content":"                    System.out.println(\"\\tDescription of a deadline cannot be empty\");","lastModifiedDate":"2023-09-30"},{"lineNumber":130,"author":{"gitId":"limyuhching"},"content":"                    break;","lastModifiedDate":"2023-09-07"},{"lineNumber":131,"author":{"gitId":"limyuhching"},"content":"                }","lastModifiedDate":"2023-09-30"},{"lineNumber":132,"author":{"gitId":"limyuhching"},"content":"            case \"event\":","lastModifiedDate":"2023-09-07"},{"lineNumber":133,"author":{"gitId":"limyuhching"},"content":"                try {","lastModifiedDate":"2023-09-30"},{"lineNumber":134,"author":{"gitId":"limyuhching"},"content":"                    addToTasks(substr[1], Type.EVENT);","lastModifiedDate":"2023-09-30"},{"lineNumber":135,"author":{"gitId":"limyuhching"},"content":"                    dataManager.save(tasks);","lastModifiedDate":"2023-10-03"},{"lineNumber":136,"author":{"gitId":"limyuhching"},"content":"                    break;","lastModifiedDate":"2023-09-30"},{"lineNumber":137,"author":{"gitId":"limyuhching"},"content":"                } catch (ArrayIndexOutOfBoundsException e) {","lastModifiedDate":"2023-09-30"},{"lineNumber":138,"author":{"gitId":"limyuhching"},"content":"                    System.out.println(\"\\tDescription of a event cannot be empty\");","lastModifiedDate":"2023-09-30"},{"lineNumber":139,"author":{"gitId":"limyuhching"},"content":"                    break;","lastModifiedDate":"2023-09-07"},{"lineNumber":140,"author":{"gitId":"limyuhching"},"content":"                }","lastModifiedDate":"2023-09-30"},{"lineNumber":141,"author":{"gitId":"limyuhching"},"content":"            case \"delete\":","lastModifiedDate":"2023-09-30"},{"lineNumber":142,"author":{"gitId":"limyuhching"},"content":"                deleteTask(Integer.parseInt(substr[1]));","lastModifiedDate":"2023-09-30"},{"lineNumber":143,"author":{"gitId":"limyuhching"},"content":"                break;","lastModifiedDate":"2023-09-30"},{"lineNumber":144,"author":{"gitId":"limyuhching"},"content":"            default:","lastModifiedDate":"2023-09-13"},{"lineNumber":145,"author":{"gitId":"limyuhching"},"content":"                System.out.println(\"\\tInvalid input, please try again\");","lastModifiedDate":"2023-09-13"},{"lineNumber":146,"author":{"gitId":"limyuhching"},"content":"            }","lastModifiedDate":"2023-09-05"},{"lineNumber":147,"author":{"gitId":"limyuhching"},"content":"        }","lastModifiedDate":"2023-09-05"},{"lineNumber":148,"author":{"gitId":"limyuhching"},"content":"    }","lastModifiedDate":"2023-09-05"},{"lineNumber":149,"author":{"gitId":"limyuhching"},"content":"    public static void printByeMessage() {","lastModifiedDate":"2023-09-13"},{"lineNumber":150,"author":{"gitId":"limyuhching"},"content":"        System.out.println(\"\\tBye. Hope to see you again soon!\");","lastModifiedDate":"2023-10-03"},{"lineNumber":151,"author":{"gitId":"limyuhching"},"content":"        System.exit(0);","lastModifiedDate":"2023-09-05"},{"lineNumber":152,"author":{"gitId":"-"},"content":"    }","lastModifiedDate":"2019-07-29"},{"lineNumber":153,"author":{"gitId":"limyuhching"},"content":"","lastModifiedDate":"2023-09-05"},{"lineNumber":154,"author":{"gitId":"-"},"content":"}","lastModifiedDate":"2019-07-29"}],"authorContributionMap":{"limyuhching":150,"-":4}},{"path":"src/main/java/Events.java","fileType":"java","lines":[{"lineNumber":1,"author":{"gitId":"limyuhching"},"content":"public class Events extends Task {","lastModifiedDate":"2023-09-07"},{"lineNumber":2,"author":{"gitId":"limyuhching"},"content":"    String from;","lastModifiedDate":"2023-09-07"},{"lineNumber":3,"author":{"gitId":"limyuhching"},"content":"    String to;","lastModifiedDate":"2023-09-07"},{"lineNumber":4,"author":{"gitId":"limyuhching"},"content":"","lastModifiedDate":"2023-09-07"},{"lineNumber":5,"author":{"gitId":"limyuhching"},"content":"    public Events(String description, String from, String to) {","lastModifiedDate":"2023-09-07"},{"lineNumber":6,"author":{"gitId":"limyuhching"},"content":"        super(description);","lastModifiedDate":"2023-09-07"},{"lineNumber":7,"author":{"gitId":"limyuhching"},"content":"        setFrom(from);","lastModifiedDate":"2023-09-07"},{"lineNumber":8,"author":{"gitId":"limyuhching"},"content":"        setTo(to);","lastModifiedDate":"2023-09-07"},{"lineNumber":9,"author":{"gitId":"limyuhching"},"content":"    }","lastModifiedDate":"2023-09-07"},{"lineNumber":10,"author":{"gitId":"limyuhching"},"content":"","lastModifiedDate":"2023-09-07"},{"lineNumber":11,"author":{"gitId":"limyuhching"},"content":"    public String getFrom() {","lastModifiedDate":"2023-09-07"},{"lineNumber":12,"author":{"gitId":"limyuhching"},"content":"        return from;","lastModifiedDate":"2023-09-07"},{"lineNumber":13,"author":{"gitId":"limyuhching"},"content":"    }","lastModifiedDate":"2023-09-07"},{"lineNumber":14,"author":{"gitId":"limyuhching"},"content":"","lastModifiedDate":"2023-09-07"},{"lineNumber":15,"author":{"gitId":"limyuhching"},"content":"    public void setFrom(String from) {","lastModifiedDate":"2023-09-07"},{"lineNumber":16,"author":{"gitId":"limyuhching"},"content":"        this.from \u003d from;","lastModifiedDate":"2023-09-07"},{"lineNumber":17,"author":{"gitId":"limyuhching"},"content":"    }","lastModifiedDate":"2023-09-07"},{"lineNumber":18,"author":{"gitId":"limyuhching"},"content":"","lastModifiedDate":"2023-09-07"},{"lineNumber":19,"author":{"gitId":"limyuhching"},"content":"    public String getTo() {","lastModifiedDate":"2023-09-07"},{"lineNumber":20,"author":{"gitId":"limyuhching"},"content":"        return to;","lastModifiedDate":"2023-09-07"},{"lineNumber":21,"author":{"gitId":"limyuhching"},"content":"    }","lastModifiedDate":"2023-09-07"},{"lineNumber":22,"author":{"gitId":"limyuhching"},"content":"","lastModifiedDate":"2023-09-07"},{"lineNumber":23,"author":{"gitId":"limyuhching"},"content":"    public void setTo(String to) {","lastModifiedDate":"2023-09-07"},{"lineNumber":24,"author":{"gitId":"limyuhching"},"content":"        this.to \u003d to;","lastModifiedDate":"2023-09-07"},{"lineNumber":25,"author":{"gitId":"limyuhching"},"content":"    }","lastModifiedDate":"2023-09-07"},{"lineNumber":26,"author":{"gitId":"limyuhching"},"content":"","lastModifiedDate":"2023-09-30"},{"lineNumber":27,"author":{"gitId":"limyuhching"},"content":"    @Override","lastModifiedDate":"2023-10-03"},{"lineNumber":28,"author":{"gitId":"limyuhching"},"content":"    public String toString() {","lastModifiedDate":"2023-09-07"},{"lineNumber":29,"author":{"gitId":"limyuhching"},"content":"        return \"[E]\" + super.toString() + \" (from: \" + from + \", to: \" + to + \")\";","lastModifiedDate":"2023-09-07"},{"lineNumber":30,"author":{"gitId":"limyuhching"},"content":"    }","lastModifiedDate":"2023-09-07"},{"lineNumber":31,"author":{"gitId":"limyuhching"},"content":"","lastModifiedDate":"2023-10-03"},{"lineNumber":32,"author":{"gitId":"limyuhching"},"content":"    @Override","lastModifiedDate":"2023-10-03"},{"lineNumber":33,"author":{"gitId":"limyuhching"},"content":"    public String toSave() {","lastModifiedDate":"2023-10-03"},{"lineNumber":34,"author":{"gitId":"limyuhching"},"content":"        return \"E | \" + (this.isDone() ? \"1\" : \"0\") + \" | \" + this.getDescription()","lastModifiedDate":"2023-10-03"},{"lineNumber":35,"author":{"gitId":"limyuhching"},"content":"                + \" | \" + this.getFrom() + \" | \" + this.getTo();","lastModifiedDate":"2023-10-03"},{"lineNumber":36,"author":{"gitId":"limyuhching"},"content":"    }","lastModifiedDate":"2023-10-03"},{"lineNumber":37,"author":{"gitId":"limyuhching"},"content":"}","lastModifiedDate":"2023-09-07"},{"lineNumber":38,"author":{"gitId":"limyuhching"},"content":"","lastModifiedDate":"2023-09-07"}],"authorContributionMap":{"limyuhching":38}},{"path":"src/main/java/Task.java","fileType":"java","lines":[{"lineNumber":1,"author":{"gitId":"limyuhching"},"content":"public class Task {","lastModifiedDate":"2023-09-06"},{"lineNumber":2,"author":{"gitId":"limyuhching"},"content":"    private String description;","lastModifiedDate":"2023-09-07"},{"lineNumber":3,"author":{"gitId":"limyuhching"},"content":"    private boolean isDone;","lastModifiedDate":"2023-09-07"},{"lineNumber":4,"author":{"gitId":"limyuhching"},"content":"    public Task(String description) {","lastModifiedDate":"2023-09-07"},{"lineNumber":5,"author":{"gitId":"limyuhching"},"content":"        setDescription(description);","lastModifiedDate":"2023-09-07"},{"lineNumber":6,"author":{"gitId":"limyuhching"},"content":"        setDone(false);","lastModifiedDate":"2023-09-07"},{"lineNumber":7,"author":{"gitId":"limyuhching"},"content":"    }","lastModifiedDate":"2023-09-06"},{"lineNumber":8,"author":{"gitId":"limyuhching"},"content":"","lastModifiedDate":"2023-09-06"},{"lineNumber":9,"author":{"gitId":"limyuhching"},"content":"    public String getDescription() {","lastModifiedDate":"2023-09-07"},{"lineNumber":10,"author":{"gitId":"limyuhching"},"content":"        return description;","lastModifiedDate":"2023-09-07"},{"lineNumber":11,"author":{"gitId":"limyuhching"},"content":"    }","lastModifiedDate":"2023-09-06"},{"lineNumber":12,"author":{"gitId":"limyuhching"},"content":"","lastModifiedDate":"2023-09-07"},{"lineNumber":13,"author":{"gitId":"limyuhching"},"content":"    public void setDescription(String description) {","lastModifiedDate":"2023-09-07"},{"lineNumber":14,"author":{"gitId":"limyuhching"},"content":"        this.description \u003d description;","lastModifiedDate":"2023-09-07"},{"lineNumber":15,"author":{"gitId":"limyuhching"},"content":"    }","lastModifiedDate":"2023-09-06"},{"lineNumber":16,"author":{"gitId":"limyuhching"},"content":"","lastModifiedDate":"2023-09-06"},{"lineNumber":17,"author":{"gitId":"limyuhching"},"content":"    public boolean isDone() {","lastModifiedDate":"2023-09-07"},{"lineNumber":18,"author":{"gitId":"limyuhching"},"content":"        return isDone;","lastModifiedDate":"2023-09-07"},{"lineNumber":19,"author":{"gitId":"limyuhching"},"content":"    }","lastModifiedDate":"2023-09-06"},{"lineNumber":20,"author":{"gitId":"limyuhching"},"content":"","lastModifiedDate":"2023-09-07"},{"lineNumber":21,"author":{"gitId":"limyuhching"},"content":"    public void setDone(boolean done) {","lastModifiedDate":"2023-09-07"},{"lineNumber":22,"author":{"gitId":"limyuhching"},"content":"        isDone \u003d done;","lastModifiedDate":"2023-09-07"},{"lineNumber":23,"author":{"gitId":"limyuhching"},"content":"    }","lastModifiedDate":"2023-09-06"},{"lineNumber":24,"author":{"gitId":"limyuhching"},"content":"","lastModifiedDate":"2023-09-06"},{"lineNumber":25,"author":{"gitId":"limyuhching"},"content":"    public String toString() {","lastModifiedDate":"2023-09-30"},{"lineNumber":26,"author":{"gitId":"limyuhching"},"content":"        String temp \u003d \"[ ]\";","lastModifiedDate":"2023-09-30"},{"lineNumber":27,"author":{"gitId":"limyuhching"},"content":"        if (isDone) {","lastModifiedDate":"2023-09-30"},{"lineNumber":28,"author":{"gitId":"limyuhching"},"content":"            temp \u003d \"[X]\";","lastModifiedDate":"2023-09-30"},{"lineNumber":29,"author":{"gitId":"limyuhching"},"content":"        }","lastModifiedDate":"2023-09-30"},{"lineNumber":30,"author":{"gitId":"limyuhching"},"content":"        return temp + \" \" + description;","lastModifiedDate":"2023-09-30"},{"lineNumber":31,"author":{"gitId":"limyuhching"},"content":"    }","lastModifiedDate":"2023-09-06"},{"lineNumber":32,"author":{"gitId":"limyuhching"},"content":"","lastModifiedDate":"2023-10-03"},{"lineNumber":33,"author":{"gitId":"limyuhching"},"content":"    public String toSave() {","lastModifiedDate":"2023-10-03"},{"lineNumber":34,"author":{"gitId":"limyuhching"},"content":"        return null;","lastModifiedDate":"2023-10-03"},{"lineNumber":35,"author":{"gitId":"limyuhching"},"content":"    }","lastModifiedDate":"2023-10-03"},{"lineNumber":36,"author":{"gitId":"limyuhching"},"content":"}","lastModifiedDate":"2023-09-06"}],"authorContributionMap":{"limyuhching":36}},{"path":"src/main/java/ToDos.java","fileType":"java","lines":[{"lineNumber":1,"author":{"gitId":"limyuhching"},"content":"public class ToDos extends Task {","lastModifiedDate":"2023-09-07"},{"lineNumber":2,"author":{"gitId":"limyuhching"},"content":"","lastModifiedDate":"2023-09-07"},{"lineNumber":3,"author":{"gitId":"limyuhching"},"content":"    public ToDos(String description) {","lastModifiedDate":"2023-09-07"},{"lineNumber":4,"author":{"gitId":"limyuhching"},"content":"        super(description);","lastModifiedDate":"2023-09-07"},{"lineNumber":5,"author":{"gitId":"limyuhching"},"content":"    }","lastModifiedDate":"2023-09-07"},{"lineNumber":6,"author":{"gitId":"limyuhching"},"content":"","lastModifiedDate":"2023-09-07"},{"lineNumber":7,"author":{"gitId":"limyuhching"},"content":"    public String toString() {","lastModifiedDate":"2023-09-07"},{"lineNumber":8,"author":{"gitId":"limyuhching"},"content":"        return \"[T]\" + super.toString();","lastModifiedDate":"2023-09-07"},{"lineNumber":9,"author":{"gitId":"limyuhching"},"content":"    }","lastModifiedDate":"2023-09-07"},{"lineNumber":10,"author":{"gitId":"limyuhching"},"content":"","lastModifiedDate":"2023-10-03"},{"lineNumber":11,"author":{"gitId":"limyuhching"},"content":"    @Override","lastModifiedDate":"2023-10-03"},{"lineNumber":12,"author":{"gitId":"limyuhching"},"content":"    public String toSave() {","lastModifiedDate":"2023-10-03"},{"lineNumber":13,"author":{"gitId":"limyuhching"},"content":"        return \"T | \" + (this.isDone() ? \"1\" : \"0\") + \" | \" + this.getDescription();","lastModifiedDate":"2023-10-03"},{"lineNumber":14,"author":{"gitId":"limyuhching"},"content":"    }","lastModifiedDate":"2023-10-03"},{"lineNumber":15,"author":{"gitId":"limyuhching"},"content":"}","lastModifiedDate":"2023-09-07"}],"authorContributionMap":{"limyuhching":15}},{"path":"src/main/java/Type.java","fileType":"java","lines":[{"lineNumber":1,"author":{"gitId":"limyuhching"},"content":"public enum Type {","lastModifiedDate":"2023-09-07"},{"lineNumber":2,"author":{"gitId":"limyuhching"},"content":"    TODO, DEADLINE, EVENT","lastModifiedDate":"2023-09-07"},{"lineNumber":3,"author":{"gitId":"limyuhching"},"content":"}","lastModifiedDate":"2023-09-07"}],"authorContributionMap":{"limyuhching":3}}]
