{"authorDailyContributionsMap":{"limyuhching":[{"date":"2023-09-05","commitResults":[{"hash":"3174bce0d90e390ca7a047411b9f91bae3340dbe","isMergeCommit":false,"messageTitle":"Level 0. Rename, Greet, Exit","messageBody":"","tags":["Level-0"],"fileTypesAndContributionMap":{"java":{"insertions":8,"deletions":6}}},{"hash":"3015c0c66abaa07acf1c910baf8cc70628f3bd08","isMergeCommit":false,"messageTitle":"Level 1. Echo","messageBody":"","tags":["level-1","Level-1"],"fileTypesAndContributionMap":{"java":{"insertions":10,"deletions":2}}},{"hash":"f21bf134b9d9e6ddc462559bab3df1c91b589e92","isMergeCommit":false,"messageTitle":"Renamed Duke. Added greetings.","messageBody":"","fileTypesAndContributionMap":{"java":{"insertions":32,"deletions":1}}}]},{"date":"2023-09-06","commitResults":[{"hash":"46b895f34772ae0839484d5bbd5f717f60e4f172","isMergeCommit":false,"messageTitle":"Renamed list as tasks. Added isDone flag and markAsDone, markAsUndone functions.","messageBody":"","tags":["level-3","Level-3","Level-2"],"fileTypesAndContributionMap":{"java":{"insertions":53,"deletions":28}}}]},{"date":"2023-09-07","commitResults":[{"hash":"bbc2effa6f923ab5548ed334d6792457138e10b0","isMergeCommit":false,"messageTitle":"Add ToDos, Events, Deadlines","messageBody":"ToDos, Events, Deadlines are created as a subclass of Task.\n\nMoved addToTask and printTask from Task class to Main program.\n","tags":["Level-4"],"fileTypesAndContributionMap":{"java":{"insertions":161,"deletions":48}}}]},{"date":"2023-09-13","commitResults":[{"hash":"aa3631e6cd4e528c82d125bdcc299d5f508a25f7","isMergeCommit":false,"messageTitle":"Make changes to various variable name","messageBody":"","tags":["A-CodingStandard","A-CodeQuality"],"fileTypesAndContributionMap":{"java":{"insertions":12,"deletions":10}}}]},{"date":"2023-09-30","commitResults":[{"hash":"2e8d61b993b9164318c618422d2e99bef2e6b156","isMergeCommit":false,"messageTitle":"Add Exceptions","messageBody":"","fileTypesAndContributionMap":{"java":{"insertions":67,"deletions":31}}},{"hash":"4f314bf1868b6730af810560c7d36d7099fddd6d","isMergeCommit":false,"messageTitle":"Revert \"Add Exceptions\"","messageBody":"This reverts commit 2e8d61b993b9164318c618422d2e99bef2e6b156.\n","fileTypesAndContributionMap":{"java":{"insertions":31,"deletions":67}}},{"hash":"226c2292a934e23e524f1dbccbe4f3b3e772853b","isMergeCommit":false,"messageTitle":"Handled exceptions","messageBody":"","fileTypesAndContributionMap":{"java":{"insertions":62,"deletions":28}}},{"hash":"111b4d19a35204cc53bd1340b67467c9c24a3ada","isMergeCommit":false,"messageTitle":"Add support for deleting tasks from the list","messageBody":"","fileTypesAndContributionMap":{"java":{"insertions":30,"deletions":14}}}]},{"date":"2023-10-03","commitResults":[{"hash":"798021e5d18aa7be2371d5deef51ef5342c52887","isMergeCommit":false,"messageTitle":"Add DataManager to save tasks to a text file","messageBody":"","fileTypesAndContributionMap":{"java":{"insertions":148,"deletions":18}}},{"hash":"4bc76485a19751a379b1b177f08dcaf68f85061c","isMergeCommit":true,"messageTitle":"Merge branch \u0027branch-Level-6\u0027 into branch-Level-7","messageBody":"# Conflicts:\n#\tsrc/main/java/Duke.java\n","fileTypesAndContributionMap":{}},{"hash":"ce88d164febb7b6f1268158008e257ef46754c68","isMergeCommit":true,"messageTitle":"Merge branch \u0027branch-Level-6\u0027","messageBody":"","tags":["Level-6","A-Collections"],"fileTypesAndContributionMap":{}},{"hash":"b8c1b0aa7fb431d20bdacaa5dd9864e141c0ea04","isMergeCommit":true,"messageTitle":"Merge branch \u0027branch-Level-7\u0027","messageBody":"","tags":["Level-7","A-Jar"],"fileTypesAndContributionMap":{}}]},{"date":"2023-10-04","commitResults":[{"hash":"7beac69d24604af8fae512a84070cdb5e2d12bc9","isMergeCommit":false,"messageTitle":"Divide code into smaller objects","messageBody":"Create TaskList, Parser, Ui and Storage to split the code in Duke into different objects\n","tags":["A-MoreOOP"],"fileTypesAndContributionMap":{"java":{"insertions":339,"deletions":162}}},{"hash":"02762e480467ee3100542897ba56b28a724166f4","isMergeCommit":false,"messageTitle":"Create find command to match keyword with task","messageBody":"","tags":["Level-9"],"fileTypesAndContributionMap":{"java":{"insertions":42,"deletions":5}}},{"hash":"9df71858e0ab30360995c2f374bb25db813ab53f","isMergeCommit":false,"messageTitle":"Add Javadoc to most of the class","messageBody":"","fileTypesAndContributionMap":{"java":{"insertions":185,"deletions":15}}},{"hash":"ffa52f198e003bdc2f182800bf0e90ecf7b67b9f","isMergeCommit":true,"messageTitle":"Merge pull request #1 from limyuhching/branch-A-JavaDoc","messageBody":"Add Javadoc to most of the class","fileTypesAndContributionMap":{}},{"hash":"7dd4b4866a009ae9a3c7e85d9488dd8d54287eb3","isMergeCommit":true,"messageTitle":"Merge branch \u0027master\u0027 of https://github.com/limyuhching/ip","messageBody":"","tags":["A-JavaDoc"],"fileTypesAndContributionMap":{}},{"hash":"e1a286f0c0647a976ab56ad84427000da8ed0202","isMergeCommit":false,"messageTitle":"Update README.md","messageBody":"","fileTypesAndContributionMap":{"md":{"insertions":60,"deletions":28}}},{"hash":"119b4c951b40d642dba5f029e7725aa747e137e7","isMergeCommit":false,"messageTitle":"Update README.md","messageBody":"","fileTypesAndContributionMap":{"md":{"insertions":51,"deletions":32}}},{"hash":"8b84635556a481eb2cab2fb4ea1ff8e211634680","isMergeCommit":true,"messageTitle":"Merge branch \u0027master\u0027 of https://github.com/limyuhching/ip","messageBody":"","tags":["A-UserGuide"],"fileTypesAndContributionMap":{}},{"hash":"0a66c63f37375356e24dea6494321f8bf759cc9b","isMergeCommit":false,"messageTitle":"Minor UI changes","messageBody":"","fileTypesAndContributionMap":{"java":{"insertions":21,"deletions":9}}},{"hash":"9cfe06ed27f804534c301ccb77b3d0b79db9ec6a","isMergeCommit":false,"messageTitle":"Minor UI changes","messageBody":"","fileTypesAndContributionMap":{"java":{"insertions":2,"deletions":2}}},{"hash":"96b87277b14e68157ddca3729b0934787410d44c","isMergeCommit":false,"messageTitle":"Handle exception when argument is missing","messageBody":"","tags":["A-Release"],"fileTypesAndContributionMap":{"java":{"insertions":10,"deletions":8}}}]},{"date":"2023-10-07","commitResults":[{"hash":"7edd3e731fac8ac7b20930da3690640f9391dcfe","isMergeCommit":false,"messageTitle":"Update README.md","messageBody":"","fileTypesAndContributionMap":{"md":{"insertions":2,"deletions":0}}}]}]},"authorFileTypeContributionMap":{"limyuhching":{"java":760,"md":69,"fxml":0,"sh":0,"bat":0,"gradle":0,"txt":0}},"authorContributionVariance":{"limyuhching":20923.994},"authorDisplayNameMap":{"limyuhching":"CS2113-T18-3 LIM ..HING"}}
