{"authorDailyContributionsMap":{"limyuhching":[{"date":"2023-09-05","commitResults":[{"hash":"3174bce0d90e390ca7a047411b9f91bae3340dbe","isMergeCommit":false,"messageTitle":"Level 0. Rename, Greet, Exit","messageBody":"","tags":["Level-0"],"fileTypesAndContributionMap":{"java":{"insertions":8,"deletions":6}}},{"hash":"3015c0c66abaa07acf1c910baf8cc70628f3bd08","isMergeCommit":false,"messageTitle":"Level 1. Echo","messageBody":"","tags":["level-1"],"fileTypesAndContributionMap":{"java":{"insertions":10,"deletions":2}}},{"hash":"f21bf134b9d9e6ddc462559bab3df1c91b589e92","isMergeCommit":false,"messageTitle":"Renamed Duke. Added greetings.","messageBody":"","fileTypesAndContributionMap":{"java":{"insertions":32,"deletions":1}}}]},{"date":"2023-09-06","commitResults":[{"hash":"46b895f34772ae0839484d5bbd5f717f60e4f172","isMergeCommit":false,"messageTitle":"Renamed list as tasks. Added isDone flag and markAsDone, markAsUndone functions.","messageBody":"","tags":["level-2\u00263"],"fileTypesAndContributionMap":{"java":{"insertions":53,"deletions":28}}}]},{"date":"2023-09-07","commitResults":[{"hash":"bbc2effa6f923ab5548ed334d6792457138e10b0","isMergeCommit":false,"messageTitle":"Add ToDos, Events, Deadlines","messageBody":"ToDos, Events, Deadlines are created as a subclass of Task.\n\nMoved addToTask and printTask from Task class to Main program.\n","tags":["Level-4"],"fileTypesAndContributionMap":{"java":{"insertions":161,"deletions":48}}}]}]},"authorFileTypeContributionMap":{"limyuhching":{"java":185,"md":0,"fxml":0,"sh":0,"bat":0,"gradle":0,"txt":0}},"authorContributionVariance":{"limyuhching":2282.0452},"authorDisplayNameMap":{"limyuhching":"LIM ..HING"}}
