[{"path":"src/main/java/ListWhisper.java","fileType":"java","lines":[{"lineNumber":1,"author":{"gitId":"ziyi105"},"content":"import listWhisper.exceptions.DescriptionFormatException;","lastModifiedDate":"2023-09-14"},{"lineNumber":2,"author":{"gitId":"ziyi105"},"content":"","lastModifiedDate":"2023-09-14"},{"lineNumber":3,"author":{"gitId":"ziyi105"},"content":"import java.lang.String;","lastModifiedDate":"2023-08-31"},{"lineNumber":4,"author":{"gitId":"ziyi105"},"content":"import java.lang.System;","lastModifiedDate":"2023-08-31"},{"lineNumber":5,"author":{"gitId":"ziyi105"},"content":"","lastModifiedDate":"2023-08-31"},{"lineNumber":6,"author":{"gitId":"ziyi105"},"content":"public class ListWhisper {","lastModifiedDate":"2023-09-01"},{"lineNumber":7,"author":{"gitId":"ziyi105"},"content":"    public static void main(String[] args) throws DescriptionFormatException {","lastModifiedDate":"2023-09-14"},{"lineNumber":8,"author":{"gitId":"ziyi105"},"content":"        ListWhisper.startProgram();","lastModifiedDate":"2023-09-12"},{"lineNumber":9,"author":{"gitId":"ziyi105"},"content":"    }","lastModifiedDate":"2023-09-12"},{"lineNumber":10,"author":{"gitId":"ziyi105"},"content":"","lastModifiedDate":"2023-09-12"},{"lineNumber":11,"author":{"gitId":"ziyi105"},"content":"    private static void startProgram() throws DescriptionFormatException {","lastModifiedDate":"2023-09-14"},{"lineNumber":12,"author":{"gitId":"ziyi105"},"content":"        Manager manager \u003d new Manager();","lastModifiedDate":"2023-08-31"},{"lineNumber":13,"author":{"gitId":"ziyi105"},"content":"        greetUser();","lastModifiedDate":"2023-09-12"},{"lineNumber":14,"author":{"gitId":"ziyi105"},"content":"        manager.readInput();","lastModifiedDate":"2023-09-12"},{"lineNumber":15,"author":{"gitId":"ziyi105"},"content":"    }","lastModifiedDate":"2023-09-12"},{"lineNumber":16,"author":{"gitId":"ziyi105"},"content":"","lastModifiedDate":"2023-09-12"},{"lineNumber":17,"author":{"gitId":"ziyi105"},"content":"    private static void greetUser() {","lastModifiedDate":"2023-09-12"},{"lineNumber":18,"author":{"gitId":"ziyi105"},"content":"        System.out.println(\"-----------------------------------------------------\");","lastModifiedDate":"2023-09-12"},{"lineNumber":19,"author":{"gitId":"ziyi105"},"content":"        System.out.println(","lastModifiedDate":"2023-08-31"},{"lineNumber":20,"author":{"gitId":"ziyi105"},"content":"                \"Hello! I\u0027m ListWhisper\\n\" +","lastModifiedDate":"2023-09-12"},{"lineNumber":21,"author":{"gitId":"ziyi105"},"content":"                        \"What can I do for you?\"","lastModifiedDate":"2023-08-31"},{"lineNumber":22,"author":{"gitId":"ziyi105"},"content":"        );","lastModifiedDate":"2023-08-31"},{"lineNumber":23,"author":{"gitId":"ziyi105"},"content":"        System.out.println(\"-----------------------------------------------------\");","lastModifiedDate":"2023-09-12"},{"lineNumber":24,"author":{"gitId":"-"},"content":"    }","lastModifiedDate":"2019-07-29"},{"lineNumber":25,"author":{"gitId":"ziyi105"},"content":"","lastModifiedDate":"2023-09-12"},{"lineNumber":26,"author":{"gitId":"-"},"content":"}","lastModifiedDate":"2019-07-29"}],"authorContributionMap":{"ziyi105":24,"-":2}},{"path":"src/main/java/Manager.java","fileType":"java","lines":[{"lineNumber":1,"author":{"gitId":"ziyi105"},"content":"import listWhisper.exceptions.DescriptionFormatException;","lastModifiedDate":"2023-09-14"},{"lineNumber":2,"author":{"gitId":"ziyi105"},"content":"import listWhisper.exceptions.InvalidCommandException;","lastModifiedDate":"2023-09-14"},{"lineNumber":3,"author":{"gitId":"ziyi105"},"content":"import listWhisper.task.List;","lastModifiedDate":"2023-09-14"},{"lineNumber":4,"author":{"gitId":"ziyi105"},"content":"","lastModifiedDate":"2023-09-14"},{"lineNumber":5,"author":{"gitId":"ziyi105"},"content":"import java.util.Scanner;","lastModifiedDate":"2023-09-12"},{"lineNumber":6,"author":{"gitId":"ziyi105"},"content":"","lastModifiedDate":"2023-09-12"},{"lineNumber":7,"author":{"gitId":"ziyi105"},"content":"class Manager {","lastModifiedDate":"2023-08-31"},{"lineNumber":8,"author":{"gitId":"ziyi105"},"content":"    List list;","lastModifiedDate":"2023-08-31"},{"lineNumber":9,"author":{"gitId":"ziyi105"},"content":"","lastModifiedDate":"2023-08-31"},{"lineNumber":10,"author":{"gitId":"ziyi105"},"content":"    public Manager() {","lastModifiedDate":"2023-08-31"},{"lineNumber":11,"author":{"gitId":"ziyi105"},"content":"        this.list \u003d new List();","lastModifiedDate":"2023-08-31"},{"lineNumber":12,"author":{"gitId":"ziyi105"},"content":"    }","lastModifiedDate":"2023-08-31"},{"lineNumber":13,"author":{"gitId":"ziyi105"},"content":"","lastModifiedDate":"2023-09-12"},{"lineNumber":14,"author":{"gitId":"ziyi105"},"content":"    public void readInput() {","lastModifiedDate":"2023-09-12"},{"lineNumber":15,"author":{"gitId":"ziyi105"},"content":"            Scanner s \u003d new Scanner(System.in);","lastModifiedDate":"2023-09-12"},{"lineNumber":16,"author":{"gitId":"ziyi105"},"content":"        while (s.hasNextLine()) {","lastModifiedDate":"2023-09-12"},{"lineNumber":17,"author":{"gitId":"ziyi105"},"content":"            String input \u003d s.nextLine();","lastModifiedDate":"2023-09-12"},{"lineNumber":18,"author":{"gitId":"ziyi105"},"content":"            this.execute(input);","lastModifiedDate":"2023-09-12"},{"lineNumber":19,"author":{"gitId":"ziyi105"},"content":"        }","lastModifiedDate":"2023-09-12"},{"lineNumber":20,"author":{"gitId":"ziyi105"},"content":"    }","lastModifiedDate":"2023-09-12"},{"lineNumber":21,"author":{"gitId":"ziyi105"},"content":"    void execute(String input) {","lastModifiedDate":"2023-09-12"},{"lineNumber":22,"author":{"gitId":"ziyi105"},"content":"","lastModifiedDate":"2023-09-01"},{"lineNumber":23,"author":{"gitId":"ziyi105"},"content":"        try {","lastModifiedDate":"2023-09-14"},{"lineNumber":24,"author":{"gitId":"ziyi105"},"content":"            if (input.startsWith(\"bye\")) {","lastModifiedDate":"2023-09-14"},{"lineNumber":25,"author":{"gitId":"ziyi105"},"content":"                printByeMessage();","lastModifiedDate":"2023-09-12"},{"lineNumber":26,"author":{"gitId":"ziyi105"},"content":"                exit();","lastModifiedDate":"2023-09-12"},{"lineNumber":27,"author":{"gitId":"ziyi105"},"content":"            } else if (input.startsWith(\"list\")) {","lastModifiedDate":"2023-09-14"},{"lineNumber":28,"author":{"gitId":"ziyi105"},"content":"                printListMessage();","lastModifiedDate":"2023-09-12"},{"lineNumber":29,"author":{"gitId":"ziyi105"},"content":"            } else if (input.startsWith(\"mark\")) {","lastModifiedDate":"2023-09-14"},{"lineNumber":30,"author":{"gitId":"ziyi105"},"content":"                this.list.mark(input);","lastModifiedDate":"2023-09-14"},{"lineNumber":31,"author":{"gitId":"ziyi105"},"content":"                printMarkMessage(this.list.getSize());","lastModifiedDate":"2023-09-14"},{"lineNumber":32,"author":{"gitId":"ziyi105"},"content":"            } else if (input.startsWith(\"unmark\")) {","lastModifiedDate":"2023-09-14"},{"lineNumber":33,"author":{"gitId":"ziyi105"},"content":"                this.list.unmark(input);","lastModifiedDate":"2023-09-14"},{"lineNumber":34,"author":{"gitId":"ziyi105"},"content":"                printUnmarkMessage(this.list.getSize());","lastModifiedDate":"2023-09-14"},{"lineNumber":35,"author":{"gitId":"ziyi105"},"content":"            } else if (input.startsWith(\"todo\")) {","lastModifiedDate":"2023-09-14"},{"lineNumber":36,"author":{"gitId":"ziyi105"},"content":"                this.list.addTodo(input.substring(\"todo\".length()));","lastModifiedDate":"2023-09-14"},{"lineNumber":37,"author":{"gitId":"ziyi105"},"content":"                printAddMessage();","lastModifiedDate":"2023-09-12"},{"lineNumber":38,"author":{"gitId":"ziyi105"},"content":"            } else if (input.startsWith(\"deadline\")) {","lastModifiedDate":"2023-09-14"},{"lineNumber":39,"author":{"gitId":"ziyi105"},"content":"                this.list.addDeadline(input.substring(\"deadline\".length()));","lastModifiedDate":"2023-09-14"},{"lineNumber":40,"author":{"gitId":"ziyi105"},"content":"                printAddMessage();","lastModifiedDate":"2023-09-14"},{"lineNumber":41,"author":{"gitId":"ziyi105"},"content":"            } else if (input.startsWith(\"event\")) {","lastModifiedDate":"2023-09-14"},{"lineNumber":42,"author":{"gitId":"ziyi105"},"content":"                this.list.addEvent(input.substring(\"event\".length()));","lastModifiedDate":"2023-09-14"},{"lineNumber":43,"author":{"gitId":"ziyi105"},"content":"                printAddMessage();","lastModifiedDate":"2023-09-14"},{"lineNumber":44,"author":{"gitId":"ziyi105"},"content":"            } else {","lastModifiedDate":"2023-09-14"},{"lineNumber":45,"author":{"gitId":"ziyi105"},"content":"                throw new InvalidCommandException(\"OOPS!!! I\u0027m sorry, but I don\u0027t know what that means :-(\");","lastModifiedDate":"2023-09-14"},{"lineNumber":46,"author":{"gitId":"ziyi105"},"content":"            }","lastModifiedDate":"2023-09-14"},{"lineNumber":47,"author":{"gitId":"ziyi105"},"content":"        } catch (DescriptionFormatException | InvalidCommandException e) {","lastModifiedDate":"2023-09-14"},{"lineNumber":48,"author":{"gitId":"ziyi105"},"content":"            System.out.println(e);","lastModifiedDate":"2023-09-14"},{"lineNumber":49,"author":{"gitId":"ziyi105"},"content":"        }","lastModifiedDate":"2023-09-12"},{"lineNumber":50,"author":{"gitId":"ziyi105"},"content":"    }","lastModifiedDate":"2023-09-12"},{"lineNumber":51,"author":{"gitId":"ziyi105"},"content":"","lastModifiedDate":"2023-09-07"},{"lineNumber":52,"author":{"gitId":"ziyi105"},"content":"    private static void exit() {","lastModifiedDate":"2023-09-12"},{"lineNumber":53,"author":{"gitId":"ziyi105"},"content":"        System.exit(0);","lastModifiedDate":"2023-09-12"},{"lineNumber":54,"author":{"gitId":"ziyi105"},"content":"    }","lastModifiedDate":"2023-09-12"},{"lineNumber":55,"author":{"gitId":"ziyi105"},"content":"","lastModifiedDate":"2023-09-12"},{"lineNumber":56,"author":{"gitId":"ziyi105"},"content":"    private void printAddMessage() {","lastModifiedDate":"2023-09-12"},{"lineNumber":57,"author":{"gitId":"ziyi105"},"content":"        printStraightLine();","lastModifiedDate":"2023-09-12"},{"lineNumber":58,"author":{"gitId":"ziyi105"},"content":"        System.out.println(\"Got it. I\u0027ve added this task:\");","lastModifiedDate":"2023-09-12"},{"lineNumber":59,"author":{"gitId":"ziyi105"},"content":"        System.out.println(this.list.getTask(this.list.getSize()) + \"\\n\");","lastModifiedDate":"2023-09-12"},{"lineNumber":60,"author":{"gitId":"ziyi105"},"content":"        System.out.println(String.format(\"Now you have %d tasks in the list.\", this.list.getSize()));","lastModifiedDate":"2023-09-12"},{"lineNumber":61,"author":{"gitId":"ziyi105"},"content":"        printStraightLine();","lastModifiedDate":"2023-09-12"},{"lineNumber":62,"author":{"gitId":"ziyi105"},"content":"    }","lastModifiedDate":"2023-09-12"},{"lineNumber":63,"author":{"gitId":"ziyi105"},"content":"","lastModifiedDate":"2023-09-12"},{"lineNumber":64,"author":{"gitId":"ziyi105"},"content":"    private void printUnmarkMessage(int taskId) {","lastModifiedDate":"2023-09-12"},{"lineNumber":65,"author":{"gitId":"ziyi105"},"content":"        printStraightLine();","lastModifiedDate":"2023-09-12"},{"lineNumber":66,"author":{"gitId":"ziyi105"},"content":"        System.out.println(\"OK, I\u0027ve marked this task as not done yet:\");","lastModifiedDate":"2023-09-07"},{"lineNumber":67,"author":{"gitId":"ziyi105"},"content":"        System.out.println(this.list.getTask(taskId));","lastModifiedDate":"2023-09-07"},{"lineNumber":68,"author":{"gitId":"ziyi105"},"content":"        printStraightLine();","lastModifiedDate":"2023-09-12"},{"lineNumber":69,"author":{"gitId":"ziyi105"},"content":"    }","lastModifiedDate":"2023-09-12"},{"lineNumber":70,"author":{"gitId":"ziyi105"},"content":"","lastModifiedDate":"2023-09-07"},{"lineNumber":71,"author":{"gitId":"ziyi105"},"content":"    private void printMarkMessage(int taskId) {","lastModifiedDate":"2023-09-12"},{"lineNumber":72,"author":{"gitId":"ziyi105"},"content":"        printStraightLine();","lastModifiedDate":"2023-09-12"},{"lineNumber":73,"author":{"gitId":"ziyi105"},"content":"        System.out.println(\"Nice! I\u0027ve marked this task as done:\");","lastModifiedDate":"2023-09-12"},{"lineNumber":74,"author":{"gitId":"ziyi105"},"content":"        System.out.println(this.list.getTask(taskId));","lastModifiedDate":"2023-09-12"},{"lineNumber":75,"author":{"gitId":"ziyi105"},"content":"        printStraightLine();","lastModifiedDate":"2023-09-12"},{"lineNumber":76,"author":{"gitId":"ziyi105"},"content":"    }","lastModifiedDate":"2023-09-12"},{"lineNumber":77,"author":{"gitId":"ziyi105"},"content":"","lastModifiedDate":"2023-09-12"},{"lineNumber":78,"author":{"gitId":"ziyi105"},"content":"    private void printListMessage() {","lastModifiedDate":"2023-09-12"},{"lineNumber":79,"author":{"gitId":"ziyi105"},"content":"        printStraightLine();","lastModifiedDate":"2023-09-12"},{"lineNumber":80,"author":{"gitId":"ziyi105"},"content":"        System.out.println(\"Here are the tasks in your list: \");","lastModifiedDate":"2023-09-12"},{"lineNumber":81,"author":{"gitId":"ziyi105"},"content":"        System.out.print(this.list);","lastModifiedDate":"2023-09-12"},{"lineNumber":82,"author":{"gitId":"ziyi105"},"content":"        printStraightLine();","lastModifiedDate":"2023-09-12"},{"lineNumber":83,"author":{"gitId":"ziyi105"},"content":"    }","lastModifiedDate":"2023-09-12"},{"lineNumber":84,"author":{"gitId":"ziyi105"},"content":"","lastModifiedDate":"2023-09-12"},{"lineNumber":85,"author":{"gitId":"ziyi105"},"content":"    private void printByeMessage() {","lastModifiedDate":"2023-09-12"},{"lineNumber":86,"author":{"gitId":"ziyi105"},"content":"        printStraightLine();","lastModifiedDate":"2023-09-12"},{"lineNumber":87,"author":{"gitId":"ziyi105"},"content":"        System.out.println(\"Bye. Hope to see you again soon!\");","lastModifiedDate":"2023-09-12"},{"lineNumber":88,"author":{"gitId":"ziyi105"},"content":"        printStraightLine();","lastModifiedDate":"2023-09-12"},{"lineNumber":89,"author":{"gitId":"ziyi105"},"content":"    }","lastModifiedDate":"2023-08-31"},{"lineNumber":90,"author":{"gitId":"ziyi105"},"content":"    private void printStraightLine() {","lastModifiedDate":"2023-09-12"},{"lineNumber":91,"author":{"gitId":"ziyi105"},"content":"        System.out.println(\"-----------------------------------------------------\");","lastModifiedDate":"2023-09-12"},{"lineNumber":92,"author":{"gitId":"ziyi105"},"content":"    }","lastModifiedDate":"2023-08-31"},{"lineNumber":93,"author":{"gitId":"ziyi105"},"content":"}","lastModifiedDate":"2023-08-31"}],"authorContributionMap":{"ziyi105":93}},{"path":"src/main/java/listWhisper/exceptions/DescriptionFormatException.java","fileType":"java","lines":[{"lineNumber":1,"author":{"gitId":"ziyi105"},"content":"package listWhisper.exceptions;","lastModifiedDate":"2023-09-14"},{"lineNumber":2,"author":{"gitId":"ziyi105"},"content":"","lastModifiedDate":"2023-09-14"},{"lineNumber":3,"author":{"gitId":"ziyi105"},"content":"public class DescriptionFormatException extends ListWhisperExceptions {","lastModifiedDate":"2023-09-14"},{"lineNumber":4,"author":{"gitId":"ziyi105"},"content":"    public DescriptionFormatException(String errorMessage) {","lastModifiedDate":"2023-09-14"},{"lineNumber":5,"author":{"gitId":"ziyi105"},"content":"        super(errorMessage);","lastModifiedDate":"2023-09-14"},{"lineNumber":6,"author":{"gitId":"ziyi105"},"content":"    }","lastModifiedDate":"2023-09-14"},{"lineNumber":7,"author":{"gitId":"ziyi105"},"content":"}","lastModifiedDate":"2023-09-14"}],"authorContributionMap":{"ziyi105":7}},{"path":"src/main/java/listWhisper/exceptions/InvalidCommandException.java","fileType":"java","lines":[{"lineNumber":1,"author":{"gitId":"ziyi105"},"content":"package listWhisper.exceptions;","lastModifiedDate":"2023-09-14"},{"lineNumber":2,"author":{"gitId":"ziyi105"},"content":"","lastModifiedDate":"2023-09-14"},{"lineNumber":3,"author":{"gitId":"ziyi105"},"content":"public class InvalidCommandException extends ListWhisperExceptions {","lastModifiedDate":"2023-09-14"},{"lineNumber":4,"author":{"gitId":"ziyi105"},"content":"    public InvalidCommandException(String errorMessage) {","lastModifiedDate":"2023-09-14"},{"lineNumber":5,"author":{"gitId":"ziyi105"},"content":"        super(errorMessage);","lastModifiedDate":"2023-09-14"},{"lineNumber":6,"author":{"gitId":"ziyi105"},"content":"    }","lastModifiedDate":"2023-09-14"},{"lineNumber":7,"author":{"gitId":"ziyi105"},"content":"}","lastModifiedDate":"2023-09-14"}],"authorContributionMap":{"ziyi105":7}},{"path":"src/main/java/listWhisper/exceptions/ListWhisperExceptions.java","fileType":"java","lines":[{"lineNumber":1,"author":{"gitId":"ziyi105"},"content":"package listWhisper.exceptions;","lastModifiedDate":"2023-09-14"},{"lineNumber":2,"author":{"gitId":"ziyi105"},"content":"","lastModifiedDate":"2023-09-14"},{"lineNumber":3,"author":{"gitId":"ziyi105"},"content":"class ListWhisperExceptions extends Exception {","lastModifiedDate":"2023-09-14"},{"lineNumber":4,"author":{"gitId":"ziyi105"},"content":"    public ListWhisperExceptions(String errorMessage) {","lastModifiedDate":"2023-09-14"},{"lineNumber":5,"author":{"gitId":"ziyi105"},"content":"        super(errorMessage);","lastModifiedDate":"2023-09-14"},{"lineNumber":6,"author":{"gitId":"ziyi105"},"content":"    }","lastModifiedDate":"2023-09-14"},{"lineNumber":7,"author":{"gitId":"ziyi105"},"content":"}","lastModifiedDate":"2023-09-14"}],"authorContributionMap":{"ziyi105":7}},{"path":"src/main/java/listWhisper/task/Deadline.java","fileType":"java","lines":[{"lineNumber":1,"author":{"gitId":"ziyi105"},"content":"package listWhisper.task;","lastModifiedDate":"2023-09-14"},{"lineNumber":2,"author":{"gitId":"ziyi105"},"content":"","lastModifiedDate":"2023-09-14"},{"lineNumber":3,"author":{"gitId":"ziyi105"},"content":"class Deadline extends Task {","lastModifiedDate":"2023-09-04"},{"lineNumber":4,"author":{"gitId":"ziyi105"},"content":"    protected String by;","lastModifiedDate":"2023-09-04"},{"lineNumber":5,"author":{"gitId":"ziyi105"},"content":"","lastModifiedDate":"2023-09-04"},{"lineNumber":6,"author":{"gitId":"ziyi105"},"content":"    public Deadline(String description, String by) {","lastModifiedDate":"2023-09-04"},{"lineNumber":7,"author":{"gitId":"ziyi105"},"content":"        super(description, TaskType.D);","lastModifiedDate":"2023-09-07"},{"lineNumber":8,"author":{"gitId":"ziyi105"},"content":"        this.by \u003d by;","lastModifiedDate":"2023-09-04"},{"lineNumber":9,"author":{"gitId":"ziyi105"},"content":"    }","lastModifiedDate":"2023-09-04"},{"lineNumber":10,"author":{"gitId":"ziyi105"},"content":"","lastModifiedDate":"2023-09-04"},{"lineNumber":11,"author":{"gitId":"ziyi105"},"content":"    @Override","lastModifiedDate":"2023-09-04"},{"lineNumber":12,"author":{"gitId":"ziyi105"},"content":"    public String toString() {","lastModifiedDate":"2023-09-04"},{"lineNumber":13,"author":{"gitId":"ziyi105"},"content":"        return super.toString() + \" (by:\" + by + \")\";","lastModifiedDate":"2023-09-04"},{"lineNumber":14,"author":{"gitId":"ziyi105"},"content":"    }","lastModifiedDate":"2023-09-04"},{"lineNumber":15,"author":{"gitId":"ziyi105"},"content":"}","lastModifiedDate":"2023-09-04"}],"authorContributionMap":{"ziyi105":15}},{"path":"src/main/java/listWhisper/task/Event.java","fileType":"java","lines":[{"lineNumber":1,"author":{"gitId":"ziyi105"},"content":"package listWhisper.task;","lastModifiedDate":"2023-09-14"},{"lineNumber":2,"author":{"gitId":"ziyi105"},"content":"","lastModifiedDate":"2023-09-14"},{"lineNumber":3,"author":{"gitId":"ziyi105"},"content":"class Event extends Task {","lastModifiedDate":"2023-09-04"},{"lineNumber":4,"author":{"gitId":"ziyi105"},"content":"    protected String start;","lastModifiedDate":"2023-09-04"},{"lineNumber":5,"author":{"gitId":"ziyi105"},"content":"    protected String end;","lastModifiedDate":"2023-09-04"},{"lineNumber":6,"author":{"gitId":"ziyi105"},"content":"","lastModifiedDate":"2023-09-04"},{"lineNumber":7,"author":{"gitId":"ziyi105"},"content":"    public Event(String description, String start, String end) {","lastModifiedDate":"2023-09-04"},{"lineNumber":8,"author":{"gitId":"ziyi105"},"content":"        super(description, TaskType.E);","lastModifiedDate":"2023-09-07"},{"lineNumber":9,"author":{"gitId":"ziyi105"},"content":"        this.start \u003d start;","lastModifiedDate":"2023-09-04"},{"lineNumber":10,"author":{"gitId":"ziyi105"},"content":"        this.end \u003d end;","lastModifiedDate":"2023-09-04"},{"lineNumber":11,"author":{"gitId":"ziyi105"},"content":"    }","lastModifiedDate":"2023-09-04"},{"lineNumber":12,"author":{"gitId":"ziyi105"},"content":"","lastModifiedDate":"2023-09-04"},{"lineNumber":13,"author":{"gitId":"ziyi105"},"content":"    @Override","lastModifiedDate":"2023-09-04"},{"lineNumber":14,"author":{"gitId":"ziyi105"},"content":"    public String toString() {","lastModifiedDate":"2023-09-04"},{"lineNumber":15,"author":{"gitId":"ziyi105"},"content":"        StringBuilder output \u003d new StringBuilder(super.toString());","lastModifiedDate":"2023-09-04"},{"lineNumber":16,"author":{"gitId":"ziyi105"},"content":"        output.append(\"(\").append(this.start).append(this.end).append(\")\");","lastModifiedDate":"2023-09-04"},{"lineNumber":17,"author":{"gitId":"ziyi105"},"content":"        return output.toString();","lastModifiedDate":"2023-09-04"},{"lineNumber":18,"author":{"gitId":"ziyi105"},"content":"    }","lastModifiedDate":"2023-09-04"},{"lineNumber":19,"author":{"gitId":"ziyi105"},"content":"}","lastModifiedDate":"2023-09-04"}],"authorContributionMap":{"ziyi105":19}},{"path":"src/main/java/listWhisper/task/List.java","fileType":"java","lines":[{"lineNumber":1,"author":{"gitId":"ziyi105"},"content":"package listWhisper.task;","lastModifiedDate":"2023-09-14"},{"lineNumber":2,"author":{"gitId":"ziyi105"},"content":"","lastModifiedDate":"2023-09-14"},{"lineNumber":3,"author":{"gitId":"ziyi105"},"content":"import listWhisper.exceptions.DescriptionFormatException;","lastModifiedDate":"2023-09-14"},{"lineNumber":4,"author":{"gitId":"ziyi105"},"content":"import java.util.ArrayList;","lastModifiedDate":"2023-08-31"},{"lineNumber":5,"author":{"gitId":"ziyi105"},"content":"","lastModifiedDate":"2023-08-31"},{"lineNumber":6,"author":{"gitId":"ziyi105"},"content":"public class List {","lastModifiedDate":"2023-09-14"},{"lineNumber":7,"author":{"gitId":"ziyi105"},"content":"    ArrayList\u003cTask\u003e tasks;","lastModifiedDate":"2023-08-31"},{"lineNumber":8,"author":{"gitId":"ziyi105"},"content":"","lastModifiedDate":"2023-08-31"},{"lineNumber":9,"author":{"gitId":"ziyi105"},"content":"    public List() {","lastModifiedDate":"2023-08-31"},{"lineNumber":10,"author":{"gitId":"ziyi105"},"content":"        this.tasks \u003d new ArrayList\u003cTask\u003e(100);","lastModifiedDate":"2023-08-31"},{"lineNumber":11,"author":{"gitId":"ziyi105"},"content":"    }","lastModifiedDate":"2023-08-31"},{"lineNumber":12,"author":{"gitId":"ziyi105"},"content":"","lastModifiedDate":"2023-08-31"},{"lineNumber":13,"author":{"gitId":"ziyi105"},"content":"    public int getSize() {","lastModifiedDate":"2023-09-07"},{"lineNumber":14,"author":{"gitId":"ziyi105"},"content":"        return this.tasks.size();","lastModifiedDate":"2023-09-07"},{"lineNumber":15,"author":{"gitId":"ziyi105"},"content":"    }","lastModifiedDate":"2023-09-07"},{"lineNumber":16,"author":{"gitId":"ziyi105"},"content":"","lastModifiedDate":"2023-09-07"},{"lineNumber":17,"author":{"gitId":"ziyi105"},"content":"    public Task getTask(int taskId) {","lastModifiedDate":"2023-09-07"},{"lineNumber":18,"author":{"gitId":"ziyi105"},"content":"        return this.tasks.get(taskId - 1);","lastModifiedDate":"2023-09-07"},{"lineNumber":19,"author":{"gitId":"ziyi105"},"content":"    }","lastModifiedDate":"2023-09-07"},{"lineNumber":20,"author":{"gitId":"ziyi105"},"content":"","lastModifiedDate":"2023-09-04"},{"lineNumber":21,"author":{"gitId":"ziyi105"},"content":"    @Override","lastModifiedDate":"2023-09-14"},{"lineNumber":22,"author":{"gitId":"ziyi105"},"content":"    public String toString() {","lastModifiedDate":"2023-09-14"},{"lineNumber":23,"author":{"gitId":"ziyi105"},"content":"        if (this.getSize() \u003d\u003d 0) {","lastModifiedDate":"2023-09-14"},{"lineNumber":24,"author":{"gitId":"ziyi105"},"content":"            return \"You have no task in your list!\\n\";","lastModifiedDate":"2023-09-14"},{"lineNumber":25,"author":{"gitId":"ziyi105"},"content":"        }","lastModifiedDate":"2023-09-04"},{"lineNumber":26,"author":{"gitId":"ziyi105"},"content":"","lastModifiedDate":"2023-09-14"},{"lineNumber":27,"author":{"gitId":"ziyi105"},"content":"        StringBuilder output \u003d new StringBuilder();","lastModifiedDate":"2023-09-14"},{"lineNumber":28,"author":{"gitId":"ziyi105"},"content":"","lastModifiedDate":"2023-09-14"},{"lineNumber":29,"author":{"gitId":"ziyi105"},"content":"        for (int i \u003d 1; i \u003c\u003d tasks.size(); i++) {","lastModifiedDate":"2023-09-14"},{"lineNumber":30,"author":{"gitId":"ziyi105"},"content":"            output.append(i).append(\".\").append(this.tasks.get(i - 1)).append(\"\\n\");","lastModifiedDate":"2023-09-14"},{"lineNumber":31,"author":{"gitId":"ziyi105"},"content":"        }","lastModifiedDate":"2023-09-14"},{"lineNumber":32,"author":{"gitId":"ziyi105"},"content":"        return output.toString();","lastModifiedDate":"2023-09-14"},{"lineNumber":33,"author":{"gitId":"ziyi105"},"content":"    }","lastModifiedDate":"2023-09-01"},{"lineNumber":34,"author":{"gitId":"ziyi105"},"content":"","lastModifiedDate":"2023-09-01"},{"lineNumber":35,"author":{"gitId":"ziyi105"},"content":"    //Actions","lastModifiedDate":"2023-09-14"},{"lineNumber":36,"author":{"gitId":"ziyi105"},"content":"    public void addTodo(String description) throws DescriptionFormatException {","lastModifiedDate":"2023-09-14"},{"lineNumber":37,"author":{"gitId":"ziyi105"},"content":"        if (description.equals(\"\")) {","lastModifiedDate":"2023-09-14"},{"lineNumber":38,"author":{"gitId":"ziyi105"},"content":"            throw new DescriptionFormatException(","lastModifiedDate":"2023-09-14"},{"lineNumber":39,"author":{"gitId":"ziyi105"},"content":"                    \"Wrong todo format. Follow this format to add a todo: \"","lastModifiedDate":"2023-09-14"},{"lineNumber":40,"author":{"gitId":"ziyi105"},"content":"                            + \"todo [todo description]\");","lastModifiedDate":"2023-09-14"},{"lineNumber":41,"author":{"gitId":"ziyi105"},"content":"        }","lastModifiedDate":"2023-09-14"},{"lineNumber":42,"author":{"gitId":"ziyi105"},"content":"        this.tasks.add(new Todo(description));","lastModifiedDate":"2023-09-14"},{"lineNumber":43,"author":{"gitId":"ziyi105"},"content":"    }","lastModifiedDate":"2023-09-12"},{"lineNumber":44,"author":{"gitId":"ziyi105"},"content":"","lastModifiedDate":"2023-09-12"},{"lineNumber":45,"author":{"gitId":"ziyi105"},"content":"    public void addDeadline(String description) throws DescriptionFormatException {","lastModifiedDate":"2023-09-14"},{"lineNumber":46,"author":{"gitId":"ziyi105"},"content":"        try {","lastModifiedDate":"2023-09-14"},{"lineNumber":47,"author":{"gitId":"ziyi105"},"content":"            String[] descriptionAndTime \u003d splitInputIntoDeadlineFormat(description);","lastModifiedDate":"2023-09-14"},{"lineNumber":48,"author":{"gitId":"ziyi105"},"content":"            this.tasks.add(new Deadline(descriptionAndTime[0], descriptionAndTime[1]));","lastModifiedDate":"2023-09-14"},{"lineNumber":49,"author":{"gitId":"ziyi105"},"content":"        } catch (DescriptionFormatException e) {","lastModifiedDate":"2023-09-14"},{"lineNumber":50,"author":{"gitId":"ziyi105"},"content":"            throw e;","lastModifiedDate":"2023-09-14"},{"lineNumber":51,"author":{"gitId":"ziyi105"},"content":"        }","lastModifiedDate":"2023-09-14"},{"lineNumber":52,"author":{"gitId":"ziyi105"},"content":"    }","lastModifiedDate":"2023-09-01"},{"lineNumber":53,"author":{"gitId":"ziyi105"},"content":"","lastModifiedDate":"2023-09-01"},{"lineNumber":54,"author":{"gitId":"ziyi105"},"content":"    public void addEvent(String description) throws DescriptionFormatException {","lastModifiedDate":"2023-09-14"},{"lineNumber":55,"author":{"gitId":"ziyi105"},"content":"        try {","lastModifiedDate":"2023-09-14"},{"lineNumber":56,"author":{"gitId":"ziyi105"},"content":"            String[] descriptionAndTime \u003d splitInputIntoEventFormat(description);","lastModifiedDate":"2023-09-14"},{"lineNumber":57,"author":{"gitId":"ziyi105"},"content":"            this.tasks.add(new Event(descriptionAndTime[0],","lastModifiedDate":"2023-09-14"},{"lineNumber":58,"author":{"gitId":"ziyi105"},"content":"                    descriptionAndTime[1], descriptionAndTime[2]));","lastModifiedDate":"2023-09-14"},{"lineNumber":59,"author":{"gitId":"ziyi105"},"content":"        } catch (DescriptionFormatException e) {","lastModifiedDate":"2023-09-14"},{"lineNumber":60,"author":{"gitId":"ziyi105"},"content":"            throw e;","lastModifiedDate":"2023-09-14"},{"lineNumber":61,"author":{"gitId":"ziyi105"},"content":"        }","lastModifiedDate":"2023-09-14"},{"lineNumber":62,"author":{"gitId":"ziyi105"},"content":"    }","lastModifiedDate":"2023-08-31"},{"lineNumber":63,"author":{"gitId":"ziyi105"},"content":"","lastModifiedDate":"2023-08-31"},{"lineNumber":64,"author":{"gitId":"ziyi105"},"content":"    public void mark(String input) throws DescriptionFormatException {","lastModifiedDate":"2023-09-14"},{"lineNumber":65,"author":{"gitId":"ziyi105"},"content":"        try {","lastModifiedDate":"2023-09-14"},{"lineNumber":66,"author":{"gitId":"ziyi105"},"content":"            int taskId \u003d getTaskId(input);","lastModifiedDate":"2023-09-14"},{"lineNumber":67,"author":{"gitId":"ziyi105"},"content":"            this.tasks.get(taskId - 1).setDone(true);","lastModifiedDate":"2023-09-14"},{"lineNumber":68,"author":{"gitId":"ziyi105"},"content":"        } catch (DescriptionFormatException e) {","lastModifiedDate":"2023-09-14"},{"lineNumber":69,"author":{"gitId":"ziyi105"},"content":"            throw e;","lastModifiedDate":"2023-09-14"},{"lineNumber":70,"author":{"gitId":"ziyi105"},"content":"        }","lastModifiedDate":"2023-09-14"},{"lineNumber":71,"author":{"gitId":"ziyi105"},"content":"    }","lastModifiedDate":"2023-09-12"},{"lineNumber":72,"author":{"gitId":"ziyi105"},"content":"","lastModifiedDate":"2023-09-12"},{"lineNumber":73,"author":{"gitId":"ziyi105"},"content":"    public void unmark(String input) throws DescriptionFormatException {","lastModifiedDate":"2023-09-14"},{"lineNumber":74,"author":{"gitId":"ziyi105"},"content":"        try {","lastModifiedDate":"2023-09-14"},{"lineNumber":75,"author":{"gitId":"ziyi105"},"content":"            int taskId \u003d getTaskId(input);","lastModifiedDate":"2023-09-14"},{"lineNumber":76,"author":{"gitId":"ziyi105"},"content":"            this.tasks.get(taskId - 1).setDone(false);","lastModifiedDate":"2023-09-14"},{"lineNumber":77,"author":{"gitId":"ziyi105"},"content":"        } catch (DescriptionFormatException e) {","lastModifiedDate":"2023-09-14"},{"lineNumber":78,"author":{"gitId":"ziyi105"},"content":"            throw e;","lastModifiedDate":"2023-09-14"},{"lineNumber":79,"author":{"gitId":"ziyi105"},"content":"        }","lastModifiedDate":"2023-09-14"},{"lineNumber":80,"author":{"gitId":"ziyi105"},"content":"    }","lastModifiedDate":"2023-09-14"},{"lineNumber":81,"author":{"gitId":"ziyi105"},"content":"","lastModifiedDate":"2023-09-07"},{"lineNumber":82,"author":{"gitId":"ziyi105"},"content":"    //Split input into different formats","lastModifiedDate":"2023-09-14"},{"lineNumber":83,"author":{"gitId":"ziyi105"},"content":"    public String[] splitInputIntoDeadlineFormat(String description)","lastModifiedDate":"2023-09-14"},{"lineNumber":84,"author":{"gitId":"ziyi105"},"content":"            throws DescriptionFormatException {","lastModifiedDate":"2023-09-14"},{"lineNumber":85,"author":{"gitId":"ziyi105"},"content":"        String[] descriptionAndTime \u003d description.split(\"/by\");","lastModifiedDate":"2023-09-14"},{"lineNumber":86,"author":{"gitId":"ziyi105"},"content":"","lastModifiedDate":"2023-09-14"},{"lineNumber":87,"author":{"gitId":"ziyi105"},"content":"        if (descriptionAndTime.length !\u003d 2) {","lastModifiedDate":"2023-09-14"},{"lineNumber":88,"author":{"gitId":"ziyi105"},"content":"            throw new DescriptionFormatException(","lastModifiedDate":"2023-09-14"},{"lineNumber":89,"author":{"gitId":"ziyi105"},"content":"                    \"Wrong input format. Follow this format to add a deadline: \"","lastModifiedDate":"2023-09-14"},{"lineNumber":90,"author":{"gitId":"ziyi105"},"content":"                        + \"deadline [deadline description] /by[time and date of the deadline]\");","lastModifiedDate":"2023-09-14"},{"lineNumber":91,"author":{"gitId":"ziyi105"},"content":"        }","lastModifiedDate":"2023-08-31"},{"lineNumber":92,"author":{"gitId":"ziyi105"},"content":"        return descriptionAndTime;","lastModifiedDate":"2023-09-14"},{"lineNumber":93,"author":{"gitId":"ziyi105"},"content":"    }","lastModifiedDate":"2023-09-14"},{"lineNumber":94,"author":{"gitId":"ziyi105"},"content":"","lastModifiedDate":"2023-09-14"},{"lineNumber":95,"author":{"gitId":"ziyi105"},"content":"    public  String[] splitInputIntoEventFormat(String description)","lastModifiedDate":"2023-09-14"},{"lineNumber":96,"author":{"gitId":"ziyi105"},"content":"            throws DescriptionFormatException {","lastModifiedDate":"2023-09-14"},{"lineNumber":97,"author":{"gitId":"ziyi105"},"content":"        String[] descriptionAndTime \u003d description.split(\"/\");","lastModifiedDate":"2023-09-14"},{"lineNumber":98,"author":{"gitId":"ziyi105"},"content":"","lastModifiedDate":"2023-09-14"},{"lineNumber":99,"author":{"gitId":"ziyi105"},"content":"        if (descriptionAndTime.length !\u003d 3) {","lastModifiedDate":"2023-09-14"},{"lineNumber":100,"author":{"gitId":"ziyi105"},"content":"            throw new DescriptionFormatException(","lastModifiedDate":"2023-09-14"},{"lineNumber":101,"author":{"gitId":"ziyi105"},"content":"                    \"Wrong input format. Follow this format to add an event: \" +","lastModifiedDate":"2023-09-14"},{"lineNumber":102,"author":{"gitId":"ziyi105"},"content":"                            \"event [event description] \" +","lastModifiedDate":"2023-09-14"},{"lineNumber":103,"author":{"gitId":"ziyi105"},"content":"                            \"/from[start time and date] /to[end time and date]\");","lastModifiedDate":"2023-09-14"},{"lineNumber":104,"author":{"gitId":"ziyi105"},"content":"        }","lastModifiedDate":"2023-09-14"},{"lineNumber":105,"author":{"gitId":"ziyi105"},"content":"        return descriptionAndTime;","lastModifiedDate":"2023-09-14"},{"lineNumber":106,"author":{"gitId":"ziyi105"},"content":"    }","lastModifiedDate":"2023-09-14"},{"lineNumber":107,"author":{"gitId":"ziyi105"},"content":"","lastModifiedDate":"2023-09-14"},{"lineNumber":108,"author":{"gitId":"ziyi105"},"content":"    private int getTaskId(String input) throws DescriptionFormatException {","lastModifiedDate":"2023-09-14"},{"lineNumber":109,"author":{"gitId":"ziyi105"},"content":"        String[] splitInput \u003d input.split(\" \", 2);","lastModifiedDate":"2023-09-14"},{"lineNumber":110,"author":{"gitId":"ziyi105"},"content":"        if (splitInput.length \u003d\u003d 1) {","lastModifiedDate":"2023-09-14"},{"lineNumber":111,"author":{"gitId":"ziyi105"},"content":"            throw new DescriptionFormatException(","lastModifiedDate":"2023-09-14"},{"lineNumber":112,"author":{"gitId":"ziyi105"},"content":"                    \"Wrong input format. Follow this format to mar/unmark a task: \"","lastModifiedDate":"2023-09-14"},{"lineNumber":113,"author":{"gitId":"ziyi105"},"content":"                            + \"mark/unmark [task id]\");","lastModifiedDate":"2023-09-14"},{"lineNumber":114,"author":{"gitId":"ziyi105"},"content":"        }","lastModifiedDate":"2023-09-14"},{"lineNumber":115,"author":{"gitId":"ziyi105"},"content":"        return Integer.parseInt(splitInput[1]);","lastModifiedDate":"2023-09-14"},{"lineNumber":116,"author":{"gitId":"ziyi105"},"content":"    }","lastModifiedDate":"2023-08-31"},{"lineNumber":117,"author":{"gitId":"ziyi105"},"content":"}","lastModifiedDate":"2023-08-31"}],"authorContributionMap":{"ziyi105":117}},{"path":"src/main/java/listWhisper/task/Task.java","fileType":"java","lines":[{"lineNumber":1,"author":{"gitId":"ziyi105"},"content":"package listWhisper.task;","lastModifiedDate":"2023-09-14"},{"lineNumber":2,"author":{"gitId":"ziyi105"},"content":"","lastModifiedDate":"2023-09-14"},{"lineNumber":3,"author":{"gitId":"ziyi105"},"content":"import listWhisper.task.TaskType;","lastModifiedDate":"2023-09-14"},{"lineNumber":4,"author":{"gitId":"ziyi105"},"content":"","lastModifiedDate":"2023-09-14"},{"lineNumber":5,"author":{"gitId":"ziyi105"},"content":"abstract class Task {","lastModifiedDate":"2023-09-04"},{"lineNumber":6,"author":{"gitId":"ziyi105"},"content":"    private final String description;","lastModifiedDate":"2023-09-04"},{"lineNumber":7,"author":{"gitId":"ziyi105"},"content":"    private boolean isDone;","lastModifiedDate":"2023-09-01"},{"lineNumber":8,"author":{"gitId":"ziyi105"},"content":"    private TaskType type;","lastModifiedDate":"2023-09-07"},{"lineNumber":9,"author":{"gitId":"ziyi105"},"content":"","lastModifiedDate":"2023-08-31"},{"lineNumber":10,"author":{"gitId":"ziyi105"},"content":"    public Task(String description, TaskType type) {","lastModifiedDate":"2023-09-07"},{"lineNumber":11,"author":{"gitId":"ziyi105"},"content":"        this.description \u003d description;","lastModifiedDate":"2023-09-04"},{"lineNumber":12,"author":{"gitId":"ziyi105"},"content":"        this.type \u003d type;","lastModifiedDate":"2023-09-04"},{"lineNumber":13,"author":{"gitId":"ziyi105"},"content":"        this.isDone \u003d false;","lastModifiedDate":"2023-09-01"},{"lineNumber":14,"author":{"gitId":"ziyi105"},"content":"    }","lastModifiedDate":"2023-08-31"},{"lineNumber":15,"author":{"gitId":"ziyi105"},"content":"","lastModifiedDate":"2023-08-31"},{"lineNumber":16,"author":{"gitId":"ziyi105"},"content":"    public void setDone(boolean isDone) {","lastModifiedDate":"2023-09-01"},{"lineNumber":17,"author":{"gitId":"ziyi105"},"content":"        this.isDone \u003d isDone;","lastModifiedDate":"2023-09-01"},{"lineNumber":18,"author":{"gitId":"ziyi105"},"content":"    }","lastModifiedDate":"2023-09-01"},{"lineNumber":19,"author":{"gitId":"ziyi105"},"content":"","lastModifiedDate":"2023-09-01"},{"lineNumber":20,"author":{"gitId":"ziyi105"},"content":"    @Override","lastModifiedDate":"2023-09-01"},{"lineNumber":21,"author":{"gitId":"ziyi105"},"content":"    public boolean equals(Object obj) {","lastModifiedDate":"2023-09-01"},{"lineNumber":22,"author":{"gitId":"ziyi105"},"content":"        return this.description.equals(obj);","lastModifiedDate":"2023-09-04"},{"lineNumber":23,"author":{"gitId":"ziyi105"},"content":"    }","lastModifiedDate":"2023-08-31"},{"lineNumber":24,"author":{"gitId":"ziyi105"},"content":"","lastModifiedDate":"2023-08-31"},{"lineNumber":25,"author":{"gitId":"ziyi105"},"content":"    @Override","lastModifiedDate":"2023-08-31"},{"lineNumber":26,"author":{"gitId":"ziyi105"},"content":"    public String toString() {","lastModifiedDate":"2023-08-31"},{"lineNumber":27,"author":{"gitId":"ziyi105"},"content":"        StringBuilder output \u003d new StringBuilder(\"[\");","lastModifiedDate":"2023-09-04"},{"lineNumber":28,"author":{"gitId":"ziyi105"},"content":"        output.append(this.type).append(\"]\");","lastModifiedDate":"2023-09-04"},{"lineNumber":29,"author":{"gitId":"ziyi105"},"content":"","lastModifiedDate":"2023-09-07"},{"lineNumber":30,"author":{"gitId":"ziyi105"},"content":"        if (isDone) {","lastModifiedDate":"2023-09-01"},{"lineNumber":31,"author":{"gitId":"ziyi105"},"content":"            output.append(\"[X] \");","lastModifiedDate":"2023-09-04"},{"lineNumber":32,"author":{"gitId":"ziyi105"},"content":"        } else {","lastModifiedDate":"2023-08-31"},{"lineNumber":33,"author":{"gitId":"ziyi105"},"content":"            output.append(\"[ ] \");","lastModifiedDate":"2023-09-04"},{"lineNumber":34,"author":{"gitId":"ziyi105"},"content":"        }","lastModifiedDate":"2023-08-31"},{"lineNumber":35,"author":{"gitId":"ziyi105"},"content":"        return output.append(this.description).toString();","lastModifiedDate":"2023-09-04"},{"lineNumber":36,"author":{"gitId":"ziyi105"},"content":"    }","lastModifiedDate":"2023-08-31"},{"lineNumber":37,"author":{"gitId":"ziyi105"},"content":"}","lastModifiedDate":"2023-08-31"}],"authorContributionMap":{"ziyi105":37}},{"path":"src/main/java/listWhisper/task/TaskType.java","fileType":"java","lines":[{"lineNumber":1,"author":{"gitId":"ziyi105"},"content":"package listWhisper.task;","lastModifiedDate":"2023-09-14"},{"lineNumber":2,"author":{"gitId":"ziyi105"},"content":"","lastModifiedDate":"2023-09-14"},{"lineNumber":3,"author":{"gitId":"ziyi105"},"content":"public enum TaskType {","lastModifiedDate":"2023-09-07"},{"lineNumber":4,"author":{"gitId":"ziyi105"},"content":"    T, D, E","lastModifiedDate":"2023-09-07"},{"lineNumber":5,"author":{"gitId":"ziyi105"},"content":"}","lastModifiedDate":"2023-09-07"}],"authorContributionMap":{"ziyi105":5}},{"path":"src/main/java/listWhisper/task/Todo.java","fileType":"java","lines":[{"lineNumber":1,"author":{"gitId":"ziyi105"},"content":"package listWhisper.task;","lastModifiedDate":"2023-09-14"},{"lineNumber":2,"author":{"gitId":"ziyi105"},"content":"","lastModifiedDate":"2023-09-14"},{"lineNumber":3,"author":{"gitId":"ziyi105"},"content":"import listWhisper.task.Task;","lastModifiedDate":"2023-09-14"},{"lineNumber":4,"author":{"gitId":"ziyi105"},"content":"import listWhisper.task.TaskType;","lastModifiedDate":"2023-09-14"},{"lineNumber":5,"author":{"gitId":"ziyi105"},"content":"","lastModifiedDate":"2023-09-14"},{"lineNumber":6,"author":{"gitId":"ziyi105"},"content":"class Todo extends Task {","lastModifiedDate":"2023-09-04"},{"lineNumber":7,"author":{"gitId":"ziyi105"},"content":"    public Todo(String description) {","lastModifiedDate":"2023-09-04"},{"lineNumber":8,"author":{"gitId":"ziyi105"},"content":"        super(description, TaskType.T);","lastModifiedDate":"2023-09-07"},{"lineNumber":9,"author":{"gitId":"ziyi105"},"content":"    }","lastModifiedDate":"2023-09-04"},{"lineNumber":10,"author":{"gitId":"ziyi105"},"content":"}","lastModifiedDate":"2023-09-04"}],"authorContributionMap":{"ziyi105":10}}]
