{"authorDailyContributionsMap":{"ziyi105":[{"date":"2023-09-04","commitResults":[{"hash":"7ebf06c5501726465fa48e598686a09f5bc9a7fa","isMergeCommit":false,"messageTitle":"Duke.java: add greeting and exit message","messageBody":"","tags":["Level-0"],"fileTypesAndContributionMap":{"java":{"insertions":2,"deletions":7}}},{"hash":"ba632cb6747036ff35b1546eefb1787cf4b3cbf3","isMergeCommit":false,"messageTitle":"add Manager.java","messageBody":"","tags":["Level-1"],"fileTypesAndContributionMap":{"java":{"insertions":11,"deletions":0}}},{"hash":"19b26022bb3a14ca77b9723f59eb6095aa6da0c2","isMergeCommit":false,"messageTitle":"add Kattio.java","messageBody":"","fileTypesAndContributionMap":{"java":{"insertions":59,"deletions":0}}},{"hash":"2342e901dc32b61e2f605b678f217e9017912bdd","isMergeCommit":false,"messageTitle":"add List.java","messageBody":"","tags":["Level-2"],"fileTypesAndContributionMap":{"java":{"insertions":22,"deletions":0}}},{"hash":"f94d61412eec1e69c856ffa0f713d1c1b03b7857","isMergeCommit":false,"messageTitle":"remove Kattio.java","messageBody":"","fileTypesAndContributionMap":{"java":{"insertions":0,"deletions":59}}},{"hash":"d5bb62f36fd93f99828fdec4ec885df54d490841","isMergeCommit":false,"messageTitle":"Duke.java: replace Kattio with Scanner","messageBody":"","fileTypesAndContributionMap":{"java":{"insertions":14,"deletions":1}}},{"hash":"64ede7d88b4690006bac8e6d2d34e2e7ba50f533","isMergeCommit":false,"messageTitle":"bug fix: add index in toString method","messageBody":"","fileTypesAndContributionMap":{"java":{"insertions":2,"deletions":2}}},{"hash":"a77a8ea6db119575c183498a47879ec6e7e1361f","isMergeCommit":false,"messageTitle":"Manager.java: add list attribute","messageBody":"","fileTypesAndContributionMap":{"java":{"insertions":8,"deletions":1}}},{"hash":"3095a6883afc0551d51b59b66f97bf301c0974bc","isMergeCommit":false,"messageTitle":"add Task.java","messageBody":"","fileTypesAndContributionMap":{"java":{"insertions":28,"deletions":0}}},{"hash":"79574e1466e3efd5a1e647f53e8b31d3d7052c2b","isMergeCommit":false,"messageTitle":"List.java: update arraylist of strings to arraylist of tasks","messageBody":"","fileTypesAndContributionMap":{"java":{"insertions":7,"deletions":7}}},{"hash":"71628cca233484009316f4c22bd86ef3298837dc","isMergeCommit":false,"messageTitle":"List.java: add id attribute","messageBody":"","tags":["A-CodingStandard"],"fileTypesAndContributionMap":{"java":{"insertions":9,"deletions":7}}},{"hash":"4ed99a2ed58d3b3e2dce3978aca57196199d28d2","isMergeCommit":false,"messageTitle":"List.java: add mark and unmark method","messageBody":"","tags":["Level-3"],"fileTypesAndContributionMap":{"java":{"insertions":42,"deletions":21}}},{"hash":"e266d91186cc4c862478a1ebb9cdb5062cac2b99","isMergeCommit":false,"messageTitle":"rename Duke.java to ListWhisper.java","messageBody":"","fileTypesAndContributionMap":{"java":{"insertions":1,"deletions":1}}},{"hash":"32023a5d32dacb887b74bc48d75efaf0d7a63867","isMergeCommit":false,"messageTitle":"update List class from public class to class","messageBody":"","fileTypesAndContributionMap":{"java":{"insertions":1,"deletions":1}}},{"hash":"b798ef981a359bf5a2d9dc62c0300224d8188995","isMergeCommit":false,"messageTitle":"add Todo.java, Event.java and Deadline.java","messageBody":"","fileTypesAndContributionMap":{"java":{"insertions":35,"deletions":0}}},{"hash":"6fc443b7c451ee19e7185c346aab1b8d656f7b69","isMergeCommit":false,"messageTitle":"Update List.java and Task.java to use Todo, Event and Deadline","messageBody":"","tags":["Level-4"],"fileTypesAndContributionMap":{"java":{"insertions":31,"deletions":15}}}]},{"date":"2023-09-07","commitResults":[{"hash":"3520a41f3dbb0f4fb3259ff01b02c0adde007c79","isMergeCommit":false,"messageTitle":"edit code style and add TaskType Enum","messageBody":"","tags":["A-CodeQuality"],"fileTypesAndContributionMap":{"java":{"insertions":34,"deletions":16}}}]},{"date":"2023-09-12","commitResults":[{"hash":"1b191ea47a3ea5a33c12d87a53c5c1c3f5acb7c7","isMergeCommit":false,"messageTitle":"Apply SLAP in most of the methods and add dashed line in output message","messageBody":"","fileTypesAndContributionMap":{"java":{"insertions":110,"deletions":42}}},{"hash":"8c5944de5f0f6846bcd7afedb20dc8a65a3065bd","isMergeCommit":false,"messageTitle":"Format line-breaking of output message","messageBody":"","fileTypesAndContributionMap":{"java":{"insertions":5,"deletions":5}}}]},{"date":"2023-09-14","commitResults":[{"hash":"de0411da60d73f5a3bc7b35aa6dcba3d8b57ce64","isMergeCommit":false,"messageTitle":"add error handling for invalid command and wrong description format","messageBody":"","tags":["A-Exceptions"],"fileTypesAndContributionMap":{"java":{"insertions":126,"deletions":59}}},{"hash":"cab72d00f9a4fc229bb92b7dc5ca43cfe6bed220","isMergeCommit":false,"messageTitle":"remove public keyword of the exeptions classes","messageBody":"","fileTypesAndContributionMap":{"java":{"insertions":2,"deletions":2}}},{"hash":"6ddff3dd9ecfe2d1d03ab85797928151e9d407ca","isMergeCommit":true,"messageTitle":"Merge branch \u0027branch-Level-5\u0027","messageBody":"","tags":["Level-5"],"fileTypesAndContributionMap":{}},{"hash":"fbd230b2161a153454b1ec6cd7b1227fd1ac51fa","isMergeCommit":false,"messageTitle":"Move files to task and exception package","messageBody":"","fileTypesAndContributionMap":{"java":{"insertions":46,"deletions":16}}},{"hash":"239c81d89dd81a54a4f4f435b515945227683821","isMergeCommit":true,"messageTitle":"Merge branch \u0027branch-A-Packages\u0027","messageBody":"","tags":["A-Packages"],"fileTypesAndContributionMap":{}}]},{"date":"2023-09-18","commitResults":[{"hash":"4e7ec0b2da11113771c5e7530432ec675a119a0b","isMergeCommit":false,"messageTitle":"Move printStraightLine() method to from Manager.java to ListWhisper.java","messageBody":"","fileTypesAndContributionMap":{"java":{"insertions":19,"deletions":20}}},{"hash":"cd259bae3735dabe7aacd347bdffabb1fd3b0af3","isMergeCommit":false,"messageTitle":"Remove toString() method in List.java and replace it with printAllTasks() which does the same thing","messageBody":"","fileTypesAndContributionMap":{"java":{"insertions":4,"deletions":8}}},{"hash":"eb2b59fe9efac3fc28d93922618ea0aa09f99d89","isMergeCommit":false,"messageTitle":"Edit the input and output for automated testing","messageBody":"","fileTypesAndContributionMap":{"txt":{"insertions":9,"deletions":0},"bat":{"insertions":1,"deletions":1}}},{"hash":"ac0ba9b267b88f59a7d42ebac91e9d77ebd5d185","isMergeCommit":false,"messageTitle":"Add delete method","messageBody":"","tags":["Level-6"],"fileTypesAndContributionMap":{"java":{"insertions":25,"deletions":1}}},{"hash":"011a73fb442685b823b32359e8572cbe26d7a915","isMergeCommit":false,"messageTitle":"Add testing for delete method","messageBody":"","fileTypesAndContributionMap":{"txt":{"insertions":2,"deletions":0}}}]},{"date":"2023-09-20","commitResults":[{"hash":"daac269a587e27b67039b31a1869b2d388cd3d8f","isMergeCommit":false,"messageTitle":"Reverse commit: Replace toString() in List.java with printAllTask()","messageBody":"","fileTypesAndContributionMap":{"java":{"insertions":7,"deletions":3}}},{"hash":"ac26d232aaf23734d59a462ab8ecd5f9f7c8cc4e","isMergeCommit":false,"messageTitle":"Add Saver.java","messageBody":"","fileTypesAndContributionMap":{"java":{"insertions":24,"deletions":0}}},{"hash":"4f160372800cded9f1530caf3c2a5ef5d8fb76a8","isMergeCommit":false,"messageTitle":"Call Saver.saveList(list) in Manager class when receive input \"bye\"","messageBody":"","tags":["Level-7"],"fileTypesAndContributionMap":{"java":{"insertions":7,"deletions":3}}},{"hash":"76428d2fbd23d695e849fb4a3c7e6fdccc779ff7","isMergeCommit":false,"messageTitle":"Add \"bye\" command in input.txt and the expected output","messageBody":"","fileTypesAndContributionMap":{"txt":{"insertions":2,"deletions":1}}},{"hash":"88462f959ec69b516d9fe3d88a09243e0b733a05","isMergeCommit":true,"messageTitle":"Merge branch \u0027branch-Level-7\u0027","messageBody":"# Conflicts:\n#\tsrc/main/java/Manager.java\n#\ttext-ui-test/EXPECTED.TXT\n#\ttext-ui-test/input.txt\n","fileTypesAndContributionMap":{}},{"hash":"f9bfb7dd19499c9bc61515a5b7fd25c193847879","isMergeCommit":false,"messageTitle":"Resolve conflits in input.txt","messageBody":"","tags":["A-Jar"],"fileTypesAndContributionMap":{"txt":{"insertions":0,"deletions":3}}}]}]},"authorFileTypeContributionMap":{"ziyi105":{"java":392,"md":0,"fxml":0,"sh":0,"bat":1,"gradle":0,"txt":12}},"authorContributionVariance":{"ziyi105":6716.0444},"authorDisplayNameMap":{"ziyi105":"CS2113-T17-2 NG Z..I YI"}}
