{"authorDailyContributionsMap":{"ziyi105":[{"date":"2023-09-04","commitResults":[{"hash":"7ebf06c5501726465fa48e598686a09f5bc9a7fa","isMergeCommit":false,"messageTitle":"Duke.java: add greeting and exit message","messageBody":"","tags":["Level-0"],"fileTypesAndContributionMap":{"java":{"insertions":2,"deletions":7}}},{"hash":"ba632cb6747036ff35b1546eefb1787cf4b3cbf3","isMergeCommit":false,"messageTitle":"add Manager.java","messageBody":"","tags":["Level-1"],"fileTypesAndContributionMap":{"java":{"insertions":11,"deletions":0}}},{"hash":"19b26022bb3a14ca77b9723f59eb6095aa6da0c2","isMergeCommit":false,"messageTitle":"add Kattio.java","messageBody":"","fileTypesAndContributionMap":{"java":{"insertions":59,"deletions":0}}},{"hash":"2342e901dc32b61e2f605b678f217e9017912bdd","isMergeCommit":false,"messageTitle":"add List.java","messageBody":"","tags":["Level-2"],"fileTypesAndContributionMap":{"java":{"insertions":22,"deletions":0}}},{"hash":"f94d61412eec1e69c856ffa0f713d1c1b03b7857","isMergeCommit":false,"messageTitle":"remove Kattio.java","messageBody":"","fileTypesAndContributionMap":{"java":{"insertions":0,"deletions":59}}},{"hash":"d5bb62f36fd93f99828fdec4ec885df54d490841","isMergeCommit":false,"messageTitle":"Duke.java: replace Kattio with Scanner","messageBody":"","fileTypesAndContributionMap":{"java":{"insertions":14,"deletions":1}}},{"hash":"64ede7d88b4690006bac8e6d2d34e2e7ba50f533","isMergeCommit":false,"messageTitle":"bug fix: add index in toString method","messageBody":"","fileTypesAndContributionMap":{"java":{"insertions":2,"deletions":2}}},{"hash":"a77a8ea6db119575c183498a47879ec6e7e1361f","isMergeCommit":false,"messageTitle":"Manager.java: add list attribute","messageBody":"","fileTypesAndContributionMap":{"java":{"insertions":8,"deletions":1}}},{"hash":"3095a6883afc0551d51b59b66f97bf301c0974bc","isMergeCommit":false,"messageTitle":"add Task.java","messageBody":"","fileTypesAndContributionMap":{"java":{"insertions":28,"deletions":0}}},{"hash":"79574e1466e3efd5a1e647f53e8b31d3d7052c2b","isMergeCommit":false,"messageTitle":"List.java: update arraylist of strings to arraylist of tasks","messageBody":"","fileTypesAndContributionMap":{"java":{"insertions":7,"deletions":7}}},{"hash":"71628cca233484009316f4c22bd86ef3298837dc","isMergeCommit":false,"messageTitle":"List.java: add id attribute","messageBody":"","tags":["A-CodingStandard"],"fileTypesAndContributionMap":{"java":{"insertions":9,"deletions":7}}},{"hash":"4ed99a2ed58d3b3e2dce3978aca57196199d28d2","isMergeCommit":false,"messageTitle":"List.java: add mark and unmark method","messageBody":"","tags":["Level-3"],"fileTypesAndContributionMap":{"java":{"insertions":42,"deletions":21}}},{"hash":"e266d91186cc4c862478a1ebb9cdb5062cac2b99","isMergeCommit":false,"messageTitle":"rename Duke.java to ListWhisper.java","messageBody":"","fileTypesAndContributionMap":{"java":{"insertions":1,"deletions":1}}},{"hash":"32023a5d32dacb887b74bc48d75efaf0d7a63867","isMergeCommit":false,"messageTitle":"update List class from public class to class","messageBody":"","fileTypesAndContributionMap":{"java":{"insertions":1,"deletions":1}}},{"hash":"b798ef981a359bf5a2d9dc62c0300224d8188995","isMergeCommit":false,"messageTitle":"add Todo.java, Event.java and Deadline.java","messageBody":"","fileTypesAndContributionMap":{"java":{"insertions":35,"deletions":0}}},{"hash":"6fc443b7c451ee19e7185c346aab1b8d656f7b69","isMergeCommit":false,"messageTitle":"Update List.java and Task.java to use Todo, Event and Deadline","messageBody":"","tags":["Level-4"],"fileTypesAndContributionMap":{"java":{"insertions":31,"deletions":15}}}]},{"date":"2023-09-07","commitResults":[{"hash":"3520a41f3dbb0f4fb3259ff01b02c0adde007c79","isMergeCommit":false,"messageTitle":"edit code style and add TaskType Enum","messageBody":"","tags":["A-CodeQuality"],"fileTypesAndContributionMap":{"java":{"insertions":34,"deletions":16}}}]}]},"authorFileTypeContributionMap":{"ziyi105":{"java":175,"md":0,"fxml":0,"sh":0,"bat":0,"gradle":0,"txt":0}},"authorContributionVariance":{"ziyi105":7064.2173},"authorDisplayNameMap":{"ziyi105":"CS2113-T17-2 NG Z..I YI"}}
