[{"path":"src/main/java/duke/Duke.java","fileType":"java","lines":[{"lineNumber":1,"author":{"gitId":"Cheezeblokz"},"content":"package main.java.duke;","lastModifiedDate":"2023-10-05"},{"lineNumber":2,"author":{"gitId":"Cheezeblokz"},"content":"","lastModifiedDate":"2023-10-05"},{"lineNumber":3,"author":{"gitId":"Cheezeblokz"},"content":"import main.java.duke.task.*;","lastModifiedDate":"2023-10-05"},{"lineNumber":4,"author":{"gitId":"Cheezeblokz"},"content":"import main.java.duke.util.*;","lastModifiedDate":"2023-10-05"},{"lineNumber":5,"author":{"gitId":"Cheezeblokz"},"content":"","lastModifiedDate":"2023-10-05"},{"lineNumber":6,"author":{"gitId":"Cheezeblokz"},"content":"import java.io.File;","lastModifiedDate":"2023-10-05"},{"lineNumber":7,"author":{"gitId":"Cheezeblokz"},"content":"import java.io.FileWriter;","lastModifiedDate":"2023-10-05"},{"lineNumber":8,"author":{"gitId":"Cheezeblokz"},"content":"import java.io.IOException;","lastModifiedDate":"2023-10-05"},{"lineNumber":9,"author":{"gitId":"Cheezeblokz"},"content":"import java.util.ArrayList;","lastModifiedDate":"2023-10-05"},{"lineNumber":10,"author":{"gitId":"Cheezeblokz"},"content":"import java.util.Arrays;","lastModifiedDate":"2023-10-05"},{"lineNumber":11,"author":{"gitId":"Cheezeblokz"},"content":"import java.util.Scanner;","lastModifiedDate":"2023-09-05"},{"lineNumber":12,"author":{"gitId":"Cheezeblokz"},"content":"","lastModifiedDate":"2023-09-05"},{"lineNumber":13,"author":{"gitId":"-"},"content":"public class Duke {","lastModifiedDate":"2019-07-29"},{"lineNumber":14,"author":{"gitId":"-"},"content":"    public static void main(String[] args) {","lastModifiedDate":"2019-07-29"},{"lineNumber":15,"author":{"gitId":"Cheezeblokz"},"content":"","lastModifiedDate":"2023-09-05"},{"lineNumber":16,"author":{"gitId":"Cheezeblokz"},"content":"        // Task ArrayList for storing all user inputted tasks","lastModifiedDate":"2023-10-05"},{"lineNumber":17,"author":{"gitId":"Cheezeblokz"},"content":"        ArrayList\u003cTask\u003e tasks \u003d new ArrayList\u003cTask\u003e();","lastModifiedDate":"2023-10-05"},{"lineNumber":18,"author":{"gitId":"Cheezeblokz"},"content":"","lastModifiedDate":"2023-10-05"},{"lineNumber":19,"author":{"gitId":"Cheezeblokz"},"content":"        // IO file handling","lastModifiedDate":"2023-10-05"},{"lineNumber":20,"author":{"gitId":"Cheezeblokz"},"content":"        try {","lastModifiedDate":"2023-10-05"},{"lineNumber":21,"author":{"gitId":"Cheezeblokz"},"content":"            // file object with expected file path","lastModifiedDate":"2023-10-05"},{"lineNumber":22,"author":{"gitId":"Cheezeblokz"},"content":"            File dataFile \u003d new File(\"./duke.txt\");","lastModifiedDate":"2023-10-05"},{"lineNumber":23,"author":{"gitId":"Cheezeblokz"},"content":"            // attempt file creation, if file already exist, read from file","lastModifiedDate":"2023-10-05"},{"lineNumber":24,"author":{"gitId":"Cheezeblokz"},"content":"            if (!dataFile.createNewFile()) {","lastModifiedDate":"2023-10-05"},{"lineNumber":25,"author":{"gitId":"Cheezeblokz"},"content":"                Scanner fileScanner \u003d new Scanner(dataFile);","lastModifiedDate":"2023-10-05"},{"lineNumber":26,"author":{"gitId":"Cheezeblokz"},"content":"                while (fileScanner.hasNext()) {","lastModifiedDate":"2023-10-05"},{"lineNumber":27,"author":{"gitId":"Cheezeblokz"},"content":"                    String line \u003d fileScanner.nextLine();","lastModifiedDate":"2023-10-05"},{"lineNumber":28,"author":{"gitId":"Cheezeblokz"},"content":"                    String[] taskData \u003d line.split(\"\\\\|\");","lastModifiedDate":"2023-10-05"},{"lineNumber":29,"author":{"gitId":"Cheezeblokz"},"content":"                    switch (taskData[0]) {","lastModifiedDate":"2023-10-05"},{"lineNumber":30,"author":{"gitId":"Cheezeblokz"},"content":"                    case \"T\":","lastModifiedDate":"2023-10-05"},{"lineNumber":31,"author":{"gitId":"Cheezeblokz"},"content":"                        tasks.add(new Todo(taskData[2]));","lastModifiedDate":"2023-10-05"},{"lineNumber":32,"author":{"gitId":"Cheezeblokz"},"content":"                        break;","lastModifiedDate":"2023-10-05"},{"lineNumber":33,"author":{"gitId":"Cheezeblokz"},"content":"                    case \"E\":","lastModifiedDate":"2023-10-05"},{"lineNumber":34,"author":{"gitId":"Cheezeblokz"},"content":"                        tasks.add(new Event(taskData[2], taskData[3], taskData[4]));","lastModifiedDate":"2023-10-05"},{"lineNumber":35,"author":{"gitId":"Cheezeblokz"},"content":"                        break;","lastModifiedDate":"2023-10-05"},{"lineNumber":36,"author":{"gitId":"Cheezeblokz"},"content":"                    case \"D\":","lastModifiedDate":"2023-10-05"},{"lineNumber":37,"author":{"gitId":"Cheezeblokz"},"content":"                        tasks.add(new Deadline(taskData[2], taskData[3]));","lastModifiedDate":"2023-10-05"},{"lineNumber":38,"author":{"gitId":"Cheezeblokz"},"content":"                        break;","lastModifiedDate":"2023-10-05"},{"lineNumber":39,"author":{"gitId":"Cheezeblokz"},"content":"                    }","lastModifiedDate":"2023-10-05"},{"lineNumber":40,"author":{"gitId":"Cheezeblokz"},"content":"                    if (Integer.parseInt(taskData[1]) \u003d\u003d 1) {","lastModifiedDate":"2023-10-05"},{"lineNumber":41,"author":{"gitId":"Cheezeblokz"},"content":"                        tasks.get(tasks.size() - 1).setMarked(true);","lastModifiedDate":"2023-10-05"},{"lineNumber":42,"author":{"gitId":"Cheezeblokz"},"content":"                    }","lastModifiedDate":"2023-10-05"},{"lineNumber":43,"author":{"gitId":"Cheezeblokz"},"content":"                }","lastModifiedDate":"2023-10-05"},{"lineNumber":44,"author":{"gitId":"Cheezeblokz"},"content":"            }","lastModifiedDate":"2023-10-05"},{"lineNumber":45,"author":{"gitId":"Cheezeblokz"},"content":"        } catch (IOException e) {","lastModifiedDate":"2023-10-05"},{"lineNumber":46,"author":{"gitId":"Cheezeblokz"},"content":"            throw new RuntimeException(e);","lastModifiedDate":"2023-10-05"},{"lineNumber":47,"author":{"gitId":"Cheezeblokz"},"content":"        }","lastModifiedDate":"2023-10-05"},{"lineNumber":48,"author":{"gitId":"Cheezeblokz"},"content":"","lastModifiedDate":"2023-10-05"},{"lineNumber":49,"author":{"gitId":"Cheezeblokz"},"content":"        partition();","lastModifiedDate":"2023-09-05"},{"lineNumber":50,"author":{"gitId":"Cheezeblokz"},"content":"","lastModifiedDate":"2023-09-05"},{"lineNumber":51,"author":{"gitId":"Cheezeblokz"},"content":"        // name of the robot in ASCII art","lastModifiedDate":"2023-09-05"},{"lineNumber":52,"author":{"gitId":"Cheezeblokz"},"content":"        String name \u003d \" _____ _                       _     _       _         \\n\" +","lastModifiedDate":"2023-09-05"},{"lineNumber":53,"author":{"gitId":"Cheezeblokz"},"content":"                \"/  __ \\\\ |                     | |   | |     | |        \\n\" +","lastModifiedDate":"2023-09-05"},{"lineNumber":54,"author":{"gitId":"Cheezeblokz"},"content":"                \"| /  \\\\/ |__   ___  ___ _______| |__ | | ___ | | __ ____\\n\" +","lastModifiedDate":"2023-09-05"},{"lineNumber":55,"author":{"gitId":"Cheezeblokz"},"content":"                \"| |   | \u0027_ \\\\ / _ \\\\/ _ \\\\_  / _ \\\\ \u0027_ \\\\| |/ _ \\\\| |/ /|_  /\\n\" +","lastModifiedDate":"2023-09-05"},{"lineNumber":56,"author":{"gitId":"Cheezeblokz"},"content":"                \"| \\\\__/\\\\ | | |  __/  __// /  __/ |_) | | (_) |   \u003c  / / \\n\" +","lastModifiedDate":"2023-09-05"},{"lineNumber":57,"author":{"gitId":"Cheezeblokz"},"content":"                \" \\\\____/_| |_|\\\\___|\\\\___/___\\\\___|_.__/|_|\\\\___/|_|\\\\_\\\\/___|\";","lastModifiedDate":"2023-09-05"},{"lineNumber":58,"author":{"gitId":"Cheezeblokz"},"content":"","lastModifiedDate":"2023-09-05"},{"lineNumber":59,"author":{"gitId":"Cheezeblokz"},"content":"        // introduction and initial prompt for user input","lastModifiedDate":"2023-09-05"},{"lineNumber":60,"author":{"gitId":"Cheezeblokz"},"content":"        System.out.print(\"Hello! My name is:\\n\" + name + \"\\n\\n\" +","lastModifiedDate":"2023-09-05"},{"lineNumber":61,"author":{"gitId":"Cheezeblokz"},"content":"                \"What can I do for you today? :)\\n\" + \"\u003e\u003e\");","lastModifiedDate":"2023-09-05"},{"lineNumber":62,"author":{"gitId":"Cheezeblokz"},"content":"","lastModifiedDate":"2023-09-05"},{"lineNumber":63,"author":{"gitId":"Cheezeblokz"},"content":"        // Scanner object for getting user input from the terminal","lastModifiedDate":"2023-09-05"},{"lineNumber":64,"author":{"gitId":"Cheezeblokz"},"content":"        Scanner scanner \u003d new Scanner(System.in);","lastModifiedDate":"2023-09-05"},{"lineNumber":65,"author":{"gitId":"Cheezeblokz"},"content":"","lastModifiedDate":"2023-09-05"},{"lineNumber":66,"author":{"gitId":"Cheezeblokz"},"content":"        // string to monitor current user input","lastModifiedDate":"2023-09-05"},{"lineNumber":67,"author":{"gitId":"Cheezeblokz"},"content":"        String userInput \u003d scanner.nextLine();","lastModifiedDate":"2023-09-05"},{"lineNumber":68,"author":{"gitId":"Cheezeblokz"},"content":"        String[] userWords \u003d userInput.split(\" \");","lastModifiedDate":"2023-10-03"},{"lineNumber":69,"author":{"gitId":"Cheezeblokz"},"content":"        String userCommand \u003d userWords[0];","lastModifiedDate":"2023-10-03"},{"lineNumber":70,"author":{"gitId":"Cheezeblokz"},"content":"","lastModifiedDate":"2023-09-05"},{"lineNumber":71,"author":{"gitId":"Cheezeblokz"},"content":"        // if \u0027bye\u0027 command is given exit program, else keep prompting for user input","lastModifiedDate":"2023-09-05"},{"lineNumber":72,"author":{"gitId":"Cheezeblokz"},"content":"        while (!userCommand.equals(\"bye\")) {","lastModifiedDate":"2023-10-03"},{"lineNumber":73,"author":{"gitId":"Cheezeblokz"},"content":"            // if \u0027list\u0027 command is given, list out all tasks","lastModifiedDate":"2023-09-05"},{"lineNumber":74,"author":{"gitId":"Cheezeblokz"},"content":"            if (userCommand.equals(\"list\")) {","lastModifiedDate":"2023-10-03"},{"lineNumber":75,"author":{"gitId":"Cheezeblokz"},"content":"                // if list is empty, print \u0027no item\u0027 message instead of tasks","lastModifiedDate":"2023-09-05"},{"lineNumber":76,"author":{"gitId":"Cheezeblokz"},"content":"                if (tasks.isEmpty()) {","lastModifiedDate":"2023-10-05"},{"lineNumber":77,"author":{"gitId":"Cheezeblokz"},"content":"                    try {","lastModifiedDate":"2023-10-05"},{"lineNumber":78,"author":{"gitId":"Cheezeblokz"},"content":"                        throw new DukeException(\"Empty List\");","lastModifiedDate":"2023-10-05"},{"lineNumber":79,"author":{"gitId":"Cheezeblokz"},"content":"                    } catch (DukeException e) {","lastModifiedDate":"2023-10-05"},{"lineNumber":80,"author":{"gitId":"Cheezeblokz"},"content":"                        System.out.println(e.getMessage());","lastModifiedDate":"2023-10-05"},{"lineNumber":81,"author":{"gitId":"Cheezeblokz"},"content":"                    }","lastModifiedDate":"2023-10-05"},{"lineNumber":82,"author":{"gitId":"Cheezeblokz"},"content":"                } else {","lastModifiedDate":"2023-10-03"},{"lineNumber":83,"author":{"gitId":"Cheezeblokz"},"content":"                    System.out.println(\"Here are the item(s) in your list. :)\");","lastModifiedDate":"2023-09-05"},{"lineNumber":84,"author":{"gitId":"Cheezeblokz"},"content":"                    // print out tasks and number each task","lastModifiedDate":"2023-09-05"},{"lineNumber":85,"author":{"gitId":"Cheezeblokz"},"content":"                    for (int i \u003d 0; i \u003c tasks.size(); i++) {","lastModifiedDate":"2023-10-05"},{"lineNumber":86,"author":{"gitId":"Cheezeblokz"},"content":"                        System.out.println(i + 1 + \". \" + tasks.get(i));","lastModifiedDate":"2023-10-05"},{"lineNumber":87,"author":{"gitId":"Cheezeblokz"},"content":"                    }","lastModifiedDate":"2023-09-05"},{"lineNumber":88,"author":{"gitId":"Cheezeblokz"},"content":"                }","lastModifiedDate":"2023-09-05"},{"lineNumber":89,"author":{"gitId":"Cheezeblokz"},"content":"            }","lastModifiedDate":"2023-09-05"},{"lineNumber":90,"author":{"gitId":"Cheezeblokz"},"content":"            // if \"mark\" command is given, mark the corresponding task in tasks","lastModifiedDate":"2023-10-05"},{"lineNumber":91,"author":{"gitId":"Cheezeblokz"},"content":"            else if (userCommand.equals(\"mark\")) {","lastModifiedDate":"2023-10-03"},{"lineNumber":92,"author":{"gitId":"Cheezeblokz"},"content":"                try {","lastModifiedDate":"2023-10-03"},{"lineNumber":93,"author":{"gitId":"Cheezeblokz"},"content":"                    // split userInput into command and integer","lastModifiedDate":"2023-10-05"},{"lineNumber":94,"author":{"gitId":"Cheezeblokz"},"content":"                    int selectedItem \u003d Integer.parseInt(userWords[1]);","lastModifiedDate":"2023-10-03"},{"lineNumber":95,"author":{"gitId":"Cheezeblokz"},"content":"                    // check if integer given is in range of number of tasks","lastModifiedDate":"2023-09-05"},{"lineNumber":96,"author":{"gitId":"Cheezeblokz"},"content":"                    tasks.get(selectedItem - 1).setMarked(true);","lastModifiedDate":"2023-10-05"},{"lineNumber":97,"author":{"gitId":"Cheezeblokz"},"content":"                    System.out.println(\"Task \" + selectedItem + \" marked!\\n\" +","lastModifiedDate":"2023-09-05"},{"lineNumber":98,"author":{"gitId":"Cheezeblokz"},"content":"                            tasks.get(selectedItem - 1));","lastModifiedDate":"2023-10-05"},{"lineNumber":99,"author":{"gitId":"Cheezeblokz"},"content":"                }catch (Exception e) {","lastModifiedDate":"2023-10-03"},{"lineNumber":100,"author":{"gitId":"Cheezeblokz"},"content":"                    System.out.println(\"Invalid integer input! :(\");","lastModifiedDate":"2023-10-03"},{"lineNumber":101,"author":{"gitId":"Cheezeblokz"},"content":"                }","lastModifiedDate":"2023-09-05"},{"lineNumber":102,"author":{"gitId":"Cheezeblokz"},"content":"            }","lastModifiedDate":"2023-10-03"},{"lineNumber":103,"author":{"gitId":"Cheezeblokz"},"content":"            // if \"unmark\" command is given, unmark the corresponding task in tasks","lastModifiedDate":"2023-10-05"},{"lineNumber":104,"author":{"gitId":"Cheezeblokz"},"content":"            else if (userCommand.equals(\"unmark\")) {","lastModifiedDate":"2023-10-03"},{"lineNumber":105,"author":{"gitId":"Cheezeblokz"},"content":"                try {","lastModifiedDate":"2023-10-03"},{"lineNumber":106,"author":{"gitId":"Cheezeblokz"},"content":"                    // split userInput into command and integer","lastModifiedDate":"2023-10-05"},{"lineNumber":107,"author":{"gitId":"Cheezeblokz"},"content":"                    int selectedItem \u003d Integer.parseInt(userWords[1]);","lastModifiedDate":"2023-10-03"},{"lineNumber":108,"author":{"gitId":"Cheezeblokz"},"content":"                    // check if integer given is in range of number of tasks","lastModifiedDate":"2023-10-03"},{"lineNumber":109,"author":{"gitId":"Cheezeblokz"},"content":"                    tasks.get(selectedItem - 1).setMarked(false); // unmark task","lastModifiedDate":"2023-10-05"},{"lineNumber":110,"author":{"gitId":"Cheezeblokz"},"content":"                    System.out.println(\"Task \" + selectedItem + \" unmarked!\\n\" +","lastModifiedDate":"2023-09-05"},{"lineNumber":111,"author":{"gitId":"Cheezeblokz"},"content":"                            tasks.get(selectedItem - 1));","lastModifiedDate":"2023-10-05"},{"lineNumber":112,"author":{"gitId":"Cheezeblokz"},"content":"                }catch (Exception e) {","lastModifiedDate":"2023-10-03"},{"lineNumber":113,"author":{"gitId":"Cheezeblokz"},"content":"                    System.out.println(\"Invalid integer input! :(\");","lastModifiedDate":"2023-09-05"},{"lineNumber":114,"author":{"gitId":"Cheezeblokz"},"content":"                }","lastModifiedDate":"2023-09-05"},{"lineNumber":115,"author":{"gitId":"Cheezeblokz"},"content":"            }","lastModifiedDate":"2023-09-05"},{"lineNumber":116,"author":{"gitId":"Cheezeblokz"},"content":"            // if \"todo\" command is given","lastModifiedDate":"2023-10-05"},{"lineNumber":117,"author":{"gitId":"Cheezeblokz"},"content":"            else if (userCommand.equals(\"todo\")) {","lastModifiedDate":"2023-10-05"},{"lineNumber":118,"author":{"gitId":"Cheezeblokz"},"content":"                try {","lastModifiedDate":"2023-10-05"},{"lineNumber":119,"author":{"gitId":"Cheezeblokz"},"content":"                    // store information of todo: Name","lastModifiedDate":"2023-10-05"},{"lineNumber":120,"author":{"gitId":"Cheezeblokz"},"content":"                    if (userWords.length \u003d\u003d 1) {","lastModifiedDate":"2023-10-05"},{"lineNumber":121,"author":{"gitId":"Cheezeblokz"},"content":"                        throw new DukeException(\"Todo Name Missing\");","lastModifiedDate":"2023-10-05"},{"lineNumber":122,"author":{"gitId":"Cheezeblokz"},"content":"                    }","lastModifiedDate":"2023-10-05"},{"lineNumber":123,"author":{"gitId":"Cheezeblokz"},"content":"                    // store information of todo: Name","lastModifiedDate":"2023-10-05"},{"lineNumber":124,"author":{"gitId":"Cheezeblokz"},"content":"                    String[] todoNameWords \u003d Arrays.copyOfRange(userWords, 1, userWords.length);","lastModifiedDate":"2023-10-05"},{"lineNumber":125,"author":{"gitId":"Cheezeblokz"},"content":"                    String todoName \u003d String.join(\" \", todoNameWords);","lastModifiedDate":"2023-10-05"},{"lineNumber":126,"author":{"gitId":"Cheezeblokz"},"content":"                    Todo todo \u003d new Todo(todoName);","lastModifiedDate":"2023-10-05"},{"lineNumber":127,"author":{"gitId":"Cheezeblokz"},"content":"                    tasks.add(todo); // Store user input into array","lastModifiedDate":"2023-10-05"},{"lineNumber":128,"author":{"gitId":"Cheezeblokz"},"content":"                    System.out.println(\"I\u0027ve added this task to your list:\");","lastModifiedDate":"2023-10-05"},{"lineNumber":129,"author":{"gitId":"Cheezeblokz"},"content":"                    System.out.println(todo);","lastModifiedDate":"2023-10-05"},{"lineNumber":130,"author":{"gitId":"Cheezeblokz"},"content":"                    System.out.println(\"You now have \" + tasks.size() + \" task(s) in your list. :]\");","lastModifiedDate":"2023-10-05"},{"lineNumber":131,"author":{"gitId":"Cheezeblokz"},"content":"                } catch (DukeException e) {","lastModifiedDate":"2023-10-05"},{"lineNumber":132,"author":{"gitId":"Cheezeblokz"},"content":"                    System.out.println(e.getMessage());","lastModifiedDate":"2023-10-05"},{"lineNumber":133,"author":{"gitId":"Cheezeblokz"},"content":"                }","lastModifiedDate":"2023-10-05"},{"lineNumber":134,"author":{"gitId":"Cheezeblokz"},"content":"            }","lastModifiedDate":"2023-10-05"},{"lineNumber":135,"author":{"gitId":"Cheezeblokz"},"content":"            // if \"event\" command is given","lastModifiedDate":"2023-10-05"},{"lineNumber":136,"author":{"gitId":"Cheezeblokz"},"content":"            else if (userCommand.equals(\"event\")) {","lastModifiedDate":"2023-10-05"},{"lineNumber":137,"author":{"gitId":"Cheezeblokz"},"content":"                // find the index of \"/from\" and \"/to\" to separate the information","lastModifiedDate":"2023-10-05"},{"lineNumber":138,"author":{"gitId":"Cheezeblokz"},"content":"                int fromSplitIndex \u003d 0;","lastModifiedDate":"2023-10-05"},{"lineNumber":139,"author":{"gitId":"Cheezeblokz"},"content":"                int toSplitIndex \u003d 0;","lastModifiedDate":"2023-10-05"},{"lineNumber":140,"author":{"gitId":"Cheezeblokz"},"content":"                for(int i \u003d 1; i \u003c userWords.length; i++) {","lastModifiedDate":"2023-10-05"},{"lineNumber":141,"author":{"gitId":"Cheezeblokz"},"content":"                    if (userWords[i].equals(\"/from\")) {","lastModifiedDate":"2023-10-05"},{"lineNumber":142,"author":{"gitId":"Cheezeblokz"},"content":"                        fromSplitIndex \u003d i;","lastModifiedDate":"2023-10-05"},{"lineNumber":143,"author":{"gitId":"Cheezeblokz"},"content":"                    }","lastModifiedDate":"2023-10-05"},{"lineNumber":144,"author":{"gitId":"Cheezeblokz"},"content":"                    else if (userWords[i].equals(\"/to\")) {","lastModifiedDate":"2023-10-05"},{"lineNumber":145,"author":{"gitId":"Cheezeblokz"},"content":"                        toSplitIndex \u003d i;","lastModifiedDate":"2023-10-05"},{"lineNumber":146,"author":{"gitId":"Cheezeblokz"},"content":"                        break;","lastModifiedDate":"2023-10-05"},{"lineNumber":147,"author":{"gitId":"Cheezeblokz"},"content":"                    }","lastModifiedDate":"2023-10-05"},{"lineNumber":148,"author":{"gitId":"Cheezeblokz"},"content":"                }","lastModifiedDate":"2023-10-05"},{"lineNumber":149,"author":{"gitId":"Cheezeblokz"},"content":"                try {","lastModifiedDate":"2023-10-05"},{"lineNumber":150,"author":{"gitId":"Cheezeblokz"},"content":"                    if (fromSplitIndex \u003d\u003d 1) {","lastModifiedDate":"2023-10-05"},{"lineNumber":151,"author":{"gitId":"Cheezeblokz"},"content":"                        throw new DukeException(\"Event Name Missing\");","lastModifiedDate":"2023-10-05"},{"lineNumber":152,"author":{"gitId":"Cheezeblokz"},"content":"                    }","lastModifiedDate":"2023-10-05"},{"lineNumber":153,"author":{"gitId":"Cheezeblokz"},"content":"                    if (fromSplitIndex \u003d\u003d toSplitIndex - 1) {","lastModifiedDate":"2023-10-05"},{"lineNumber":154,"author":{"gitId":"Cheezeblokz"},"content":"                        throw new DukeException(\"Event From Missing\");","lastModifiedDate":"2023-10-05"},{"lineNumber":155,"author":{"gitId":"Cheezeblokz"},"content":"                    }","lastModifiedDate":"2023-10-05"},{"lineNumber":156,"author":{"gitId":"Cheezeblokz"},"content":"                    if (toSplitIndex \u003d\u003d userWords.length - 1) {","lastModifiedDate":"2023-10-05"},{"lineNumber":157,"author":{"gitId":"Cheezeblokz"},"content":"                        throw new DukeException(\"Event To Missing\");","lastModifiedDate":"2023-10-05"},{"lineNumber":158,"author":{"gitId":"Cheezeblokz"},"content":"                    }                // store information of event: Name, From and To","lastModifiedDate":"2023-10-05"},{"lineNumber":159,"author":{"gitId":"Cheezeblokz"},"content":"                    String[] eventNameWords \u003d Arrays.copyOfRange(userWords, 1, fromSplitIndex);","lastModifiedDate":"2023-10-05"},{"lineNumber":160,"author":{"gitId":"Cheezeblokz"},"content":"                    String[] eventFromWords \u003d Arrays.copyOfRange(userWords, fromSplitIndex + 1, toSplitIndex);","lastModifiedDate":"2023-10-05"},{"lineNumber":161,"author":{"gitId":"Cheezeblokz"},"content":"                    String[] eventToWords \u003d Arrays.copyOfRange(userWords, toSplitIndex + 1, userWords.length);","lastModifiedDate":"2023-10-05"},{"lineNumber":162,"author":{"gitId":"Cheezeblokz"},"content":"                    String eventName \u003d String.join(\" \", eventNameWords);","lastModifiedDate":"2023-10-05"},{"lineNumber":163,"author":{"gitId":"Cheezeblokz"},"content":"                    String eventFrom \u003d String.join(\" \", eventFromWords);","lastModifiedDate":"2023-10-05"},{"lineNumber":164,"author":{"gitId":"Cheezeblokz"},"content":"                    String eventTo \u003d String.join(\" \", eventToWords);","lastModifiedDate":"2023-10-05"},{"lineNumber":165,"author":{"gitId":"Cheezeblokz"},"content":"                    Event event \u003d new Event(eventName, eventFrom, eventTo); // New Event object","lastModifiedDate":"2023-10-05"},{"lineNumber":166,"author":{"gitId":"Cheezeblokz"},"content":"                    tasks.add(event); // Store user input into array","lastModifiedDate":"2023-10-05"},{"lineNumber":167,"author":{"gitId":"Cheezeblokz"},"content":"                    System.out.println(\"I\u0027ve added this task to your list:\");","lastModifiedDate":"2023-10-05"},{"lineNumber":168,"author":{"gitId":"Cheezeblokz"},"content":"                    System.out.println(event);","lastModifiedDate":"2023-10-05"},{"lineNumber":169,"author":{"gitId":"Cheezeblokz"},"content":"                    System.out.println(\"You now have \" + tasks.size() + \" task(s) in your list. :]\");","lastModifiedDate":"2023-10-05"},{"lineNumber":170,"author":{"gitId":"Cheezeblokz"},"content":"                } catch (DukeException e) {","lastModifiedDate":"2023-10-05"},{"lineNumber":171,"author":{"gitId":"Cheezeblokz"},"content":"                    System.out.println(e.getMessage());","lastModifiedDate":"2023-10-05"},{"lineNumber":172,"author":{"gitId":"Cheezeblokz"},"content":"                }","lastModifiedDate":"2023-10-05"},{"lineNumber":173,"author":{"gitId":"Cheezeblokz"},"content":"            }","lastModifiedDate":"2023-10-05"},{"lineNumber":174,"author":{"gitId":"Cheezeblokz"},"content":"            // if \"deadline\" command is given","lastModifiedDate":"2023-10-05"},{"lineNumber":175,"author":{"gitId":"Cheezeblokz"},"content":"            else if (userCommand.equals(\"deadline\")) {","lastModifiedDate":"2023-10-05"},{"lineNumber":176,"author":{"gitId":"Cheezeblokz"},"content":"                // find the index of \"/by\" to separate the information","lastModifiedDate":"2023-10-05"},{"lineNumber":177,"author":{"gitId":"Cheezeblokz"},"content":"                int splitIndex \u003d 0;","lastModifiedDate":"2023-10-05"},{"lineNumber":178,"author":{"gitId":"Cheezeblokz"},"content":"                for(int i \u003d 1; i \u003c userWords.length; i++) {","lastModifiedDate":"2023-10-05"},{"lineNumber":179,"author":{"gitId":"Cheezeblokz"},"content":"                    if (userWords[i].equals(\"/by\")) {","lastModifiedDate":"2023-10-05"},{"lineNumber":180,"author":{"gitId":"Cheezeblokz"},"content":"                        splitIndex \u003d i;","lastModifiedDate":"2023-10-05"},{"lineNumber":181,"author":{"gitId":"Cheezeblokz"},"content":"                        break;","lastModifiedDate":"2023-10-05"},{"lineNumber":182,"author":{"gitId":"Cheezeblokz"},"content":"                    }","lastModifiedDate":"2023-10-05"},{"lineNumber":183,"author":{"gitId":"Cheezeblokz"},"content":"                }","lastModifiedDate":"2023-10-05"},{"lineNumber":184,"author":{"gitId":"Cheezeblokz"},"content":"                try {","lastModifiedDate":"2023-10-05"},{"lineNumber":185,"author":{"gitId":"Cheezeblokz"},"content":"                    if (splitIndex \u003d\u003d 1) {","lastModifiedDate":"2023-10-05"},{"lineNumber":186,"author":{"gitId":"Cheezeblokz"},"content":"                        throw new DukeException(\"Deadline Name Missing\");","lastModifiedDate":"2023-10-05"},{"lineNumber":187,"author":{"gitId":"Cheezeblokz"},"content":"                    }","lastModifiedDate":"2023-10-05"},{"lineNumber":188,"author":{"gitId":"Cheezeblokz"},"content":"                    if (splitIndex \u003d\u003d userWords.length - 1) {","lastModifiedDate":"2023-10-05"},{"lineNumber":189,"author":{"gitId":"Cheezeblokz"},"content":"                        throw new DukeException(\"Deadline By Missing\");","lastModifiedDate":"2023-10-05"},{"lineNumber":190,"author":{"gitId":"Cheezeblokz"},"content":"                    }","lastModifiedDate":"2023-10-05"},{"lineNumber":191,"author":{"gitId":"Cheezeblokz"},"content":"                    // store information of deadline: Name and By","lastModifiedDate":"2023-10-05"},{"lineNumber":192,"author":{"gitId":"Cheezeblokz"},"content":"                    String[] deadlineNameWords \u003d Arrays.copyOfRange(userWords, 1, splitIndex);","lastModifiedDate":"2023-10-05"},{"lineNumber":193,"author":{"gitId":"Cheezeblokz"},"content":"                    String[] deadlineByWords \u003d Arrays.copyOfRange(userWords, splitIndex + 1, userWords.length);","lastModifiedDate":"2023-10-05"},{"lineNumber":194,"author":{"gitId":"Cheezeblokz"},"content":"                    String deadlineName \u003d String.join(\" \", deadlineNameWords);","lastModifiedDate":"2023-10-05"},{"lineNumber":195,"author":{"gitId":"Cheezeblokz"},"content":"                    String deadlineBy \u003d String.join(\" \", deadlineByWords);","lastModifiedDate":"2023-10-05"},{"lineNumber":196,"author":{"gitId":"Cheezeblokz"},"content":"                    Deadline deadline \u003d new Deadline(deadlineName, deadlineBy); // New Deadline object","lastModifiedDate":"2023-10-05"},{"lineNumber":197,"author":{"gitId":"Cheezeblokz"},"content":"                    tasks.add(deadline); // Store user input into array","lastModifiedDate":"2023-10-05"},{"lineNumber":198,"author":{"gitId":"Cheezeblokz"},"content":"                    System.out.println(\"I\u0027ve added this task to your list:\");","lastModifiedDate":"2023-10-05"},{"lineNumber":199,"author":{"gitId":"Cheezeblokz"},"content":"                    System.out.println(deadline);","lastModifiedDate":"2023-10-05"},{"lineNumber":200,"author":{"gitId":"Cheezeblokz"},"content":"                    System.out.println(\"You now have \" + tasks.size() + \" task(s) in your list. :]\");","lastModifiedDate":"2023-10-05"},{"lineNumber":201,"author":{"gitId":"Cheezeblokz"},"content":"                } catch (DukeException e) {","lastModifiedDate":"2023-10-05"},{"lineNumber":202,"author":{"gitId":"Cheezeblokz"},"content":"                    System.out.println(e.getMessage());","lastModifiedDate":"2023-10-05"},{"lineNumber":203,"author":{"gitId":"Cheezeblokz"},"content":"                }","lastModifiedDate":"2023-10-05"},{"lineNumber":204,"author":{"gitId":"Cheezeblokz"},"content":"            }","lastModifiedDate":"2023-10-05"},{"lineNumber":205,"author":{"gitId":"Cheezeblokz"},"content":"            // if \"delete\" command is given, delete the corresponding task in the list","lastModifiedDate":"2023-10-05"},{"lineNumber":206,"author":{"gitId":"Cheezeblokz"},"content":"            else if (userCommand.equals(\"delete\")) {","lastModifiedDate":"2023-10-05"},{"lineNumber":207,"author":{"gitId":"Cheezeblokz"},"content":"                try {","lastModifiedDate":"2023-10-05"},{"lineNumber":208,"author":{"gitId":"Cheezeblokz"},"content":"                    // split userInput into command and integer","lastModifiedDate":"2023-10-05"},{"lineNumber":209,"author":{"gitId":"Cheezeblokz"},"content":"                    int selectedItem \u003d Integer.parseInt(userWords[1]);","lastModifiedDate":"2023-10-05"},{"lineNumber":210,"author":{"gitId":"Cheezeblokz"},"content":"                    // check if integer given is in range of number of tasks","lastModifiedDate":"2023-10-05"},{"lineNumber":211,"author":{"gitId":"Cheezeblokz"},"content":"                    Task removedTask \u003d tasks.remove(selectedItem - 1);","lastModifiedDate":"2023-10-05"},{"lineNumber":212,"author":{"gitId":"Cheezeblokz"},"content":"                    System.out.println(\"Task \" + selectedItem + \" delete!\\n\" +","lastModifiedDate":"2023-10-05"},{"lineNumber":213,"author":{"gitId":"Cheezeblokz"},"content":"                            removedTask);","lastModifiedDate":"2023-10-05"},{"lineNumber":214,"author":{"gitId":"Cheezeblokz"},"content":"                }catch (Exception e) {","lastModifiedDate":"2023-10-05"},{"lineNumber":215,"author":{"gitId":"Cheezeblokz"},"content":"                    System.out.println(\"Invalid integer input! :(\");","lastModifiedDate":"2023-10-05"},{"lineNumber":216,"author":{"gitId":"Cheezeblokz"},"content":"                }","lastModifiedDate":"2023-10-05"},{"lineNumber":217,"author":{"gitId":"Cheezeblokz"},"content":"","lastModifiedDate":"2023-10-05"},{"lineNumber":218,"author":{"gitId":"Cheezeblokz"},"content":"            }","lastModifiedDate":"2023-10-05"},{"lineNumber":219,"author":{"gitId":"Cheezeblokz"},"content":"            // if not unique command, prompt user again","lastModifiedDate":"2023-10-05"},{"lineNumber":220,"author":{"gitId":"Cheezeblokz"},"content":"            else {","lastModifiedDate":"2023-10-05"},{"lineNumber":221,"author":{"gitId":"Cheezeblokz"},"content":"                System.out.println(\"Invalid command! :/\");","lastModifiedDate":"2023-10-05"},{"lineNumber":222,"author":{"gitId":"Cheezeblokz"},"content":"            }","lastModifiedDate":"2023-09-05"},{"lineNumber":223,"author":{"gitId":"Cheezeblokz"},"content":"","lastModifiedDate":"2023-09-05"},{"lineNumber":224,"author":{"gitId":"Cheezeblokz"},"content":"            partition();","lastModifiedDate":"2023-09-05"},{"lineNumber":225,"author":{"gitId":"Cheezeblokz"},"content":"","lastModifiedDate":"2023-09-05"},{"lineNumber":226,"author":{"gitId":"Cheezeblokz"},"content":"            // prompt user for input and store it","lastModifiedDate":"2023-10-03"},{"lineNumber":227,"author":{"gitId":"Cheezeblokz"},"content":"            System.out.print(\"What do you want to do next? :o\\n\" + \"\u003e\u003e\");","lastModifiedDate":"2023-09-05"},{"lineNumber":228,"author":{"gitId":"Cheezeblokz"},"content":"            userInput \u003d scanner.nextLine();","lastModifiedDate":"2023-09-05"},{"lineNumber":229,"author":{"gitId":"Cheezeblokz"},"content":"            userWords \u003d userInput.split(\" \");","lastModifiedDate":"2023-10-03"},{"lineNumber":230,"author":{"gitId":"Cheezeblokz"},"content":"            userCommand \u003d userWords[0];","lastModifiedDate":"2023-10-03"},{"lineNumber":231,"author":{"gitId":"Cheezeblokz"},"content":"        }","lastModifiedDate":"2023-09-05"},{"lineNumber":232,"author":{"gitId":"Cheezeblokz"},"content":"","lastModifiedDate":"2023-09-05"},{"lineNumber":233,"author":{"gitId":"Cheezeblokz"},"content":"        // program exit statement","lastModifiedDate":"2023-09-05"},{"lineNumber":234,"author":{"gitId":"Cheezeblokz"},"content":"        System.out.println(\" Bye. Hope to see you again soon! :D\");","lastModifiedDate":"2023-09-05"},{"lineNumber":235,"author":{"gitId":"Cheezeblokz"},"content":"","lastModifiedDate":"2023-09-05"},{"lineNumber":236,"author":{"gitId":"Cheezeblokz"},"content":"        partition();","lastModifiedDate":"2023-09-05"},{"lineNumber":237,"author":{"gitId":"Cheezeblokz"},"content":"        System.out.println(\"                          -END-                             \");","lastModifiedDate":"2023-09-05"},{"lineNumber":238,"author":{"gitId":"Cheezeblokz"},"content":"","lastModifiedDate":"2023-10-05"},{"lineNumber":239,"author":{"gitId":"Cheezeblokz"},"content":"        // writing to file","lastModifiedDate":"2023-10-05"},{"lineNumber":240,"author":{"gitId":"Cheezeblokz"},"content":"        try {","lastModifiedDate":"2023-10-05"},{"lineNumber":241,"author":{"gitId":"Cheezeblokz"},"content":"            File dataFile \u003d new File(\"./duke.txt\");","lastModifiedDate":"2023-10-05"},{"lineNumber":242,"author":{"gitId":"Cheezeblokz"},"content":"            // attempt file creation","lastModifiedDate":"2023-10-05"},{"lineNumber":243,"author":{"gitId":"Cheezeblokz"},"content":"            dataFile.createNewFile();","lastModifiedDate":"2023-10-05"},{"lineNumber":244,"author":{"gitId":"Cheezeblokz"},"content":"","lastModifiedDate":"2023-10-05"},{"lineNumber":245,"author":{"gitId":"Cheezeblokz"},"content":"            // add all tasks to file","lastModifiedDate":"2023-10-05"},{"lineNumber":246,"author":{"gitId":"Cheezeblokz"},"content":"            FileWriter fileWriter \u003d new FileWriter(dataFile);","lastModifiedDate":"2023-10-05"},{"lineNumber":247,"author":{"gitId":"Cheezeblokz"},"content":"            for(Task task : tasks) {","lastModifiedDate":"2023-10-05"},{"lineNumber":248,"author":{"gitId":"Cheezeblokz"},"content":"                fileWriter.write(task.toStringFile() + System.lineSeparator());","lastModifiedDate":"2023-10-05"},{"lineNumber":249,"author":{"gitId":"Cheezeblokz"},"content":"            }","lastModifiedDate":"2023-10-05"},{"lineNumber":250,"author":{"gitId":"Cheezeblokz"},"content":"            fileWriter.close();","lastModifiedDate":"2023-10-05"},{"lineNumber":251,"author":{"gitId":"Cheezeblokz"},"content":"        } catch (IOException e) {","lastModifiedDate":"2023-10-05"},{"lineNumber":252,"author":{"gitId":"Cheezeblokz"},"content":"            throw new RuntimeException(e);","lastModifiedDate":"2023-10-05"},{"lineNumber":253,"author":{"gitId":"Cheezeblokz"},"content":"        }","lastModifiedDate":"2023-10-05"},{"lineNumber":254,"author":{"gitId":"Cheezeblokz"},"content":"    }","lastModifiedDate":"2023-09-05"},{"lineNumber":255,"author":{"gitId":"Cheezeblokz"},"content":"","lastModifiedDate":"2023-09-05"},{"lineNumber":256,"author":{"gitId":"Cheezeblokz"},"content":"    // private function to print a stream of underscores for partitioning robot conversation","lastModifiedDate":"2023-09-05"},{"lineNumber":257,"author":{"gitId":"Cheezeblokz"},"content":"    private static void partition() {","lastModifiedDate":"2023-09-05"},{"lineNumber":258,"author":{"gitId":"Cheezeblokz"},"content":"        System.out.println(\"____________________________________________________________\");","lastModifiedDate":"2023-09-05"},{"lineNumber":259,"author":{"gitId":"-"},"content":"    }","lastModifiedDate":"2019-07-29"},{"lineNumber":260,"author":{"gitId":"-"},"content":"}","lastModifiedDate":"2019-07-29"}],"authorContributionMap":{"Cheezeblokz":256,"-":4}},{"path":"src/main/java/duke/task/Deadline.java","fileType":"java","lines":[{"lineNumber":1,"author":{"gitId":"Cheezeblokz"},"content":"package main.java.duke.task;","lastModifiedDate":"2023-10-05"},{"lineNumber":2,"author":{"gitId":"Cheezeblokz"},"content":"","lastModifiedDate":"2023-10-05"},{"lineNumber":3,"author":{"gitId":"Cheezeblokz"},"content":"public class Deadline extends Task{","lastModifiedDate":"2023-10-03"},{"lineNumber":4,"author":{"gitId":"Cheezeblokz"},"content":"    private String by;","lastModifiedDate":"2023-10-05"},{"lineNumber":5,"author":{"gitId":"Cheezeblokz"},"content":"    public Deadline(String name, String by) {","lastModifiedDate":"2023-10-05"},{"lineNumber":6,"author":{"gitId":"Cheezeblokz"},"content":"        super(name);","lastModifiedDate":"2023-10-03"},{"lineNumber":7,"author":{"gitId":"Cheezeblokz"},"content":"        this.by \u003d by;","lastModifiedDate":"2023-10-05"},{"lineNumber":8,"author":{"gitId":"Cheezeblokz"},"content":"    }","lastModifiedDate":"2023-10-03"},{"lineNumber":9,"author":{"gitId":"Cheezeblokz"},"content":"","lastModifiedDate":"2023-10-03"},{"lineNumber":10,"author":{"gitId":"Cheezeblokz"},"content":"    @Override","lastModifiedDate":"2023-10-03"},{"lineNumber":11,"author":{"gitId":"Cheezeblokz"},"content":"    public String toString() {","lastModifiedDate":"2023-10-03"},{"lineNumber":12,"author":{"gitId":"Cheezeblokz"},"content":"        return \"[D]\" + super.toString() + \" (by: \" + by + \")\";","lastModifiedDate":"2023-10-05"},{"lineNumber":13,"author":{"gitId":"Cheezeblokz"},"content":"    }","lastModifiedDate":"2023-10-03"},{"lineNumber":14,"author":{"gitId":"Cheezeblokz"},"content":"","lastModifiedDate":"2023-10-05"},{"lineNumber":15,"author":{"gitId":"Cheezeblokz"},"content":"    // String representation for storing in file","lastModifiedDate":"2023-10-05"},{"lineNumber":16,"author":{"gitId":"Cheezeblokz"},"content":"    @Override","lastModifiedDate":"2023-10-05"},{"lineNumber":17,"author":{"gitId":"Cheezeblokz"},"content":"    public String toStringFile() {","lastModifiedDate":"2023-10-05"},{"lineNumber":18,"author":{"gitId":"Cheezeblokz"},"content":"        return \"D|\" + super.toStringFile() + \"|\" + this.by;","lastModifiedDate":"2023-10-05"},{"lineNumber":19,"author":{"gitId":"Cheezeblokz"},"content":"    }","lastModifiedDate":"2023-10-05"},{"lineNumber":20,"author":{"gitId":"Cheezeblokz"},"content":"}","lastModifiedDate":"2023-10-03"}],"authorContributionMap":{"Cheezeblokz":20}},{"path":"src/main/java/duke/task/Event.java","fileType":"java","lines":[{"lineNumber":1,"author":{"gitId":"Cheezeblokz"},"content":"package main.java.duke.task;","lastModifiedDate":"2023-10-05"},{"lineNumber":2,"author":{"gitId":"Cheezeblokz"},"content":"","lastModifiedDate":"2023-10-05"},{"lineNumber":3,"author":{"gitId":"Cheezeblokz"},"content":"public class Event extends Task {","lastModifiedDate":"2023-10-03"},{"lineNumber":4,"author":{"gitId":"Cheezeblokz"},"content":"    private String fromDate;","lastModifiedDate":"2023-10-03"},{"lineNumber":5,"author":{"gitId":"Cheezeblokz"},"content":"    private String toDate;","lastModifiedDate":"2023-10-03"},{"lineNumber":6,"author":{"gitId":"Cheezeblokz"},"content":"    public Event(String name, String fromDate, String toDate) {","lastModifiedDate":"2023-10-03"},{"lineNumber":7,"author":{"gitId":"Cheezeblokz"},"content":"        super(name);","lastModifiedDate":"2023-10-03"},{"lineNumber":8,"author":{"gitId":"Cheezeblokz"},"content":"        this.fromDate \u003d fromDate;","lastModifiedDate":"2023-10-03"},{"lineNumber":9,"author":{"gitId":"Cheezeblokz"},"content":"        this.toDate \u003d toDate;","lastModifiedDate":"2023-10-03"},{"lineNumber":10,"author":{"gitId":"Cheezeblokz"},"content":"    }","lastModifiedDate":"2023-10-03"},{"lineNumber":11,"author":{"gitId":"Cheezeblokz"},"content":"","lastModifiedDate":"2023-10-03"},{"lineNumber":12,"author":{"gitId":"Cheezeblokz"},"content":"    @Override","lastModifiedDate":"2023-10-03"},{"lineNumber":13,"author":{"gitId":"Cheezeblokz"},"content":"    public String toString() {","lastModifiedDate":"2023-10-03"},{"lineNumber":14,"author":{"gitId":"Cheezeblokz"},"content":"        return \"[E]\" + super.toString() + \" (from: \" + fromDate + \" to: \" + toDate + \")\";","lastModifiedDate":"2023-10-03"},{"lineNumber":15,"author":{"gitId":"Cheezeblokz"},"content":"    }","lastModifiedDate":"2023-10-03"},{"lineNumber":16,"author":{"gitId":"Cheezeblokz"},"content":"","lastModifiedDate":"2023-10-05"},{"lineNumber":17,"author":{"gitId":"Cheezeblokz"},"content":"    // String representation for storing in file","lastModifiedDate":"2023-10-05"},{"lineNumber":18,"author":{"gitId":"Cheezeblokz"},"content":"    @Override","lastModifiedDate":"2023-10-05"},{"lineNumber":19,"author":{"gitId":"Cheezeblokz"},"content":"    public String toStringFile() {","lastModifiedDate":"2023-10-05"},{"lineNumber":20,"author":{"gitId":"Cheezeblokz"},"content":"        return \"E|\" + super.toStringFile() + \"|\" + this.fromDate + \"|\" + this.toDate;","lastModifiedDate":"2023-10-05"},{"lineNumber":21,"author":{"gitId":"Cheezeblokz"},"content":"    }","lastModifiedDate":"2023-10-05"},{"lineNumber":22,"author":{"gitId":"Cheezeblokz"},"content":"}","lastModifiedDate":"2023-10-03"}],"authorContributionMap":{"Cheezeblokz":22}},{"path":"src/main/java/duke/task/Task.java","fileType":"java","lines":[{"lineNumber":1,"author":{"gitId":"Cheezeblokz"},"content":"package main.java.duke.task;","lastModifiedDate":"2023-10-05"},{"lineNumber":2,"author":{"gitId":"Cheezeblokz"},"content":"","lastModifiedDate":"2023-10-05"},{"lineNumber":3,"author":{"gitId":"Cheezeblokz"},"content":"// util.Task object implementation","lastModifiedDate":"2023-10-05"},{"lineNumber":4,"author":{"gitId":"Cheezeblokz"},"content":"public class Task {","lastModifiedDate":"2023-09-05"},{"lineNumber":5,"author":{"gitId":"Cheezeblokz"},"content":"    private boolean isMarked \u003d false;","lastModifiedDate":"2023-09-05"},{"lineNumber":6,"author":{"gitId":"Cheezeblokz"},"content":"    private String name;","lastModifiedDate":"2023-09-05"},{"lineNumber":7,"author":{"gitId":"Cheezeblokz"},"content":"","lastModifiedDate":"2023-09-05"},{"lineNumber":8,"author":{"gitId":"Cheezeblokz"},"content":"    // constructor","lastModifiedDate":"2023-09-05"},{"lineNumber":9,"author":{"gitId":"Cheezeblokz"},"content":"    public Task(String name) {","lastModifiedDate":"2023-09-05"},{"lineNumber":10,"author":{"gitId":"Cheezeblokz"},"content":"        this.name \u003d name;","lastModifiedDate":"2023-09-05"},{"lineNumber":11,"author":{"gitId":"Cheezeblokz"},"content":"    }","lastModifiedDate":"2023-09-05"},{"lineNumber":12,"author":{"gitId":"Cheezeblokz"},"content":"","lastModifiedDate":"2023-09-05"},{"lineNumber":13,"author":{"gitId":"Cheezeblokz"},"content":"    //setters and getters","lastModifiedDate":"2023-09-05"},{"lineNumber":14,"author":{"gitId":"Cheezeblokz"},"content":"    public boolean isMarked() {","lastModifiedDate":"2023-09-05"},{"lineNumber":15,"author":{"gitId":"Cheezeblokz"},"content":"        return isMarked;","lastModifiedDate":"2023-09-05"},{"lineNumber":16,"author":{"gitId":"Cheezeblokz"},"content":"    }","lastModifiedDate":"2023-09-05"},{"lineNumber":17,"author":{"gitId":"Cheezeblokz"},"content":"","lastModifiedDate":"2023-09-05"},{"lineNumber":18,"author":{"gitId":"Cheezeblokz"},"content":"    public void setMarked(boolean marked) {","lastModifiedDate":"2023-09-05"},{"lineNumber":19,"author":{"gitId":"Cheezeblokz"},"content":"        isMarked \u003d marked;","lastModifiedDate":"2023-09-05"},{"lineNumber":20,"author":{"gitId":"Cheezeblokz"},"content":"    }","lastModifiedDate":"2023-09-05"},{"lineNumber":21,"author":{"gitId":"Cheezeblokz"},"content":"","lastModifiedDate":"2023-09-05"},{"lineNumber":22,"author":{"gitId":"Cheezeblokz"},"content":"    public String getName() {","lastModifiedDate":"2023-09-05"},{"lineNumber":23,"author":{"gitId":"Cheezeblokz"},"content":"        return name;","lastModifiedDate":"2023-09-05"},{"lineNumber":24,"author":{"gitId":"Cheezeblokz"},"content":"    }","lastModifiedDate":"2023-09-05"},{"lineNumber":25,"author":{"gitId":"Cheezeblokz"},"content":"","lastModifiedDate":"2023-09-05"},{"lineNumber":26,"author":{"gitId":"Cheezeblokz"},"content":"    public void setName(String name) {","lastModifiedDate":"2023-09-05"},{"lineNumber":27,"author":{"gitId":"Cheezeblokz"},"content":"        this.name \u003d name;","lastModifiedDate":"2023-09-05"},{"lineNumber":28,"author":{"gitId":"Cheezeblokz"},"content":"    }","lastModifiedDate":"2023-09-05"},{"lineNumber":29,"author":{"gitId":"Cheezeblokz"},"content":"","lastModifiedDate":"2023-09-05"},{"lineNumber":30,"author":{"gitId":"Cheezeblokz"},"content":"    // String representation of util.Task","lastModifiedDate":"2023-10-05"},{"lineNumber":31,"author":{"gitId":"Cheezeblokz"},"content":"    @Override","lastModifiedDate":"2023-09-05"},{"lineNumber":32,"author":{"gitId":"Cheezeblokz"},"content":"    public String toString() {","lastModifiedDate":"2023-09-05"},{"lineNumber":33,"author":{"gitId":"Cheezeblokz"},"content":"        String taskCheckbox \u003d this.isMarked ? \"[X]\" : \"[ ]\";","lastModifiedDate":"2023-10-05"},{"lineNumber":34,"author":{"gitId":"Cheezeblokz"},"content":"        return taskCheckbox + \" \" + this.name;","lastModifiedDate":"2023-09-05"},{"lineNumber":35,"author":{"gitId":"Cheezeblokz"},"content":"    }","lastModifiedDate":"2023-09-05"},{"lineNumber":36,"author":{"gitId":"Cheezeblokz"},"content":"","lastModifiedDate":"2023-10-05"},{"lineNumber":37,"author":{"gitId":"Cheezeblokz"},"content":"    // String representation for storing in file","lastModifiedDate":"2023-10-05"},{"lineNumber":38,"author":{"gitId":"Cheezeblokz"},"content":"    public String toStringFile() {","lastModifiedDate":"2023-10-05"},{"lineNumber":39,"author":{"gitId":"Cheezeblokz"},"content":"        String taskChecked \u003d this.isMarked ? \"1\" : \"0\";","lastModifiedDate":"2023-10-05"},{"lineNumber":40,"author":{"gitId":"Cheezeblokz"},"content":"        return taskChecked + \"|\" + this.name;","lastModifiedDate":"2023-10-05"},{"lineNumber":41,"author":{"gitId":"Cheezeblokz"},"content":"    }","lastModifiedDate":"2023-10-05"},{"lineNumber":42,"author":{"gitId":"Cheezeblokz"},"content":"}","lastModifiedDate":"2023-09-05"}],"authorContributionMap":{"Cheezeblokz":42}},{"path":"src/main/java/duke/task/Todo.java","fileType":"java","lines":[{"lineNumber":1,"author":{"gitId":"Cheezeblokz"},"content":"package main.java.duke.task;","lastModifiedDate":"2023-10-05"},{"lineNumber":2,"author":{"gitId":"Cheezeblokz"},"content":"","lastModifiedDate":"2023-10-05"},{"lineNumber":3,"author":{"gitId":"Cheezeblokz"},"content":"public class Todo extends Task{","lastModifiedDate":"2023-10-03"},{"lineNumber":4,"author":{"gitId":"Cheezeblokz"},"content":"    public Todo(String task) {","lastModifiedDate":"2023-10-03"},{"lineNumber":5,"author":{"gitId":"Cheezeblokz"},"content":"        super(task);","lastModifiedDate":"2023-10-03"},{"lineNumber":6,"author":{"gitId":"Cheezeblokz"},"content":"    }","lastModifiedDate":"2023-10-03"},{"lineNumber":7,"author":{"gitId":"Cheezeblokz"},"content":"","lastModifiedDate":"2023-10-03"},{"lineNumber":8,"author":{"gitId":"Cheezeblokz"},"content":"    @Override","lastModifiedDate":"2023-10-03"},{"lineNumber":9,"author":{"gitId":"Cheezeblokz"},"content":"    public String toString() {","lastModifiedDate":"2023-10-03"},{"lineNumber":10,"author":{"gitId":"Cheezeblokz"},"content":"        return \"[T]\" + super.toString();","lastModifiedDate":"2023-10-03"},{"lineNumber":11,"author":{"gitId":"Cheezeblokz"},"content":"    }","lastModifiedDate":"2023-10-03"},{"lineNumber":12,"author":{"gitId":"Cheezeblokz"},"content":"","lastModifiedDate":"2023-10-05"},{"lineNumber":13,"author":{"gitId":"Cheezeblokz"},"content":"    // String representation for storing in file","lastModifiedDate":"2023-10-05"},{"lineNumber":14,"author":{"gitId":"Cheezeblokz"},"content":"    @Override","lastModifiedDate":"2023-10-05"},{"lineNumber":15,"author":{"gitId":"Cheezeblokz"},"content":"    public String toStringFile() {","lastModifiedDate":"2023-10-05"},{"lineNumber":16,"author":{"gitId":"Cheezeblokz"},"content":"        return \"T|\" + super.toStringFile();","lastModifiedDate":"2023-10-05"},{"lineNumber":17,"author":{"gitId":"Cheezeblokz"},"content":"    }","lastModifiedDate":"2023-10-05"},{"lineNumber":18,"author":{"gitId":"Cheezeblokz"},"content":"}","lastModifiedDate":"2023-10-03"}],"authorContributionMap":{"Cheezeblokz":18}},{"path":"src/main/java/duke/util/DukeException.java","fileType":"java","lines":[{"lineNumber":1,"author":{"gitId":"Cheezeblokz"},"content":"package main.java.duke.util;","lastModifiedDate":"2023-10-05"},{"lineNumber":2,"author":{"gitId":"Cheezeblokz"},"content":"","lastModifiedDate":"2023-10-05"},{"lineNumber":3,"author":{"gitId":"Cheezeblokz"},"content":"public class DukeException extends Exception{","lastModifiedDate":"2023-10-05"},{"lineNumber":4,"author":{"gitId":"Cheezeblokz"},"content":"","lastModifiedDate":"2023-10-05"},{"lineNumber":5,"author":{"gitId":"Cheezeblokz"},"content":"    private String message;","lastModifiedDate":"2023-10-05"},{"lineNumber":6,"author":{"gitId":"Cheezeblokz"},"content":"    public DukeException(String error) {","lastModifiedDate":"2023-10-05"},{"lineNumber":7,"author":{"gitId":"Cheezeblokz"},"content":"        super();","lastModifiedDate":"2023-10-05"},{"lineNumber":8,"author":{"gitId":"Cheezeblokz"},"content":"        if(error.equals(\"Empty List\"))","lastModifiedDate":"2023-10-05"},{"lineNumber":9,"author":{"gitId":"Cheezeblokz"},"content":"            this.message \u003d \"No item stored in your list! :o\";","lastModifiedDate":"2023-10-05"},{"lineNumber":10,"author":{"gitId":"Cheezeblokz"},"content":"        if(error.equals(\"Todo Name Missing\"))","lastModifiedDate":"2023-10-05"},{"lineNumber":11,"author":{"gitId":"Cheezeblokz"},"content":"            this.message \u003d \"Todo name cannot be empty! :\u003c\";","lastModifiedDate":"2023-10-05"},{"lineNumber":12,"author":{"gitId":"Cheezeblokz"},"content":"        if(error.equals(\"Event Name Missing\"))","lastModifiedDate":"2023-10-05"},{"lineNumber":13,"author":{"gitId":"Cheezeblokz"},"content":"            this.message \u003d \"Event name cannot be empty! :\u003c\";","lastModifiedDate":"2023-10-05"},{"lineNumber":14,"author":{"gitId":"Cheezeblokz"},"content":"        if(error.equals(\"Event From Missing\"))","lastModifiedDate":"2023-10-05"},{"lineNumber":15,"author":{"gitId":"Cheezeblokz"},"content":"            this.message \u003d \"Event from date cannot be empty! :\u003c\";","lastModifiedDate":"2023-10-05"},{"lineNumber":16,"author":{"gitId":"Cheezeblokz"},"content":"        if(error.equals(\"Event To Missing\"))","lastModifiedDate":"2023-10-05"},{"lineNumber":17,"author":{"gitId":"Cheezeblokz"},"content":"            this.message \u003d \"Event to date cannot be empty! :\u003c\";","lastModifiedDate":"2023-10-05"},{"lineNumber":18,"author":{"gitId":"Cheezeblokz"},"content":"        if(error.equals(\"Deadline Name Missing\"))","lastModifiedDate":"2023-10-05"},{"lineNumber":19,"author":{"gitId":"Cheezeblokz"},"content":"            this.message \u003d \"Deadline name cannot be empty! :\u003c\";","lastModifiedDate":"2023-10-05"},{"lineNumber":20,"author":{"gitId":"Cheezeblokz"},"content":"        if(error.equals(\"Deadline By Missing\"))","lastModifiedDate":"2023-10-05"},{"lineNumber":21,"author":{"gitId":"Cheezeblokz"},"content":"            this.message \u003d \"Deadline by date cannot be empty! :\u003c\";","lastModifiedDate":"2023-10-05"},{"lineNumber":22,"author":{"gitId":"Cheezeblokz"},"content":"    }","lastModifiedDate":"2023-10-05"},{"lineNumber":23,"author":{"gitId":"Cheezeblokz"},"content":"","lastModifiedDate":"2023-10-05"},{"lineNumber":24,"author":{"gitId":"Cheezeblokz"},"content":"    @Override","lastModifiedDate":"2023-10-05"},{"lineNumber":25,"author":{"gitId":"Cheezeblokz"},"content":"    public String getMessage() {","lastModifiedDate":"2023-10-05"},{"lineNumber":26,"author":{"gitId":"Cheezeblokz"},"content":"        return message;","lastModifiedDate":"2023-10-05"},{"lineNumber":27,"author":{"gitId":"Cheezeblokz"},"content":"    }","lastModifiedDate":"2023-10-05"},{"lineNumber":28,"author":{"gitId":"Cheezeblokz"},"content":"}","lastModifiedDate":"2023-10-05"}],"authorContributionMap":{"Cheezeblokz":28}}]
