[{"path":"src/main/java/careo/Deadline.java","fileType":"java","lines":[{"lineNumber":1,"author":{"gitId":"wendelinwemhoener"},"content":"package careo;","lastModifiedDate":"2023-09-06"},{"lineNumber":2,"author":{"gitId":"wendelinwemhoener"},"content":"","lastModifiedDate":"2023-09-06"},{"lineNumber":3,"author":{"gitId":"wendelinwemhoener"},"content":"public class Deadline extends Task {","lastModifiedDate":"2023-09-06"},{"lineNumber":4,"author":{"gitId":"wendelinwemhoener"},"content":"    /** By when the task must be completed */","lastModifiedDate":"2023-09-07"},{"lineNumber":5,"author":{"gitId":"wendelinwemhoener"},"content":"    protected String by;","lastModifiedDate":"2023-09-06"},{"lineNumber":6,"author":{"gitId":"wendelinwemhoener"},"content":"","lastModifiedDate":"2023-09-06"},{"lineNumber":7,"author":{"gitId":"wendelinwemhoener"},"content":"    public Deadline(String description, String by) {","lastModifiedDate":"2023-09-06"},{"lineNumber":8,"author":{"gitId":"wendelinwemhoener"},"content":"        super(description);","lastModifiedDate":"2023-09-06"},{"lineNumber":9,"author":{"gitId":"wendelinwemhoener"},"content":"        this.by \u003d by;","lastModifiedDate":"2023-09-06"},{"lineNumber":10,"author":{"gitId":"wendelinwemhoener"},"content":"    }","lastModifiedDate":"2023-09-06"},{"lineNumber":11,"author":{"gitId":"wendelinwemhoener"},"content":"","lastModifiedDate":"2023-09-06"},{"lineNumber":12,"author":{"gitId":"wendelinwemhoener"},"content":"    @Override","lastModifiedDate":"2023-09-06"},{"lineNumber":13,"author":{"gitId":"wendelinwemhoener"},"content":"    public String toString() {","lastModifiedDate":"2023-09-06"},{"lineNumber":14,"author":{"gitId":"wendelinwemhoener"},"content":"        return \"[D]\" + super.toString() + \" (by: \" + by + \")\";","lastModifiedDate":"2023-09-06"},{"lineNumber":15,"author":{"gitId":"wendelinwemhoener"},"content":"    }","lastModifiedDate":"2023-09-06"},{"lineNumber":16,"author":{"gitId":"wendelinwemhoener"},"content":"}","lastModifiedDate":"2023-09-06"}],"authorContributionMap":{"wendelinwemhoener":16}},{"path":"src/main/java/careo/Duke.java","fileType":"java","lines":[{"lineNumber":1,"author":{"gitId":"wendelinwemhoener"},"content":"package careo;","lastModifiedDate":"2023-09-01"},{"lineNumber":2,"author":{"gitId":"wendelinwemhoener"},"content":"","lastModifiedDate":"2023-09-01"},{"lineNumber":3,"author":{"gitId":"wendelinwemhoener"},"content":"","lastModifiedDate":"2023-09-01"},{"lineNumber":4,"author":{"gitId":"wendelinwemhoener"},"content":"import java.util.ArrayList;","lastModifiedDate":"2023-08-27"},{"lineNumber":5,"author":{"gitId":"-"},"content":"import java.util.Arrays;","lastModifiedDate":"2023-09-14"},{"lineNumber":6,"author":{"gitId":"-"},"content":"import java.util.Scanner;","lastModifiedDate":"2023-09-15"},{"lineNumber":7,"author":{"gitId":"wendelinwemhoener"},"content":"","lastModifiedDate":"2023-08-27"},{"lineNumber":8,"author":{"gitId":"wendelinwemhoener"},"content":"","lastModifiedDate":"2023-09-01"},{"lineNumber":9,"author":{"gitId":"-"},"content":"public class Duke {","lastModifiedDate":"2019-07-29"},{"lineNumber":10,"author":{"gitId":"wendelinwemhoener"},"content":"    /** ArrayList of all tasks that have been added. */","lastModifiedDate":"2023-09-01"},{"lineNumber":11,"author":{"gitId":"-"},"content":"    private static ArrayList\u003cTask\u003e tasks \u003d new ArrayList\u003c\u003e();","lastModifiedDate":"2023-09-14"},{"lineNumber":12,"author":{"gitId":"wendelinwemhoener"},"content":"","lastModifiedDate":"2023-08-27"},{"lineNumber":13,"author":{"gitId":"-"},"content":"    public static void main(String[] args) {","lastModifiedDate":"2019-07-29"},{"lineNumber":14,"author":{"gitId":"wendelinwemhoener"},"content":"        printIntroduction();","lastModifiedDate":"2023-08-27"},{"lineNumber":15,"author":{"gitId":"wendelinwemhoener"},"content":"","lastModifiedDate":"2023-08-27"},{"lineNumber":16,"author":{"gitId":"wendelinwemhoener"},"content":"        Scanner scanner \u003d new Scanner(System.in);","lastModifiedDate":"2023-08-27"},{"lineNumber":17,"author":{"gitId":"wendelinwemhoener"},"content":"        String input;","lastModifiedDate":"2023-08-27"},{"lineNumber":18,"author":{"gitId":"wendelinwemhoener"},"content":"","lastModifiedDate":"2023-08-27"},{"lineNumber":19,"author":{"gitId":"wendelinwemhoener"},"content":"        boolean shouldTerminate \u003d false;","lastModifiedDate":"2023-09-06"},{"lineNumber":20,"author":{"gitId":"wendelinwemhoener"},"content":"","lastModifiedDate":"2023-09-06"},{"lineNumber":21,"author":{"gitId":"wendelinwemhoener"},"content":"        while (!shouldTerminate) {","lastModifiedDate":"2023-09-06"},{"lineNumber":22,"author":{"gitId":"wendelinwemhoener"},"content":"            input \u003d scanner.nextLine();","lastModifiedDate":"2023-08-27"},{"lineNumber":23,"author":{"gitId":"wendelinwemhoener"},"content":"","lastModifiedDate":"2023-08-27"},{"lineNumber":24,"author":{"gitId":"wendelinwemhoener"},"content":"            try {","lastModifiedDate":"2023-09-06"},{"lineNumber":25,"author":{"gitId":"wendelinwemhoener"},"content":"                shouldTerminate \u003d processInput(input);","lastModifiedDate":"2023-09-06"},{"lineNumber":26,"author":{"gitId":"wendelinwemhoener"},"content":"            } catch (Exception e) {","lastModifiedDate":"2023-09-06"},{"lineNumber":27,"author":{"gitId":"wendelinwemhoener"},"content":"                printHorizontalLine();","lastModifiedDate":"2023-09-06"},{"lineNumber":28,"author":{"gitId":"wendelinwemhoener"},"content":"                System.out.println(\"    Invalid input!\");","lastModifiedDate":"2023-09-06"},{"lineNumber":29,"author":{"gitId":"wendelinwemhoener"},"content":"                System.out.println(","lastModifiedDate":"2023-09-06"},{"lineNumber":30,"author":{"gitId":"-"},"content":"                        \"    Please make sure that your input is in the proper format and try again\");","lastModifiedDate":"2023-09-14"},{"lineNumber":31,"author":{"gitId":"wendelinwemhoener"},"content":"                printHorizontalLine();","lastModifiedDate":"2023-09-06"},{"lineNumber":32,"author":{"gitId":"wendelinwemhoener"},"content":"            }","lastModifiedDate":"2023-09-06"},{"lineNumber":33,"author":{"gitId":"wendelinwemhoener"},"content":"","lastModifiedDate":"2023-09-06"},{"lineNumber":34,"author":{"gitId":"wendelinwemhoener"},"content":"        }","lastModifiedDate":"2023-09-06"},{"lineNumber":35,"author":{"gitId":"wendelinwemhoener"},"content":"","lastModifiedDate":"2023-09-06"},{"lineNumber":36,"author":{"gitId":"wendelinwemhoener"},"content":"        printFarewell();","lastModifiedDate":"2023-09-06"},{"lineNumber":37,"author":{"gitId":"wendelinwemhoener"},"content":"    }","lastModifiedDate":"2023-09-06"},{"lineNumber":38,"author":{"gitId":"wendelinwemhoener"},"content":"","lastModifiedDate":"2023-09-06"},{"lineNumber":39,"author":{"gitId":"wendelinwemhoener"},"content":"","lastModifiedDate":"2023-09-07"},{"lineNumber":40,"author":{"gitId":"wendelinwemhoener"},"content":"    /**","lastModifiedDate":"2023-09-07"},{"lineNumber":41,"author":{"gitId":"wendelinwemhoener"},"content":"     * Processes a line of text inputted by the user.","lastModifiedDate":"2023-09-07"},{"lineNumber":42,"author":{"gitId":"wendelinwemhoener"},"content":"     *","lastModifiedDate":"2023-09-07"},{"lineNumber":43,"author":{"gitId":"wendelinwemhoener"},"content":"     * @param input The input from the user.","lastModifiedDate":"2023-09-07"},{"lineNumber":44,"author":{"gitId":"wendelinwemhoener"},"content":"     * @return Whether the process-input-loop should be exited.","lastModifiedDate":"2023-09-07"},{"lineNumber":45,"author":{"gitId":"wendelinwemhoener"},"content":"     */","lastModifiedDate":"2023-09-07"},{"lineNumber":46,"author":{"gitId":"wendelinwemhoener"},"content":"    private static boolean processInput(String input) {","lastModifiedDate":"2023-09-06"},{"lineNumber":47,"author":{"gitId":"-"},"content":"        ArrayList\u003cString\u003e keywords \u003d new ArrayList\u003c\u003e(","lastModifiedDate":"2023-09-14"},{"lineNumber":48,"author":{"gitId":"-"},"content":"                Arrays.asList(\"mark\", \"unmark\", \"deadline\", \"event\", \"todo\")","lastModifiedDate":"2023-09-14"},{"lineNumber":49,"author":{"gitId":"-"},"content":"                );","lastModifiedDate":"2023-09-14"},{"lineNumber":50,"author":{"gitId":"-"},"content":"","lastModifiedDate":"2023-09-14"},{"lineNumber":51,"author":{"gitId":"-"},"content":"        if (input.equals(\"bye\")) {","lastModifiedDate":"2023-09-14"},{"lineNumber":52,"author":{"gitId":"wendelinwemhoener"},"content":"            return true;","lastModifiedDate":"2023-09-06"},{"lineNumber":53,"author":{"gitId":"-"},"content":"        } else if (keywords.contains(input)) {","lastModifiedDate":"2023-09-14"},{"lineNumber":54,"author":{"gitId":"-"},"content":"            printHorizontalLine();","lastModifiedDate":"2023-09-14"},{"lineNumber":55,"author":{"gitId":"-"},"content":"            System.out.println(\"    ☹ OOPS!!! The description of a \" + input + \" cannot be empty.\");","lastModifiedDate":"2023-09-14"},{"lineNumber":56,"author":{"gitId":"-"},"content":"            printHorizontalLine();","lastModifiedDate":"2023-09-14"},{"lineNumber":57,"author":{"gitId":"-"},"content":"        } else if (input.equals(\"list\")) {","lastModifiedDate":"2023-09-14"},{"lineNumber":58,"author":{"gitId":"-"},"content":"            listTasks();","lastModifiedDate":"2023-09-14"},{"lineNumber":59,"author":{"gitId":"wendelinwemhoener"},"content":"        } else if (input.startsWith(\"mark \")) {","lastModifiedDate":"2023-08-27"},{"lineNumber":60,"author":{"gitId":"wendelinwemhoener"},"content":"            int taskIdx \u003d Integer.parseInt(input.substring(5)) - 1;","lastModifiedDate":"2023-08-27"},{"lineNumber":61,"author":{"gitId":"wendelinwemhoener"},"content":"            markOrUnmarkTask(MarkOrUnmark.MARK, taskIdx);","lastModifiedDate":"2023-08-27"},{"lineNumber":62,"author":{"gitId":"wendelinwemhoener"},"content":"        } else if (input.startsWith(\"unmark \")) {","lastModifiedDate":"2023-08-27"},{"lineNumber":63,"author":{"gitId":"wendelinwemhoener"},"content":"            int taskIdx \u003d Integer.parseInt(input.substring(7)) - 1;","lastModifiedDate":"2023-08-27"},{"lineNumber":64,"author":{"gitId":"wendelinwemhoener"},"content":"            markOrUnmarkTask(MarkOrUnmark.UNMARK, taskIdx);","lastModifiedDate":"2023-08-27"},{"lineNumber":65,"author":{"gitId":"wendelinwemhoener"},"content":"        } else if (input.startsWith(\"deadline \")) {","lastModifiedDate":"2023-09-06"},{"lineNumber":66,"author":{"gitId":"wendelinwemhoener"},"content":"            String relevantInput \u003d input.substring(9);","lastModifiedDate":"2023-09-06"},{"lineNumber":67,"author":{"gitId":"wendelinwemhoener"},"content":"","lastModifiedDate":"2023-09-06"},{"lineNumber":68,"author":{"gitId":"wendelinwemhoener"},"content":"            String[] parts \u003d relevantInput.split(\"/\");","lastModifiedDate":"2023-09-06"},{"lineNumber":69,"author":{"gitId":"wendelinwemhoener"},"content":"            String taskDescription \u003d parts[0].strip();","lastModifiedDate":"2023-09-06"},{"lineNumber":70,"author":{"gitId":"wendelinwemhoener"},"content":"            String by \u003d parts[1].substring(2).strip();","lastModifiedDate":"2023-09-06"},{"lineNumber":71,"author":{"gitId":"wendelinwemhoener"},"content":"","lastModifiedDate":"2023-09-06"},{"lineNumber":72,"author":{"gitId":"wendelinwemhoener"},"content":"            addTask(new Deadline(taskDescription, by));","lastModifiedDate":"2023-09-06"},{"lineNumber":73,"author":{"gitId":"wendelinwemhoener"},"content":"        } else if (input.startsWith(\"event \")) {","lastModifiedDate":"2023-09-06"},{"lineNumber":74,"author":{"gitId":"wendelinwemhoener"},"content":"            String relevantInput \u003d input.substring(6);","lastModifiedDate":"2023-09-06"},{"lineNumber":75,"author":{"gitId":"wendelinwemhoener"},"content":"","lastModifiedDate":"2023-09-06"},{"lineNumber":76,"author":{"gitId":"wendelinwemhoener"},"content":"            String[] parts \u003d relevantInput.split(\"/\");","lastModifiedDate":"2023-09-06"},{"lineNumber":77,"author":{"gitId":"wendelinwemhoener"},"content":"            String taskDescription \u003d parts[0].strip();","lastModifiedDate":"2023-09-06"},{"lineNumber":78,"author":{"gitId":"wendelinwemhoener"},"content":"            String from \u003d parts[1].substring(4).strip();","lastModifiedDate":"2023-09-06"},{"lineNumber":79,"author":{"gitId":"wendelinwemhoener"},"content":"            String to \u003d parts[2].substring(2).strip();","lastModifiedDate":"2023-09-06"},{"lineNumber":80,"author":{"gitId":"wendelinwemhoener"},"content":"","lastModifiedDate":"2023-09-06"},{"lineNumber":81,"author":{"gitId":"wendelinwemhoener"},"content":"            addTask(new Event(taskDescription, from, to));","lastModifiedDate":"2023-09-06"},{"lineNumber":82,"author":{"gitId":"wendelinwemhoener"},"content":"        } else if (input.startsWith(\"todo \")) {","lastModifiedDate":"2023-09-06"},{"lineNumber":83,"author":{"gitId":"wendelinwemhoener"},"content":"            String relevantInput \u003d input.substring(5);","lastModifiedDate":"2023-09-06"},{"lineNumber":84,"author":{"gitId":"wendelinwemhoener"},"content":"","lastModifiedDate":"2023-09-06"},{"lineNumber":85,"author":{"gitId":"wendelinwemhoener"},"content":"            String taskDescription \u003d relevantInput.strip();","lastModifiedDate":"2023-09-06"},{"lineNumber":86,"author":{"gitId":"wendelinwemhoener"},"content":"","lastModifiedDate":"2023-09-06"},{"lineNumber":87,"author":{"gitId":"wendelinwemhoener"},"content":"            addTask(new ToDo(taskDescription));","lastModifiedDate":"2023-09-06"},{"lineNumber":88,"author":{"gitId":"wendelinwemhoener"},"content":"        } else {","lastModifiedDate":"2023-08-27"},{"lineNumber":89,"author":{"gitId":"wendelinwemhoener"},"content":"            printHorizontalLine();","lastModifiedDate":"2023-09-06"},{"lineNumber":90,"author":{"gitId":"-"},"content":"            System.out.println(\"    ☹ OOPS!!! I\u0027m sorry, but I don\u0027t know what that means :-(\");","lastModifiedDate":"2023-09-14"},{"lineNumber":91,"author":{"gitId":"wendelinwemhoener"},"content":"            printHorizontalLine();","lastModifiedDate":"2023-09-06"},{"lineNumber":92,"author":{"gitId":"wendelinwemhoener"},"content":"        }","lastModifiedDate":"2023-08-27"},{"lineNumber":93,"author":{"gitId":"wendelinwemhoener"},"content":"","lastModifiedDate":"2023-08-27"},{"lineNumber":94,"author":{"gitId":"wendelinwemhoener"},"content":"        return false;","lastModifiedDate":"2023-09-06"},{"lineNumber":95,"author":{"gitId":"wendelinwemhoener"},"content":"    }","lastModifiedDate":"2023-08-27"},{"lineNumber":96,"author":{"gitId":"wendelinwemhoener"},"content":"","lastModifiedDate":"2023-08-27"},{"lineNumber":97,"author":{"gitId":"wendelinwemhoener"},"content":"","lastModifiedDate":"2023-08-27"},{"lineNumber":98,"author":{"gitId":"wendelinwemhoener"},"content":"    /**","lastModifiedDate":"2023-09-01"},{"lineNumber":99,"author":{"gitId":"wendelinwemhoener"},"content":"     * Prints a list of all tasks and their status.","lastModifiedDate":"2023-09-01"},{"lineNumber":100,"author":{"gitId":"wendelinwemhoener"},"content":"     */","lastModifiedDate":"2023-09-01"},{"lineNumber":101,"author":{"gitId":"wendelinwemhoener"},"content":"    private static void listTasks() {","lastModifiedDate":"2023-08-27"},{"lineNumber":102,"author":{"gitId":"wendelinwemhoener"},"content":"        int counter \u003d 1;","lastModifiedDate":"2023-08-27"},{"lineNumber":103,"author":{"gitId":"wendelinwemhoener"},"content":"","lastModifiedDate":"2023-08-27"},{"lineNumber":104,"author":{"gitId":"wendelinwemhoener"},"content":"        printHorizontalLine();","lastModifiedDate":"2023-08-27"},{"lineNumber":105,"author":{"gitId":"wendelinwemhoener"},"content":"        for (Task task : tasks) {","lastModifiedDate":"2023-08-27"},{"lineNumber":106,"author":{"gitId":"wendelinwemhoener"},"content":"            System.out.println(\"    \" + counter + \".\" + task);","lastModifiedDate":"2023-09-06"},{"lineNumber":107,"author":{"gitId":"wendelinwemhoener"},"content":"            counter++;","lastModifiedDate":"2023-08-27"},{"lineNumber":108,"author":{"gitId":"wendelinwemhoener"},"content":"        }","lastModifiedDate":"2023-08-27"},{"lineNumber":109,"author":{"gitId":"wendelinwemhoener"},"content":"        printHorizontalLine();","lastModifiedDate":"2023-08-27"},{"lineNumber":110,"author":{"gitId":"wendelinwemhoener"},"content":"    }","lastModifiedDate":"2023-08-27"},{"lineNumber":111,"author":{"gitId":"wendelinwemhoener"},"content":"","lastModifiedDate":"2023-08-27"},{"lineNumber":112,"author":{"gitId":"wendelinwemhoener"},"content":"","lastModifiedDate":"2023-09-01"},{"lineNumber":113,"author":{"gitId":"wendelinwemhoener"},"content":"    /**","lastModifiedDate":"2023-09-01"},{"lineNumber":114,"author":{"gitId":"wendelinwemhoener"},"content":"     * Marks or unmarks a task from tasks and prints a confirmation. Handles invalid indexes and","lastModifiedDate":"2023-09-01"},{"lineNumber":115,"author":{"gitId":"wendelinwemhoener"},"content":"     * prints a warning in that case.","lastModifiedDate":"2023-09-01"},{"lineNumber":116,"author":{"gitId":"wendelinwemhoener"},"content":"     *","lastModifiedDate":"2023-09-01"},{"lineNumber":117,"author":{"gitId":"wendelinwemhoener"},"content":"     * @param markOrUnmark Whether the task should be marked or unmarked.","lastModifiedDate":"2023-09-01"},{"lineNumber":118,"author":{"gitId":"wendelinwemhoener"},"content":"     * @param taskIdx      Index (zero-based) of the task that should be marked/unmarked in tasks.","lastModifiedDate":"2023-09-01"},{"lineNumber":119,"author":{"gitId":"wendelinwemhoener"},"content":"     */","lastModifiedDate":"2023-09-01"},{"lineNumber":120,"author":{"gitId":"wendelinwemhoener"},"content":"    private static void markOrUnmarkTask(MarkOrUnmark markOrUnmark, int taskIdx) {","lastModifiedDate":"2023-08-27"},{"lineNumber":121,"author":{"gitId":"wendelinwemhoener"},"content":"        if (tasks.isEmpty()) {","lastModifiedDate":"2023-08-27"},{"lineNumber":122,"author":{"gitId":"wendelinwemhoener"},"content":"            printHorizontalLine();","lastModifiedDate":"2023-08-27"},{"lineNumber":123,"author":{"gitId":"wendelinwemhoener"},"content":"            System.out.println(\"    Sorry, there are no tasks yet!\");","lastModifiedDate":"2023-08-27"},{"lineNumber":124,"author":{"gitId":"wendelinwemhoener"},"content":"            System.out.println(\"    Add a task and then try again.\");","lastModifiedDate":"2023-08-27"},{"lineNumber":125,"author":{"gitId":"wendelinwemhoener"},"content":"            printHorizontalLine();","lastModifiedDate":"2023-08-27"},{"lineNumber":126,"author":{"gitId":"wendelinwemhoener"},"content":"","lastModifiedDate":"2023-08-27"},{"lineNumber":127,"author":{"gitId":"wendelinwemhoener"},"content":"            return;","lastModifiedDate":"2023-08-27"},{"lineNumber":128,"author":{"gitId":"wendelinwemhoener"},"content":"        }","lastModifiedDate":"2023-09-01"},{"lineNumber":129,"author":{"gitId":"wendelinwemhoener"},"content":"        if (taskIdx \u003e\u003d tasks.size() || taskIdx \u003c 0) {","lastModifiedDate":"2023-09-01"},{"lineNumber":130,"author":{"gitId":"wendelinwemhoener"},"content":"            printHorizontalLine();","lastModifiedDate":"2023-08-27"},{"lineNumber":131,"author":{"gitId":"wendelinwemhoener"},"content":"            System.out.println(\"    Sorry, the chosen task index is invalid!\");","lastModifiedDate":"2023-08-27"},{"lineNumber":132,"author":{"gitId":"wendelinwemhoener"},"content":"            System.out.println(\"    Task index must be between 1 (inclusive) and \" + tasks.size() +","lastModifiedDate":"2023-08-27"},{"lineNumber":133,"author":{"gitId":"wendelinwemhoener"},"content":"                    \" (inclusive).\");","lastModifiedDate":"2023-08-27"},{"lineNumber":134,"author":{"gitId":"wendelinwemhoener"},"content":"            printHorizontalLine();","lastModifiedDate":"2023-08-27"},{"lineNumber":135,"author":{"gitId":"wendelinwemhoener"},"content":"","lastModifiedDate":"2023-08-27"},{"lineNumber":136,"author":{"gitId":"wendelinwemhoener"},"content":"            return;","lastModifiedDate":"2023-08-27"},{"lineNumber":137,"author":{"gitId":"wendelinwemhoener"},"content":"        }","lastModifiedDate":"2023-08-27"},{"lineNumber":138,"author":{"gitId":"wendelinwemhoener"},"content":"","lastModifiedDate":"2023-08-27"},{"lineNumber":139,"author":{"gitId":"wendelinwemhoener"},"content":"        Task selectedTask \u003d tasks.get(taskIdx);","lastModifiedDate":"2023-08-27"},{"lineNumber":140,"author":{"gitId":"wendelinwemhoener"},"content":"        selectedTask.setIsDone(markOrUnmark \u003d\u003d MarkOrUnmark.MARK);","lastModifiedDate":"2023-08-27"},{"lineNumber":141,"author":{"gitId":"wendelinwemhoener"},"content":"","lastModifiedDate":"2023-08-27"},{"lineNumber":142,"author":{"gitId":"wendelinwemhoener"},"content":"        printHorizontalLine();","lastModifiedDate":"2023-08-27"},{"lineNumber":143,"author":{"gitId":"wendelinwemhoener"},"content":"        if (markOrUnmark \u003d\u003d MarkOrUnmark.MARK) {","lastModifiedDate":"2023-09-01"},{"lineNumber":144,"author":{"gitId":"wendelinwemhoener"},"content":"            System.out.println(\"    Nice! I\u0027ve marked this task as done:\");","lastModifiedDate":"2023-08-27"},{"lineNumber":145,"author":{"gitId":"wendelinwemhoener"},"content":"        } else {","lastModifiedDate":"2023-08-27"},{"lineNumber":146,"author":{"gitId":"wendelinwemhoener"},"content":"            System.out.println(\"    OK, I\u0027ve marked this task as not done yet:\");","lastModifiedDate":"2023-08-27"},{"lineNumber":147,"author":{"gitId":"wendelinwemhoener"},"content":"        }","lastModifiedDate":"2023-08-27"},{"lineNumber":148,"author":{"gitId":"wendelinwemhoener"},"content":"        System.out.println(\"      \" + selectedTask);","lastModifiedDate":"2023-09-07"},{"lineNumber":149,"author":{"gitId":"wendelinwemhoener"},"content":"        printHorizontalLine();","lastModifiedDate":"2023-08-27"},{"lineNumber":150,"author":{"gitId":"wendelinwemhoener"},"content":"    }","lastModifiedDate":"2023-08-27"},{"lineNumber":151,"author":{"gitId":"wendelinwemhoener"},"content":"","lastModifiedDate":"2023-08-27"},{"lineNumber":152,"author":{"gitId":"wendelinwemhoener"},"content":"    /**","lastModifiedDate":"2023-09-01"},{"lineNumber":153,"author":{"gitId":"wendelinwemhoener"},"content":"     * Adds a new task to tasks and prints a confirmation.","lastModifiedDate":"2023-09-01"},{"lineNumber":154,"author":{"gitId":"wendelinwemhoener"},"content":"     *","lastModifiedDate":"2023-09-01"},{"lineNumber":155,"author":{"gitId":"wendelinwemhoener"},"content":"     * @param newTask The task that shall be added.","lastModifiedDate":"2023-09-06"},{"lineNumber":156,"author":{"gitId":"wendelinwemhoener"},"content":"     */","lastModifiedDate":"2023-09-01"},{"lineNumber":157,"author":{"gitId":"wendelinwemhoener"},"content":"    private static void addTask(Task newTask) {","lastModifiedDate":"2023-09-06"},{"lineNumber":158,"author":{"gitId":"wendelinwemhoener"},"content":"        tasks.add(newTask);","lastModifiedDate":"2023-08-27"},{"lineNumber":159,"author":{"gitId":"wendelinwemhoener"},"content":"","lastModifiedDate":"2023-08-27"},{"lineNumber":160,"author":{"gitId":"wendelinwemhoener"},"content":"        printHorizontalLine();","lastModifiedDate":"2023-08-27"},{"lineNumber":161,"author":{"gitId":"wendelinwemhoener"},"content":"        System.out.println(\"    Got it. I\u0027ve added this task:\");","lastModifiedDate":"2023-09-06"},{"lineNumber":162,"author":{"gitId":"wendelinwemhoener"},"content":"        System.out.println(\"      \" + newTask.toString());","lastModifiedDate":"2023-09-06"},{"lineNumber":163,"author":{"gitId":"wendelinwemhoener"},"content":"        if (tasks.size() \u003d\u003d 1) {","lastModifiedDate":"2023-09-06"},{"lineNumber":164,"author":{"gitId":"wendelinwemhoener"},"content":"            System.out.println(\"    Now you have 1 task in the list.\");","lastModifiedDate":"2023-09-06"},{"lineNumber":165,"author":{"gitId":"wendelinwemhoener"},"content":"        } else {","lastModifiedDate":"2023-09-06"},{"lineNumber":166,"author":{"gitId":"wendelinwemhoener"},"content":"            System.out.println(\"    Now you have \" + tasks.size() + \" tasks in the list.\");","lastModifiedDate":"2023-09-06"},{"lineNumber":167,"author":{"gitId":"wendelinwemhoener"},"content":"        }","lastModifiedDate":"2023-09-06"},{"lineNumber":168,"author":{"gitId":"wendelinwemhoener"},"content":"","lastModifiedDate":"2023-09-06"},{"lineNumber":169,"author":{"gitId":"wendelinwemhoener"},"content":"        printHorizontalLine();","lastModifiedDate":"2023-08-27"},{"lineNumber":170,"author":{"gitId":"wendelinwemhoener"},"content":"    }","lastModifiedDate":"2023-08-27"},{"lineNumber":171,"author":{"gitId":"wendelinwemhoener"},"content":"","lastModifiedDate":"2023-08-27"},{"lineNumber":172,"author":{"gitId":"wendelinwemhoener"},"content":"    /**","lastModifiedDate":"2023-09-01"},{"lineNumber":173,"author":{"gitId":"wendelinwemhoener"},"content":"     * Prints a polite introduction and offer for help.","lastModifiedDate":"2023-09-01"},{"lineNumber":174,"author":{"gitId":"wendelinwemhoener"},"content":"     */","lastModifiedDate":"2023-09-01"},{"lineNumber":175,"author":{"gitId":"wendelinwemhoener"},"content":"    private static void printIntroduction() {","lastModifiedDate":"2023-08-27"},{"lineNumber":176,"author":{"gitId":"wendelinwemhoener"},"content":"        printHorizontalLine();","lastModifiedDate":"2023-08-25"},{"lineNumber":177,"author":{"gitId":"wendelinwemhoener"},"content":"        System.out.println(\"    Hello! I\u0027m Careo\");","lastModifiedDate":"2023-08-25"},{"lineNumber":178,"author":{"gitId":"wendelinwemhoener"},"content":"        System.out.println(\"    What can I do for you?\");","lastModifiedDate":"2023-08-25"},{"lineNumber":179,"author":{"gitId":"wendelinwemhoener"},"content":"        printHorizontalLine();","lastModifiedDate":"2023-08-25"},{"lineNumber":180,"author":{"gitId":"wendelinwemhoener"},"content":"    }","lastModifiedDate":"2023-08-27"},{"lineNumber":181,"author":{"gitId":"wendelinwemhoener"},"content":"","lastModifiedDate":"2023-08-27"},{"lineNumber":182,"author":{"gitId":"wendelinwemhoener"},"content":"","lastModifiedDate":"2023-08-27"},{"lineNumber":183,"author":{"gitId":"wendelinwemhoener"},"content":"    /**","lastModifiedDate":"2023-09-01"},{"lineNumber":184,"author":{"gitId":"wendelinwemhoener"},"content":"     * Prints a polite goodbye message.","lastModifiedDate":"2023-09-01"},{"lineNumber":185,"author":{"gitId":"wendelinwemhoener"},"content":"     */","lastModifiedDate":"2023-09-01"},{"lineNumber":186,"author":{"gitId":"wendelinwemhoener"},"content":"    private static void printFarewell() {","lastModifiedDate":"2023-08-27"},{"lineNumber":187,"author":{"gitId":"wendelinwemhoener"},"content":"        printHorizontalLine();","lastModifiedDate":"2023-08-27"},{"lineNumber":188,"author":{"gitId":"wendelinwemhoener"},"content":"        System.out.println(\"    Bye. Hope to see you again soon!\");","lastModifiedDate":"2023-08-25"},{"lineNumber":189,"author":{"gitId":"wendelinwemhoener"},"content":"        printHorizontalLine();","lastModifiedDate":"2023-08-25"},{"lineNumber":190,"author":{"gitId":"wendelinwemhoener"},"content":"    }","lastModifiedDate":"2023-08-25"},{"lineNumber":191,"author":{"gitId":"wendelinwemhoener"},"content":"","lastModifiedDate":"2023-08-25"},{"lineNumber":192,"author":{"gitId":"wendelinwemhoener"},"content":"","lastModifiedDate":"2023-09-01"},{"lineNumber":193,"author":{"gitId":"wendelinwemhoener"},"content":"    /**","lastModifiedDate":"2023-09-01"},{"lineNumber":194,"author":{"gitId":"wendelinwemhoener"},"content":"     * Prints a line of dashes indented by four spaces.","lastModifiedDate":"2023-09-01"},{"lineNumber":195,"author":{"gitId":"wendelinwemhoener"},"content":"     */","lastModifiedDate":"2023-09-01"},{"lineNumber":196,"author":{"gitId":"wendelinwemhoener"},"content":"    private static void printHorizontalLine() {","lastModifiedDate":"2023-08-27"},{"lineNumber":197,"author":{"gitId":"wendelinwemhoener"},"content":"        System.out.println(\"    \" + \"-\".repeat(76));","lastModifiedDate":"2023-08-27"},{"lineNumber":198,"author":{"gitId":"-"},"content":"    }","lastModifiedDate":"2019-07-29"},{"lineNumber":199,"author":{"gitId":"-"},"content":"}","lastModifiedDate":"2019-07-29"}],"authorContributionMap":{"wendelinwemhoener":179,"-":20}},{"path":"src/main/java/careo/Event.java","fileType":"java","lines":[{"lineNumber":1,"author":{"gitId":"wendelinwemhoener"},"content":"package careo;","lastModifiedDate":"2023-09-06"},{"lineNumber":2,"author":{"gitId":"wendelinwemhoener"},"content":"","lastModifiedDate":"2023-09-06"},{"lineNumber":3,"author":{"gitId":"wendelinwemhoener"},"content":"public class Event extends Task {","lastModifiedDate":"2023-09-06"},{"lineNumber":4,"author":{"gitId":"wendelinwemhoener"},"content":"    /** When the event starts */","lastModifiedDate":"2023-09-07"},{"lineNumber":5,"author":{"gitId":"wendelinwemhoener"},"content":"    protected String from;","lastModifiedDate":"2023-09-06"},{"lineNumber":6,"author":{"gitId":"wendelinwemhoener"},"content":"    /** When the event ends */","lastModifiedDate":"2023-09-07"},{"lineNumber":7,"author":{"gitId":"wendelinwemhoener"},"content":"    protected String to;","lastModifiedDate":"2023-09-06"},{"lineNumber":8,"author":{"gitId":"wendelinwemhoener"},"content":"","lastModifiedDate":"2023-09-06"},{"lineNumber":9,"author":{"gitId":"wendelinwemhoener"},"content":"    public Event(String description, String from, String to) {","lastModifiedDate":"2023-09-06"},{"lineNumber":10,"author":{"gitId":"wendelinwemhoener"},"content":"        super(description);","lastModifiedDate":"2023-09-06"},{"lineNumber":11,"author":{"gitId":"wendelinwemhoener"},"content":"        this.from \u003d from;","lastModifiedDate":"2023-09-06"},{"lineNumber":12,"author":{"gitId":"wendelinwemhoener"},"content":"        this.to \u003d to;","lastModifiedDate":"2023-09-06"},{"lineNumber":13,"author":{"gitId":"wendelinwemhoener"},"content":"    }","lastModifiedDate":"2023-09-06"},{"lineNumber":14,"author":{"gitId":"wendelinwemhoener"},"content":"","lastModifiedDate":"2023-09-06"},{"lineNumber":15,"author":{"gitId":"wendelinwemhoener"},"content":"    @Override","lastModifiedDate":"2023-09-06"},{"lineNumber":16,"author":{"gitId":"wendelinwemhoener"},"content":"    public String toString() {","lastModifiedDate":"2023-09-06"},{"lineNumber":17,"author":{"gitId":"wendelinwemhoener"},"content":"        return \"[E]\" + super.toString() + \" (from: \" + from + \" to: \" + to + \")\";","lastModifiedDate":"2023-09-06"},{"lineNumber":18,"author":{"gitId":"wendelinwemhoener"},"content":"    }","lastModifiedDate":"2023-09-06"},{"lineNumber":19,"author":{"gitId":"wendelinwemhoener"},"content":"}","lastModifiedDate":"2023-09-06"}],"authorContributionMap":{"wendelinwemhoener":19}},{"path":"src/main/java/careo/MarkOrUnmark.java","fileType":"java","lines":[{"lineNumber":1,"author":{"gitId":"wendelinwemhoener"},"content":"package careo;","lastModifiedDate":"2023-09-06"},{"lineNumber":2,"author":{"gitId":"wendelinwemhoener"},"content":"","lastModifiedDate":"2023-09-06"},{"lineNumber":3,"author":{"gitId":"wendelinwemhoener"},"content":"public enum MarkOrUnmark {","lastModifiedDate":"2023-09-06"},{"lineNumber":4,"author":{"gitId":"wendelinwemhoener"},"content":"    MARK,","lastModifiedDate":"2023-09-06"},{"lineNumber":5,"author":{"gitId":"wendelinwemhoener"},"content":"    UNMARK","lastModifiedDate":"2023-09-06"},{"lineNumber":6,"author":{"gitId":"wendelinwemhoener"},"content":"}","lastModifiedDate":"2023-09-06"}],"authorContributionMap":{"wendelinwemhoener":6}},{"path":"src/main/java/careo/Task.java","fileType":"java","lines":[{"lineNumber":1,"author":{"gitId":"wendelinwemhoener"},"content":"package careo;","lastModifiedDate":"2023-09-01"},{"lineNumber":2,"author":{"gitId":"wendelinwemhoener"},"content":"","lastModifiedDate":"2023-09-01"},{"lineNumber":3,"author":{"gitId":"wendelinwemhoener"},"content":"","lastModifiedDate":"2023-09-01"},{"lineNumber":4,"author":{"gitId":"wendelinwemhoener"},"content":"public class Task {","lastModifiedDate":"2023-08-27"},{"lineNumber":5,"author":{"gitId":"wendelinwemhoener"},"content":"    /** Textual description of the task */","lastModifiedDate":"2023-09-01"},{"lineNumber":6,"author":{"gitId":"wendelinwemhoener"},"content":"    protected String description;","lastModifiedDate":"2023-08-27"},{"lineNumber":7,"author":{"gitId":"wendelinwemhoener"},"content":"    /** Whether the task has been completed */","lastModifiedDate":"2023-09-01"},{"lineNumber":8,"author":{"gitId":"wendelinwemhoener"},"content":"    protected boolean isDone;","lastModifiedDate":"2023-08-27"},{"lineNumber":9,"author":{"gitId":"wendelinwemhoener"},"content":"","lastModifiedDate":"2023-08-27"},{"lineNumber":10,"author":{"gitId":"wendelinwemhoener"},"content":"    public Task(String description) {","lastModifiedDate":"2023-08-27"},{"lineNumber":11,"author":{"gitId":"wendelinwemhoener"},"content":"        this.description \u003d description;","lastModifiedDate":"2023-08-27"},{"lineNumber":12,"author":{"gitId":"wendelinwemhoener"},"content":"        this.isDone \u003d false;","lastModifiedDate":"2023-08-27"},{"lineNumber":13,"author":{"gitId":"wendelinwemhoener"},"content":"    }","lastModifiedDate":"2023-08-27"},{"lineNumber":14,"author":{"gitId":"wendelinwemhoener"},"content":"","lastModifiedDate":"2023-08-27"},{"lineNumber":15,"author":{"gitId":"wendelinwemhoener"},"content":"    /**","lastModifiedDate":"2023-09-01"},{"lineNumber":16,"author":{"gitId":"wendelinwemhoener"},"content":"     * Generates and returns a status icon based on whether the task is done.","lastModifiedDate":"2023-09-01"},{"lineNumber":17,"author":{"gitId":"wendelinwemhoener"},"content":"     *","lastModifiedDate":"2023-09-01"},{"lineNumber":18,"author":{"gitId":"wendelinwemhoener"},"content":"     * @return \"X\" if the task is done, \" \" otherwise","lastModifiedDate":"2023-09-01"},{"lineNumber":19,"author":{"gitId":"wendelinwemhoener"},"content":"     */","lastModifiedDate":"2023-09-01"},{"lineNumber":20,"author":{"gitId":"wendelinwemhoener"},"content":"    public String getStatusIcon() {","lastModifiedDate":"2023-08-27"},{"lineNumber":21,"author":{"gitId":"wendelinwemhoener"},"content":"        return (isDone ? \"X\" : \" \");","lastModifiedDate":"2023-08-27"},{"lineNumber":22,"author":{"gitId":"wendelinwemhoener"},"content":"    }","lastModifiedDate":"2023-08-27"},{"lineNumber":23,"author":{"gitId":"wendelinwemhoener"},"content":"","lastModifiedDate":"2023-08-27"},{"lineNumber":24,"author":{"gitId":"wendelinwemhoener"},"content":"    public String getDescription() {","lastModifiedDate":"2023-08-27"},{"lineNumber":25,"author":{"gitId":"wendelinwemhoener"},"content":"        return description;","lastModifiedDate":"2023-08-27"},{"lineNumber":26,"author":{"gitId":"wendelinwemhoener"},"content":"    }","lastModifiedDate":"2023-08-27"},{"lineNumber":27,"author":{"gitId":"wendelinwemhoener"},"content":"","lastModifiedDate":"2023-08-27"},{"lineNumber":28,"author":{"gitId":"wendelinwemhoener"},"content":"    public String toString() {","lastModifiedDate":"2023-09-06"},{"lineNumber":29,"author":{"gitId":"wendelinwemhoener"},"content":"        return \"[\" + getStatusIcon() + \"] \" + getDescription();","lastModifiedDate":"2023-09-06"},{"lineNumber":30,"author":{"gitId":"wendelinwemhoener"},"content":"    }","lastModifiedDate":"2023-09-06"},{"lineNumber":31,"author":{"gitId":"wendelinwemhoener"},"content":"","lastModifiedDate":"2023-09-06"},{"lineNumber":32,"author":{"gitId":"wendelinwemhoener"},"content":"    public void setIsDone(boolean isDone) {","lastModifiedDate":"2023-08-27"},{"lineNumber":33,"author":{"gitId":"wendelinwemhoener"},"content":"        this.isDone \u003d isDone;","lastModifiedDate":"2023-08-27"},{"lineNumber":34,"author":{"gitId":"wendelinwemhoener"},"content":"    }","lastModifiedDate":"2023-08-27"},{"lineNumber":35,"author":{"gitId":"wendelinwemhoener"},"content":"}","lastModifiedDate":"2023-08-27"}],"authorContributionMap":{"wendelinwemhoener":35}},{"path":"src/main/java/careo/ToDo.java","fileType":"java","lines":[{"lineNumber":1,"author":{"gitId":"wendelinwemhoener"},"content":"package careo;","lastModifiedDate":"2023-09-06"},{"lineNumber":2,"author":{"gitId":"wendelinwemhoener"},"content":"","lastModifiedDate":"2023-09-06"},{"lineNumber":3,"author":{"gitId":"wendelinwemhoener"},"content":"","lastModifiedDate":"2023-09-06"},{"lineNumber":4,"author":{"gitId":"wendelinwemhoener"},"content":"public class ToDo extends Task {","lastModifiedDate":"2023-09-06"},{"lineNumber":5,"author":{"gitId":"wendelinwemhoener"},"content":"    public ToDo(String description) {","lastModifiedDate":"2023-09-06"},{"lineNumber":6,"author":{"gitId":"wendelinwemhoener"},"content":"        super(description);","lastModifiedDate":"2023-09-06"},{"lineNumber":7,"author":{"gitId":"wendelinwemhoener"},"content":"    }","lastModifiedDate":"2023-09-06"},{"lineNumber":8,"author":{"gitId":"wendelinwemhoener"},"content":"","lastModifiedDate":"2023-09-06"},{"lineNumber":9,"author":{"gitId":"wendelinwemhoener"},"content":"    @Override","lastModifiedDate":"2023-09-06"},{"lineNumber":10,"author":{"gitId":"wendelinwemhoener"},"content":"    public String toString() {","lastModifiedDate":"2023-09-06"},{"lineNumber":11,"author":{"gitId":"wendelinwemhoener"},"content":"        return \"[T]\" + super.toString();","lastModifiedDate":"2023-09-06"},{"lineNumber":12,"author":{"gitId":"wendelinwemhoener"},"content":"    }","lastModifiedDate":"2023-09-06"},{"lineNumber":13,"author":{"gitId":"wendelinwemhoener"},"content":"}","lastModifiedDate":"2023-09-06"}],"authorContributionMap":{"wendelinwemhoener":13}}]
