{"authorDailyContributionsMap":{"wendelinwemhoener":[{"date":"2023-08-25","commitResults":[{"hash":"45c7b575ab88bfd7a99e023a342365bb21e592d0","isMergeCommit":false,"messageTitle":"Complete Increment: Level 0","messageBody":"","tags":["Level-0"],"fileTypesAndContributionMap":{"java":{"insertions":10,"deletions":6}}}]},{"date":"2023-08-27","commitResults":[{"hash":"8f50b9222a58859c9f13d616d7c7ba24b024bf56","isMergeCommit":false,"messageTitle":"Implement Level-1","messageBody":"","tags":["Level-1"],"fileTypesAndContributionMap":{"java":{"insertions":30,"deletions":4}}},{"hash":"7810a18daecd12c419d5b7396952e091c58e59a0","isMergeCommit":false,"messageTitle":"Implement Level-2","messageBody":"","tags":["Level-2"],"fileTypesAndContributionMap":{"java":{"insertions":21,"deletions":8}}},{"hash":"91ad4c78ad6d5120cb08fb9e1c36abf0948deaef","isMergeCommit":false,"messageTitle":"Implement Level-3","messageBody":"","tags":["A-Classes"],"fileTypesAndContributionMap":{"java":{"insertions":99,"deletions":14}}},{"hash":"90eac02b086218c89956af1c56b55a4b16a84879","isMergeCommit":false,"messageTitle":"Refactor marking/unmarking functionality","messageBody":"","fileTypesAndContributionMap":{"java":{"insertions":19,"deletions":25}}}]},{"date":"2023-09-01","commitResults":[{"hash":"e0d45cfd3d369608f7832de82a53d435ae8ae378","isMergeCommit":false,"messageTitle":"Fix bug when marking/unmarking","messageBody":"","tags":["Level-3"],"fileTypesAndContributionMap":{"java":{"insertions":1,"deletions":1}}},{"hash":"8a2dc9a6fd56233563f2dd5cbd454a34aa1a1846","isMergeCommit":false,"messageTitle":"Add Javadoc","messageBody":"","tags":["A-CodingStandard"],"fileTypesAndContributionMap":{"java":{"insertions":44,"deletions":1}}}]},{"date":"2023-09-06","commitResults":[{"hash":"c66e2e19840911bc2c538f091acfc6e58f6a9a40","isMergeCommit":false,"messageTitle":"Implement Level-4","messageBody":"","fileTypesAndContributionMap":{"java":{"insertions":123,"deletions":28}}}]},{"date":"2023-09-07","commitResults":[{"hash":"39f7a576edfc1cabdd780bd0db8bc78d55234672","isMergeCommit":false,"messageTitle":"Implement Level-4","messageBody":"","tags":["Level-4","A-CodeQuality"],"fileTypesAndContributionMap":{"java":{"insertions":11,"deletions":1}}}]}]},"authorFileTypeContributionMap":{"wendelinwemhoener":{"java":276,"md":0,"fxml":0,"sh":0,"bat":0,"gradle":0,"txt":0}},"authorContributionVariance":{"wendelinwemhoener":3063.7058},"authorDisplayNameMap":{"wendelinwemhoener":"WEMH..ELIN"}}
