{"authorDailyContributionsMap":{"wendelinwemhoener":[{"date":"2023-08-25","commitResults":[{"hash":"45c7b575ab88bfd7a99e023a342365bb21e592d0","isMergeCommit":false,"messageTitle":"Complete Increment: Level 0","messageBody":"","tags":["Level-0"],"fileTypesAndContributionMap":{"java":{"insertions":10,"deletions":6}}}]},{"date":"2023-08-27","commitResults":[{"hash":"8f50b9222a58859c9f13d616d7c7ba24b024bf56","isMergeCommit":false,"messageTitle":"Implement Level-1","messageBody":"","tags":["Level-1"],"fileTypesAndContributionMap":{"java":{"insertions":30,"deletions":4}}},{"hash":"7810a18daecd12c419d5b7396952e091c58e59a0","isMergeCommit":false,"messageTitle":"Implement Level-2","messageBody":"","tags":["Level-2"],"fileTypesAndContributionMap":{"java":{"insertions":21,"deletions":8}}},{"hash":"91ad4c78ad6d5120cb08fb9e1c36abf0948deaef","isMergeCommit":false,"messageTitle":"Implement Level-3","messageBody":"","tags":["A-Classes"],"fileTypesAndContributionMap":{"java":{"insertions":99,"deletions":14}}},{"hash":"90eac02b086218c89956af1c56b55a4b16a84879","isMergeCommit":false,"messageTitle":"Refactor marking/unmarking functionality","messageBody":"","fileTypesAndContributionMap":{"java":{"insertions":19,"deletions":25}}}]},{"date":"2023-09-01","commitResults":[{"hash":"e0d45cfd3d369608f7832de82a53d435ae8ae378","isMergeCommit":false,"messageTitle":"Fix bug when marking/unmarking","messageBody":"","tags":["Level-3"],"fileTypesAndContributionMap":{"java":{"insertions":1,"deletions":1}}},{"hash":"8a2dc9a6fd56233563f2dd5cbd454a34aa1a1846","isMergeCommit":false,"messageTitle":"Add Javadoc","messageBody":"","tags":["A-CodingStandard"],"fileTypesAndContributionMap":{"java":{"insertions":44,"deletions":1}}}]},{"date":"2023-09-06","commitResults":[{"hash":"c66e2e19840911bc2c538f091acfc6e58f6a9a40","isMergeCommit":false,"messageTitle":"Implement Level-4","messageBody":"","fileTypesAndContributionMap":{"java":{"insertions":123,"deletions":28}}}]},{"date":"2023-09-07","commitResults":[{"hash":"39f7a576edfc1cabdd780bd0db8bc78d55234672","isMergeCommit":false,"messageTitle":"Implement Level-4","messageBody":"","tags":["Level-4","A-CodeQuality"],"fileTypesAndContributionMap":{"java":{"insertions":11,"deletions":1}}}]},{"date":"2023-09-14","commitResults":[{"hash":"bec32a922fcaf74931c7ac05c84dd3eb104f40b6","isMergeCommit":false,"messageTitle":"Implement Level-5","messageBody":"","fileTypesAndContributionMap":{"java":{"insertions":13,"deletions":4}}},{"hash":"f7109e9f933ea0551faeb0c975e0dcc03657a32e","isMergeCommit":false,"messageTitle":"Fix mistakes flagged by IntelliJ","messageBody":"","fileTypesAndContributionMap":{"java":{"insertions":4,"deletions":5}}}]},{"date":"2023-09-15","commitResults":[{"hash":"8ee7b96d00624f1154ea3d64f3b013c9cd7ea200","isMergeCommit":true,"messageTitle":"Merge branch \u0027branch-Level-5\u0027","messageBody":"","tags":["Level-5","A-Exceptions"],"fileTypesAndContributionMap":{}},{"hash":"f61cff9cc7b08f565a7c5fe7494644d17260c72e","isMergeCommit":false,"messageTitle":"Order imports","messageBody":"","fileTypesAndContributionMap":{"java":{"insertions":1,"deletions":1}}},{"hash":"65f94fb2ba14e3e9b4128dc12210045eb3353f28","isMergeCommit":true,"messageTitle":"Merge branch \u0027branch-package\u0027","messageBody":"","tags":["A-Packages"],"fileTypesAndContributionMap":{}}]},{"date":"2023-09-22","commitResults":[{"hash":"852beed38962b72f98b73633131392e8508c7604","isMergeCommit":false,"messageTitle":"Implement Level-6","messageBody":"","fileTypesAndContributionMap":{"java":{"insertions":13,"deletions":0}}},{"hash":"ffc1ab42ba9e0a34805c0ea3689d768ed238aa4f","isMergeCommit":false,"messageTitle":"Implement Level-7","messageBody":"","fileTypesAndContributionMap":{"java":{"insertions":27,"deletions":2}}},{"hash":"5a211fe6f240c36bf897432895374ebb7b5d18e6","isMergeCommit":true,"messageTitle":"Merge branch \u0027branch-Level-6\u0027","messageBody":"","tags":["Level-6","A-Collections"],"fileTypesAndContributionMap":{}},{"hash":"adcae207192c722d9c4940e22d141012e8ce91e4","isMergeCommit":true,"messageTitle":"Merge branch \u0027branch-Level-7\u0027","messageBody":"","tags":["Level-7","A-Jar"],"fileTypesAndContributionMap":{}}]},{"date":"2023-10-01","commitResults":[{"hash":"339b0a3f77b6978a1d36327b10ec2f01c0c8791c","isMergeCommit":false,"messageTitle":"Implement more OOP","messageBody":"","tags":["A-MoreOOP"],"fileTypesAndContributionMap":{"java":{"insertions":314,"deletions":205}}},{"hash":"33cc67b6186c246ceef77032b0741dc6eedbbaa9","isMergeCommit":false,"messageTitle":"Implement find","messageBody":"","fileTypesAndContributionMap":{"java":{"insertions":35,"deletions":0}}}]},{"date":"2023-10-05","commitResults":[{"hash":"4c595bc345cbaeae4261a913fc4c482539be5007","isMergeCommit":false,"messageTitle":"Add JavaDoc","messageBody":"","fileTypesAndContributionMap":{"java":{"insertions":134,"deletions":7}}},{"hash":"ceb0ff3a7d30103d7d4d67a9eafdaf5a31599b29","isMergeCommit":true,"messageTitle":"Merge pull request #1 from wendelinwemhoener/branch-Level-9","messageBody":"Implement find","tags":["Level-9"],"fileTypesAndContributionMap":{}},{"hash":"85084a16f52bddc8b3241e495ab84b1d4a555f3d","isMergeCommit":true,"messageTitle":"Merge branch \u0027master\u0027 into branch-A-JavaDoc","messageBody":"","fileTypesAndContributionMap":{}},{"hash":"183eefe62e1ea1bff57f2a487b8fe37485a0e932","isMergeCommit":true,"messageTitle":"Merge pull request #2 from wendelinwemhoener/branch-A-JavaDoc","messageBody":"Add JavaDoc","tags":["A-JavaDoc"],"fileTypesAndContributionMap":{}},{"hash":"3e5c7cffb1a736bfd161b8d431f697541a8444ed","isMergeCommit":false,"messageTitle":"Refactor persistence functionality","messageBody":"","fileTypesAndContributionMap":{"txt":{"insertions":2,"deletions":0},"java":{"insertions":96,"deletions":3},"md":{"insertions":1,"deletions":1}}},{"hash":"522faa22545ff615d5a59ae359bd022c093ebc75","isMergeCommit":false,"messageTitle":"Add UG","messageBody":"","tags":["A-UserGuide"],"fileTypesAndContributionMap":{"txt":{"insertions":1,"deletions":2},"md":{"insertions":187,"deletions":11}}}]}]},"authorFileTypeContributionMap":{"wendelinwemhoener":{"java":687,"md":184,"fxml":0,"sh":0,"bat":0,"gradle":0,"txt":1}},"authorContributionVariance":{"wendelinwemhoener":10905.176},"authorDisplayNameMap":{"wendelinwemhoener":"CS2113-F11-3 WEMH..ELIN"}}
