{"authorDailyContributionsMap":{"spaceman03":[{"date":"2023-08-22","commitResults":[{"hash":"0250200aa0b18d300d0c5a633b2b2c2fa0f0087e","isMergeCommit":false,"messageTitle":"Change chatbot name","messageBody":"","fileTypesAndContributionMap":{"java":{"insertions":6,"deletions":5}}},{"hash":"99c07f47797e90d25183635a1839286ec21c1e4d","isMergeCommit":false,"messageTitle":"Add greeting message","messageBody":"","tags":["Level-0"],"fileTypesAndContributionMap":{"java":{"insertions":6,"deletions":0}}}]},{"date":"2023-08-30","commitResults":[{"hash":"b1687935aad60856e3a3d0c00620486af445aaad","isMergeCommit":false,"messageTitle":"Add echo function","messageBody":"","tags":["Level-1"],"fileTypesAndContributionMap":{"java":{"insertions":19,"deletions":0}}},{"hash":"0553a67ba2a97d2dbb0631690a54702f24dd0b7c","isMergeCommit":false,"messageTitle":"Add list function","messageBody":"","tags":["Level-2"],"fileTypesAndContributionMap":{"java":{"insertions":23,"deletions":5}}}]},{"date":"2023-08-31","commitResults":[{"hash":"283961e265aa98569faa0839ba24a839e9800256","isMergeCommit":false,"messageTitle":"Rename file to match chatbot name","messageBody":"","fileTypesAndContributionMap":{"java":{"insertions":1,"deletions":1}}},{"hash":"8067f7f0987e9ca33b0dba6148dbcd1706af723d","isMergeCommit":false,"messageTitle":"Add Task class","messageBody":"","tags":["A-Classes"],"fileTypesAndContributionMap":{"java":{"insertions":32,"deletions":0}}},{"hash":"3af27b2aa7bd03fa2fb8a870cdbf9791398d3224","isMergeCommit":false,"messageTitle":"Add mark and unmark function","messageBody":"","tags":["Level-3","A-CodingStandard"],"fileTypesAndContributionMap":{"java":{"insertions":40,"deletions":10}}}]}]},"authorFileTypeContributionMap":{"spaceman03":{"java":112,"md":0,"fxml":0,"sh":0,"bat":0,"gradle":0,"txt":0}},"authorContributionVariance":{"spaceman03":570.6735},"authorDisplayNameMap":{"spaceman03":"CHUN..XUAN"}}
