{"authorDailyContributionsMap":{"J0shuaLeong":[{"date":"2023-08-25","commitResults":[{"hash":"c78e518e0a0aa69a64c2078216fdfc03da961bb5","isMergeCommit":false,"messageTitle":"Add exercise code","messageBody":"","tags":["Level-0"],"fileTypesAndContributionMap":{"java":{"insertions":7,"deletions":4}}},{"hash":"76eeeaed60c36901c917a94ad949bf8af00c666f","isMergeCommit":false,"messageTitle":"Add level 1 echo","messageBody":"","tags":["Level-1"],"fileTypesAndContributionMap":{"java":{"insertions":29,"deletions":7}}},{"hash":"bb958c9d2087092175be1433a884ca5a9f4293b6","isMergeCommit":false,"messageTitle":"Add Level-2","messageBody":"","fileTypesAndContributionMap":{"java":{"insertions":35,"deletions":18}}},{"hash":"d3772f241bad5521968366fb60889bd54305e2a9","isMergeCommit":false,"messageTitle":"Add Level-2","messageBody":"","tags":["Level-2"],"fileTypesAndContributionMap":{"java":{"insertions":6,"deletions":1}}}]},{"date":"2023-08-28","commitResults":[{"hash":"0f515890e12b0a66dfc40260a6fc11d19690a406","isMergeCommit":false,"messageTitle":"Add Level-3","messageBody":"","tags":["Level-3"],"fileTypesAndContributionMap":{"java":{"insertions":112,"deletions":57}}}]},{"date":"2023-09-05","commitResults":[{"hash":"2aaab3b92ca40f1b1dad5b3402c3d70ce433ebf0","isMergeCommit":false,"messageTitle":"Added increments: ToDo, Deadline, Events","messageBody":"","tags":["Level-4"],"fileTypesAndContributionMap":{"java":{"insertions":133,"deletions":14}}}]},{"date":"2023-09-06","commitResults":[{"hash":"f024c262c4c70528c3cb7bc00df6780592b4a0fa","isMergeCommit":false,"messageTitle":"Added input commands and expected output","messageBody":"","tags":["A-TextUiTesting"],"fileTypesAndContributionMap":{"txt":{"insertions":11,"deletions":0},"sh":{"insertions":0,"deletions":0}}},{"hash":"5b809b771344d5b6134a8ff0b13984f2b739d68a","isMergeCommit":false,"messageTitle":"Updated the code for better readability and logic flow","messageBody":"","fileTypesAndContributionMap":{"java":{"insertions":2,"deletions":13}}},{"hash":"3414ae3003fe7e7d3541ebea31c19336fc9c07d1","isMergeCommit":false,"messageTitle":"Added new class to manage the task list","messageBody":"","fileTypesAndContributionMap":{"java":{"insertions":14,"deletions":131}}},{"hash":"9043151487aa4b33352880a0cdf5d9f2b819407f","isMergeCommit":false,"messageTitle":"Updated the main function to improve efficiency and readability","messageBody":"","tags":["A-CodingStandard","A-CodeQuality"],"fileTypesAndContributionMap":{"java":{"insertions":167,"deletions":0}}}]},{"date":"2023-09-07","commitResults":[{"hash":"bc8cf16e05c3260ebce67d8dc90178ea670bf66f","isMergeCommit":false,"messageTitle":"Added some documentation and adjusted indentations","messageBody":"","fileTypesAndContributionMap":{"java":{"insertions":41,"deletions":4}}}]},{"date":"2023-09-12","commitResults":[{"hash":"e4893a1785dfa2ba67d76dc647d435ffcc508eb9","isMergeCommit":false,"messageTitle":"Refactored code into separate packages","messageBody":"","fileTypesAndContributionMap":{"java":{"insertions":56,"deletions":30}}},{"hash":"ff60d91eb61c89e99ab554e8506cd47bb57e74c4","isMergeCommit":false,"messageTitle":"Modified packages file path in testing script","messageBody":"","tags":["Level-5","A-Packages"],"fileTypesAndContributionMap":{"sh":{"insertions":2,"deletions":2}}}]},{"date":"2023-09-13","commitResults":[{"hash":"0610d67a2ac832fba7e41ccb2fc4e6f6ba41dc04","isMergeCommit":false,"messageTitle":"Added Duke Ui class to manage all UI","messageBody":"","fileTypesAndContributionMap":{"java":{"insertions":90,"deletions":0}}},{"hash":"a891408a3cc6e3c5a8d156f751087ea5ac9640f9","isMergeCommit":false,"messageTitle":"Refactored methods in duke to tasklist","messageBody":"","fileTypesAndContributionMap":{"java":{"insertions":79,"deletions":131}}},{"hash":"7fb6e2f33ab82b94af89977a2b051c39c62d1ad5","isMergeCommit":false,"messageTitle":"Added documentation to TaskList","messageBody":"","tags":["A-Exceptions"],"fileTypesAndContributionMap":{"java":{"insertions":35,"deletions":2}}}]},{"date":"2023-09-14","commitResults":[{"hash":"735b1c2929f1cf665ecfa61946201fbe3abcf495","isMergeCommit":false,"messageTitle":"Edited documentation","messageBody":"","fileTypesAndContributionMap":{"java":{"insertions":1,"deletions":1}}}]},{"date":"2023-09-17","commitResults":[{"hash":"e1c39a02de4bf37e00cf1c8d06215e2611041bbd","isMergeCommit":false,"messageTitle":"Added deletion of task feature","messageBody":"","tags":["Level-6","A-Collections"],"fileTypesAndContributionMap":{"java":{"insertions":48,"deletions":6}}}]},{"date":"2023-09-21","commitResults":[{"hash":"69c9b2f69b63f39385a5bbc49aa9aba7fda05d95","isMergeCommit":false,"messageTitle":"Added saving to file and loading from file feature","messageBody":"","tags":["Level-7"],"fileTypesAndContributionMap":{"txt":{"insertions":3,"deletions":0},"java":{"insertions":162,"deletions":18}}},{"hash":"744d52de46d2f237c218bfa67a4112913bc52857","isMergeCommit":true,"messageTitle":"Merge branch \u0027branch-Level-7\u0027","messageBody":"# Conflicts:\n#\tsrc/main/java/tasklist/TaskList.java\n","tags":["A-Jar"],"fileTypesAndContributionMap":{}}]},{"date":"2023-09-22","commitResults":[{"hash":"5c99f49cfa97d018932e61ec47f77238caa46266","isMergeCommit":false,"messageTitle":"Added documentation","messageBody":"","fileTypesAndContributionMap":{"txt":{"insertions":4,"deletions":3},"java":{"insertions":34,"deletions":3},"sh":{"insertions":1,"deletions":1}}},{"hash":"af2aa967401d551192510777f1ba2f416f2b13c4","isMergeCommit":false,"messageTitle":"Removed unused method","messageBody":"","fileTypesAndContributionMap":{"java":{"insertions":2,"deletions":6}}}]},{"date":"2023-09-30","commitResults":[{"hash":"5b44ab0d4823ddba5d6cc71f215f34bb9f7bc999","isMergeCommit":false,"messageTitle":"Updated code to be more OOP","messageBody":"","tags":["A-MoreOOP"],"fileTypesAndContributionMap":{"txt":{"insertions":1,"deletions":0},"java":{"insertions":355,"deletions":230}}},{"hash":"d14f0320e9ca99cdc1ffc36db4a14f05dba9e2fd","isMergeCommit":false,"messageTitle":"Add find task feature","messageBody":"","tags":["Level-9"],"fileTypesAndContributionMap":{"java":{"insertions":46,"deletions":0}}},{"hash":"e93979a87cd0fa3434e3f3b9d0b436c5254aaabd","isMergeCommit":true,"messageTitle":"Merge pull request #1 from J0shuaLeong/branch-Level-9","messageBody":"Add find task feature","fileTypesAndContributionMap":{}}]},{"date":"2023-10-01","commitResults":[{"hash":"5973b28706db7f200d8e19669bc8f549518f955b","isMergeCommit":false,"messageTitle":"Minor adjustments to improve code","messageBody":"","fileTypesAndContributionMap":{"java":{"insertions":4,"deletions":4}}},{"hash":"46a5523375d1add4bbf76e700f1ebd7bc284ba3f","isMergeCommit":false,"messageTitle":"Added documentation","messageBody":"","fileTypesAndContributionMap":{"java":{"insertions":12,"deletions":1}}},{"hash":"4d4166fbca9d6bdcd878941e0b7f62f76435e234","isMergeCommit":false,"messageTitle":"Added documentation","messageBody":"","tags":["A-JavaDoc"],"fileTypesAndContributionMap":{"java":{"insertions":12,"deletions":4}}},{"hash":"c0b579e8e70aa75ea136b54007d3975d00a4af70","isMergeCommit":true,"messageTitle":"Merge pull request #2 from J0shuaLeong/branch-A-JavaDoc","messageBody":"Added documentation","fileTypesAndContributionMap":{}},{"hash":"154c161a30e34b7e02db346d1999874d13155dfa","isMergeCommit":false,"messageTitle":"Fixed parsing of contents in file into task list","messageBody":"","fileTypesAndContributionMap":{"java":{"insertions":4,"deletions":2}}},{"hash":"0f4f4f9607a5923fcc80f342a5bf02b1d5359a2b","isMergeCommit":false,"messageTitle":"Removed code used for debugging","messageBody":"","fileTypesAndContributionMap":{"java":{"insertions":0,"deletions":1}}}]}]},"authorFileTypeContributionMap":{"J0shuaLeong":{"java":808,"md":0,"fxml":0,"sh":2,"bat":0,"gradle":0,"txt":16}},"authorContributionVariance":{"J0shuaLeong":14055.349},"authorDisplayNameMap":{"J0shuaLeong":"CS2113-W12-4 LEON..SHUA"}}
