[{"path":"src/main/java/Botbot.java","fileType":"java","lines":[{"lineNumber":1,"author":{"gitId":"TriciaBK"},"content":"//import scanner","lastModifiedDate":"2023-09-04"},{"lineNumber":2,"author":{"gitId":"TriciaBK"},"content":"import java.util.Scanner;","lastModifiedDate":"2023-09-04"},{"lineNumber":3,"author":{"gitId":"TriciaBK"},"content":"","lastModifiedDate":"2023-09-04"},{"lineNumber":4,"author":{"gitId":"TriciaBK"},"content":"public class Botbot {","lastModifiedDate":"2023-09-05"},{"lineNumber":5,"author":{"gitId":"TriciaBK"},"content":"    public static String line \u003d \"~~~~~~~~~~~~~~~~~~~~~~~~~~~~~~\";","lastModifiedDate":"2023-09-05"},{"lineNumber":6,"author":{"gitId":"TriciaBK"},"content":"","lastModifiedDate":"2023-09-05"},{"lineNumber":7,"author":{"gitId":"TriciaBK"},"content":"    //create array for list","lastModifiedDate":"2023-09-05"},{"lineNumber":8,"author":{"gitId":"TriciaBK"},"content":"    public static Task[] list \u003d new Task[100];","lastModifiedDate":"2023-09-05"},{"lineNumber":9,"author":{"gitId":"TriciaBK"},"content":"    public static int listSize \u003d 0;","lastModifiedDate":"2023-09-05"},{"lineNumber":10,"author":{"gitId":"TriciaBK"},"content":"","lastModifiedDate":"2023-09-04"},{"lineNumber":11,"author":{"gitId":"TriciaBK"},"content":"    //method to mark or unmark task","lastModifiedDate":"2023-09-05"},{"lineNumber":12,"author":{"gitId":"TriciaBK"},"content":"    public static void markUnmarkTask(String command){","lastModifiedDate":"2023-09-05"},{"lineNumber":13,"author":{"gitId":"TriciaBK"},"content":"        int itemIndex; //int to store index of item to mark/unmark","lastModifiedDate":"2023-09-05"},{"lineNumber":14,"author":{"gitId":"TriciaBK"},"content":"        //for command unmark","lastModifiedDate":"2023-09-05"},{"lineNumber":15,"author":{"gitId":"TriciaBK"},"content":"        if(command.contains(\"unmark\")){","lastModifiedDate":"2023-09-05"},{"lineNumber":16,"author":{"gitId":"TriciaBK"},"content":"            //find the given index to unmark","lastModifiedDate":"2023-09-05"},{"lineNumber":17,"author":{"gitId":"TriciaBK"},"content":"            itemIndex \u003d Integer.parseInt(command.substring(7))-1;","lastModifiedDate":"2023-09-05"},{"lineNumber":18,"author":{"gitId":"TriciaBK"},"content":"            //if given index is out of range","lastModifiedDate":"2023-09-05"},{"lineNumber":19,"author":{"gitId":"TriciaBK"},"content":"            if (itemIndex\u003e\u003dlistSize){","lastModifiedDate":"2023-09-05"},{"lineNumber":20,"author":{"gitId":"TriciaBK"},"content":"                System.out.println(\"invalid list item\");","lastModifiedDate":"2023-09-05"},{"lineNumber":21,"author":{"gitId":"TriciaBK"},"content":"                return;","lastModifiedDate":"2023-09-05"},{"lineNumber":22,"author":{"gitId":"TriciaBK"},"content":"            } else {","lastModifiedDate":"2023-09-05"},{"lineNumber":23,"author":{"gitId":"TriciaBK"},"content":"                list[itemIndex].unmark();","lastModifiedDate":"2023-09-04"},{"lineNumber":24,"author":{"gitId":"TriciaBK"},"content":"                System.out.println(\"OK, I\u0027ve marked this task as not done yet: \");","lastModifiedDate":"2023-09-04"},{"lineNumber":25,"author":{"gitId":"TriciaBK"},"content":"                System.out.println(list[itemIndex]);","lastModifiedDate":"2023-09-06"},{"lineNumber":26,"author":{"gitId":"TriciaBK"},"content":"                System.out.println(line);","lastModifiedDate":"2023-09-04"},{"lineNumber":27,"author":{"gitId":"TriciaBK"},"content":"            }","lastModifiedDate":"2023-09-05"},{"lineNumber":28,"author":{"gitId":"TriciaBK"},"content":"        } else { //for command mark","lastModifiedDate":"2023-09-05"},{"lineNumber":29,"author":{"gitId":"TriciaBK"},"content":"            //find the given index to mark","lastModifiedDate":"2023-09-05"},{"lineNumber":30,"author":{"gitId":"TriciaBK"},"content":"            itemIndex \u003d Integer.parseInt(command.substring(5))-1;","lastModifiedDate":"2023-09-05"},{"lineNumber":31,"author":{"gitId":"TriciaBK"},"content":"            //if given index is out of range","lastModifiedDate":"2023-09-05"},{"lineNumber":32,"author":{"gitId":"TriciaBK"},"content":"            if (itemIndex\u003e\u003dlistSize){","lastModifiedDate":"2023-09-05"},{"lineNumber":33,"author":{"gitId":"TriciaBK"},"content":"                System.out.println(\"invalid list item\");","lastModifiedDate":"2023-09-05"},{"lineNumber":34,"author":{"gitId":"TriciaBK"},"content":"                return;","lastModifiedDate":"2023-09-05"},{"lineNumber":35,"author":{"gitId":"TriciaBK"},"content":"            }else {","lastModifiedDate":"2023-09-05"},{"lineNumber":36,"author":{"gitId":"TriciaBK"},"content":"                list[itemIndex].mark();","lastModifiedDate":"2023-09-04"},{"lineNumber":37,"author":{"gitId":"TriciaBK"},"content":"                System.out.println(\"Nice! I\u0027ve marked this task as done: \");","lastModifiedDate":"2023-09-04"},{"lineNumber":38,"author":{"gitId":"TriciaBK"},"content":"                System.out.println(list[itemIndex]);","lastModifiedDate":"2023-09-06"},{"lineNumber":39,"author":{"gitId":"TriciaBK"},"content":"                System.out.println(line);","lastModifiedDate":"2023-09-04"},{"lineNumber":40,"author":{"gitId":"TriciaBK"},"content":"            }","lastModifiedDate":"2023-09-04"},{"lineNumber":41,"author":{"gitId":"TriciaBK"},"content":"        }","lastModifiedDate":"2023-09-05"},{"lineNumber":42,"author":{"gitId":"TriciaBK"},"content":"    }","lastModifiedDate":"2023-09-05"},{"lineNumber":43,"author":{"gitId":"TriciaBK"},"content":"","lastModifiedDate":"2023-09-05"},{"lineNumber":44,"author":{"gitId":"TriciaBK"},"content":"    //method to add todo tasks","lastModifiedDate":"2023-09-06"},{"lineNumber":45,"author":{"gitId":"TriciaBK"},"content":"    public static void createTodoTasks(String task) {","lastModifiedDate":"2023-09-06"},{"lineNumber":46,"author":{"gitId":"TriciaBK"},"content":"        //instantiate new todo object","lastModifiedDate":"2023-09-06"},{"lineNumber":47,"author":{"gitId":"TriciaBK"},"content":"        Todo todoTask \u003d new Todo(task);","lastModifiedDate":"2023-09-06"},{"lineNumber":48,"author":{"gitId":"TriciaBK"},"content":"        //add to array","lastModifiedDate":"2023-09-06"},{"lineNumber":49,"author":{"gitId":"TriciaBK"},"content":"        list[listSize] \u003d todoTask;","lastModifiedDate":"2023-09-06"},{"lineNumber":50,"author":{"gitId":"TriciaBK"},"content":"        listSize++;","lastModifiedDate":"2023-09-06"},{"lineNumber":51,"author":{"gitId":"TriciaBK"},"content":"        System.out.println(\"Got it. I\u0027ve added this task:\");","lastModifiedDate":"2023-09-06"},{"lineNumber":52,"author":{"gitId":"TriciaBK"},"content":"        System.out.println(todoTask);","lastModifiedDate":"2023-09-06"},{"lineNumber":53,"author":{"gitId":"TriciaBK"},"content":"        System.out.println(\"Now you have \" + (listSize) + \" tasks in the list.\");","lastModifiedDate":"2023-09-06"},{"lineNumber":54,"author":{"gitId":"TriciaBK"},"content":"        System.out.println(line);","lastModifiedDate":"2023-09-06"},{"lineNumber":55,"author":{"gitId":"TriciaBK"},"content":"    }","lastModifiedDate":"2023-09-06"},{"lineNumber":56,"author":{"gitId":"TriciaBK"},"content":"","lastModifiedDate":"2023-09-06"},{"lineNumber":57,"author":{"gitId":"TriciaBK"},"content":"    //method to add deadline tasks","lastModifiedDate":"2023-09-06"},{"lineNumber":58,"author":{"gitId":"TriciaBK"},"content":"    public static void createDeadlineTasks(String task, String deadline){","lastModifiedDate":"2023-09-06"},{"lineNumber":59,"author":{"gitId":"TriciaBK"},"content":"        //instantiate new deadline object","lastModifiedDate":"2023-09-06"},{"lineNumber":60,"author":{"gitId":"TriciaBK"},"content":"        Deadline deadlineTask \u003d new Deadline(task, deadline);","lastModifiedDate":"2023-09-06"},{"lineNumber":61,"author":{"gitId":"TriciaBK"},"content":"        //add to array","lastModifiedDate":"2023-09-06"},{"lineNumber":62,"author":{"gitId":"TriciaBK"},"content":"        list[listSize] \u003d deadlineTask;","lastModifiedDate":"2023-09-06"},{"lineNumber":63,"author":{"gitId":"TriciaBK"},"content":"        listSize++;","lastModifiedDate":"2023-09-06"},{"lineNumber":64,"author":{"gitId":"TriciaBK"},"content":"        System.out.println(\"Got it. I\u0027ve added this task:\");","lastModifiedDate":"2023-09-06"},{"lineNumber":65,"author":{"gitId":"TriciaBK"},"content":"        System.out.println(deadlineTask);","lastModifiedDate":"2023-09-06"},{"lineNumber":66,"author":{"gitId":"TriciaBK"},"content":"        System.out.println(\"Now you have \" + (listSize) + \" tasks in the list.\");","lastModifiedDate":"2023-09-06"},{"lineNumber":67,"author":{"gitId":"TriciaBK"},"content":"        System.out.println(line);","lastModifiedDate":"2023-09-06"},{"lineNumber":68,"author":{"gitId":"TriciaBK"},"content":"    }","lastModifiedDate":"2023-09-06"},{"lineNumber":69,"author":{"gitId":"TriciaBK"},"content":"","lastModifiedDate":"2023-09-06"},{"lineNumber":70,"author":{"gitId":"TriciaBK"},"content":"    //method to add eventTask","lastModifiedDate":"2023-09-06"},{"lineNumber":71,"author":{"gitId":"TriciaBK"},"content":"    public static void createEventTask(String task, String from, String to){","lastModifiedDate":"2023-09-06"},{"lineNumber":72,"author":{"gitId":"TriciaBK"},"content":"        //instantiate new event object","lastModifiedDate":"2023-09-06"},{"lineNumber":73,"author":{"gitId":"TriciaBK"},"content":"        Event eventTask \u003d new Event(task, from, to);","lastModifiedDate":"2023-09-06"},{"lineNumber":74,"author":{"gitId":"TriciaBK"},"content":"        //add to array","lastModifiedDate":"2023-09-06"},{"lineNumber":75,"author":{"gitId":"TriciaBK"},"content":"        list[listSize] \u003d eventTask;","lastModifiedDate":"2023-09-06"},{"lineNumber":76,"author":{"gitId":"TriciaBK"},"content":"        listSize++;","lastModifiedDate":"2023-09-06"},{"lineNumber":77,"author":{"gitId":"TriciaBK"},"content":"        System.out.println(\"Got it. I\u0027ve added this task:\");","lastModifiedDate":"2023-09-06"},{"lineNumber":78,"author":{"gitId":"TriciaBK"},"content":"        System.out.println(eventTask);","lastModifiedDate":"2023-09-06"},{"lineNumber":79,"author":{"gitId":"TriciaBK"},"content":"        System.out.println(\"Now you have \" + (listSize) + \" tasks in the list.\");","lastModifiedDate":"2023-09-06"},{"lineNumber":80,"author":{"gitId":"TriciaBK"},"content":"        System.out.println(line);","lastModifiedDate":"2023-09-06"},{"lineNumber":81,"author":{"gitId":"TriciaBK"},"content":"    }","lastModifiedDate":"2023-09-06"},{"lineNumber":82,"author":{"gitId":"TriciaBK"},"content":"","lastModifiedDate":"2023-09-06"},{"lineNumber":83,"author":{"gitId":"TriciaBK"},"content":"    //method to add task to list","lastModifiedDate":"2023-09-05"},{"lineNumber":84,"author":{"gitId":"TriciaBK"},"content":"    public static void addTask(String input){","lastModifiedDate":"2023-09-05"},{"lineNumber":85,"author":{"gitId":"TriciaBK"},"content":"        //instantiate new Task object","lastModifiedDate":"2023-09-04"},{"lineNumber":86,"author":{"gitId":"TriciaBK"},"content":"        Task newTask \u003d new Task(input);","lastModifiedDate":"2023-09-04"},{"lineNumber":87,"author":{"gitId":"TriciaBK"},"content":"        //Echo input","lastModifiedDate":"2023-09-04"},{"lineNumber":88,"author":{"gitId":"TriciaBK"},"content":"        System.out.println(\"Added: \" + input);","lastModifiedDate":"2023-09-04"},{"lineNumber":89,"author":{"gitId":"TriciaBK"},"content":"        System.out.println(line);","lastModifiedDate":"2023-09-04"},{"lineNumber":90,"author":{"gitId":"TriciaBK"},"content":"        //edit list array","lastModifiedDate":"2023-09-04"},{"lineNumber":91,"author":{"gitId":"TriciaBK"},"content":"        list[listSize] \u003d newTask;","lastModifiedDate":"2023-09-04"},{"lineNumber":92,"author":{"gitId":"TriciaBK"},"content":"        listSize++;","lastModifiedDate":"2023-09-04"},{"lineNumber":93,"author":{"gitId":"TriciaBK"},"content":"    }","lastModifiedDate":"2023-09-04"},{"lineNumber":94,"author":{"gitId":"TriciaBK"},"content":"","lastModifiedDate":"2023-09-05"},{"lineNumber":95,"author":{"gitId":"TriciaBK"},"content":"    public static void main(String[] args) {","lastModifiedDate":"2023-09-05"},{"lineNumber":96,"author":{"gitId":"TriciaBK"},"content":"        //message","lastModifiedDate":"2023-09-05"},{"lineNumber":97,"author":{"gitId":"TriciaBK"},"content":"        System.out.println(\"Hello! I\u0027m Botbot\");","lastModifiedDate":"2023-09-05"},{"lineNumber":98,"author":{"gitId":"TriciaBK"},"content":"        System.out.println(\"What can I do for you?\");","lastModifiedDate":"2023-09-05"},{"lineNumber":99,"author":{"gitId":"TriciaBK"},"content":"        System.out.println(line);","lastModifiedDate":"2023-09-05"},{"lineNumber":100,"author":{"gitId":"TriciaBK"},"content":"","lastModifiedDate":"2023-09-05"},{"lineNumber":101,"author":{"gitId":"TriciaBK"},"content":"        //create new scanner object","lastModifiedDate":"2023-09-05"},{"lineNumber":102,"author":{"gitId":"TriciaBK"},"content":"        Scanner scanner \u003d new Scanner(System.in);","lastModifiedDate":"2023-09-05"},{"lineNumber":103,"author":{"gitId":"TriciaBK"},"content":"","lastModifiedDate":"2023-09-05"},{"lineNumber":104,"author":{"gitId":"TriciaBK"},"content":"        while(true) {","lastModifiedDate":"2023-09-05"},{"lineNumber":105,"author":{"gitId":"TriciaBK"},"content":"            String input \u003d scanner.nextLine();","lastModifiedDate":"2023-09-05"},{"lineNumber":106,"author":{"gitId":"TriciaBK"},"content":"            System.out.println(line);","lastModifiedDate":"2023-09-06"},{"lineNumber":107,"author":{"gitId":"TriciaBK"},"content":"","lastModifiedDate":"2023-09-06"},{"lineNumber":108,"author":{"gitId":"TriciaBK"},"content":"            //for command bye","lastModifiedDate":"2023-09-05"},{"lineNumber":109,"author":{"gitId":"TriciaBK"},"content":"            if (input.equals(\"bye\")) {","lastModifiedDate":"2023-09-05"},{"lineNumber":110,"author":{"gitId":"TriciaBK"},"content":"                System.out.println(\"Bye! Hope to see you again soon!\");","lastModifiedDate":"2023-09-05"},{"lineNumber":111,"author":{"gitId":"TriciaBK"},"content":"                break;","lastModifiedDate":"2023-09-05"},{"lineNumber":112,"author":{"gitId":"TriciaBK"},"content":"            //for command list","lastModifiedDate":"2023-09-05"},{"lineNumber":113,"author":{"gitId":"TriciaBK"},"content":"            } else if(input.equals(\"list\")) {","lastModifiedDate":"2023-09-05"},{"lineNumber":114,"author":{"gitId":"TriciaBK"},"content":"                for (int i \u003d 0; i \u003c listSize; i++) {","lastModifiedDate":"2023-09-05"},{"lineNumber":115,"author":{"gitId":"TriciaBK"},"content":"                    System.out.print((i + 1) + \". \");","lastModifiedDate":"2023-09-05"},{"lineNumber":116,"author":{"gitId":"TriciaBK"},"content":"                    System.out.println(list[i]);","lastModifiedDate":"2023-09-06"},{"lineNumber":117,"author":{"gitId":"TriciaBK"},"content":"                }","lastModifiedDate":"2023-09-05"},{"lineNumber":118,"author":{"gitId":"TriciaBK"},"content":"                System.out.println(line);","lastModifiedDate":"2023-09-05"},{"lineNumber":119,"author":{"gitId":"TriciaBK"},"content":"            //for marking/unmarking command","lastModifiedDate":"2023-09-06"},{"lineNumber":120,"author":{"gitId":"TriciaBK"},"content":"            }else if(input.contains(\"mark\")){","lastModifiedDate":"2023-09-05"},{"lineNumber":121,"author":{"gitId":"TriciaBK"},"content":"                markUnmarkTask(input);","lastModifiedDate":"2023-09-05"},{"lineNumber":122,"author":{"gitId":"TriciaBK"},"content":"            //for todo commands","lastModifiedDate":"2023-09-06"},{"lineNumber":123,"author":{"gitId":"TriciaBK"},"content":"            }else if(input.contains(\"todo\")) {","lastModifiedDate":"2023-09-06"},{"lineNumber":124,"author":{"gitId":"TriciaBK"},"content":"                createTodoTasks(input.substring(5));","lastModifiedDate":"2023-09-06"},{"lineNumber":125,"author":{"gitId":"TriciaBK"},"content":"            //for deadline commands","lastModifiedDate":"2023-09-06"},{"lineNumber":126,"author":{"gitId":"TriciaBK"},"content":"            }else if(input.contains(\"deadline\")){","lastModifiedDate":"2023-09-06"},{"lineNumber":127,"author":{"gitId":"TriciaBK"},"content":"                String[] parts \u003d input.split(\"/by \");","lastModifiedDate":"2023-09-06"},{"lineNumber":128,"author":{"gitId":"TriciaBK"},"content":"                String task \u003d parts[0].substring(\"deadline \".length());","lastModifiedDate":"2023-09-06"},{"lineNumber":129,"author":{"gitId":"TriciaBK"},"content":"                String deadline \u003d parts[1];","lastModifiedDate":"2023-09-06"},{"lineNumber":130,"author":{"gitId":"TriciaBK"},"content":"                createDeadlineTasks(task, deadline);","lastModifiedDate":"2023-09-06"},{"lineNumber":131,"author":{"gitId":"TriciaBK"},"content":"            //for event commands","lastModifiedDate":"2023-09-06"},{"lineNumber":132,"author":{"gitId":"TriciaBK"},"content":"            }else if(input.contains(\"event\")){","lastModifiedDate":"2023-09-06"},{"lineNumber":133,"author":{"gitId":"TriciaBK"},"content":"                String[] parts \u003d input.split(\"/\");","lastModifiedDate":"2023-09-06"},{"lineNumber":134,"author":{"gitId":"TriciaBK"},"content":"                String task \u003d parts[0].substring(\"event \".length());","lastModifiedDate":"2023-09-06"},{"lineNumber":135,"author":{"gitId":"TriciaBK"},"content":"                String from \u003d parts[1].substring(\"from \".length());","lastModifiedDate":"2023-09-06"},{"lineNumber":136,"author":{"gitId":"TriciaBK"},"content":"                String to \u003d parts[2].substring(\"to \".length());","lastModifiedDate":"2023-09-06"},{"lineNumber":137,"author":{"gitId":"TriciaBK"},"content":"                createEventTask(task, from, to);","lastModifiedDate":"2023-09-06"},{"lineNumber":138,"author":{"gitId":"TriciaBK"},"content":"            }else{","lastModifiedDate":"2023-09-05"},{"lineNumber":139,"author":{"gitId":"TriciaBK"},"content":"                    addTask(input);","lastModifiedDate":"2023-09-05"},{"lineNumber":140,"author":{"gitId":"TriciaBK"},"content":"            }","lastModifiedDate":"2023-09-05"},{"lineNumber":141,"author":{"gitId":"TriciaBK"},"content":"        }","lastModifiedDate":"2023-09-04"},{"lineNumber":142,"author":{"gitId":"TriciaBK"},"content":"        //close scanner","lastModifiedDate":"2023-09-04"},{"lineNumber":143,"author":{"gitId":"TriciaBK"},"content":"        scanner.close();","lastModifiedDate":"2023-09-04"},{"lineNumber":144,"author":{"gitId":"-"},"content":"    }","lastModifiedDate":"2019-07-29"},{"lineNumber":145,"author":{"gitId":"-"},"content":"}","lastModifiedDate":"2019-07-29"}],"authorContributionMap":{"TriciaBK":143,"-":2}},{"path":"src/main/java/Deadline.java","fileType":"java","lines":[{"lineNumber":1,"author":{"gitId":"TriciaBK"},"content":"public class Deadline extends Task{","lastModifiedDate":"2023-09-06"},{"lineNumber":2,"author":{"gitId":"TriciaBK"},"content":"    private String deadline;","lastModifiedDate":"2023-09-06"},{"lineNumber":3,"author":{"gitId":"TriciaBK"},"content":"","lastModifiedDate":"2023-09-06"},{"lineNumber":4,"author":{"gitId":"TriciaBK"},"content":"    public Deadline(String taskName, String deadline){","lastModifiedDate":"2023-09-06"},{"lineNumber":5,"author":{"gitId":"TriciaBK"},"content":"        super(taskName);","lastModifiedDate":"2023-09-06"},{"lineNumber":6,"author":{"gitId":"TriciaBK"},"content":"        this.deadline \u003d deadline;","lastModifiedDate":"2023-09-06"},{"lineNumber":7,"author":{"gitId":"TriciaBK"},"content":"    }","lastModifiedDate":"2023-09-06"},{"lineNumber":8,"author":{"gitId":"TriciaBK"},"content":"","lastModifiedDate":"2023-09-06"},{"lineNumber":9,"author":{"gitId":"TriciaBK"},"content":"    @Override","lastModifiedDate":"2023-09-06"},{"lineNumber":10,"author":{"gitId":"TriciaBK"},"content":"    public String toString(){","lastModifiedDate":"2023-09-06"},{"lineNumber":11,"author":{"gitId":"TriciaBK"},"content":"        return \"[D] \" + super.toString() + \"(by: \" + deadline + \")\";","lastModifiedDate":"2023-09-06"},{"lineNumber":12,"author":{"gitId":"TriciaBK"},"content":"    }","lastModifiedDate":"2023-09-06"},{"lineNumber":13,"author":{"gitId":"TriciaBK"},"content":"}","lastModifiedDate":"2023-09-06"}],"authorContributionMap":{"TriciaBK":13}},{"path":"src/main/java/Event.java","fileType":"java","lines":[{"lineNumber":1,"author":{"gitId":"TriciaBK"},"content":"public class Event extends Task{","lastModifiedDate":"2023-09-06"},{"lineNumber":2,"author":{"gitId":"TriciaBK"},"content":"    private String startTime;","lastModifiedDate":"2023-09-06"},{"lineNumber":3,"author":{"gitId":"TriciaBK"},"content":"    private String endTime;","lastModifiedDate":"2023-09-06"},{"lineNumber":4,"author":{"gitId":"TriciaBK"},"content":"","lastModifiedDate":"2023-09-06"},{"lineNumber":5,"author":{"gitId":"TriciaBK"},"content":"    public Event(String taskName, String start, String end){","lastModifiedDate":"2023-09-06"},{"lineNumber":6,"author":{"gitId":"TriciaBK"},"content":"        super(taskName);","lastModifiedDate":"2023-09-06"},{"lineNumber":7,"author":{"gitId":"TriciaBK"},"content":"        this.startTime \u003d start;","lastModifiedDate":"2023-09-06"},{"lineNumber":8,"author":{"gitId":"TriciaBK"},"content":"        this.endTime \u003d end;","lastModifiedDate":"2023-09-06"},{"lineNumber":9,"author":{"gitId":"TriciaBK"},"content":"    }","lastModifiedDate":"2023-09-06"},{"lineNumber":10,"author":{"gitId":"TriciaBK"},"content":"","lastModifiedDate":"2023-09-06"},{"lineNumber":11,"author":{"gitId":"TriciaBK"},"content":"    @Override","lastModifiedDate":"2023-09-06"},{"lineNumber":12,"author":{"gitId":"TriciaBK"},"content":"    public String toString(){","lastModifiedDate":"2023-09-06"},{"lineNumber":13,"author":{"gitId":"TriciaBK"},"content":"        return \"[E] \" + super.toString() + \"(from: \" + startTime + \" to: \" + endTime + \")\";","lastModifiedDate":"2023-09-06"},{"lineNumber":14,"author":{"gitId":"TriciaBK"},"content":"    }","lastModifiedDate":"2023-09-06"},{"lineNumber":15,"author":{"gitId":"TriciaBK"},"content":"}","lastModifiedDate":"2023-09-06"}],"authorContributionMap":{"TriciaBK":15}},{"path":"src/main/java/Task.java","fileType":"java","lines":[{"lineNumber":1,"author":{"gitId":"TriciaBK"},"content":"public class Task {","lastModifiedDate":"2023-09-04"},{"lineNumber":2,"author":{"gitId":"TriciaBK"},"content":"    protected String taskName;","lastModifiedDate":"2023-09-04"},{"lineNumber":3,"author":{"gitId":"TriciaBK"},"content":"    protected boolean isDone;","lastModifiedDate":"2023-09-04"},{"lineNumber":4,"author":{"gitId":"TriciaBK"},"content":"","lastModifiedDate":"2023-09-04"},{"lineNumber":5,"author":{"gitId":"TriciaBK"},"content":"    //constructor","lastModifiedDate":"2023-09-04"},{"lineNumber":6,"author":{"gitId":"TriciaBK"},"content":"    public Task(String taskName) {","lastModifiedDate":"2023-09-04"},{"lineNumber":7,"author":{"gitId":"TriciaBK"},"content":"        this.taskName \u003d taskName;","lastModifiedDate":"2023-09-04"},{"lineNumber":8,"author":{"gitId":"TriciaBK"},"content":"        this.isDone \u003d false;","lastModifiedDate":"2023-09-04"},{"lineNumber":9,"author":{"gitId":"TriciaBK"},"content":"    }","lastModifiedDate":"2023-09-04"},{"lineNumber":10,"author":{"gitId":"TriciaBK"},"content":"","lastModifiedDate":"2023-09-04"},{"lineNumber":11,"author":{"gitId":"TriciaBK"},"content":"    //check if task is marked or unmarked","lastModifiedDate":"2023-09-05"},{"lineNumber":12,"author":{"gitId":"TriciaBK"},"content":"    public String getStatusIcon() {","lastModifiedDate":"2023-09-04"},{"lineNumber":13,"author":{"gitId":"TriciaBK"},"content":"        return (isDone ? \"X\" : \" \"); // mark done task with X","lastModifiedDate":"2023-09-04"},{"lineNumber":14,"author":{"gitId":"TriciaBK"},"content":"    }","lastModifiedDate":"2023-09-04"},{"lineNumber":15,"author":{"gitId":"TriciaBK"},"content":"","lastModifiedDate":"2023-09-04"},{"lineNumber":16,"author":{"gitId":"TriciaBK"},"content":"    //unmark task","lastModifiedDate":"2023-09-04"},{"lineNumber":17,"author":{"gitId":"TriciaBK"},"content":"    public void unmark(){","lastModifiedDate":"2023-09-04"},{"lineNumber":18,"author":{"gitId":"TriciaBK"},"content":"        this.isDone \u003d false;","lastModifiedDate":"2023-09-04"},{"lineNumber":19,"author":{"gitId":"TriciaBK"},"content":"    }","lastModifiedDate":"2023-09-04"},{"lineNumber":20,"author":{"gitId":"TriciaBK"},"content":"","lastModifiedDate":"2023-09-04"},{"lineNumber":21,"author":{"gitId":"TriciaBK"},"content":"    //mark task","lastModifiedDate":"2023-09-04"},{"lineNumber":22,"author":{"gitId":"TriciaBK"},"content":"    public void mark(){","lastModifiedDate":"2023-09-04"},{"lineNumber":23,"author":{"gitId":"TriciaBK"},"content":"        this.isDone \u003d true;","lastModifiedDate":"2023-09-04"},{"lineNumber":24,"author":{"gitId":"TriciaBK"},"content":"    }","lastModifiedDate":"2023-09-04"},{"lineNumber":25,"author":{"gitId":"TriciaBK"},"content":"","lastModifiedDate":"2023-09-04"},{"lineNumber":26,"author":{"gitId":"TriciaBK"},"content":"    @Override","lastModifiedDate":"2023-09-06"},{"lineNumber":27,"author":{"gitId":"TriciaBK"},"content":"    public String toString(){","lastModifiedDate":"2023-09-06"},{"lineNumber":28,"author":{"gitId":"TriciaBK"},"content":"        return \"[\" + this.getStatusIcon() + \"] \" + this.taskName;","lastModifiedDate":"2023-09-06"},{"lineNumber":29,"author":{"gitId":"TriciaBK"},"content":"    }","lastModifiedDate":"2023-09-04"},{"lineNumber":30,"author":{"gitId":"TriciaBK"},"content":"}","lastModifiedDate":"2023-09-04"}],"authorContributionMap":{"TriciaBK":30}},{"path":"src/main/java/Todo.java","fileType":"java","lines":[{"lineNumber":1,"author":{"gitId":"TriciaBK"},"content":"public class Todo extends Task{","lastModifiedDate":"2023-09-06"},{"lineNumber":2,"author":{"gitId":"TriciaBK"},"content":"","lastModifiedDate":"2023-09-06"},{"lineNumber":3,"author":{"gitId":"TriciaBK"},"content":"    public Todo(String taskName){","lastModifiedDate":"2023-09-06"},{"lineNumber":4,"author":{"gitId":"TriciaBK"},"content":"        super(taskName);","lastModifiedDate":"2023-09-06"},{"lineNumber":5,"author":{"gitId":"TriciaBK"},"content":"    }","lastModifiedDate":"2023-09-06"},{"lineNumber":6,"author":{"gitId":"TriciaBK"},"content":"","lastModifiedDate":"2023-09-06"},{"lineNumber":7,"author":{"gitId":"TriciaBK"},"content":"    @Override","lastModifiedDate":"2023-09-06"},{"lineNumber":8,"author":{"gitId":"TriciaBK"},"content":"    public String toString(){","lastModifiedDate":"2023-09-06"},{"lineNumber":9,"author":{"gitId":"TriciaBK"},"content":"        return \"[T] \" + super.toString();","lastModifiedDate":"2023-09-06"},{"lineNumber":10,"author":{"gitId":"TriciaBK"},"content":"    }","lastModifiedDate":"2023-09-06"},{"lineNumber":11,"author":{"gitId":"TriciaBK"},"content":"}","lastModifiedDate":"2023-09-06"}],"authorContributionMap":{"TriciaBK":11}}]
