[{"path":"src/main/java/Botbot.java","fileType":"java","lines":[{"lineNumber":1,"author":{"gitId":"TriciaBK"},"content":"//import scanner","lastModifiedDate":"2023-09-04"},{"lineNumber":2,"author":{"gitId":"TriciaBK"},"content":"import java.util.Scanner;","lastModifiedDate":"2023-09-04"},{"lineNumber":3,"author":{"gitId":"TriciaBK"},"content":"//import ArrayList","lastModifiedDate":"2023-09-22"},{"lineNumber":4,"author":{"gitId":"TriciaBK"},"content":"import java.util.ArrayList;","lastModifiedDate":"2023-09-22"},{"lineNumber":5,"author":{"gitId":"TriciaBK"},"content":"import javax.lang.model.type.NullType;","lastModifiedDate":"2023-09-25"},{"lineNumber":6,"author":{"gitId":"TriciaBK"},"content":"//import File I/O class","lastModifiedDate":"2023-09-25"},{"lineNumber":7,"author":{"gitId":"TriciaBK"},"content":"import java.io.File;","lastModifiedDate":"2023-09-25"},{"lineNumber":8,"author":{"gitId":"TriciaBK"},"content":"import java.io.FileNotFoundException;","lastModifiedDate":"2023-09-25"},{"lineNumber":9,"author":{"gitId":"TriciaBK"},"content":"import java.io.FileWriter;","lastModifiedDate":"2023-09-25"},{"lineNumber":10,"author":{"gitId":"TriciaBK"},"content":"import java.io.IOException;","lastModifiedDate":"2023-09-25"},{"lineNumber":11,"author":{"gitId":"TriciaBK"},"content":"import java.nio.file.Paths;","lastModifiedDate":"2023-09-25"},{"lineNumber":12,"author":{"gitId":"TriciaBK"},"content":"","lastModifiedDate":"2023-09-25"},{"lineNumber":13,"author":{"gitId":"TriciaBK"},"content":"","lastModifiedDate":"2023-09-04"},{"lineNumber":14,"author":{"gitId":"TriciaBK"},"content":"public class Botbot {","lastModifiedDate":"2023-09-05"},{"lineNumber":15,"author":{"gitId":"TriciaBK"},"content":"    public static String line \u003d \"~~~~~~~~~~~~~~~~~~~~~~~~~~~~~~~~~~~~~~~~~~~~~~~~~~~~~~~~~~~~\";","lastModifiedDate":"2023-09-22"},{"lineNumber":16,"author":{"gitId":"TriciaBK"},"content":"","lastModifiedDate":"2023-09-05"},{"lineNumber":17,"author":{"gitId":"TriciaBK"},"content":"    //create arraylist","lastModifiedDate":"2023-09-22"},{"lineNumber":18,"author":{"gitId":"TriciaBK"},"content":"    public static ArrayList\u003cTask\u003e list \u003d new ArrayList\u003c\u003e();","lastModifiedDate":"2023-09-22"},{"lineNumber":19,"author":{"gitId":"TriciaBK"},"content":"","lastModifiedDate":"2023-09-04"},{"lineNumber":20,"author":{"gitId":"TriciaBK"},"content":"    //method to identify command","lastModifiedDate":"2023-09-22"},{"lineNumber":21,"author":{"gitId":"TriciaBK"},"content":"    public static String identifyCommand(String command) throws DukeException {","lastModifiedDate":"2023-09-22"},{"lineNumber":22,"author":{"gitId":"TriciaBK"},"content":"        if (command.equals(\"bye\")) {","lastModifiedDate":"2023-09-22"},{"lineNumber":23,"author":{"gitId":"TriciaBK"},"content":"            return \"bye\";","lastModifiedDate":"2023-09-22"},{"lineNumber":24,"author":{"gitId":"TriciaBK"},"content":"        } else if (command.equals(\"list\")){","lastModifiedDate":"2023-09-22"},{"lineNumber":25,"author":{"gitId":"TriciaBK"},"content":"            return \"list\";","lastModifiedDate":"2023-09-22"},{"lineNumber":26,"author":{"gitId":"TriciaBK"},"content":"        } else if (command.contains(\"mark\")){","lastModifiedDate":"2023-09-22"},{"lineNumber":27,"author":{"gitId":"TriciaBK"},"content":"            return \"mark\";","lastModifiedDate":"2023-09-22"},{"lineNumber":28,"author":{"gitId":"TriciaBK"},"content":"        } else if (command.contains(\"todo\")){","lastModifiedDate":"2023-09-22"},{"lineNumber":29,"author":{"gitId":"TriciaBK"},"content":"            return \"todo\";","lastModifiedDate":"2023-09-22"},{"lineNumber":30,"author":{"gitId":"TriciaBK"},"content":"        } else if (command.contains(\"deadline\")){","lastModifiedDate":"2023-09-22"},{"lineNumber":31,"author":{"gitId":"TriciaBK"},"content":"            return \"deadline\";","lastModifiedDate":"2023-09-22"},{"lineNumber":32,"author":{"gitId":"TriciaBK"},"content":"        } else if (command.contains(\"event\")){","lastModifiedDate":"2023-09-22"},{"lineNumber":33,"author":{"gitId":"TriciaBK"},"content":"            return \"event\";","lastModifiedDate":"2023-09-22"},{"lineNumber":34,"author":{"gitId":"TriciaBK"},"content":"        } else if (command.contains(\"delete\")){","lastModifiedDate":"2023-09-22"},{"lineNumber":35,"author":{"gitId":"TriciaBK"},"content":"            return \"delete\";","lastModifiedDate":"2023-09-22"},{"lineNumber":36,"author":{"gitId":"TriciaBK"},"content":"        }else {","lastModifiedDate":"2023-09-22"},{"lineNumber":37,"author":{"gitId":"TriciaBK"},"content":"            throw new DukeException(\"☹ OOPS!!! I\u0027m sorry, but I don\u0027t know what that means :\u003c\");","lastModifiedDate":"2023-09-22"},{"lineNumber":38,"author":{"gitId":"TriciaBK"},"content":"        }","lastModifiedDate":"2023-09-22"},{"lineNumber":39,"author":{"gitId":"TriciaBK"},"content":"    }","lastModifiedDate":"2023-09-22"},{"lineNumber":40,"author":{"gitId":"TriciaBK"},"content":"","lastModifiedDate":"2023-09-22"},{"lineNumber":41,"author":{"gitId":"TriciaBK"},"content":"    //method to mark or unmark task","lastModifiedDate":"2023-09-05"},{"lineNumber":42,"author":{"gitId":"TriciaBK"},"content":"    public static void markUnmarkTask(String command){","lastModifiedDate":"2023-09-05"},{"lineNumber":43,"author":{"gitId":"TriciaBK"},"content":"        int itemIndex; //int to store index of item to mark/unmark","lastModifiedDate":"2023-09-05"},{"lineNumber":44,"author":{"gitId":"TriciaBK"},"content":"        //for command unmark","lastModifiedDate":"2023-09-05"},{"lineNumber":45,"author":{"gitId":"TriciaBK"},"content":"        if(command.contains(\"unmark\")){","lastModifiedDate":"2023-09-05"},{"lineNumber":46,"author":{"gitId":"TriciaBK"},"content":"            //find the given index to unmark","lastModifiedDate":"2023-09-05"},{"lineNumber":47,"author":{"gitId":"TriciaBK"},"content":"            itemIndex \u003d Integer.parseInt(command.substring(7))-1;","lastModifiedDate":"2023-09-05"},{"lineNumber":48,"author":{"gitId":"TriciaBK"},"content":"            //if given index is out of range","lastModifiedDate":"2023-09-05"},{"lineNumber":49,"author":{"gitId":"TriciaBK"},"content":"            if (itemIndex\u003e\u003dlist.size()){","lastModifiedDate":"2023-09-22"},{"lineNumber":50,"author":{"gitId":"TriciaBK"},"content":"                System.out.println(\"invalid list item\");","lastModifiedDate":"2023-09-05"},{"lineNumber":51,"author":{"gitId":"TriciaBK"},"content":"            } else {","lastModifiedDate":"2023-09-05"},{"lineNumber":52,"author":{"gitId":"TriciaBK"},"content":"                list.get(itemIndex).unmark();","lastModifiedDate":"2023-09-22"},{"lineNumber":53,"author":{"gitId":"TriciaBK"},"content":"                System.out.println(\"OK, I\u0027ve marked this task as not done yet: \");","lastModifiedDate":"2023-09-04"},{"lineNumber":54,"author":{"gitId":"TriciaBK"},"content":"                System.out.println(list.get(itemIndex));","lastModifiedDate":"2023-09-22"},{"lineNumber":55,"author":{"gitId":"TriciaBK"},"content":"                System.out.println(line);","lastModifiedDate":"2023-09-04"},{"lineNumber":56,"author":{"gitId":"TriciaBK"},"content":"            }","lastModifiedDate":"2023-09-05"},{"lineNumber":57,"author":{"gitId":"TriciaBK"},"content":"        } else { //for command mark","lastModifiedDate":"2023-09-05"},{"lineNumber":58,"author":{"gitId":"TriciaBK"},"content":"            //find the given index to mark","lastModifiedDate":"2023-09-05"},{"lineNumber":59,"author":{"gitId":"TriciaBK"},"content":"            itemIndex \u003d Integer.parseInt(command.substring(5))-1;","lastModifiedDate":"2023-09-05"},{"lineNumber":60,"author":{"gitId":"TriciaBK"},"content":"            //if given index is out of range","lastModifiedDate":"2023-09-05"},{"lineNumber":61,"author":{"gitId":"TriciaBK"},"content":"            if (itemIndex\u003e\u003dlist.size()){","lastModifiedDate":"2023-09-22"},{"lineNumber":62,"author":{"gitId":"TriciaBK"},"content":"                System.out.println(\"invalid list item\");","lastModifiedDate":"2023-09-05"},{"lineNumber":63,"author":{"gitId":"TriciaBK"},"content":"                return;","lastModifiedDate":"2023-09-05"},{"lineNumber":64,"author":{"gitId":"TriciaBK"},"content":"            }else {","lastModifiedDate":"2023-09-05"},{"lineNumber":65,"author":{"gitId":"TriciaBK"},"content":"                list.get(itemIndex).mark();","lastModifiedDate":"2023-09-22"},{"lineNumber":66,"author":{"gitId":"TriciaBK"},"content":"                System.out.println(\"Nice! I\u0027ve marked this task as done: \");","lastModifiedDate":"2023-09-04"},{"lineNumber":67,"author":{"gitId":"TriciaBK"},"content":"                System.out.println(list.get(itemIndex));","lastModifiedDate":"2023-09-22"},{"lineNumber":68,"author":{"gitId":"TriciaBK"},"content":"                System.out.println(line);","lastModifiedDate":"2023-09-04"},{"lineNumber":69,"author":{"gitId":"TriciaBK"},"content":"            }","lastModifiedDate":"2023-09-04"},{"lineNumber":70,"author":{"gitId":"TriciaBK"},"content":"        }","lastModifiedDate":"2023-09-05"},{"lineNumber":71,"author":{"gitId":"TriciaBK"},"content":"    }","lastModifiedDate":"2023-09-05"},{"lineNumber":72,"author":{"gitId":"TriciaBK"},"content":"","lastModifiedDate":"2023-09-05"},{"lineNumber":73,"author":{"gitId":"TriciaBK"},"content":"    //method to add todo tasks","lastModifiedDate":"2023-09-06"},{"lineNumber":74,"author":{"gitId":"TriciaBK"},"content":"    public static void createTodoTasks(String task) {","lastModifiedDate":"2023-09-06"},{"lineNumber":75,"author":{"gitId":"TriciaBK"},"content":"        //instantiate new todo object","lastModifiedDate":"2023-09-06"},{"lineNumber":76,"author":{"gitId":"TriciaBK"},"content":"        Todo todoTask \u003d new Todo(task);","lastModifiedDate":"2023-09-06"},{"lineNumber":77,"author":{"gitId":"TriciaBK"},"content":"        //add to array","lastModifiedDate":"2023-09-06"},{"lineNumber":78,"author":{"gitId":"TriciaBK"},"content":"        list.add(todoTask);","lastModifiedDate":"2023-09-22"},{"lineNumber":79,"author":{"gitId":"TriciaBK"},"content":"        System.out.println(\"Got it. I\u0027ve added this task:\");","lastModifiedDate":"2023-09-06"},{"lineNumber":80,"author":{"gitId":"TriciaBK"},"content":"        System.out.println(todoTask);","lastModifiedDate":"2023-09-06"},{"lineNumber":81,"author":{"gitId":"TriciaBK"},"content":"        System.out.println(\"Now you have \" + (list.size()) + \" tasks in the list.\");","lastModifiedDate":"2023-09-22"},{"lineNumber":82,"author":{"gitId":"TriciaBK"},"content":"        System.out.println(line);","lastModifiedDate":"2023-09-06"},{"lineNumber":83,"author":{"gitId":"TriciaBK"},"content":"    }","lastModifiedDate":"2023-09-06"},{"lineNumber":84,"author":{"gitId":"TriciaBK"},"content":"","lastModifiedDate":"2023-09-06"},{"lineNumber":85,"author":{"gitId":"TriciaBK"},"content":"    //method to add deadline tasks","lastModifiedDate":"2023-09-06"},{"lineNumber":86,"author":{"gitId":"TriciaBK"},"content":"    public static void createDeadlineTasks(String input) throws DukeException {","lastModifiedDate":"2023-09-22"},{"lineNumber":87,"author":{"gitId":"TriciaBK"},"content":"        String task;","lastModifiedDate":"2023-09-22"},{"lineNumber":88,"author":{"gitId":"TriciaBK"},"content":"        String deadline;","lastModifiedDate":"2023-09-22"},{"lineNumber":89,"author":{"gitId":"TriciaBK"},"content":"        if (!input.contains(\"/by\")) {","lastModifiedDate":"2023-09-22"},{"lineNumber":90,"author":{"gitId":"TriciaBK"},"content":"            throw new DukeException(\"Ohno... Please check your format and include \u0027/by\u0027~\");","lastModifiedDate":"2023-09-22"},{"lineNumber":91,"author":{"gitId":"TriciaBK"},"content":"        } else {","lastModifiedDate":"2023-09-22"},{"lineNumber":92,"author":{"gitId":"TriciaBK"},"content":"            String[] parts \u003d input.split(\" /by \");","lastModifiedDate":"2023-09-22"},{"lineNumber":93,"author":{"gitId":"TriciaBK"},"content":"            //check if task or deadline are null","lastModifiedDate":"2023-09-22"},{"lineNumber":94,"author":{"gitId":"TriciaBK"},"content":"            if (parts.length !\u003d 2 || parts[0].isEmpty() || parts[1].isEmpty()) {","lastModifiedDate":"2023-09-22"},{"lineNumber":95,"author":{"gitId":"TriciaBK"},"content":"                throw new DukeException(\"Task or deadline cannot be empty... Please check your input again~\");","lastModifiedDate":"2023-09-22"},{"lineNumber":96,"author":{"gitId":"TriciaBK"},"content":"            }","lastModifiedDate":"2023-09-22"},{"lineNumber":97,"author":{"gitId":"TriciaBK"},"content":"            task \u003d parts[0].substring(\"deadline \".length());","lastModifiedDate":"2023-09-22"},{"lineNumber":98,"author":{"gitId":"TriciaBK"},"content":"            deadline \u003d parts[1];","lastModifiedDate":"2023-09-22"},{"lineNumber":99,"author":{"gitId":"TriciaBK"},"content":"        }","lastModifiedDate":"2023-09-22"},{"lineNumber":100,"author":{"gitId":"TriciaBK"},"content":"        //instantiate new deadline object","lastModifiedDate":"2023-09-06"},{"lineNumber":101,"author":{"gitId":"TriciaBK"},"content":"        Deadline deadlineTask \u003d new Deadline(task, deadline);","lastModifiedDate":"2023-09-06"},{"lineNumber":102,"author":{"gitId":"TriciaBK"},"content":"        //add to array","lastModifiedDate":"2023-09-06"},{"lineNumber":103,"author":{"gitId":"TriciaBK"},"content":"        list.add(deadlineTask);","lastModifiedDate":"2023-09-22"},{"lineNumber":104,"author":{"gitId":"TriciaBK"},"content":"        System.out.println(\"Got it. I\u0027ve added this task:\");","lastModifiedDate":"2023-09-06"},{"lineNumber":105,"author":{"gitId":"TriciaBK"},"content":"        System.out.println(deadlineTask);","lastModifiedDate":"2023-09-06"},{"lineNumber":106,"author":{"gitId":"TriciaBK"},"content":"        System.out.println(\"Now you have \" + (list.size()) + \" tasks in the list.\");","lastModifiedDate":"2023-09-22"},{"lineNumber":107,"author":{"gitId":"TriciaBK"},"content":"        System.out.println(line);","lastModifiedDate":"2023-09-06"},{"lineNumber":108,"author":{"gitId":"TriciaBK"},"content":"    }","lastModifiedDate":"2023-09-06"},{"lineNumber":109,"author":{"gitId":"TriciaBK"},"content":"","lastModifiedDate":"2023-09-06"},{"lineNumber":110,"author":{"gitId":"TriciaBK"},"content":"    //method to add eventTask","lastModifiedDate":"2023-09-06"},{"lineNumber":111,"author":{"gitId":"TriciaBK"},"content":"    public static void createEventTask(String input) throws DukeException {","lastModifiedDate":"2023-09-22"},{"lineNumber":112,"author":{"gitId":"TriciaBK"},"content":"        String task;","lastModifiedDate":"2023-09-22"},{"lineNumber":113,"author":{"gitId":"TriciaBK"},"content":"        String from;","lastModifiedDate":"2023-09-22"},{"lineNumber":114,"author":{"gitId":"TriciaBK"},"content":"        String to;","lastModifiedDate":"2023-09-22"},{"lineNumber":115,"author":{"gitId":"TriciaBK"},"content":"        if (!input.contains(\"/from\") || !input.contains(\"/to\")) {","lastModifiedDate":"2023-09-22"},{"lineNumber":116,"author":{"gitId":"TriciaBK"},"content":"            throw new DukeException(\"Uhoh... Please check your format and include \u0027/from\u0027 and \u0027/to\u0027~\");","lastModifiedDate":"2023-09-22"},{"lineNumber":117,"author":{"gitId":"TriciaBK"},"content":"        } else {","lastModifiedDate":"2023-09-22"},{"lineNumber":118,"author":{"gitId":"TriciaBK"},"content":"            String[] parts \u003d input.split(\" /\");","lastModifiedDate":"2023-09-22"},{"lineNumber":119,"author":{"gitId":"TriciaBK"},"content":"            //check if task, to, from are null","lastModifiedDate":"2023-09-22"},{"lineNumber":120,"author":{"gitId":"TriciaBK"},"content":"            if (parts.length !\u003d 3 || parts[0].isEmpty() || parts[1].equals(\"from\") || parts[2].equals(\"to\")) {","lastModifiedDate":"2023-09-22"},{"lineNumber":121,"author":{"gitId":"TriciaBK"},"content":"                throw new DukeException(\"Task, from or to cannot be empty... Please check your input again~\");","lastModifiedDate":"2023-09-22"},{"lineNumber":122,"author":{"gitId":"TriciaBK"},"content":"            }","lastModifiedDate":"2023-09-22"},{"lineNumber":123,"author":{"gitId":"TriciaBK"},"content":"            task \u003d parts[0].substring(\"event \".length());","lastModifiedDate":"2023-09-22"},{"lineNumber":124,"author":{"gitId":"TriciaBK"},"content":"            from \u003d parts[1].substring(\"from\".length());","lastModifiedDate":"2023-09-22"},{"lineNumber":125,"author":{"gitId":"TriciaBK"},"content":"            to \u003d parts[2].substring(\"to\".length());","lastModifiedDate":"2023-09-22"},{"lineNumber":126,"author":{"gitId":"TriciaBK"},"content":"        }","lastModifiedDate":"2023-09-22"},{"lineNumber":127,"author":{"gitId":"TriciaBK"},"content":"        //instantiate new event object","lastModifiedDate":"2023-09-06"},{"lineNumber":128,"author":{"gitId":"TriciaBK"},"content":"        Event eventTask \u003d new Event(task, from, to);","lastModifiedDate":"2023-09-06"},{"lineNumber":129,"author":{"gitId":"TriciaBK"},"content":"        //add to array","lastModifiedDate":"2023-09-06"},{"lineNumber":130,"author":{"gitId":"TriciaBK"},"content":"        list.add(eventTask);","lastModifiedDate":"2023-09-22"},{"lineNumber":131,"author":{"gitId":"TriciaBK"},"content":"        System.out.println(\"Got it. I\u0027ve added this task:\");","lastModifiedDate":"2023-09-06"},{"lineNumber":132,"author":{"gitId":"TriciaBK"},"content":"        System.out.println(eventTask);","lastModifiedDate":"2023-09-06"},{"lineNumber":133,"author":{"gitId":"TriciaBK"},"content":"        System.out.println(\"Now you have \" + (list.size()) + \" tasks in the list.\");","lastModifiedDate":"2023-09-22"},{"lineNumber":134,"author":{"gitId":"TriciaBK"},"content":"        System.out.println(line);","lastModifiedDate":"2023-09-06"},{"lineNumber":135,"author":{"gitId":"TriciaBK"},"content":"    }","lastModifiedDate":"2023-09-06"},{"lineNumber":136,"author":{"gitId":"TriciaBK"},"content":"","lastModifiedDate":"2023-09-06"},{"lineNumber":137,"author":{"gitId":"TriciaBK"},"content":"    //method to delete tasks","lastModifiedDate":"2023-09-22"},{"lineNumber":138,"author":{"gitId":"TriciaBK"},"content":"    public static void deleteTasks(String command) throws DukeException {","lastModifiedDate":"2023-09-22"},{"lineNumber":139,"author":{"gitId":"TriciaBK"},"content":"        int taskIndex \u003d Integer.parseInt(command.substring(7))-1;","lastModifiedDate":"2023-09-22"},{"lineNumber":140,"author":{"gitId":"TriciaBK"},"content":"        if (taskIndex\u003e\u003dlist.size()) {","lastModifiedDate":"2023-09-22"},{"lineNumber":141,"author":{"gitId":"TriciaBK"},"content":"            throw new DukeException(\"Invalid task item. Check item number again~\");","lastModifiedDate":"2023-09-22"},{"lineNumber":142,"author":{"gitId":"TriciaBK"},"content":"        }","lastModifiedDate":"2023-09-22"},{"lineNumber":143,"author":{"gitId":"TriciaBK"},"content":"        System.out.println(\"Noted. I\u0027ve removed this task:\");","lastModifiedDate":"2023-09-22"},{"lineNumber":144,"author":{"gitId":"TriciaBK"},"content":"        System.out.println(list.get(taskIndex));","lastModifiedDate":"2023-09-22"},{"lineNumber":145,"author":{"gitId":"TriciaBK"},"content":"        list.remove(taskIndex);","lastModifiedDate":"2023-09-22"},{"lineNumber":146,"author":{"gitId":"TriciaBK"},"content":"        System.out.println(\"Now you have \" + (list.size()) + \" tasks in the list.\");","lastModifiedDate":"2023-09-22"},{"lineNumber":147,"author":{"gitId":"TriciaBK"},"content":"        System.out.println(line);","lastModifiedDate":"2023-09-22"},{"lineNumber":148,"author":{"gitId":"TriciaBK"},"content":"    }","lastModifiedDate":"2023-09-22"},{"lineNumber":149,"author":{"gitId":"TriciaBK"},"content":"","lastModifiedDate":"2023-09-05"},{"lineNumber":150,"author":{"gitId":"TriciaBK"},"content":"    //method to save list to file","lastModifiedDate":"2023-09-25"},{"lineNumber":151,"author":{"gitId":"TriciaBK"},"content":"    public static void saveListToFile() throws IOException {","lastModifiedDate":"2023-09-25"},{"lineNumber":152,"author":{"gitId":"TriciaBK"},"content":"        try (FileWriter fileWriter \u003d new FileWriter(\"data/botbot.txt\")){","lastModifiedDate":"2023-09-25"},{"lineNumber":153,"author":{"gitId":"TriciaBK"},"content":"            for (Task task : list) {","lastModifiedDate":"2023-09-25"},{"lineNumber":154,"author":{"gitId":"TriciaBK"},"content":"                fileWriter.write(task.toString() + \"\\n\");","lastModifiedDate":"2023-09-25"},{"lineNumber":155,"author":{"gitId":"TriciaBK"},"content":"            }","lastModifiedDate":"2023-09-25"},{"lineNumber":156,"author":{"gitId":"TriciaBK"},"content":"        } catch (IOException e) {","lastModifiedDate":"2023-09-25"},{"lineNumber":157,"author":{"gitId":"TriciaBK"},"content":"            System.out.println(\"Something went wrong: \" + e.getMessage());","lastModifiedDate":"2023-09-25"},{"lineNumber":158,"author":{"gitId":"TriciaBK"},"content":"        }","lastModifiedDate":"2023-09-25"},{"lineNumber":159,"author":{"gitId":"TriciaBK"},"content":"    }","lastModifiedDate":"2023-09-25"},{"lineNumber":160,"author":{"gitId":"TriciaBK"},"content":"","lastModifiedDate":"2023-09-25"},{"lineNumber":161,"author":{"gitId":"TriciaBK"},"content":"    //method to extract todo task","lastModifiedDate":"2023-09-25"},{"lineNumber":162,"author":{"gitId":"TriciaBK"},"content":"    public static void extractTodo(String savedTask){","lastModifiedDate":"2023-09-25"},{"lineNumber":163,"author":{"gitId":"TriciaBK"},"content":"        createTodoTasks(savedTask.substring(8));","lastModifiedDate":"2023-09-25"},{"lineNumber":164,"author":{"gitId":"TriciaBK"},"content":"    }","lastModifiedDate":"2023-09-25"},{"lineNumber":165,"author":{"gitId":"TriciaBK"},"content":"","lastModifiedDate":"2023-09-25"},{"lineNumber":166,"author":{"gitId":"TriciaBK"},"content":"    //method to extract deadline task","lastModifiedDate":"2023-09-25"},{"lineNumber":167,"author":{"gitId":"TriciaBK"},"content":"    public static void extractDeadline(String savedTask) throws DukeException {","lastModifiedDate":"2023-09-25"},{"lineNumber":168,"author":{"gitId":"TriciaBK"},"content":"        String[] parts \u003d savedTask.split(\" \\\\(by: \" );","lastModifiedDate":"2023-09-25"},{"lineNumber":169,"author":{"gitId":"TriciaBK"},"content":"        String task \u003d parts[0].substring(8);","lastModifiedDate":"2023-09-25"},{"lineNumber":170,"author":{"gitId":"TriciaBK"},"content":"        String deadline \u003d parts[1].substring(0, parts[1].length() - 1);","lastModifiedDate":"2023-09-25"},{"lineNumber":171,"author":{"gitId":"TriciaBK"},"content":"        if (task.isEmpty() || deadline.isEmpty()) {","lastModifiedDate":"2023-09-25"},{"lineNumber":172,"author":{"gitId":"TriciaBK"},"content":"                throw new DukeException(\"Loaded task or deadline is empty... Please check your saved list again~\");","lastModifiedDate":"2023-09-25"},{"lineNumber":173,"author":{"gitId":"TriciaBK"},"content":"        } else {","lastModifiedDate":"2023-09-25"},{"lineNumber":174,"author":{"gitId":"TriciaBK"},"content":"            //instantiate new deadline object","lastModifiedDate":"2023-09-25"},{"lineNumber":175,"author":{"gitId":"TriciaBK"},"content":"            Deadline deadlineTask \u003d new Deadline(task, deadline);","lastModifiedDate":"2023-09-25"},{"lineNumber":176,"author":{"gitId":"TriciaBK"},"content":"            //add to array","lastModifiedDate":"2023-09-25"},{"lineNumber":177,"author":{"gitId":"TriciaBK"},"content":"            list.add(deadlineTask);","lastModifiedDate":"2023-09-25"},{"lineNumber":178,"author":{"gitId":"TriciaBK"},"content":"        }","lastModifiedDate":"2023-09-25"},{"lineNumber":179,"author":{"gitId":"TriciaBK"},"content":"    }","lastModifiedDate":"2023-09-25"},{"lineNumber":180,"author":{"gitId":"TriciaBK"},"content":"","lastModifiedDate":"2023-09-25"},{"lineNumber":181,"author":{"gitId":"TriciaBK"},"content":"    //method to extract event task","lastModifiedDate":"2023-09-25"},{"lineNumber":182,"author":{"gitId":"TriciaBK"},"content":"    public static void extractEvent(String savedTask) throws DukeException {","lastModifiedDate":"2023-09-25"},{"lineNumber":183,"author":{"gitId":"TriciaBK"},"content":"        String[] parts \u003d savedTask.split(\" \\\\(\");","lastModifiedDate":"2023-09-25"},{"lineNumber":184,"author":{"gitId":"TriciaBK"},"content":"        String task \u003d parts[0].substring(8);","lastModifiedDate":"2023-09-25"},{"lineNumber":185,"author":{"gitId":"TriciaBK"},"content":"        String[] timeSplit \u003d parts[1].split(\" to: \");","lastModifiedDate":"2023-09-25"},{"lineNumber":186,"author":{"gitId":"TriciaBK"},"content":"        String from \u003d timeSplit[0].substring(6);","lastModifiedDate":"2023-09-25"},{"lineNumber":187,"author":{"gitId":"TriciaBK"},"content":"        String to \u003d timeSplit[1].substring(0, timeSplit[1].length() - 1);","lastModifiedDate":"2023-09-25"},{"lineNumber":188,"author":{"gitId":"TriciaBK"},"content":"        if (task.isEmpty() || from.isEmpty() || to.isEmpty()) {","lastModifiedDate":"2023-09-25"},{"lineNumber":189,"author":{"gitId":"TriciaBK"},"content":"            throw new DukeException(\"Loaded task or time period is empty... Please check your saved list again~\");","lastModifiedDate":"2023-09-25"},{"lineNumber":190,"author":{"gitId":"TriciaBK"},"content":"        } else {","lastModifiedDate":"2023-09-25"},{"lineNumber":191,"author":{"gitId":"TriciaBK"},"content":"            //instantiate new event object","lastModifiedDate":"2023-09-25"},{"lineNumber":192,"author":{"gitId":"TriciaBK"},"content":"            Event eventTask \u003d new Event(task, from, to);","lastModifiedDate":"2023-09-25"},{"lineNumber":193,"author":{"gitId":"TriciaBK"},"content":"            //add to array","lastModifiedDate":"2023-09-25"},{"lineNumber":194,"author":{"gitId":"TriciaBK"},"content":"            list.add(eventTask);","lastModifiedDate":"2023-09-25"},{"lineNumber":195,"author":{"gitId":"TriciaBK"},"content":"        }","lastModifiedDate":"2023-09-25"},{"lineNumber":196,"author":{"gitId":"TriciaBK"},"content":"    }","lastModifiedDate":"2023-09-25"},{"lineNumber":197,"author":{"gitId":"TriciaBK"},"content":"","lastModifiedDate":"2023-09-25"},{"lineNumber":198,"author":{"gitId":"TriciaBK"},"content":"    // method to load list from file","lastModifiedDate":"2023-09-25"},{"lineNumber":199,"author":{"gitId":"TriciaBK"},"content":"    public static void loadListFromFile() throws IOException, DukeException {","lastModifiedDate":"2023-09-25"},{"lineNumber":200,"author":{"gitId":"TriciaBK"},"content":"        File file \u003d new File(\"data/botbot.txt\");","lastModifiedDate":"2023-09-25"},{"lineNumber":201,"author":{"gitId":"TriciaBK"},"content":"        if (!file.exists()){","lastModifiedDate":"2023-09-25"},{"lineNumber":202,"author":{"gitId":"TriciaBK"},"content":"            try {","lastModifiedDate":"2023-09-25"},{"lineNumber":203,"author":{"gitId":"TriciaBK"},"content":"                boolean createdDirectory \u003d file.mkdirs();","lastModifiedDate":"2023-09-25"},{"lineNumber":204,"author":{"gitId":"TriciaBK"},"content":"                boolean createdFile \u003d file.createNewFile();","lastModifiedDate":"2023-09-25"},{"lineNumber":205,"author":{"gitId":"TriciaBK"},"content":"            } catch (IOException e){","lastModifiedDate":"2023-09-25"},{"lineNumber":206,"author":{"gitId":"TriciaBK"},"content":"                System.out.println(\"Something went wrong: \" + e.getMessage());","lastModifiedDate":"2023-09-25"},{"lineNumber":207,"author":{"gitId":"TriciaBK"},"content":"            }","lastModifiedDate":"2023-09-25"},{"lineNumber":208,"author":{"gitId":"TriciaBK"},"content":"        } else {","lastModifiedDate":"2023-09-25"},{"lineNumber":209,"author":{"gitId":"TriciaBK"},"content":"            Scanner fileScanner \u003d new Scanner(file);","lastModifiedDate":"2023-09-25"},{"lineNumber":210,"author":{"gitId":"TriciaBK"},"content":"            while (fileScanner.hasNext()) {","lastModifiedDate":"2023-09-25"},{"lineNumber":211,"author":{"gitId":"TriciaBK"},"content":"                String savedTask \u003d fileScanner.nextLine();","lastModifiedDate":"2023-09-25"},{"lineNumber":212,"author":{"gitId":"TriciaBK"},"content":"                if (savedTask.contains(\"T\")) {","lastModifiedDate":"2023-09-25"},{"lineNumber":213,"author":{"gitId":"TriciaBK"},"content":"                    extractTodo(savedTask);","lastModifiedDate":"2023-09-25"},{"lineNumber":214,"author":{"gitId":"TriciaBK"},"content":"                } else if (savedTask.contains(\"D\")) {","lastModifiedDate":"2023-09-25"},{"lineNumber":215,"author":{"gitId":"TriciaBK"},"content":"                    extractDeadline(savedTask);","lastModifiedDate":"2023-09-25"},{"lineNumber":216,"author":{"gitId":"TriciaBK"},"content":"                } else if (savedTask.contains(\"E\")) {","lastModifiedDate":"2023-09-25"},{"lineNumber":217,"author":{"gitId":"TriciaBK"},"content":"                    extractEvent(savedTask);","lastModifiedDate":"2023-09-25"},{"lineNumber":218,"author":{"gitId":"TriciaBK"},"content":"                }","lastModifiedDate":"2023-09-25"},{"lineNumber":219,"author":{"gitId":"TriciaBK"},"content":"            }","lastModifiedDate":"2023-09-25"},{"lineNumber":220,"author":{"gitId":"TriciaBK"},"content":"        }","lastModifiedDate":"2023-09-25"},{"lineNumber":221,"author":{"gitId":"TriciaBK"},"content":"    }","lastModifiedDate":"2023-09-25"},{"lineNumber":222,"author":{"gitId":"TriciaBK"},"content":"","lastModifiedDate":"2023-09-25"},{"lineNumber":223,"author":{"gitId":"TriciaBK"},"content":"","lastModifiedDate":"2023-09-05"},{"lineNumber":224,"author":{"gitId":"TriciaBK"},"content":"    //main method","lastModifiedDate":"2023-09-22"},{"lineNumber":225,"author":{"gitId":"TriciaBK"},"content":"    public static void main(String[] args) throws DukeException, IOException {","lastModifiedDate":"2023-09-25"},{"lineNumber":226,"author":{"gitId":"TriciaBK"},"content":"        //load file","lastModifiedDate":"2023-09-25"},{"lineNumber":227,"author":{"gitId":"TriciaBK"},"content":"        loadListFromFile();","lastModifiedDate":"2023-09-25"},{"lineNumber":228,"author":{"gitId":"TriciaBK"},"content":"        //message","lastModifiedDate":"2023-09-05"},{"lineNumber":229,"author":{"gitId":"TriciaBK"},"content":"        System.out.println(\"Hello! I\u0027m Botbot \\n\" +","lastModifiedDate":"2023-09-07"},{"lineNumber":230,"author":{"gitId":"TriciaBK"},"content":"                \"───────────────────────────────────────────────────────────────────────────────────────────────\\n\" +","lastModifiedDate":"2023-09-07"},{"lineNumber":231,"author":{"gitId":"TriciaBK"},"content":"                \"─██████████████───██████████████─██████████████─██████████████───██████████████─██████████████─\\n\" +","lastModifiedDate":"2023-09-07"},{"lineNumber":232,"author":{"gitId":"TriciaBK"},"content":"                \"─██░░░░░░░░░░██───██░░░░░░░░░░██─██░░░░░░░░░░██─██░░░░░░░░░░██───██░░░░░░░░░░██─██░░░░░░░░░░██─\\n\" +","lastModifiedDate":"2023-09-07"},{"lineNumber":233,"author":{"gitId":"TriciaBK"},"content":"                \"─██░░██████░░██───██░░██████░░██─██████░░██████─██░░██████░░██───██░░██████░░██─██████░░██████─\\n\" +","lastModifiedDate":"2023-09-07"},{"lineNumber":234,"author":{"gitId":"TriciaBK"},"content":"                \"─██░░██──██░░██───██░░██──██░░██─────██░░██─────██░░██──██░░██───██░░██──██░░██─────██░░██─────\\n\" +","lastModifiedDate":"2023-09-07"},{"lineNumber":235,"author":{"gitId":"TriciaBK"},"content":"                \"─██░░██████░░████─██░░██──██░░██─────██░░██─────██░░██████░░████─██░░██──██░░██─────██░░██─────\\n\" +","lastModifiedDate":"2023-09-07"},{"lineNumber":236,"author":{"gitId":"TriciaBK"},"content":"                \"─██░░░░░░░░░░░░██─██░░██──██░░██─────██░░██─────██░░░░░░░░░░░░██─██░░██──██░░██─────██░░██─────\\n\" +","lastModifiedDate":"2023-09-07"},{"lineNumber":237,"author":{"gitId":"TriciaBK"},"content":"                \"─██░░████████░░██─██░░██──██░░██─────██░░██─────██░░████████░░██─██░░██──██░░██─────██░░██─────\\n\" +","lastModifiedDate":"2023-09-07"},{"lineNumber":238,"author":{"gitId":"TriciaBK"},"content":"                \"─██░░██────██░░██─██░░██──██░░██─────██░░██─────██░░██────██░░██─██░░██──██░░██─────██░░██─────\\n\" +","lastModifiedDate":"2023-09-07"},{"lineNumber":239,"author":{"gitId":"TriciaBK"},"content":"                \"─██░░████████░░██─██░░██████░░██─────██░░██─────██░░████████░░██─██░░██████░░██─────██░░██─────\\n\" +","lastModifiedDate":"2023-09-07"},{"lineNumber":240,"author":{"gitId":"TriciaBK"},"content":"                \"─██░░░░░░░░░░░░██─██░░░░░░░░░░██─────██░░██─────██░░░░░░░░░░░░██─██░░░░░░░░░░██─────██░░██─────\\n\" +","lastModifiedDate":"2023-09-07"},{"lineNumber":241,"author":{"gitId":"TriciaBK"},"content":"                \"─████████████████─██████████████─────██████─────████████████████─██████████████─────██████─────\\n\" +","lastModifiedDate":"2023-09-07"},{"lineNumber":242,"author":{"gitId":"TriciaBK"},"content":"                \"───────────────────────────────────────────────────────────────────────────────────────────────\");","lastModifiedDate":"2023-09-07"},{"lineNumber":243,"author":{"gitId":"TriciaBK"},"content":"        System.out.println(\"What can I do for you?\");","lastModifiedDate":"2023-09-05"},{"lineNumber":244,"author":{"gitId":"TriciaBK"},"content":"        System.out.println(line);","lastModifiedDate":"2023-09-05"},{"lineNumber":245,"author":{"gitId":"TriciaBK"},"content":"","lastModifiedDate":"2023-09-05"},{"lineNumber":246,"author":{"gitId":"TriciaBK"},"content":"        //create new scanner object","lastModifiedDate":"2023-09-05"},{"lineNumber":247,"author":{"gitId":"TriciaBK"},"content":"        Scanner scanner \u003d new Scanner(System.in);","lastModifiedDate":"2023-09-05"},{"lineNumber":248,"author":{"gitId":"TriciaBK"},"content":"","lastModifiedDate":"2023-09-21"},{"lineNumber":249,"author":{"gitId":"TriciaBK"},"content":"        while(true) {","lastModifiedDate":"2023-09-22"},{"lineNumber":250,"author":{"gitId":"TriciaBK"},"content":"            String input \u003d scanner.nextLine();","lastModifiedDate":"2023-09-22"},{"lineNumber":251,"author":{"gitId":"TriciaBK"},"content":"            System.out.println(line);","lastModifiedDate":"2023-09-06"},{"lineNumber":252,"author":{"gitId":"TriciaBK"},"content":"","lastModifiedDate":"2023-09-06"},{"lineNumber":253,"author":{"gitId":"TriciaBK"},"content":"            try {","lastModifiedDate":"2023-09-22"},{"lineNumber":254,"author":{"gitId":"TriciaBK"},"content":"                //identify the command type","lastModifiedDate":"2023-09-22"},{"lineNumber":255,"author":{"gitId":"TriciaBK"},"content":"                String command \u003d identifyCommand(input);","lastModifiedDate":"2023-09-22"},{"lineNumber":256,"author":{"gitId":"TriciaBK"},"content":"","lastModifiedDate":"2023-09-22"},{"lineNumber":257,"author":{"gitId":"TriciaBK"},"content":"                switch (command) {","lastModifiedDate":"2023-09-22"},{"lineNumber":258,"author":{"gitId":"TriciaBK"},"content":"                    case \"bye\":","lastModifiedDate":"2023-09-22"},{"lineNumber":259,"author":{"gitId":"TriciaBK"},"content":"                        System.out.println(\"Bye! Hope to see you again soon!\");","lastModifiedDate":"2023-09-05"},{"lineNumber":260,"author":{"gitId":"TriciaBK"},"content":"                        //close scanner","lastModifiedDate":"2023-09-22"},{"lineNumber":261,"author":{"gitId":"TriciaBK"},"content":"                        scanner.close();","lastModifiedDate":"2023-09-22"},{"lineNumber":262,"author":{"gitId":"TriciaBK"},"content":"                        return;","lastModifiedDate":"2023-09-22"},{"lineNumber":263,"author":{"gitId":"TriciaBK"},"content":"                    case \"list\":","lastModifiedDate":"2023-09-22"},{"lineNumber":264,"author":{"gitId":"TriciaBK"},"content":"                        for (int i \u003d 0; i \u003c list.size(); i++) {","lastModifiedDate":"2023-09-22"},{"lineNumber":265,"author":{"gitId":"TriciaBK"},"content":"                            System.out.print((i + 1) + \". \");","lastModifiedDate":"2023-09-05"},{"lineNumber":266,"author":{"gitId":"TriciaBK"},"content":"                            System.out.println(list.get(i));","lastModifiedDate":"2023-09-22"},{"lineNumber":267,"author":{"gitId":"TriciaBK"},"content":"                        }","lastModifiedDate":"2023-09-05"},{"lineNumber":268,"author":{"gitId":"TriciaBK"},"content":"                        System.out.println(line);","lastModifiedDate":"2023-09-05"},{"lineNumber":269,"author":{"gitId":"TriciaBK"},"content":"                        break;","lastModifiedDate":"2023-09-22"},{"lineNumber":270,"author":{"gitId":"TriciaBK"},"content":"                    case \"mark\":","lastModifiedDate":"2023-09-22"},{"lineNumber":271,"author":{"gitId":"TriciaBK"},"content":"                        markUnmarkTask(input);","lastModifiedDate":"2023-09-05"},{"lineNumber":272,"author":{"gitId":"TriciaBK"},"content":"                        saveListToFile();","lastModifiedDate":"2023-09-25"},{"lineNumber":273,"author":{"gitId":"TriciaBK"},"content":"                        break;","lastModifiedDate":"2023-09-22"},{"lineNumber":274,"author":{"gitId":"TriciaBK"},"content":"                    case \"todo\":","lastModifiedDate":"2023-09-22"},{"lineNumber":275,"author":{"gitId":"TriciaBK"},"content":"                        createTodoTasks(input.substring(5));","lastModifiedDate":"2023-09-06"},{"lineNumber":276,"author":{"gitId":"TriciaBK"},"content":"                        saveListToFile();","lastModifiedDate":"2023-09-25"},{"lineNumber":277,"author":{"gitId":"TriciaBK"},"content":"                        break;","lastModifiedDate":"2023-09-22"},{"lineNumber":278,"author":{"gitId":"TriciaBK"},"content":"                    case \"deadline\":","lastModifiedDate":"2023-09-22"},{"lineNumber":279,"author":{"gitId":"TriciaBK"},"content":"                        createDeadlineTasks(input);","lastModifiedDate":"2023-09-22"},{"lineNumber":280,"author":{"gitId":"TriciaBK"},"content":"                        saveListToFile();","lastModifiedDate":"2023-09-25"},{"lineNumber":281,"author":{"gitId":"TriciaBK"},"content":"                        break;","lastModifiedDate":"2023-09-22"},{"lineNumber":282,"author":{"gitId":"TriciaBK"},"content":"                    case \"event\":","lastModifiedDate":"2023-09-22"},{"lineNumber":283,"author":{"gitId":"TriciaBK"},"content":"                        createEventTask(input);","lastModifiedDate":"2023-09-22"},{"lineNumber":284,"author":{"gitId":"TriciaBK"},"content":"                        saveListToFile();","lastModifiedDate":"2023-09-25"},{"lineNumber":285,"author":{"gitId":"TriciaBK"},"content":"                        break;","lastModifiedDate":"2023-09-22"},{"lineNumber":286,"author":{"gitId":"TriciaBK"},"content":"                    case \"delete\":","lastModifiedDate":"2023-09-22"},{"lineNumber":287,"author":{"gitId":"TriciaBK"},"content":"                        deleteTasks(input);","lastModifiedDate":"2023-09-22"},{"lineNumber":288,"author":{"gitId":"TriciaBK"},"content":"                        break;","lastModifiedDate":"2023-09-22"},{"lineNumber":289,"author":{"gitId":"TriciaBK"},"content":"                    default:","lastModifiedDate":"2023-09-22"},{"lineNumber":290,"author":{"gitId":"TriciaBK"},"content":"                        return;","lastModifiedDate":"2023-09-22"},{"lineNumber":291,"author":{"gitId":"TriciaBK"},"content":"                }","lastModifiedDate":"2023-09-05"},{"lineNumber":292,"author":{"gitId":"TriciaBK"},"content":"            } catch (DukeException | IOException e) {","lastModifiedDate":"2023-09-25"},{"lineNumber":293,"author":{"gitId":"TriciaBK"},"content":"                System.out.println(e.getMessage() + \"\\n\" + line);","lastModifiedDate":"2023-09-22"},{"lineNumber":294,"author":{"gitId":"TriciaBK"},"content":"            }","lastModifiedDate":"2023-09-04"},{"lineNumber":295,"author":{"gitId":"TriciaBK"},"content":"        }","lastModifiedDate":"2023-09-22"},{"lineNumber":296,"author":{"gitId":"-"},"content":"    }","lastModifiedDate":"2019-07-29"},{"lineNumber":297,"author":{"gitId":"-"},"content":"}","lastModifiedDate":"2019-07-29"}],"authorContributionMap":{"TriciaBK":295,"-":2}},{"path":"src/main/java/Deadline.java","fileType":"java","lines":[{"lineNumber":1,"author":{"gitId":"TriciaBK"},"content":"public class Deadline extends Task{","lastModifiedDate":"2023-09-06"},{"lineNumber":2,"author":{"gitId":"TriciaBK"},"content":"    private String deadline;","lastModifiedDate":"2023-09-06"},{"lineNumber":3,"author":{"gitId":"TriciaBK"},"content":"","lastModifiedDate":"2023-09-06"},{"lineNumber":4,"author":{"gitId":"TriciaBK"},"content":"    public Deadline(String taskName, String deadline){","lastModifiedDate":"2023-09-06"},{"lineNumber":5,"author":{"gitId":"TriciaBK"},"content":"        super(taskName);","lastModifiedDate":"2023-09-06"},{"lineNumber":6,"author":{"gitId":"TriciaBK"},"content":"        this.deadline \u003d deadline;","lastModifiedDate":"2023-09-06"},{"lineNumber":7,"author":{"gitId":"TriciaBK"},"content":"    }","lastModifiedDate":"2023-09-06"},{"lineNumber":8,"author":{"gitId":"TriciaBK"},"content":"","lastModifiedDate":"2023-09-06"},{"lineNumber":9,"author":{"gitId":"TriciaBK"},"content":"    @Override","lastModifiedDate":"2023-09-06"},{"lineNumber":10,"author":{"gitId":"TriciaBK"},"content":"    public String toString(){","lastModifiedDate":"2023-09-06"},{"lineNumber":11,"author":{"gitId":"TriciaBK"},"content":"        return \"[D] \" + super.toString() + \"(by: \" + deadline + \")\";","lastModifiedDate":"2023-09-06"},{"lineNumber":12,"author":{"gitId":"TriciaBK"},"content":"    }","lastModifiedDate":"2023-09-06"},{"lineNumber":13,"author":{"gitId":"TriciaBK"},"content":"}","lastModifiedDate":"2023-09-06"}],"authorContributionMap":{"TriciaBK":13}},{"path":"src/main/java/DukeException.java","fileType":"java","lines":[{"lineNumber":1,"author":{"gitId":"TriciaBK"},"content":"public class DukeException extends Exception {","lastModifiedDate":"2023-09-21"},{"lineNumber":2,"author":{"gitId":"TriciaBK"},"content":"","lastModifiedDate":"2023-09-22"},{"lineNumber":3,"author":{"gitId":"TriciaBK"},"content":"    public DukeException(String message) {","lastModifiedDate":"2023-09-21"},{"lineNumber":4,"author":{"gitId":"TriciaBK"},"content":"        super(message);","lastModifiedDate":"2023-09-21"},{"lineNumber":5,"author":{"gitId":"TriciaBK"},"content":"    }","lastModifiedDate":"2023-09-21"},{"lineNumber":6,"author":{"gitId":"TriciaBK"},"content":"}","lastModifiedDate":"2023-09-21"}],"authorContributionMap":{"TriciaBK":6}},{"path":"src/main/java/Event.java","fileType":"java","lines":[{"lineNumber":1,"author":{"gitId":"TriciaBK"},"content":"public class Event extends Task{","lastModifiedDate":"2023-09-06"},{"lineNumber":2,"author":{"gitId":"TriciaBK"},"content":"    private String startTime;","lastModifiedDate":"2023-09-06"},{"lineNumber":3,"author":{"gitId":"TriciaBK"},"content":"    private String endTime;","lastModifiedDate":"2023-09-06"},{"lineNumber":4,"author":{"gitId":"TriciaBK"},"content":"","lastModifiedDate":"2023-09-06"},{"lineNumber":5,"author":{"gitId":"TriciaBK"},"content":"    public Event(String taskName, String start, String end){","lastModifiedDate":"2023-09-06"},{"lineNumber":6,"author":{"gitId":"TriciaBK"},"content":"        super(taskName);","lastModifiedDate":"2023-09-06"},{"lineNumber":7,"author":{"gitId":"TriciaBK"},"content":"        this.startTime \u003d start;","lastModifiedDate":"2023-09-06"},{"lineNumber":8,"author":{"gitId":"TriciaBK"},"content":"        this.endTime \u003d end;","lastModifiedDate":"2023-09-06"},{"lineNumber":9,"author":{"gitId":"TriciaBK"},"content":"    }","lastModifiedDate":"2023-09-06"},{"lineNumber":10,"author":{"gitId":"TriciaBK"},"content":"","lastModifiedDate":"2023-09-06"},{"lineNumber":11,"author":{"gitId":"TriciaBK"},"content":"    @Override","lastModifiedDate":"2023-09-06"},{"lineNumber":12,"author":{"gitId":"TriciaBK"},"content":"    public String toString(){","lastModifiedDate":"2023-09-06"},{"lineNumber":13,"author":{"gitId":"TriciaBK"},"content":"        return \"[E] \" + super.toString() + \"(from: \" + startTime + \" to: \" + endTime + \")\";","lastModifiedDate":"2023-09-06"},{"lineNumber":14,"author":{"gitId":"TriciaBK"},"content":"    }","lastModifiedDate":"2023-09-06"},{"lineNumber":15,"author":{"gitId":"TriciaBK"},"content":"}","lastModifiedDate":"2023-09-06"}],"authorContributionMap":{"TriciaBK":15}},{"path":"src/main/java/Task.java","fileType":"java","lines":[{"lineNumber":1,"author":{"gitId":"TriciaBK"},"content":"public class Task {","lastModifiedDate":"2023-09-04"},{"lineNumber":2,"author":{"gitId":"TriciaBK"},"content":"    protected String taskName;","lastModifiedDate":"2023-09-04"},{"lineNumber":3,"author":{"gitId":"TriciaBK"},"content":"    protected boolean isDone;","lastModifiedDate":"2023-09-04"},{"lineNumber":4,"author":{"gitId":"TriciaBK"},"content":"","lastModifiedDate":"2023-09-04"},{"lineNumber":5,"author":{"gitId":"TriciaBK"},"content":"    //constructor","lastModifiedDate":"2023-09-04"},{"lineNumber":6,"author":{"gitId":"TriciaBK"},"content":"    public Task(String taskName) {","lastModifiedDate":"2023-09-04"},{"lineNumber":7,"author":{"gitId":"TriciaBK"},"content":"        this.taskName \u003d taskName;","lastModifiedDate":"2023-09-04"},{"lineNumber":8,"author":{"gitId":"TriciaBK"},"content":"        this.isDone \u003d false;","lastModifiedDate":"2023-09-04"},{"lineNumber":9,"author":{"gitId":"TriciaBK"},"content":"    }","lastModifiedDate":"2023-09-04"},{"lineNumber":10,"author":{"gitId":"TriciaBK"},"content":"","lastModifiedDate":"2023-09-04"},{"lineNumber":11,"author":{"gitId":"TriciaBK"},"content":"    //check if task is marked or unmarked","lastModifiedDate":"2023-09-05"},{"lineNumber":12,"author":{"gitId":"TriciaBK"},"content":"    public String getStatusIcon() {","lastModifiedDate":"2023-09-04"},{"lineNumber":13,"author":{"gitId":"TriciaBK"},"content":"        return (isDone ? \"X\" : \" \"); // mark done task with X","lastModifiedDate":"2023-09-04"},{"lineNumber":14,"author":{"gitId":"TriciaBK"},"content":"    }","lastModifiedDate":"2023-09-04"},{"lineNumber":15,"author":{"gitId":"TriciaBK"},"content":"","lastModifiedDate":"2023-09-04"},{"lineNumber":16,"author":{"gitId":"TriciaBK"},"content":"    //unmark task","lastModifiedDate":"2023-09-04"},{"lineNumber":17,"author":{"gitId":"TriciaBK"},"content":"    public void unmark(){","lastModifiedDate":"2023-09-04"},{"lineNumber":18,"author":{"gitId":"TriciaBK"},"content":"        this.isDone \u003d false;","lastModifiedDate":"2023-09-04"},{"lineNumber":19,"author":{"gitId":"TriciaBK"},"content":"    }","lastModifiedDate":"2023-09-04"},{"lineNumber":20,"author":{"gitId":"TriciaBK"},"content":"","lastModifiedDate":"2023-09-04"},{"lineNumber":21,"author":{"gitId":"TriciaBK"},"content":"    //mark task","lastModifiedDate":"2023-09-04"},{"lineNumber":22,"author":{"gitId":"TriciaBK"},"content":"    public void mark(){","lastModifiedDate":"2023-09-04"},{"lineNumber":23,"author":{"gitId":"TriciaBK"},"content":"        this.isDone \u003d true;","lastModifiedDate":"2023-09-04"},{"lineNumber":24,"author":{"gitId":"TriciaBK"},"content":"    }","lastModifiedDate":"2023-09-04"},{"lineNumber":25,"author":{"gitId":"TriciaBK"},"content":"","lastModifiedDate":"2023-09-04"},{"lineNumber":26,"author":{"gitId":"TriciaBK"},"content":"    @Override","lastModifiedDate":"2023-09-06"},{"lineNumber":27,"author":{"gitId":"TriciaBK"},"content":"    public String toString(){","lastModifiedDate":"2023-09-06"},{"lineNumber":28,"author":{"gitId":"TriciaBK"},"content":"        return \"[\" + this.getStatusIcon() + \"] \" + this.taskName;","lastModifiedDate":"2023-09-06"},{"lineNumber":29,"author":{"gitId":"TriciaBK"},"content":"    }","lastModifiedDate":"2023-09-04"},{"lineNumber":30,"author":{"gitId":"TriciaBK"},"content":"}","lastModifiedDate":"2023-09-04"}],"authorContributionMap":{"TriciaBK":30}},{"path":"src/main/java/Todo.java","fileType":"java","lines":[{"lineNumber":1,"author":{"gitId":"TriciaBK"},"content":"public class Todo extends Task{","lastModifiedDate":"2023-09-06"},{"lineNumber":2,"author":{"gitId":"TriciaBK"},"content":"","lastModifiedDate":"2023-09-06"},{"lineNumber":3,"author":{"gitId":"TriciaBK"},"content":"    public Todo(String taskName){","lastModifiedDate":"2023-09-06"},{"lineNumber":4,"author":{"gitId":"TriciaBK"},"content":"        super(taskName);","lastModifiedDate":"2023-09-06"},{"lineNumber":5,"author":{"gitId":"TriciaBK"},"content":"    }","lastModifiedDate":"2023-09-06"},{"lineNumber":6,"author":{"gitId":"TriciaBK"},"content":"","lastModifiedDate":"2023-09-06"},{"lineNumber":7,"author":{"gitId":"TriciaBK"},"content":"    @Override","lastModifiedDate":"2023-09-06"},{"lineNumber":8,"author":{"gitId":"TriciaBK"},"content":"    public String toString(){","lastModifiedDate":"2023-09-06"},{"lineNumber":9,"author":{"gitId":"TriciaBK"},"content":"        return \"[T] \" + super.toString();","lastModifiedDate":"2023-09-06"},{"lineNumber":10,"author":{"gitId":"TriciaBK"},"content":"    }","lastModifiedDate":"2023-09-06"},{"lineNumber":11,"author":{"gitId":"TriciaBK"},"content":"}","lastModifiedDate":"2023-09-06"}],"authorContributionMap":{"TriciaBK":11}},{"path":"text-ui-test/input.txt","fileType":"txt","lines":[{"lineNumber":1,"author":{"gitId":"TriciaBK"},"content":"todo dance","lastModifiedDate":"2023-09-07"},{"lineNumber":2,"author":{"gitId":"TriciaBK"},"content":"deadline sing /by Sunday 2359","lastModifiedDate":"2023-09-07"},{"lineNumber":3,"author":{"gitId":"TriciaBK"},"content":"event party /from Friday 2000 /to Saturday 0200","lastModifiedDate":"2023-09-07"},{"lineNumber":4,"author":{"gitId":"TriciaBK"},"content":"list","lastModifiedDate":"2023-09-07"},{"lineNumber":5,"author":{"gitId":"TriciaBK"},"content":"mark 2","lastModifiedDate":"2023-09-07"},{"lineNumber":6,"author":{"gitId":"TriciaBK"},"content":"list","lastModifiedDate":"2023-09-07"},{"lineNumber":7,"author":{"gitId":"TriciaBK"},"content":"deadline CS2113 assignment /from 0600","lastModifiedDate":"2023-09-07"},{"lineNumber":8,"author":{"gitId":"TriciaBK"},"content":"bye","lastModifiedDate":"2023-09-07"}],"authorContributionMap":{"TriciaBK":8}},{"path":"text-ui-test/runtest.bat","fileType":"bat","lines":[{"lineNumber":1,"author":{"gitId":"-"},"content":"@ECHO OFF","lastModifiedDate":"2020-05-25"},{"lineNumber":2,"author":{"gitId":"-"},"content":"","lastModifiedDate":"2020-05-25"},{"lineNumber":3,"author":{"gitId":"-"},"content":"REM create bin directory if it doesn\u0027t exist","lastModifiedDate":"2020-05-25"},{"lineNumber":4,"author":{"gitId":"-"},"content":"if not exist ..\\bin mkdir ..\\bin","lastModifiedDate":"2020-05-25"},{"lineNumber":5,"author":{"gitId":"-"},"content":"","lastModifiedDate":"2020-05-25"},{"lineNumber":6,"author":{"gitId":"-"},"content":"REM delete output from previous run","lastModifiedDate":"2020-05-25"},{"lineNumber":7,"author":{"gitId":"-"},"content":"if exist ACTUAL.TXT del ACTUAL.TXT","lastModifiedDate":"2020-08-25"},{"lineNumber":8,"author":{"gitId":"-"},"content":"","lastModifiedDate":"2020-05-25"},{"lineNumber":9,"author":{"gitId":"-"},"content":"REM compile the code into the bin folder","lastModifiedDate":"2020-05-25"},{"lineNumber":10,"author":{"gitId":"-"},"content":"javac  -cp ..\\src\\main\\java -Xlint:none -d ..\\bin ..\\src\\main\\java\\*.java","lastModifiedDate":"2020-08-25"},{"lineNumber":11,"author":{"gitId":"-"},"content":"IF ERRORLEVEL 1 (","lastModifiedDate":"2020-05-25"},{"lineNumber":12,"author":{"gitId":"-"},"content":"    echo ********** BUILD FAILURE **********","lastModifiedDate":"2020-05-25"},{"lineNumber":13,"author":{"gitId":"-"},"content":"    exit /b 1","lastModifiedDate":"2020-05-25"},{"lineNumber":14,"author":{"gitId":"-"},"content":")","lastModifiedDate":"2020-05-25"},{"lineNumber":15,"author":{"gitId":"-"},"content":"REM no error here, errorlevel \u003d\u003d 0","lastModifiedDate":"2020-05-25"},{"lineNumber":16,"author":{"gitId":"-"},"content":"","lastModifiedDate":"2020-05-25"},{"lineNumber":17,"author":{"gitId":"-"},"content":"REM run the program, feed commands from input.txt file and redirect the output to the ACTUAL.TXT","lastModifiedDate":"2020-05-25"},{"lineNumber":18,"author":{"gitId":"TriciaBK"},"content":"java -classpath ..\\bin Botbot \u003c input.txt \u003e ACTUAL.TXT","lastModifiedDate":"2023-09-07"},{"lineNumber":19,"author":{"gitId":"-"},"content":"","lastModifiedDate":"2020-05-25"},{"lineNumber":20,"author":{"gitId":"-"},"content":"REM compare the output to the expected output","lastModifiedDate":"2020-05-25"},{"lineNumber":21,"author":{"gitId":"-"},"content":"FC ACTUAL.TXT EXPECTED.TXT","lastModifiedDate":"2020-05-25"}],"authorContributionMap":{"TriciaBK":1,"-":20}}]
