{"authorDailyContributionsMap":{"TriciaBK":[{"date":"2023-09-04","commitResults":[{"hash":"a0586671b030d1b63a612755af4ac0087025f514","isMergeCommit":false,"messageTitle":"Echo","messageBody":"","fileTypesAndContributionMap":{"java":{"insertions":25,"deletions":1}}},{"hash":"1d3e578e8da4eede319067c8382a08006d408bef","isMergeCommit":false,"messageTitle":"Echo","messageBody":"","tags":["Level-1"],"fileTypesAndContributionMap":{"java":{"insertions":5,"deletions":5}}},{"hash":"b3003640c34d9afd1957ccf12aeb137d0bea4680","isMergeCommit":false,"messageTitle":"Add, List","messageBody":"","tags":["Level-2"],"fileTypesAndContributionMap":{"java":{"insertions":18,"deletions":2}}},{"hash":"b0f0cfeed48d09b799acc40bccd59e37d56a3c32","isMergeCommit":false,"messageTitle":"Mark as Done","messageBody":"","fileTypesAndContributionMap":{"java":{"insertions":2,"deletions":0}}},{"hash":"2f11fb289acb8aec8a28cdb027a63a803e223b9f","isMergeCommit":false,"messageTitle":"Level 3:Mark as Done","messageBody":"","tags":["Level-3"],"fileTypesAndContributionMap":{"java":{"insertions":51,"deletions":6}}}]},{"date":"2023-09-05","commitResults":[{"hash":"9aa841bec86e23fdebd11bdd5bd660a017d3f54f","isMergeCommit":false,"messageTitle":"removed Duke and renamed to Botbot","messageBody":"","fileTypesAndContributionMap":{"java":{"insertions":2,"deletions":6}}},{"hash":"843ed8dab75b40243ac61c88b21f8bb49f9e4780","isMergeCommit":false,"messageTitle":"added error handling of task index","messageBody":"","fileTypesAndContributionMap":{"java":{"insertions":21,"deletions":8}}},{"hash":"1147ce60c0a543c26dade630cc7836c920e797f7","isMergeCommit":false,"messageTitle":"Refactored code","messageBody":"","tags":["A-CodeQuality"],"fileTypesAndContributionMap":{"java":{"insertions":49,"deletions":37}}}]},{"date":"2023-09-06","commitResults":[{"hash":"befbebd164a30c639cc121439d0c95a1a8366661","isMergeCommit":false,"messageTitle":"added todo and deadline task types","messageBody":"","fileTypesAndContributionMap":{"java":{"insertions":86,"deletions":7}}},{"hash":"4c992d2e2ae70435da3a67d40b3c7abb432b6f5b","isMergeCommit":false,"messageTitle":"added event task type","messageBody":"","tags":["Level-4"],"fileTypesAndContributionMap":{"java":{"insertions":23,"deletions":5}}},{"hash":"3e872186e9d6464a4e10660e98b9ea4b81dc7e4b","isMergeCommit":false,"messageTitle":"coding standard","messageBody":"","tags":["error-handling"],"fileTypesAndContributionMap":{"java":{"insertions":6,"deletions":7}}},{"hash":"05157e18c0ed999ba132b4e13682da4108b84c77","isMergeCommit":false,"messageTitle":"error handling for deadline and event","messageBody":"","fileTypesAndContributionMap":{"java":{"insertions":18,"deletions":9}}}]},{"date":"2023-09-07","commitResults":[{"hash":"fae33a2d6bf07d7e6b3b923c9afed2d164ed83ee","isMergeCommit":false,"messageTitle":"updated error handling for deadline and event","messageBody":"","fileTypesAndContributionMap":{"java":{"insertions":2,"deletions":3}}},{"hash":"6ffdba348b2d5736599da23134574a503b562557","isMergeCommit":false,"messageTitle":"TextUiTesting","messageBody":"","fileTypesAndContributionMap":{"txt":{"insertions":8,"deletions":0},"bat":{"insertions":1,"deletions":1}}},{"hash":"a21e8d1395af1ee604b8853c9c195ddc22e7aa68","isMergeCommit":false,"messageTitle":"added text art","messageBody":"","fileTypesAndContributionMap":{"java":{"insertions":14,"deletions":1}}}]}]},"authorFileTypeContributionMap":{"TriciaBK":{"java":233,"md":0,"fxml":0,"sh":0,"bat":1,"gradle":0,"txt":8}},"authorContributionVariance":{"TriciaBK":2210.0544},"authorDisplayNameMap":{"TriciaBK":"CS2113-T18-1 TRIC..PING"}}
