[{"path":"src/main/java/Deadlines.java","fileType":"java","lines":[{"lineNumber":1,"author":{"gitId":"kaijie0102"},"content":"public class Deadlines extends Task{","lastModifiedDate":"2023-09-08"},{"lineNumber":2,"author":{"gitId":"kaijie0102"},"content":"    protected String deadline;","lastModifiedDate":"2023-09-08"},{"lineNumber":3,"author":{"gitId":"kaijie0102"},"content":"    public Deadlines(String description, String deadline){","lastModifiedDate":"2023-09-08"},{"lineNumber":4,"author":{"gitId":"kaijie0102"},"content":"        super(description + \" (by: \" + deadline + \")\");","lastModifiedDate":"2023-09-08"},{"lineNumber":5,"author":{"gitId":"kaijie0102"},"content":"        this.deadline \u003d deadline;","lastModifiedDate":"2023-09-08"},{"lineNumber":6,"author":{"gitId":"kaijie0102"},"content":"    }","lastModifiedDate":"2023-09-08"},{"lineNumber":7,"author":{"gitId":"kaijie0102"},"content":"","lastModifiedDate":"2023-09-08"},{"lineNumber":8,"author":{"gitId":"kaijie0102"},"content":"    public String getDeadline() {","lastModifiedDate":"2023-09-08"},{"lineNumber":9,"author":{"gitId":"kaijie0102"},"content":"        return deadline;","lastModifiedDate":"2023-09-08"},{"lineNumber":10,"author":{"gitId":"kaijie0102"},"content":"    }","lastModifiedDate":"2023-09-08"},{"lineNumber":11,"author":{"gitId":"kaijie0102"},"content":"","lastModifiedDate":"2023-09-08"},{"lineNumber":12,"author":{"gitId":"kaijie0102"},"content":"    public void setDeadline(String deadline) {","lastModifiedDate":"2023-09-08"},{"lineNumber":13,"author":{"gitId":"kaijie0102"},"content":"        this.deadline \u003d deadline;","lastModifiedDate":"2023-09-08"},{"lineNumber":14,"author":{"gitId":"kaijie0102"},"content":"    }","lastModifiedDate":"2023-09-08"},{"lineNumber":15,"author":{"gitId":"kaijie0102"},"content":"    @Override","lastModifiedDate":"2023-09-08"},{"lineNumber":16,"author":{"gitId":"kaijie0102"},"content":"    public void printTask() {","lastModifiedDate":"2023-09-08"},{"lineNumber":17,"author":{"gitId":"kaijie0102"},"content":"        System.out.print(\"[D]\");","lastModifiedDate":"2023-09-08"},{"lineNumber":18,"author":{"gitId":"kaijie0102"},"content":"        super.printTask();","lastModifiedDate":"2023-09-08"},{"lineNumber":19,"author":{"gitId":"kaijie0102"},"content":"    }","lastModifiedDate":"2023-09-08"},{"lineNumber":20,"author":{"gitId":"kaijie0102"},"content":"","lastModifiedDate":"2023-09-08"},{"lineNumber":21,"author":{"gitId":"kaijie0102"},"content":"    @Override","lastModifiedDate":"2023-09-08"},{"lineNumber":22,"author":{"gitId":"kaijie0102"},"content":"    public void announceTaskAdd(){","lastModifiedDate":"2023-09-08"},{"lineNumber":23,"author":{"gitId":"kaijie0102"},"content":"        super.announceTaskAdd();","lastModifiedDate":"2023-09-08"},{"lineNumber":24,"author":{"gitId":"kaijie0102"},"content":"        printTask();","lastModifiedDate":"2023-09-08"},{"lineNumber":25,"author":{"gitId":"kaijie0102"},"content":"    }","lastModifiedDate":"2023-09-08"},{"lineNumber":26,"author":{"gitId":"kaijie0102"},"content":"","lastModifiedDate":"2023-09-08"},{"lineNumber":27,"author":{"gitId":"kaijie0102"},"content":"}","lastModifiedDate":"2023-09-08"}],"authorContributionMap":{"kaijie0102":27}},{"path":"src/main/java/Events.java","fileType":"java","lines":[{"lineNumber":1,"author":{"gitId":"kaijie0102"},"content":"public class Events extends Task{","lastModifiedDate":"2023-09-08"},{"lineNumber":2,"author":{"gitId":"kaijie0102"},"content":"    protected Task task;","lastModifiedDate":"2023-09-08"},{"lineNumber":3,"author":{"gitId":"kaijie0102"},"content":"    protected String startTime;","lastModifiedDate":"2023-09-08"},{"lineNumber":4,"author":{"gitId":"kaijie0102"},"content":"    protected String endTime;","lastModifiedDate":"2023-09-08"},{"lineNumber":5,"author":{"gitId":"kaijie0102"},"content":"","lastModifiedDate":"2023-09-08"},{"lineNumber":6,"author":{"gitId":"kaijie0102"},"content":"    public Events(String description, String startTime, String endTime) {","lastModifiedDate":"2023-09-08"},{"lineNumber":7,"author":{"gitId":"kaijie0102"},"content":"        super(description + \" (from: \" + startTime + \" to: \" + endTime + \")\");","lastModifiedDate":"2023-09-08"},{"lineNumber":8,"author":{"gitId":"kaijie0102"},"content":"        this.startTime \u003d startTime;","lastModifiedDate":"2023-09-08"},{"lineNumber":9,"author":{"gitId":"kaijie0102"},"content":"        this.endTime \u003d endTime;","lastModifiedDate":"2023-09-08"},{"lineNumber":10,"author":{"gitId":"kaijie0102"},"content":"    }","lastModifiedDate":"2023-09-08"},{"lineNumber":11,"author":{"gitId":"kaijie0102"},"content":"","lastModifiedDate":"2023-09-08"},{"lineNumber":12,"author":{"gitId":"kaijie0102"},"content":"    public Task getTask() {","lastModifiedDate":"2023-09-08"},{"lineNumber":13,"author":{"gitId":"kaijie0102"},"content":"        return task;","lastModifiedDate":"2023-09-08"},{"lineNumber":14,"author":{"gitId":"kaijie0102"},"content":"    }","lastModifiedDate":"2023-09-08"},{"lineNumber":15,"author":{"gitId":"kaijie0102"},"content":"","lastModifiedDate":"2023-09-08"},{"lineNumber":16,"author":{"gitId":"kaijie0102"},"content":"    public void setTask(Task task) {","lastModifiedDate":"2023-09-08"},{"lineNumber":17,"author":{"gitId":"kaijie0102"},"content":"        this.task \u003d task;","lastModifiedDate":"2023-09-08"},{"lineNumber":18,"author":{"gitId":"kaijie0102"},"content":"    }","lastModifiedDate":"2023-09-08"},{"lineNumber":19,"author":{"gitId":"kaijie0102"},"content":"","lastModifiedDate":"2023-09-08"},{"lineNumber":20,"author":{"gitId":"kaijie0102"},"content":"    public String getStartTime() {","lastModifiedDate":"2023-09-08"},{"lineNumber":21,"author":{"gitId":"kaijie0102"},"content":"        return startTime;","lastModifiedDate":"2023-09-08"},{"lineNumber":22,"author":{"gitId":"kaijie0102"},"content":"    }","lastModifiedDate":"2023-09-08"},{"lineNumber":23,"author":{"gitId":"kaijie0102"},"content":"","lastModifiedDate":"2023-09-08"},{"lineNumber":24,"author":{"gitId":"kaijie0102"},"content":"    public void setStartTime(String startTime) {","lastModifiedDate":"2023-09-08"},{"lineNumber":25,"author":{"gitId":"kaijie0102"},"content":"        this.startTime \u003d startTime;","lastModifiedDate":"2023-09-08"},{"lineNumber":26,"author":{"gitId":"kaijie0102"},"content":"    }","lastModifiedDate":"2023-09-08"},{"lineNumber":27,"author":{"gitId":"kaijie0102"},"content":"","lastModifiedDate":"2023-09-08"},{"lineNumber":28,"author":{"gitId":"kaijie0102"},"content":"    public String getEndTime() {","lastModifiedDate":"2023-09-08"},{"lineNumber":29,"author":{"gitId":"kaijie0102"},"content":"        return endTime;","lastModifiedDate":"2023-09-08"},{"lineNumber":30,"author":{"gitId":"kaijie0102"},"content":"    }","lastModifiedDate":"2023-09-08"},{"lineNumber":31,"author":{"gitId":"kaijie0102"},"content":"","lastModifiedDate":"2023-09-08"},{"lineNumber":32,"author":{"gitId":"kaijie0102"},"content":"    public void setEndTime(String endTime) {","lastModifiedDate":"2023-09-08"},{"lineNumber":33,"author":{"gitId":"kaijie0102"},"content":"        this.endTime \u003d endTime;","lastModifiedDate":"2023-09-08"},{"lineNumber":34,"author":{"gitId":"kaijie0102"},"content":"    }","lastModifiedDate":"2023-09-08"},{"lineNumber":35,"author":{"gitId":"kaijie0102"},"content":"","lastModifiedDate":"2023-09-08"},{"lineNumber":36,"author":{"gitId":"kaijie0102"},"content":"    @Override","lastModifiedDate":"2023-09-08"},{"lineNumber":37,"author":{"gitId":"kaijie0102"},"content":"    public void printTask() {","lastModifiedDate":"2023-09-08"},{"lineNumber":38,"author":{"gitId":"kaijie0102"},"content":"        System.out.print(\"[E]\");","lastModifiedDate":"2023-09-08"},{"lineNumber":39,"author":{"gitId":"kaijie0102"},"content":"        super.printTask();","lastModifiedDate":"2023-09-08"},{"lineNumber":40,"author":{"gitId":"kaijie0102"},"content":"    }","lastModifiedDate":"2023-09-08"},{"lineNumber":41,"author":{"gitId":"kaijie0102"},"content":"","lastModifiedDate":"2023-09-08"},{"lineNumber":42,"author":{"gitId":"kaijie0102"},"content":"    @Override","lastModifiedDate":"2023-09-08"},{"lineNumber":43,"author":{"gitId":"kaijie0102"},"content":"    public void announceTaskAdd(){","lastModifiedDate":"2023-09-08"},{"lineNumber":44,"author":{"gitId":"kaijie0102"},"content":"        super.announceTaskAdd();","lastModifiedDate":"2023-09-08"},{"lineNumber":45,"author":{"gitId":"kaijie0102"},"content":"        printTask();","lastModifiedDate":"2023-09-08"},{"lineNumber":46,"author":{"gitId":"kaijie0102"},"content":"    }","lastModifiedDate":"2023-09-08"},{"lineNumber":47,"author":{"gitId":"kaijie0102"},"content":"}","lastModifiedDate":"2023-09-08"}],"authorContributionMap":{"kaijie0102":47}},{"path":"src/main/java/Task.java","fileType":"java","lines":[{"lineNumber":1,"author":{"gitId":"kaijie0102"},"content":"public class Task {","lastModifiedDate":"2023-09-03"},{"lineNumber":2,"author":{"gitId":"kaijie0102"},"content":"    protected String description;","lastModifiedDate":"2023-09-03"},{"lineNumber":3,"author":{"gitId":"kaijie0102"},"content":"    protected boolean isDone;","lastModifiedDate":"2023-09-03"},{"lineNumber":4,"author":{"gitId":"kaijie0102"},"content":"","lastModifiedDate":"2023-09-03"},{"lineNumber":5,"author":{"gitId":"kaijie0102"},"content":"    public Task(String description) {","lastModifiedDate":"2023-09-03"},{"lineNumber":6,"author":{"gitId":"kaijie0102"},"content":"        this.description \u003d description;","lastModifiedDate":"2023-09-03"},{"lineNumber":7,"author":{"gitId":"kaijie0102"},"content":"        this.isDone \u003d false;","lastModifiedDate":"2023-09-03"},{"lineNumber":8,"author":{"gitId":"kaijie0102"},"content":"    }","lastModifiedDate":"2023-09-03"},{"lineNumber":9,"author":{"gitId":"kaijie0102"},"content":"","lastModifiedDate":"2023-09-03"},{"lineNumber":10,"author":{"gitId":"kaijie0102"},"content":"    public String getDescription() {","lastModifiedDate":"2023-09-04"},{"lineNumber":11,"author":{"gitId":"kaijie0102"},"content":"        return description;","lastModifiedDate":"2023-09-04"},{"lineNumber":12,"author":{"gitId":"kaijie0102"},"content":"    }","lastModifiedDate":"2023-09-04"},{"lineNumber":13,"author":{"gitId":"kaijie0102"},"content":"","lastModifiedDate":"2023-09-04"},{"lineNumber":14,"author":{"gitId":"kaijie0102"},"content":"    public void setDescription(String description) {","lastModifiedDate":"2023-09-04"},{"lineNumber":15,"author":{"gitId":"kaijie0102"},"content":"        this.description \u003d description;","lastModifiedDate":"2023-09-04"},{"lineNumber":16,"author":{"gitId":"kaijie0102"},"content":"    }","lastModifiedDate":"2023-09-04"},{"lineNumber":17,"author":{"gitId":"kaijie0102"},"content":"","lastModifiedDate":"2023-09-04"},{"lineNumber":18,"author":{"gitId":"kaijie0102"},"content":"    public boolean isDone() {","lastModifiedDate":"2023-09-04"},{"lineNumber":19,"author":{"gitId":"kaijie0102"},"content":"        return isDone;","lastModifiedDate":"2023-09-04"},{"lineNumber":20,"author":{"gitId":"kaijie0102"},"content":"    }","lastModifiedDate":"2023-09-04"},{"lineNumber":21,"author":{"gitId":"kaijie0102"},"content":"","lastModifiedDate":"2023-09-04"},{"lineNumber":22,"author":{"gitId":"kaijie0102"},"content":"    public void setDone(boolean done) {","lastModifiedDate":"2023-09-04"},{"lineNumber":23,"author":{"gitId":"kaijie0102"},"content":"        isDone \u003d done;","lastModifiedDate":"2023-09-04"},{"lineNumber":24,"author":{"gitId":"kaijie0102"},"content":"    }","lastModifiedDate":"2023-09-04"},{"lineNumber":25,"author":{"gitId":"kaijie0102"},"content":"","lastModifiedDate":"2023-09-04"},{"lineNumber":26,"author":{"gitId":"kaijie0102"},"content":"    public String getStatusIcon() {","lastModifiedDate":"2023-09-03"},{"lineNumber":27,"author":{"gitId":"kaijie0102"},"content":"        return (isDone ? \"X\" : \" \"); // mark done task with X","lastModifiedDate":"2023-09-03"},{"lineNumber":28,"author":{"gitId":"kaijie0102"},"content":"    }","lastModifiedDate":"2023-09-03"},{"lineNumber":29,"author":{"gitId":"kaijie0102"},"content":"","lastModifiedDate":"2023-09-03"},{"lineNumber":30,"author":{"gitId":"kaijie0102"},"content":"    public void printTask(){","lastModifiedDate":"2023-09-03"},{"lineNumber":31,"author":{"gitId":"kaijie0102"},"content":"        System.out.println(\"[\" + this.getStatusIcon() + \"] \" + this.description);","lastModifiedDate":"2023-09-03"},{"lineNumber":32,"author":{"gitId":"kaijie0102"},"content":"    }","lastModifiedDate":"2023-09-03"},{"lineNumber":33,"author":{"gitId":"kaijie0102"},"content":"","lastModifiedDate":"2023-09-03"},{"lineNumber":34,"author":{"gitId":"kaijie0102"},"content":"}","lastModifiedDate":"2023-09-03"}],"authorContributionMap":{"kaijie0102":34}},{"path":"src/main/java/ToDos.java","fileType":"java","lines":[{"lineNumber":1,"author":{"gitId":"kaijie0102"},"content":"public class ToDos extends Task {","lastModifiedDate":"2023-09-08"},{"lineNumber":2,"author":{"gitId":"kaijie0102"},"content":"    public ToDos(String description){","lastModifiedDate":"2023-09-08"},{"lineNumber":3,"author":{"gitId":"kaijie0102"},"content":"        super(description);","lastModifiedDate":"2023-09-08"},{"lineNumber":4,"author":{"gitId":"kaijie0102"},"content":"    }","lastModifiedDate":"2023-09-08"},{"lineNumber":5,"author":{"gitId":"kaijie0102"},"content":"","lastModifiedDate":"2023-09-08"},{"lineNumber":6,"author":{"gitId":"kaijie0102"},"content":"    @Override","lastModifiedDate":"2023-09-08"},{"lineNumber":7,"author":{"gitId":"kaijie0102"},"content":"    public void printTask() {","lastModifiedDate":"2023-09-08"},{"lineNumber":8,"author":{"gitId":"kaijie0102"},"content":"        System.out.print(\"[T]\");","lastModifiedDate":"2023-09-08"},{"lineNumber":9,"author":{"gitId":"kaijie0102"},"content":"        super.printTask();","lastModifiedDate":"2023-09-08"},{"lineNumber":10,"author":{"gitId":"kaijie0102"},"content":"    }","lastModifiedDate":"2023-09-08"},{"lineNumber":11,"author":{"gitId":"kaijie0102"},"content":"","lastModifiedDate":"2023-09-08"},{"lineNumber":12,"author":{"gitId":"kaijie0102"},"content":"    @Override","lastModifiedDate":"2023-09-08"},{"lineNumber":13,"author":{"gitId":"kaijie0102"},"content":"    public void announceTaskAdd(){","lastModifiedDate":"2023-09-08"},{"lineNumber":14,"author":{"gitId":"kaijie0102"},"content":"        super.announceTaskAdd();","lastModifiedDate":"2023-09-08"},{"lineNumber":15,"author":{"gitId":"kaijie0102"},"content":"        printTask();","lastModifiedDate":"2023-09-08"},{"lineNumber":16,"author":{"gitId":"kaijie0102"},"content":"    }","lastModifiedDate":"2023-09-08"},{"lineNumber":17,"author":{"gitId":"kaijie0102"},"content":"}","lastModifiedDate":"2023-09-08"}],"authorContributionMap":{"kaijie0102":17}},{"path":"src/main/java/Torchie.java","fileType":"java","lines":[{"lineNumber":1,"author":{"gitId":"kaijie0102"},"content":"import java.util.Arrays;","lastModifiedDate":"2023-09-03"},{"lineNumber":2,"author":{"gitId":"kaijie0102"},"content":"import java.util.Scanner;","lastModifiedDate":"2023-09-02"},{"lineNumber":3,"author":{"gitId":"kaijie0102"},"content":"public class Torchie {","lastModifiedDate":"2023-08-23"},{"lineNumber":4,"author":{"gitId":"kaijie0102"},"content":"","lastModifiedDate":"2023-09-03"},{"lineNumber":5,"author":{"gitId":"kaijie0102"},"content":"    private static Task[] taskStore \u003d new Task[100];","lastModifiedDate":"2023-09-03"},{"lineNumber":6,"author":{"gitId":"kaijie0102"},"content":"    private static int taskStoreSpace \u003d 0; // keep track of next null space in array","lastModifiedDate":"2023-09-03"},{"lineNumber":7,"author":{"gitId":"kaijie0102"},"content":"    public static void main(String[] args) {","lastModifiedDate":"2023-08-23"},{"lineNumber":8,"author":{"gitId":"kaijie0102"},"content":"        Scanner scanner \u003d new Scanner(System.in);","lastModifiedDate":"2023-09-02"},{"lineNumber":9,"author":{"gitId":"kaijie0102"},"content":"","lastModifiedDate":"2023-09-02"},{"lineNumber":10,"author":{"gitId":"kaijie0102"},"content":"        System.out.println(\"Hello! I\u0027m Torchie!\");","lastModifiedDate":"2023-08-23"},{"lineNumber":11,"author":{"gitId":"kaijie0102"},"content":"        System.out.println(\"What can I do for you?\");","lastModifiedDate":"2023-08-23"},{"lineNumber":12,"author":{"gitId":"kaijie0102"},"content":"        System.out.println(\"Let\u0027s play storetorchie today! You say something and I ll store it!\");","lastModifiedDate":"2023-09-03"},{"lineNumber":13,"author":{"gitId":"kaijie0102"},"content":"","lastModifiedDate":"2023-09-02"},{"lineNumber":14,"author":{"gitId":"kaijie0102"},"content":"        String input;","lastModifiedDate":"2023-09-02"},{"lineNumber":15,"author":{"gitId":"kaijie0102"},"content":"        do {","lastModifiedDate":"2023-09-02"},{"lineNumber":16,"author":{"gitId":"kaijie0102"},"content":"            input \u003d scanner.nextLine();","lastModifiedDate":"2023-09-02"},{"lineNumber":17,"author":{"gitId":"kaijie0102"},"content":"            String firstWord \u003d input.split(\" \")[0];","lastModifiedDate":"2023-09-03"},{"lineNumber":18,"author":{"gitId":"kaijie0102"},"content":"","lastModifiedDate":"2023-09-03"},{"lineNumber":19,"author":{"gitId":"kaijie0102"},"content":"            switch(firstWord) {","lastModifiedDate":"2023-09-03"},{"lineNumber":20,"author":{"gitId":"kaijie0102"},"content":"            case \"list\":","lastModifiedDate":"2023-09-03"},{"lineNumber":21,"author":{"gitId":"kaijie0102"},"content":"                showList(taskStore);","lastModifiedDate":"2023-09-03"},{"lineNumber":22,"author":{"gitId":"kaijie0102"},"content":"                break;","lastModifiedDate":"2023-09-03"},{"lineNumber":23,"author":{"gitId":"kaijie0102"},"content":"            case \"mark\":","lastModifiedDate":"2023-09-03"},{"lineNumber":24,"author":{"gitId":"kaijie0102"},"content":"                taskStore \u003d markItem(taskStore, Integer.parseInt(input.split(\" \")[1]));","lastModifiedDate":"2023-09-03"},{"lineNumber":25,"author":{"gitId":"kaijie0102"},"content":"                break;","lastModifiedDate":"2023-09-03"},{"lineNumber":26,"author":{"gitId":"kaijie0102"},"content":"            case \"unmark\":","lastModifiedDate":"2023-09-03"},{"lineNumber":27,"author":{"gitId":"kaijie0102"},"content":"                taskStore \u003d unmarkItem(taskStore, Integer.parseInt(input.split(\" \")[1]));","lastModifiedDate":"2023-09-03"},{"lineNumber":28,"author":{"gitId":"kaijie0102"},"content":"                break;","lastModifiedDate":"2023-09-03"},{"lineNumber":29,"author":{"gitId":"kaijie0102"},"content":"            case \"bye\":","lastModifiedDate":"2023-09-03"},{"lineNumber":30,"author":{"gitId":"kaijie0102"},"content":"                System.out.println(\"Awww bye :( Let\u0027s play again soon!\");","lastModifiedDate":"2023-09-03"},{"lineNumber":31,"author":{"gitId":"kaijie0102"},"content":"                break;","lastModifiedDate":"2023-09-03"},{"lineNumber":32,"author":{"gitId":"kaijie0102"},"content":"            default:","lastModifiedDate":"2023-09-03"},{"lineNumber":33,"author":{"gitId":"kaijie0102"},"content":"                Task t \u003d new Task(input);","lastModifiedDate":"2023-09-03"},{"lineNumber":34,"author":{"gitId":"kaijie0102"},"content":"                setTaskStore(t);","lastModifiedDate":"2023-09-03"},{"lineNumber":35,"author":{"gitId":"kaijie0102"},"content":"                System.out.println(\"added: \" + input);","lastModifiedDate":"2023-09-03"},{"lineNumber":36,"author":{"gitId":"kaijie0102"},"content":"            }","lastModifiedDate":"2023-09-02"},{"lineNumber":37,"author":{"gitId":"kaijie0102"},"content":"","lastModifiedDate":"2023-09-03"},{"lineNumber":38,"author":{"gitId":"kaijie0102"},"content":"        } while (!input.equals(\"bye\"));","lastModifiedDate":"2023-09-02"},{"lineNumber":39,"author":{"gitId":"kaijie0102"},"content":"","lastModifiedDate":"2023-09-02"},{"lineNumber":40,"author":{"gitId":"kaijie0102"},"content":"    }","lastModifiedDate":"2023-08-23"},{"lineNumber":41,"author":{"gitId":"kaijie0102"},"content":"","lastModifiedDate":"2023-09-03"},{"lineNumber":42,"author":{"gitId":"kaijie0102"},"content":"    public static Task[] getTaskStore() {","lastModifiedDate":"2023-09-04"},{"lineNumber":43,"author":{"gitId":"kaijie0102"},"content":"        return taskStore;","lastModifiedDate":"2023-09-04"},{"lineNumber":44,"author":{"gitId":"kaijie0102"},"content":"    }","lastModifiedDate":"2023-09-04"},{"lineNumber":45,"author":{"gitId":"kaijie0102"},"content":"","lastModifiedDate":"2023-09-04"},{"lineNumber":46,"author":{"gitId":"kaijie0102"},"content":"    public static void setTaskStore(Task t) {","lastModifiedDate":"2023-09-03"},{"lineNumber":47,"author":{"gitId":"kaijie0102"},"content":"        taskStore[taskStoreSpace] \u003d t;","lastModifiedDate":"2023-09-03"},{"lineNumber":48,"author":{"gitId":"kaijie0102"},"content":"        taskStoreSpace +\u003d 1;","lastModifiedDate":"2023-09-03"},{"lineNumber":49,"author":{"gitId":"kaijie0102"},"content":"    }","lastModifiedDate":"2023-09-03"},{"lineNumber":50,"author":{"gitId":"kaijie0102"},"content":"","lastModifiedDate":"2023-09-03"},{"lineNumber":51,"author":{"gitId":"kaijie0102"},"content":"    public static void showList(Task[] list){","lastModifiedDate":"2023-09-03"},{"lineNumber":52,"author":{"gitId":"kaijie0102"},"content":"        System.out.println(\"Here are the tasks in your list: \");","lastModifiedDate":"2023-09-03"},{"lineNumber":53,"author":{"gitId":"kaijie0102"},"content":"        for (int i\u003d0; i\u003clist.length; i++){","lastModifiedDate":"2023-09-03"},{"lineNumber":54,"author":{"gitId":"kaijie0102"},"content":"            if (list[i] \u003d\u003d null){","lastModifiedDate":"2023-09-03"},{"lineNumber":55,"author":{"gitId":"kaijie0102"},"content":"                // only print valid tasks","lastModifiedDate":"2023-09-03"},{"lineNumber":56,"author":{"gitId":"kaijie0102"},"content":"                break;","lastModifiedDate":"2023-09-03"},{"lineNumber":57,"author":{"gitId":"kaijie0102"},"content":"            }","lastModifiedDate":"2023-09-03"},{"lineNumber":58,"author":{"gitId":"kaijie0102"},"content":"            System.out.println(( (i+1) + \".[\" + list[i].getStatusIcon() + \"] \" + list[i].getDescription()));","lastModifiedDate":"2023-09-04"},{"lineNumber":59,"author":{"gitId":"kaijie0102"},"content":"        }","lastModifiedDate":"2023-09-03"},{"lineNumber":60,"author":{"gitId":"kaijie0102"},"content":"    }","lastModifiedDate":"2023-09-03"},{"lineNumber":61,"author":{"gitId":"kaijie0102"},"content":"","lastModifiedDate":"2023-09-03"},{"lineNumber":62,"author":{"gitId":"kaijie0102"},"content":"    public static Task[] markItem(Task[] list, int itemNum){","lastModifiedDate":"2023-09-03"},{"lineNumber":63,"author":{"gitId":"kaijie0102"},"content":"        int index \u003d itemNum - 1; // obtain index of item to mark","lastModifiedDate":"2023-09-03"},{"lineNumber":64,"author":{"gitId":"kaijie0102"},"content":"        list[index].setDone(true);","lastModifiedDate":"2023-09-04"},{"lineNumber":65,"author":{"gitId":"kaijie0102"},"content":"        System.out.println(\"Nice! I\u0027ve marked this task as done: \");","lastModifiedDate":"2023-09-03"},{"lineNumber":66,"author":{"gitId":"kaijie0102"},"content":"        list[index].printTask();","lastModifiedDate":"2023-09-03"},{"lineNumber":67,"author":{"gitId":"kaijie0102"},"content":"        return list;","lastModifiedDate":"2023-09-03"},{"lineNumber":68,"author":{"gitId":"kaijie0102"},"content":"    }","lastModifiedDate":"2023-09-03"},{"lineNumber":69,"author":{"gitId":"kaijie0102"},"content":"","lastModifiedDate":"2023-09-03"},{"lineNumber":70,"author":{"gitId":"kaijie0102"},"content":"    public static Task[] unmarkItem(Task[] list, int itemNum){","lastModifiedDate":"2023-09-03"},{"lineNumber":71,"author":{"gitId":"kaijie0102"},"content":"        int index \u003d itemNum - 1; // obtain index of item to unmark","lastModifiedDate":"2023-09-03"},{"lineNumber":72,"author":{"gitId":"kaijie0102"},"content":"        list[index].setDone(false);","lastModifiedDate":"2023-09-04"},{"lineNumber":73,"author":{"gitId":"kaijie0102"},"content":"        System.out.println(\"Ok, I\u0027ve marked this task as not done yet: \");","lastModifiedDate":"2023-09-03"},{"lineNumber":74,"author":{"gitId":"kaijie0102"},"content":"        list[index].printTask();","lastModifiedDate":"2023-09-03"},{"lineNumber":75,"author":{"gitId":"kaijie0102"},"content":"        return list;","lastModifiedDate":"2023-09-03"},{"lineNumber":76,"author":{"gitId":"kaijie0102"},"content":"    }","lastModifiedDate":"2023-09-03"},{"lineNumber":77,"author":{"gitId":"kaijie0102"},"content":"","lastModifiedDate":"2023-09-03"},{"lineNumber":78,"author":{"gitId":"kaijie0102"},"content":"","lastModifiedDate":"2023-09-03"},{"lineNumber":79,"author":{"gitId":"kaijie0102"},"content":"}","lastModifiedDate":"2023-08-23"}],"authorContributionMap":{"kaijie0102":79}}]
