{"authorDailyContributionsMap":{"KenCheung18":[{"date":"2023-08-31","commitResults":[{"hash":"176526c827a1c6aa1ce347cc8d859713f904c1e1","isMergeCommit":false,"messageTitle":"Task 0","messageBody":"","tags":["Level-0"],"fileTypesAndContributionMap":{"java":{"insertions":4,"deletions":6}}},{"hash":"d9d04f2dbbcae64ff71fa5433ae2575c3a6d84ec","isMergeCommit":false,"messageTitle":"Task 1","messageBody":"","tags":["Level-1"],"fileTypesAndContributionMap":{"java":{"insertions":11,"deletions":2}}}]},{"date":"2023-09-01","commitResults":[{"hash":"5e82531ead13d9baef79cadfffeca2660b0f9470","isMergeCommit":false,"messageTitle":"task 3","messageBody":"","tags":["Level-3","Level-2","A-CodingStandard"],"fileTypesAndContributionMap":{"java":{"insertions":30,"deletions":6}}}]},{"date":"2023-09-03","commitResults":[{"hash":"5a5459c743e9897e3e3f1d83dea052ae2383dc5d","isMergeCommit":false,"messageTitle":"Change from array to class Task","messageBody":"","tags":["Level-4"],"fileTypesAndContributionMap":{"java":{"insertions":11,"deletions":13}}}]},{"date":"2023-09-06","commitResults":[{"hash":"13e1978b2fd244f5f4f6404ed366e41bd4865a20","isMergeCommit":false,"messageTitle":"Uses classes instead of using array","messageBody":"","tags":["A-CodeQuality"],"fileTypesAndContributionMap":{"java":{"insertions":87,"deletions":6}}}]},{"date":"2023-09-08","commitResults":[{"hash":"73793ce7f2ac690aa1c0c5b3a91303d2bf72c347","isMergeCommit":false,"messageTitle":"Fix the bug","messageBody":"","fileTypesAndContributionMap":{"java":{"insertions":1,"deletions":0}}}]},{"date":"2023-09-12","commitResults":[{"hash":"08ec52ad336278b37dd8f9953660b9e76f431842","isMergeCommit":false,"messageTitle":"Setting up auto test","messageBody":"","fileTypesAndContributionMap":{"txt":{"insertions":1,"deletions":0},"bat":{"insertions":1,"deletions":1}}},{"hash":"ce25a17bf5655f0c8f91b549af8830897dde66b0","isMergeCommit":false,"messageTitle":"Self test deleted","messageBody":"","fileTypesAndContributionMap":{"txt":{"insertions":2,"deletions":0}}},{"hash":"52dd5a99e288589cd14b5c3a9c34ad03f1b7b8e7","isMergeCommit":false,"messageTitle":"Exception handling for mark and unmark function","messageBody":"","fileTypesAndContributionMap":{"java":{"insertions":10,"deletions":2}}},{"hash":"ffb99e24b6389a9d6f51bd271fafb85a4c326486","isMergeCommit":false,"messageTitle":"Exception handling for deadline","messageBody":"","fileTypesAndContributionMap":{"java":{"insertions":14,"deletions":6}}},{"hash":"4f72ad232ef5edb957f37bf3b926d9453ba624d5","isMergeCommit":false,"messageTitle":"Exception handling for todo","messageBody":"","fileTypesAndContributionMap":{"java":{"insertions":5,"deletions":1}}},{"hash":"5e6936e03dd371e4cfcf197407d208c185a93a77","isMergeCommit":false,"messageTitle":"Exception handling for todo and event","messageBody":"","tags":["A-Exceptions"],"fileTypesAndContributionMap":{"java":{"insertions":29,"deletions":17}}},{"hash":"7cf05df60af5668e3cf384bf041307011069e1d9","isMergeCommit":false,"messageTitle":"Bug fix","messageBody":"","fileTypesAndContributionMap":{"java":{"insertions":8,"deletions":12}}},{"hash":"8dce591059e8522fdff3c9460af511c24034cd3a","isMergeCommit":false,"messageTitle":"Bug fix","messageBody":"","fileTypesAndContributionMap":{"java":{"insertions":1,"deletions":1}}},{"hash":"0ed872ae9448062210b49147909bdf567b2fe501","isMergeCommit":true,"messageTitle":"Merge branch \u0027master\u0027 into branch-Level-5","messageBody":"","fileTypesAndContributionMap":{}},{"hash":"551fbef1bc825911f5c2ae2efaa843bd95dc760d","isMergeCommit":false,"messageTitle":"delete spaces","messageBody":"","fileTypesAndContributionMap":{"java":{"insertions":0,"deletions":2}}},{"hash":"77cb13075cfb0df7864cb3a85653182a4237f5f8","isMergeCommit":false,"messageTitle":"merge braches","messageBody":"","fileTypesAndContributionMap":{"java":{"insertions":1,"deletions":1}}},{"hash":"e6c985745875ad24e209bacbc6d23a4f426732ce","isMergeCommit":true,"messageTitle":"Merge branch \u0027master\u0027 into branch-Level-5","messageBody":"","fileTypesAndContributionMap":{}},{"hash":"2d3c12d94be79b0a07bb4ab0361d0d80ec812c86","isMergeCommit":false,"messageTitle":"Add into package","messageBody":"","tags":["A-Packages"],"fileTypesAndContributionMap":{"txt":{"insertions":0,"deletions":2},"java":{"insertions":24,"deletions":4}}},{"hash":"34a6dc8f2e3c260f2725c14e3008552ad35bb1cc","isMergeCommit":true,"messageTitle":"Merge branch \u0027master\u0027 into branch-Level-5","messageBody":"","fileTypesAndContributionMap":{}},{"hash":"776d62bbeffa9f833a1149308dfa88df3eac7a27","isMergeCommit":false,"messageTitle":"merge","messageBody":"","fileTypesAndContributionMap":{"java":{"insertions":1,"deletions":1}}},{"hash":"dc4dc55a83e75028ac0cd20decbf130af89ab081","isMergeCommit":false,"messageTitle":"merge","messageBody":"","fileTypesAndContributionMap":{"java":{"insertions":1,"deletions":1}}},{"hash":"57a2920c3de90ec70b6be03fb580e655a6b0181b","isMergeCommit":true,"messageTitle":"Merge branch \u0027branch-Level-5\u0027","messageBody":"","tags":["branch-A-Packages","Level-5"],"fileTypesAndContributionMap":{}}]},{"date":"2023-09-18","commitResults":[{"hash":"2822858e1bbf8c6ee00062822ed42e81dc6ecf25","isMergeCommit":false,"messageTitle":"Change from if else statement to switch","messageBody":"","fileTypesAndContributionMap":{"java":{"insertions":47,"deletions":51}}}]},{"date":"2023-09-19","commitResults":[{"hash":"ada1f407e31851a5a170b3100153672a3a7e6497","isMergeCommit":false,"messageTitle":"From array size 100 to Arraylist","messageBody":"","tags":["A-Collections"],"fileTypesAndContributionMap":{"java":{"insertions":39,"deletions":32}}},{"hash":"3b43c72a79d63dbb78c2b4153aa90678adf188cd","isMergeCommit":false,"messageTitle":"Finish the delete function with exception checking","messageBody":"","fileTypesAndContributionMap":{"java":{"insertions":13,"deletions":3}}},{"hash":"a4af4846c05212e63036e49b5b94153a2a2d88f0","isMergeCommit":false,"messageTitle":"Bug fix","messageBody":"","fileTypesAndContributionMap":{"java":{"insertions":78,"deletions":65}}},{"hash":"0400ca459e5f2007677d1c0321baabf69d799eb9","isMergeCommit":false,"messageTitle":"Finish the function getFromTextFile which will get the content in the text file and add to the arraylist of task","messageBody":"","fileTypesAndContributionMap":{"java":{"insertions":55,"deletions":2}}},{"hash":"382b90fa5d2ac3a66271d18a7f7114a0cc13305f","isMergeCommit":false,"messageTitle":"Change the classes to make sure it works for saveToFile function, change the task to be abstract class","messageBody":"","fileTypesAndContributionMap":{"java":{"insertions":17,"deletions":1}}},{"hash":"8211c2c21077ff8f9a70314c3e5db9fa29159acb","isMergeCommit":false,"messageTitle":"Implement the saveToTextFile function so the text file will save the tasks and for next time use","messageBody":"","fileTypesAndContributionMap":{"java":{"insertions":25,"deletions":0}}},{"hash":"dc3aed82f499cd18d0906a05ed30c4e6d8174b88","isMergeCommit":true,"messageTitle":"Merge branch \u0027branch-level-6\u0027","messageBody":"","tags":["Level-6"],"fileTypesAndContributionMap":{}},{"hash":"5ada340573826f85cc63143064bf3169ed9e6346","isMergeCommit":true,"messageTitle":"Merge branch \u0027branch-level-7\u0027","messageBody":"","tags":["Level-7"],"fileTypesAndContributionMap":{}},{"hash":"51941e503053d16ea0e0f45ac36ff3111ddc8af4","isMergeCommit":false,"messageTitle":"Improving the program","messageBody":"","fileTypesAndContributionMap":{"java":{"insertions":3,"deletions":3}}},{"hash":"117091e1b9ee9132f1d6866af37ae6f20641dfb0","isMergeCommit":false,"messageTitle":"Creating a jar file","messageBody":"","tags":["A-Jar"],"fileTypesAndContributionMap":{"txt":{"insertions":0,"deletions":0},"java":{"insertions":1,"deletions":1}}}]},{"date":"2023-09-27","commitResults":[{"hash":"188709c6c350c9402d17da427d9a09d8d00b848f","isMergeCommit":false,"messageTitle":"Created more classes","messageBody":"","tags":["A-MoreOOP"],"fileTypesAndContributionMap":{"txt":{"insertions":7,"deletions":0},"java":{"insertions":243,"deletions":119}}}]},{"date":"2023-09-30","commitResults":[{"hash":"0c5e3658bba607e570d5939044cdc549af1cba54","isMergeCommit":false,"messageTitle":"Change from string to localDatetime on event and deadline class","messageBody":"","fileTypesAndContributionMap":{"java":{"insertions":30,"deletions":18}}},{"hash":"b879cbc0ab5b4994b5204c603805883a73a3fc72","isMergeCommit":false,"messageTitle":"Deal with the input and output to transfer it to LocalDatetime","messageBody":"","fileTypesAndContributionMap":{"txt":{"insertions":2,"deletions":6},"java":{"insertions":36,"deletions":16}}},{"hash":"b62490b65edcc8c8d7cddd705b3c4e7901476c17","isMergeCommit":false,"messageTitle":"Delete everything on the Duke.txt to recreate the environment","messageBody":"","fileTypesAndContributionMap":{"txt":{"insertions":0,"deletions":7}}},{"hash":"7d74b77d53c38ada3ba8f759c94b03a84b558724","isMergeCommit":true,"messageTitle":"Merge branch \u0027branch-Level-8\u0027","messageBody":"# Conflicts:\n#\tduke.txt\n","tags":["Level-8"],"fileTypesAndContributionMap":{}}]},{"date":"2023-10-04","commitResults":[{"hash":"56ddf1ecb279fd6effae2115c89fb43bf8272131","isMergeCommit":false,"messageTitle":"Find find function in tasklist","messageBody":"","fileTypesAndContributionMap":{"java":{"insertions":16,"deletions":0}}},{"hash":"99a13d4a1f6f16d72c7af2444fc8fc32118470e8","isMergeCommit":false,"messageTitle":"Use the find function in Tasklist to find whether a task with the name exist","messageBody":"","fileTypesAndContributionMap":{"java":{"insertions":3,"deletions":0}}},{"hash":"d73a64d351f209a819ace33f8f414542de40ea00","isMergeCommit":false,"messageTitle":"Level-9 bug fix","messageBody":"","fileTypesAndContributionMap":{"txt":{"insertions":4,"deletions":0},"java":{"insertions":134,"deletions":6}}},{"hash":"334f6fa24fc410775646a7f785ea420cac277c42","isMergeCommit":false,"messageTitle":"bug fix","messageBody":"","fileTypesAndContributionMap":{"txt":{"insertions":4,"deletions":0},"java":{"insertions":2,"deletions":8}}},{"hash":"b2353b9f044236e159dbca55ee2625a0678c3ec9","isMergeCommit":true,"messageTitle":"Merge branch \u0027branch-level-9\u0027","messageBody":"# Conflicts:\n#\tsrc/main/java/Duke/inputProcess/TaskList.java\n","tags":["Level-9"],"fileTypesAndContributionMap":{}},{"hash":"9989450bb6ae8490eb20e0a9a92f77eee3aebdf0","isMergeCommit":false,"messageTitle":"bug fix","messageBody":"","fileTypesAndContributionMap":{"java":{"insertions":0,"deletions":134}}},{"hash":"efe6c4d300e90fc47da4711921cba50060aa3918","isMergeCommit":false,"messageTitle":"JavaDoc for Duke class","messageBody":"","fileTypesAndContributionMap":{"java":{"insertions":10,"deletions":0}}},{"hash":"61bdd4e91baa469edb103924293ecd2ab44ac0c7","isMergeCommit":false,"messageTitle":"JavaDoc for tasks and TaskList","messageBody":"","fileTypesAndContributionMap":{"java":{"insertions":68,"deletions":0}}},{"hash":"066f4ed02e8fe92be743026ff0e2585ffc1faf09","isMergeCommit":false,"messageTitle":"JavaDoc for input process","messageBody":"","fileTypesAndContributionMap":{"java":{"insertions":24,"deletions":0}}},{"hash":"2d64164c7615cb94185d62de5d84e7ccc905b5c2","isMergeCommit":true,"messageTitle":"Merge branch \u0027branch-A-JavaDoc\u0027","messageBody":"","tags":["A-JavaDoc"],"fileTypesAndContributionMap":{}},{"hash":"4afd2b1468b653c24451423851396bcf08d46e27","isMergeCommit":false,"messageTitle":"code improvement","messageBody":"","fileTypesAndContributionMap":{"txt":{"insertions":6,"deletions":2},"java":{"insertions":4,"deletions":9}}},{"hash":"367bf508462545fa3a83bca9250391b3a56c68aa","isMergeCommit":false,"messageTitle":"Add user guide","messageBody":"","tags":["A-UserGuide"],"fileTypesAndContributionMap":{"java":{"insertions":7,"deletions":1},"md":{"insertions":22,"deletions":0}}},{"hash":"f2d65eaf17132a2a2985e1a43c66d10964f390ec","isMergeCommit":false,"messageTitle":"A-MoreOOP improvement","messageBody":"","fileTypesAndContributionMap":{"txt":{"insertions":0,"deletions":8},"java":{"insertions":171,"deletions":18},"md":{"insertions":0,"deletions":25}}},{"hash":"8d16497e99ec1f6b1a97fa3755430b16ed19b65c","isMergeCommit":false,"messageTitle":"Bug fixed","messageBody":"","fileTypesAndContributionMap":{"java":{"insertions":2,"deletions":110},"md":{"insertions":0,"deletions":3}}},{"hash":"7ffd75f71e88c34b1d7c1827779d7b2fa8dca16e","isMergeCommit":false,"messageTitle":"Update the user guide","messageBody":"","fileTypesAndContributionMap":{"md":{"insertions":1,"deletions":1}}},{"hash":"acd0c24e76cfe2a0a2d556dbe823c4495e2a8cd8","isMergeCommit":false,"messageTitle":"Update README.md","messageBody":"","fileTypesAndContributionMap":{"md":{"insertions":23,"deletions":2}}},{"hash":"649e15040316fe677e536999d6b59e6146a32edd","isMergeCommit":false,"messageTitle":"Update README.md","messageBody":"","fileTypesAndContributionMap":{"md":{"insertions":1,"deletions":1}}},{"hash":"08d005e79a1f929a2eacbb39a3bf226385e5aaf7","isMergeCommit":false,"messageTitle":"Update README.md","messageBody":"","fileTypesAndContributionMap":{"md":{"insertions":62,"deletions":39}}},{"hash":"d48ba4eaa62604a4f81d93a6ab234aefe7071013","isMergeCommit":false,"messageTitle":"Update README.md","messageBody":"","fileTypesAndContributionMap":{"md":{"insertions":1,"deletions":1}}},{"hash":"ee9a0e67d1f171433042390bd017a30413cade8c","isMergeCommit":false,"messageTitle":"Update README.md","messageBody":"","fileTypesAndContributionMap":{"md":{"insertions":10,"deletions":10}}},{"hash":"e70da8e708c47fe298d372b13ed9ab5b60cc1662","isMergeCommit":false,"messageTitle":"Update README.md","messageBody":"","fileTypesAndContributionMap":{"md":{"insertions":30,"deletions":30}}},{"hash":"6525d4d8b6d9f4bf45dc780073ccd84bea439b44","isMergeCommit":false,"messageTitle":"Update README.md","messageBody":"","fileTypesAndContributionMap":{"md":{"insertions":21,"deletions":21}}},{"hash":"c4ebb237f582d0650707cde5dc7f3b76c169aeb4","isMergeCommit":false,"messageTitle":"Update README.md","messageBody":"","fileTypesAndContributionMap":{"md":{"insertions":1,"deletions":1}}},{"hash":"9410123a0672a590fe012e96fb618133b32e86fb","isMergeCommit":false,"messageTitle":"Update README.md","messageBody":"","fileTypesAndContributionMap":{"md":{"insertions":15,"deletions":8}}},{"hash":"11583bcd46b52fe93276d67a4a36389fe691d257","isMergeCommit":false,"messageTitle":"Update README.md","messageBody":"","fileTypesAndContributionMap":{"md":{"insertions":13,"deletions":13}}},{"hash":"0103fdee360d02bb4fbdce65cc14eec9218bdce8","isMergeCommit":false,"messageTitle":"Changes","messageBody":"","fileTypesAndContributionMap":{"txt":{"insertions":2,"deletions":0},"java":{"insertions":18,"deletions":7}}},{"hash":"c9fff57b6333f0106dd2eeae732d87c167185157","isMergeCommit":true,"messageTitle":"Merge branch \u0027master\u0027 of https://github.com/KenCheung18/ip","messageBody":"","fileTypesAndContributionMap":{}},{"hash":"9a2a9b77fa9fd7d4f9a7a4576e5d2475e69ed41f","isMergeCommit":false,"messageTitle":"Update README.md","messageBody":"","tags":["A-Release"],"fileTypesAndContributionMap":{"md":{"insertions":15,"deletions":8}}}]}]},"authorFileTypeContributionMap":{"KenCheung18":{"java":596,"md":89,"fxml":0,"sh":0,"bat":1,"gradle":0,"txt":3}},"authorContributionVariance":{"KenCheung18":31721.291},"authorDisplayNameMap":{"KenCheung18":"CS2113-T18-3 CHEU..YUEN"}}
