[{"path":"src/main/java/cn/yfshadaow/cs2113/ip/CommandHandler.java","fileType":"java","lines":[{"lineNumber":1,"author":{"gitId":"YFshadaow"},"content":"package cn.yfshadaow.cs2113.ip;","lastModifiedDate":"2023-09-06"},{"lineNumber":2,"author":{"gitId":"YFshadaow"},"content":"","lastModifiedDate":"2023-09-06"},{"lineNumber":3,"author":{"gitId":"YFshadaow"},"content":"import java.util.List;","lastModifiedDate":"2023-09-06"},{"lineNumber":4,"author":{"gitId":"YFshadaow"},"content":"","lastModifiedDate":"2023-09-06"},{"lineNumber":5,"author":{"gitId":"YFshadaow"},"content":"public class CommandHandler {","lastModifiedDate":"2023-08-30"},{"lineNumber":6,"author":{"gitId":"YFshadaow"},"content":"","lastModifiedDate":"2023-08-30"},{"lineNumber":7,"author":{"gitId":"YFshadaow"},"content":"    private final XiaoAiBot bot;","lastModifiedDate":"2023-08-30"},{"lineNumber":8,"author":{"gitId":"YFshadaow"},"content":"    public CommandHandler(XiaoAiBot bot) {","lastModifiedDate":"2023-08-30"},{"lineNumber":9,"author":{"gitId":"YFshadaow"},"content":"        this.bot \u003d bot;","lastModifiedDate":"2023-08-30"},{"lineNumber":10,"author":{"gitId":"YFshadaow"},"content":"    }","lastModifiedDate":"2023-08-30"},{"lineNumber":11,"author":{"gitId":"YFshadaow"},"content":"","lastModifiedDate":"2023-08-30"},{"lineNumber":12,"author":{"gitId":"YFshadaow"},"content":"    public void handleCommand(String command){","lastModifiedDate":"2023-08-30"},{"lineNumber":13,"author":{"gitId":"YFshadaow"},"content":"        if (command \u003d\u003d null) {","lastModifiedDate":"2023-08-30"},{"lineNumber":14,"author":{"gitId":"YFshadaow"},"content":"            bot.sendMessage(\"Command is null!\");","lastModifiedDate":"2023-09-06"},{"lineNumber":15,"author":{"gitId":"YFshadaow"},"content":"            return;","lastModifiedDate":"2023-08-30"},{"lineNumber":16,"author":{"gitId":"YFshadaow"},"content":"        }","lastModifiedDate":"2023-08-30"},{"lineNumber":17,"author":{"gitId":"YFshadaow"},"content":"        String[] splitCommand \u003d command.split(\" \");","lastModifiedDate":"2023-08-30"},{"lineNumber":18,"author":{"gitId":"YFshadaow"},"content":"        if (splitCommand.length \u003c 1) {","lastModifiedDate":"2023-08-30"},{"lineNumber":19,"author":{"gitId":"YFshadaow"},"content":"            bot.sendMessage(\"No command detected!\");","lastModifiedDate":"2023-09-06"},{"lineNumber":20,"author":{"gitId":"YFshadaow"},"content":"            return;","lastModifiedDate":"2023-08-30"},{"lineNumber":21,"author":{"gitId":"YFshadaow"},"content":"        }","lastModifiedDate":"2023-08-30"},{"lineNumber":22,"author":{"gitId":"YFshadaow"},"content":"        String[] args \u003d new String[splitCommand.length - 1];","lastModifiedDate":"2023-08-30"},{"lineNumber":23,"author":{"gitId":"YFshadaow"},"content":"        System.arraycopy(splitCommand, 1, args, 0, splitCommand.length - 1);","lastModifiedDate":"2023-08-30"},{"lineNumber":24,"author":{"gitId":"YFshadaow"},"content":"        bot.sendSplit();","lastModifiedDate":"2023-09-06"},{"lineNumber":25,"author":{"gitId":"YFshadaow"},"content":"        switch (splitCommand[0]) {","lastModifiedDate":"2023-08-30"},{"lineNumber":26,"author":{"gitId":"YFshadaow"},"content":"            case \"bye\": {","lastModifiedDate":"2023-09-06"},{"lineNumber":27,"author":{"gitId":"YFshadaow"},"content":"                bot.setShouldQuit(true);","lastModifiedDate":"2023-08-30"},{"lineNumber":28,"author":{"gitId":"YFshadaow"},"content":"                break;","lastModifiedDate":"2023-08-30"},{"lineNumber":29,"author":{"gitId":"YFshadaow"},"content":"            }","lastModifiedDate":"2023-09-06"},{"lineNumber":30,"author":{"gitId":"YFshadaow"},"content":"            case \"mark\": {","lastModifiedDate":"2023-09-06"},{"lineNumber":31,"author":{"gitId":"YFshadaow"},"content":"                if (args.length !\u003d 1) {","lastModifiedDate":"2023-09-06"},{"lineNumber":32,"author":{"gitId":"YFshadaow"},"content":"                    bot.sendMessage(\"Incorrect arguments\");","lastModifiedDate":"2023-09-06"},{"lineNumber":33,"author":{"gitId":"YFshadaow"},"content":"                }","lastModifiedDate":"2023-09-06"},{"lineNumber":34,"author":{"gitId":"YFshadaow"},"content":"                int index \u003d 0;","lastModifiedDate":"2023-09-06"},{"lineNumber":35,"author":{"gitId":"YFshadaow"},"content":"                try {","lastModifiedDate":"2023-09-06"},{"lineNumber":36,"author":{"gitId":"YFshadaow"},"content":"                    index \u003d Integer.parseInt(args[0]);","lastModifiedDate":"2023-09-06"},{"lineNumber":37,"author":{"gitId":"YFshadaow"},"content":"                } catch (Exception e) {","lastModifiedDate":"2023-09-06"},{"lineNumber":38,"author":{"gitId":"YFshadaow"},"content":"                    e.printStackTrace();","lastModifiedDate":"2023-09-06"},{"lineNumber":39,"author":{"gitId":"YFshadaow"},"content":"                    break;","lastModifiedDate":"2023-09-06"},{"lineNumber":40,"author":{"gitId":"YFshadaow"},"content":"                }","lastModifiedDate":"2023-09-06"},{"lineNumber":41,"author":{"gitId":"YFshadaow"},"content":"                try {","lastModifiedDate":"2023-09-06"},{"lineNumber":42,"author":{"gitId":"YFshadaow"},"content":"                    bot.getTasks().get(index - 1).setDone(true);","lastModifiedDate":"2023-09-06"},{"lineNumber":43,"author":{"gitId":"YFshadaow"},"content":"                } catch (Exception e) {","lastModifiedDate":"2023-09-06"},{"lineNumber":44,"author":{"gitId":"YFshadaow"},"content":"                    e.printStackTrace();","lastModifiedDate":"2023-09-06"},{"lineNumber":45,"author":{"gitId":"YFshadaow"},"content":"                    break;","lastModifiedDate":"2023-09-06"},{"lineNumber":46,"author":{"gitId":"YFshadaow"},"content":"                }","lastModifiedDate":"2023-09-06"},{"lineNumber":47,"author":{"gitId":"YFshadaow"},"content":"                bot.sendMessageWithoutSplit(\"Nice! I\u0027ve marked this task as done:\");","lastModifiedDate":"2023-09-06"},{"lineNumber":48,"author":{"gitId":"YFshadaow"},"content":"                bot.sendMessage(bot.getTasks().get(index - 1).toStringWithIsDone());","lastModifiedDate":"2023-09-06"},{"lineNumber":49,"author":{"gitId":"YFshadaow"},"content":"                break;","lastModifiedDate":"2023-09-06"},{"lineNumber":50,"author":{"gitId":"YFshadaow"},"content":"            }","lastModifiedDate":"2023-09-06"},{"lineNumber":51,"author":{"gitId":"YFshadaow"},"content":"            case \"unmark\": {","lastModifiedDate":"2023-09-06"},{"lineNumber":52,"author":{"gitId":"YFshadaow"},"content":"                if (args.length !\u003d 1) {","lastModifiedDate":"2023-09-06"},{"lineNumber":53,"author":{"gitId":"YFshadaow"},"content":"                    bot.sendMessage(\"Incorrect arguments\");","lastModifiedDate":"2023-09-06"},{"lineNumber":54,"author":{"gitId":"YFshadaow"},"content":"                }","lastModifiedDate":"2023-09-06"},{"lineNumber":55,"author":{"gitId":"YFshadaow"},"content":"                int index \u003d 0;","lastModifiedDate":"2023-09-06"},{"lineNumber":56,"author":{"gitId":"YFshadaow"},"content":"                try {","lastModifiedDate":"2023-09-06"},{"lineNumber":57,"author":{"gitId":"YFshadaow"},"content":"                    index \u003d Integer.parseInt(args[0]);","lastModifiedDate":"2023-09-06"},{"lineNumber":58,"author":{"gitId":"YFshadaow"},"content":"                } catch (Exception e) {","lastModifiedDate":"2023-09-06"},{"lineNumber":59,"author":{"gitId":"YFshadaow"},"content":"                    e.printStackTrace();","lastModifiedDate":"2023-09-06"},{"lineNumber":60,"author":{"gitId":"YFshadaow"},"content":"                    break;","lastModifiedDate":"2023-09-06"},{"lineNumber":61,"author":{"gitId":"YFshadaow"},"content":"                }","lastModifiedDate":"2023-09-06"},{"lineNumber":62,"author":{"gitId":"YFshadaow"},"content":"                try {","lastModifiedDate":"2023-09-06"},{"lineNumber":63,"author":{"gitId":"YFshadaow"},"content":"                    bot.getTasks().get(index - 1).setDone(false);","lastModifiedDate":"2023-09-06"},{"lineNumber":64,"author":{"gitId":"YFshadaow"},"content":"                } catch (Exception e) {","lastModifiedDate":"2023-09-06"},{"lineNumber":65,"author":{"gitId":"YFshadaow"},"content":"                    e.printStackTrace();","lastModifiedDate":"2023-09-06"},{"lineNumber":66,"author":{"gitId":"YFshadaow"},"content":"                    break;","lastModifiedDate":"2023-09-06"},{"lineNumber":67,"author":{"gitId":"YFshadaow"},"content":"                }","lastModifiedDate":"2023-09-06"},{"lineNumber":68,"author":{"gitId":"YFshadaow"},"content":"                bot.sendMessageWithoutSplit(\"OK, I\u0027ve marked this task as not done yet:\");","lastModifiedDate":"2023-09-06"},{"lineNumber":69,"author":{"gitId":"YFshadaow"},"content":"                bot.sendMessage(bot.getTasks().get(index - 1).toStringWithIsDone());","lastModifiedDate":"2023-09-06"},{"lineNumber":70,"author":{"gitId":"YFshadaow"},"content":"                break;","lastModifiedDate":"2023-09-06"},{"lineNumber":71,"author":{"gitId":"YFshadaow"},"content":"            }","lastModifiedDate":"2023-09-06"},{"lineNumber":72,"author":{"gitId":"YFshadaow"},"content":"            case \"list\": {","lastModifiedDate":"2023-09-06"},{"lineNumber":73,"author":{"gitId":"YFshadaow"},"content":"                List\u003cTask\u003e tasks \u003d bot.getTasks();","lastModifiedDate":"2023-09-06"},{"lineNumber":74,"author":{"gitId":"YFshadaow"},"content":"                for (int i \u003d 0; i \u003c tasks.size(); i +\u003d 1) {","lastModifiedDate":"2023-09-06"},{"lineNumber":75,"author":{"gitId":"YFshadaow"},"content":"                    Task task \u003d tasks.get(i);","lastModifiedDate":"2023-09-06"},{"lineNumber":76,"author":{"gitId":"YFshadaow"},"content":"                    bot.sendMessageWithoutSplit((i + 1) + \".\" + task.toStringWithIsDone());","lastModifiedDate":"2023-09-06"},{"lineNumber":77,"author":{"gitId":"YFshadaow"},"content":"                }","lastModifiedDate":"2023-09-06"},{"lineNumber":78,"author":{"gitId":"YFshadaow"},"content":"                bot.sendSplit();","lastModifiedDate":"2023-09-06"},{"lineNumber":79,"author":{"gitId":"YFshadaow"},"content":"                break;","lastModifiedDate":"2023-09-06"},{"lineNumber":80,"author":{"gitId":"YFshadaow"},"content":"            }","lastModifiedDate":"2023-09-06"},{"lineNumber":81,"author":{"gitId":"YFshadaow"},"content":"            default: {","lastModifiedDate":"2023-09-06"},{"lineNumber":82,"author":{"gitId":"YFshadaow"},"content":"                bot.getTasks().add(new Task(command));","lastModifiedDate":"2023-09-06"},{"lineNumber":83,"author":{"gitId":"YFshadaow"},"content":"                bot.sendMessage(\"added \" + command);","lastModifiedDate":"2023-09-06"},{"lineNumber":84,"author":{"gitId":"YFshadaow"},"content":"            }","lastModifiedDate":"2023-08-30"},{"lineNumber":85,"author":{"gitId":"YFshadaow"},"content":"        }","lastModifiedDate":"2023-08-30"},{"lineNumber":86,"author":{"gitId":"YFshadaow"},"content":"    }","lastModifiedDate":"2023-08-30"},{"lineNumber":87,"author":{"gitId":"YFshadaow"},"content":"}","lastModifiedDate":"2023-09-06"}],"authorContributionMap":{"YFshadaow":87}},{"path":"src/main/java/cn/yfshadaow/cs2113/ip/Duke.java","fileType":"java","lines":[{"lineNumber":1,"author":{"gitId":"YFshadaow"},"content":"package cn.yfshadaow.cs2113.ip;","lastModifiedDate":"2023-09-06"},{"lineNumber":2,"author":{"gitId":"YFshadaow"},"content":"","lastModifiedDate":"2023-09-06"},{"lineNumber":3,"author":{"gitId":"-"},"content":"public class Duke {","lastModifiedDate":"2019-07-29"},{"lineNumber":4,"author":{"gitId":"YFshadaow"},"content":"","lastModifiedDate":"2023-08-30"},{"lineNumber":5,"author":{"gitId":"-"},"content":"    public static void main(String[] args) {","lastModifiedDate":"2019-07-29"},{"lineNumber":6,"author":{"gitId":"YFshadaow"},"content":"        XiaoAiBot bot \u003d new XiaoAiBot();","lastModifiedDate":"2023-08-30"},{"lineNumber":7,"author":{"gitId":"YFshadaow"},"content":"        bot.start();","lastModifiedDate":"2023-08-30"},{"lineNumber":8,"author":{"gitId":"-"},"content":"    }","lastModifiedDate":"2019-07-29"},{"lineNumber":9,"author":{"gitId":"-"},"content":"}","lastModifiedDate":"2019-07-29"}],"authorContributionMap":{"-":4,"YFshadaow":5}},{"path":"src/main/java/cn/yfshadaow/cs2113/ip/Task.java","fileType":"java","lines":[{"lineNumber":1,"author":{"gitId":"YFshadaow"},"content":"package cn.yfshadaow.cs2113.ip;","lastModifiedDate":"2023-09-06"},{"lineNumber":2,"author":{"gitId":"YFshadaow"},"content":"","lastModifiedDate":"2023-09-06"},{"lineNumber":3,"author":{"gitId":"YFshadaow"},"content":"public class Task {","lastModifiedDate":"2023-09-06"},{"lineNumber":4,"author":{"gitId":"YFshadaow"},"content":"    private boolean isDone \u003d false;","lastModifiedDate":"2023-09-06"},{"lineNumber":5,"author":{"gitId":"YFshadaow"},"content":"    private String name;","lastModifiedDate":"2023-09-06"},{"lineNumber":6,"author":{"gitId":"YFshadaow"},"content":"","lastModifiedDate":"2023-09-06"},{"lineNumber":7,"author":{"gitId":"YFshadaow"},"content":"    public boolean isDone() {","lastModifiedDate":"2023-09-06"},{"lineNumber":8,"author":{"gitId":"YFshadaow"},"content":"        return isDone;","lastModifiedDate":"2023-09-06"},{"lineNumber":9,"author":{"gitId":"YFshadaow"},"content":"    }","lastModifiedDate":"2023-09-06"},{"lineNumber":10,"author":{"gitId":"YFshadaow"},"content":"","lastModifiedDate":"2023-09-06"},{"lineNumber":11,"author":{"gitId":"YFshadaow"},"content":"    public void setDone(boolean done) {","lastModifiedDate":"2023-09-06"},{"lineNumber":12,"author":{"gitId":"YFshadaow"},"content":"        isDone \u003d done;","lastModifiedDate":"2023-09-06"},{"lineNumber":13,"author":{"gitId":"YFshadaow"},"content":"    }","lastModifiedDate":"2023-09-06"},{"lineNumber":14,"author":{"gitId":"YFshadaow"},"content":"","lastModifiedDate":"2023-09-06"},{"lineNumber":15,"author":{"gitId":"YFshadaow"},"content":"    public String getName() {","lastModifiedDate":"2023-09-06"},{"lineNumber":16,"author":{"gitId":"YFshadaow"},"content":"        return name;","lastModifiedDate":"2023-09-06"},{"lineNumber":17,"author":{"gitId":"YFshadaow"},"content":"    }","lastModifiedDate":"2023-09-06"},{"lineNumber":18,"author":{"gitId":"YFshadaow"},"content":"","lastModifiedDate":"2023-09-06"},{"lineNumber":19,"author":{"gitId":"YFshadaow"},"content":"    public void setName(String name) {","lastModifiedDate":"2023-09-06"},{"lineNumber":20,"author":{"gitId":"YFshadaow"},"content":"        this.name \u003d name;","lastModifiedDate":"2023-09-06"},{"lineNumber":21,"author":{"gitId":"YFshadaow"},"content":"    }","lastModifiedDate":"2023-09-06"},{"lineNumber":22,"author":{"gitId":"YFshadaow"},"content":"","lastModifiedDate":"2023-09-06"},{"lineNumber":23,"author":{"gitId":"YFshadaow"},"content":"","lastModifiedDate":"2023-09-06"},{"lineNumber":24,"author":{"gitId":"YFshadaow"},"content":"    public Task(String name) {","lastModifiedDate":"2023-09-06"},{"lineNumber":25,"author":{"gitId":"YFshadaow"},"content":"        this.name \u003d name;","lastModifiedDate":"2023-09-06"},{"lineNumber":26,"author":{"gitId":"YFshadaow"},"content":"    }","lastModifiedDate":"2023-09-06"},{"lineNumber":27,"author":{"gitId":"YFshadaow"},"content":"","lastModifiedDate":"2023-09-06"},{"lineNumber":28,"author":{"gitId":"YFshadaow"},"content":"    public Task(String name, boolean isDone) {","lastModifiedDate":"2023-09-06"},{"lineNumber":29,"author":{"gitId":"YFshadaow"},"content":"        this.name \u003d name;","lastModifiedDate":"2023-09-06"},{"lineNumber":30,"author":{"gitId":"YFshadaow"},"content":"        this.isDone \u003d isDone;","lastModifiedDate":"2023-09-06"},{"lineNumber":31,"author":{"gitId":"YFshadaow"},"content":"    }","lastModifiedDate":"2023-09-06"},{"lineNumber":32,"author":{"gitId":"YFshadaow"},"content":"","lastModifiedDate":"2023-09-06"},{"lineNumber":33,"author":{"gitId":"YFshadaow"},"content":"    public String toStringWithIsDone() {","lastModifiedDate":"2023-09-06"},{"lineNumber":34,"author":{"gitId":"YFshadaow"},"content":"        return \"[\" + (isDone ? \"X\" : \" \") + \"] \" + name;","lastModifiedDate":"2023-09-06"},{"lineNumber":35,"author":{"gitId":"YFshadaow"},"content":"    }","lastModifiedDate":"2023-09-06"},{"lineNumber":36,"author":{"gitId":"YFshadaow"},"content":"}","lastModifiedDate":"2023-09-06"}],"authorContributionMap":{"YFshadaow":36}},{"path":"src/main/java/cn/yfshadaow/cs2113/ip/XiaoAiBot.java","fileType":"java","lines":[{"lineNumber":1,"author":{"gitId":"YFshadaow"},"content":"package cn.yfshadaow.cs2113.ip;","lastModifiedDate":"2023-09-06"},{"lineNumber":2,"author":{"gitId":"YFshadaow"},"content":"","lastModifiedDate":"2023-09-06"},{"lineNumber":3,"author":{"gitId":"YFshadaow"},"content":"import java.util.ArrayList;","lastModifiedDate":"2023-09-06"},{"lineNumber":4,"author":{"gitId":"YFshadaow"},"content":"import java.util.List;","lastModifiedDate":"2023-09-06"},{"lineNumber":5,"author":{"gitId":"YFshadaow"},"content":"import java.util.Scanner;","lastModifiedDate":"2023-08-30"},{"lineNumber":6,"author":{"gitId":"YFshadaow"},"content":"","lastModifiedDate":"2023-08-30"},{"lineNumber":7,"author":{"gitId":"YFshadaow"},"content":"public class XiaoAiBot {","lastModifiedDate":"2023-08-30"},{"lineNumber":8,"author":{"gitId":"YFshadaow"},"content":"    private final String BOT_NAME \u003d \"XiaoAi\";","lastModifiedDate":"2023-08-30"},{"lineNumber":9,"author":{"gitId":"YFshadaow"},"content":"    private final String SPLIT \u003d \"____________________________________________\";","lastModifiedDate":"2023-09-06"},{"lineNumber":10,"author":{"gitId":"YFshadaow"},"content":"    private final String GREET_MESSAGE \u003d \"Welcome back, master!\\n\" +","lastModifiedDate":"2023-08-30"},{"lineNumber":11,"author":{"gitId":"YFshadaow"},"content":"            BOT_NAME + \" here. What can I do for you?\";","lastModifiedDate":"2023-08-30"},{"lineNumber":12,"author":{"gitId":"YFshadaow"},"content":"","lastModifiedDate":"2023-08-30"},{"lineNumber":13,"author":{"gitId":"YFshadaow"},"content":"    private final String QUIT_MESSAGE \u003d \"See you next time, master!\";","lastModifiedDate":"2023-08-30"},{"lineNumber":14,"author":{"gitId":"YFshadaow"},"content":"","lastModifiedDate":"2023-08-30"},{"lineNumber":15,"author":{"gitId":"YFshadaow"},"content":"","lastModifiedDate":"2023-09-06"},{"lineNumber":16,"author":{"gitId":"YFshadaow"},"content":"    private final List\u003cTask\u003e tasks \u003d new ArrayList\u003c\u003e();","lastModifiedDate":"2023-09-06"},{"lineNumber":17,"author":{"gitId":"YFshadaow"},"content":"","lastModifiedDate":"2023-09-06"},{"lineNumber":18,"author":{"gitId":"YFshadaow"},"content":"    public List\u003cTask\u003e getTasks() {","lastModifiedDate":"2023-09-06"},{"lineNumber":19,"author":{"gitId":"YFshadaow"},"content":"        return tasks;","lastModifiedDate":"2023-09-06"},{"lineNumber":20,"author":{"gitId":"YFshadaow"},"content":"    }","lastModifiedDate":"2023-09-06"},{"lineNumber":21,"author":{"gitId":"YFshadaow"},"content":"","lastModifiedDate":"2023-09-06"},{"lineNumber":22,"author":{"gitId":"YFshadaow"},"content":"","lastModifiedDate":"2023-09-06"},{"lineNumber":23,"author":{"gitId":"YFshadaow"},"content":"    public CommandHandler getCommandHandler() {","lastModifiedDate":"2023-08-30"},{"lineNumber":24,"author":{"gitId":"YFshadaow"},"content":"        return commandHandler;","lastModifiedDate":"2023-08-30"},{"lineNumber":25,"author":{"gitId":"YFshadaow"},"content":"    }","lastModifiedDate":"2023-08-30"},{"lineNumber":26,"author":{"gitId":"YFshadaow"},"content":"","lastModifiedDate":"2023-08-30"},{"lineNumber":27,"author":{"gitId":"YFshadaow"},"content":"    private final CommandHandler commandHandler \u003d new CommandHandler(this);","lastModifiedDate":"2023-09-06"},{"lineNumber":28,"author":{"gitId":"YFshadaow"},"content":"    private final Scanner scanner \u003d new Scanner(System.in);","lastModifiedDate":"2023-09-06"},{"lineNumber":29,"author":{"gitId":"YFshadaow"},"content":"","lastModifiedDate":"2023-08-30"},{"lineNumber":30,"author":{"gitId":"YFshadaow"},"content":"    public void setShouldQuit(boolean shouldQuit) {","lastModifiedDate":"2023-08-30"},{"lineNumber":31,"author":{"gitId":"YFshadaow"},"content":"        this.shouldQuit \u003d shouldQuit;","lastModifiedDate":"2023-08-30"},{"lineNumber":32,"author":{"gitId":"YFshadaow"},"content":"    }","lastModifiedDate":"2023-08-30"},{"lineNumber":33,"author":{"gitId":"YFshadaow"},"content":"","lastModifiedDate":"2023-08-30"},{"lineNumber":34,"author":{"gitId":"YFshadaow"},"content":"    private boolean shouldQuit \u003d false;","lastModifiedDate":"2023-08-30"},{"lineNumber":35,"author":{"gitId":"YFshadaow"},"content":"","lastModifiedDate":"2023-08-30"},{"lineNumber":36,"author":{"gitId":"YFshadaow"},"content":"    private void initialize() {","lastModifiedDate":"2023-08-30"},{"lineNumber":37,"author":{"gitId":"YFshadaow"},"content":"        // for further modification","lastModifiedDate":"2023-08-30"},{"lineNumber":38,"author":{"gitId":"YFshadaow"},"content":"    }","lastModifiedDate":"2023-08-30"},{"lineNumber":39,"author":{"gitId":"YFshadaow"},"content":"","lastModifiedDate":"2023-08-30"},{"lineNumber":40,"author":{"gitId":"YFshadaow"},"content":"    public void sendMessage(String message) {","lastModifiedDate":"2023-09-06"},{"lineNumber":41,"author":{"gitId":"YFshadaow"},"content":"        sendMessageWithoutSplit(message);","lastModifiedDate":"2023-09-06"},{"lineNumber":42,"author":{"gitId":"YFshadaow"},"content":"        sendSplit();","lastModifiedDate":"2023-09-06"},{"lineNumber":43,"author":{"gitId":"YFshadaow"},"content":"    }","lastModifiedDate":"2023-09-06"},{"lineNumber":44,"author":{"gitId":"YFshadaow"},"content":"","lastModifiedDate":"2023-09-06"},{"lineNumber":45,"author":{"gitId":"YFshadaow"},"content":"    public void sendMessageWithoutSplit(String message) {","lastModifiedDate":"2023-09-06"},{"lineNumber":46,"author":{"gitId":"YFshadaow"},"content":"        System.out.println(message);","lastModifiedDate":"2023-08-30"},{"lineNumber":47,"author":{"gitId":"YFshadaow"},"content":"    }","lastModifiedDate":"2023-08-30"},{"lineNumber":48,"author":{"gitId":"YFshadaow"},"content":"    public void sendSplit() {","lastModifiedDate":"2023-09-06"},{"lineNumber":49,"author":{"gitId":"YFshadaow"},"content":"        System.out.println(SPLIT);","lastModifiedDate":"2023-09-06"},{"lineNumber":50,"author":{"gitId":"YFshadaow"},"content":"    }","lastModifiedDate":"2023-08-30"},{"lineNumber":51,"author":{"gitId":"YFshadaow"},"content":"","lastModifiedDate":"2023-08-30"},{"lineNumber":52,"author":{"gitId":"YFshadaow"},"content":"    public String readLine() {","lastModifiedDate":"2023-08-30"},{"lineNumber":53,"author":{"gitId":"YFshadaow"},"content":"        try {","lastModifiedDate":"2023-08-30"},{"lineNumber":54,"author":{"gitId":"YFshadaow"},"content":"            return scanner.nextLine();","lastModifiedDate":"2023-08-30"},{"lineNumber":55,"author":{"gitId":"YFshadaow"},"content":"        } catch (Exception e) {","lastModifiedDate":"2023-08-30"},{"lineNumber":56,"author":{"gitId":"YFshadaow"},"content":"            e.printStackTrace();","lastModifiedDate":"2023-08-30"},{"lineNumber":57,"author":{"gitId":"YFshadaow"},"content":"            return null;","lastModifiedDate":"2023-08-30"},{"lineNumber":58,"author":{"gitId":"YFshadaow"},"content":"        }","lastModifiedDate":"2023-08-30"},{"lineNumber":59,"author":{"gitId":"YFshadaow"},"content":"    }","lastModifiedDate":"2023-08-30"},{"lineNumber":60,"author":{"gitId":"YFshadaow"},"content":"","lastModifiedDate":"2023-08-30"},{"lineNumber":61,"author":{"gitId":"YFshadaow"},"content":"    public void start() {","lastModifiedDate":"2023-08-30"},{"lineNumber":62,"author":{"gitId":"YFshadaow"},"content":"        initialize();","lastModifiedDate":"2023-08-30"},{"lineNumber":63,"author":{"gitId":"YFshadaow"},"content":"        sendMessage(GREET_MESSAGE);","lastModifiedDate":"2023-09-06"},{"lineNumber":64,"author":{"gitId":"YFshadaow"},"content":"","lastModifiedDate":"2023-08-30"},{"lineNumber":65,"author":{"gitId":"YFshadaow"},"content":"        while (!shouldQuit) {","lastModifiedDate":"2023-08-30"},{"lineNumber":66,"author":{"gitId":"YFshadaow"},"content":"            String command \u003d readLine();","lastModifiedDate":"2023-08-30"},{"lineNumber":67,"author":{"gitId":"YFshadaow"},"content":"            commandHandler.handleCommand(command);","lastModifiedDate":"2023-08-30"},{"lineNumber":68,"author":{"gitId":"YFshadaow"},"content":"        }","lastModifiedDate":"2023-08-30"},{"lineNumber":69,"author":{"gitId":"YFshadaow"},"content":"","lastModifiedDate":"2023-08-30"},{"lineNumber":70,"author":{"gitId":"YFshadaow"},"content":"        sendMessage(QUIT_MESSAGE);","lastModifiedDate":"2023-09-06"},{"lineNumber":71,"author":{"gitId":"YFshadaow"},"content":"    }","lastModifiedDate":"2023-08-30"},{"lineNumber":72,"author":{"gitId":"YFshadaow"},"content":"}","lastModifiedDate":"2023-08-30"}],"authorContributionMap":{"YFshadaow":72}},{"path":"text-ui-test/runtest.bat","fileType":"bat","lines":[{"lineNumber":1,"author":{"gitId":"-"},"content":"@ECHO OFF","lastModifiedDate":"2020-05-25"},{"lineNumber":2,"author":{"gitId":"-"},"content":"","lastModifiedDate":"2020-05-25"},{"lineNumber":3,"author":{"gitId":"-"},"content":"REM create bin directory if it doesn\u0027t exist","lastModifiedDate":"2020-05-25"},{"lineNumber":4,"author":{"gitId":"-"},"content":"if not exist ..\\bin mkdir ..\\bin","lastModifiedDate":"2020-05-25"},{"lineNumber":5,"author":{"gitId":"-"},"content":"","lastModifiedDate":"2020-05-25"},{"lineNumber":6,"author":{"gitId":"-"},"content":"REM delete output from previous run","lastModifiedDate":"2020-05-25"},{"lineNumber":7,"author":{"gitId":"-"},"content":"if exist ACTUAL.TXT del ACTUAL.TXT","lastModifiedDate":"2020-08-25"},{"lineNumber":8,"author":{"gitId":"-"},"content":"","lastModifiedDate":"2020-05-25"},{"lineNumber":9,"author":{"gitId":"-"},"content":"REM compile the code into the bin folder","lastModifiedDate":"2020-05-25"},{"lineNumber":10,"author":{"gitId":"YFshadaow"},"content":"javac -cp ..\\src\\main\\java -Xlint:none -d ..\\bin ..\\src\\main\\java\\cn\\yfshadaow\\cs2113\\ip\\*.java","lastModifiedDate":"2023-09-06"},{"lineNumber":11,"author":{"gitId":"-"},"content":"IF ERRORLEVEL 1 (","lastModifiedDate":"2020-05-25"},{"lineNumber":12,"author":{"gitId":"-"},"content":"    echo ********** BUILD FAILURE **********","lastModifiedDate":"2020-05-25"},{"lineNumber":13,"author":{"gitId":"-"},"content":"    exit /b 1","lastModifiedDate":"2020-05-25"},{"lineNumber":14,"author":{"gitId":"-"},"content":")","lastModifiedDate":"2020-05-25"},{"lineNumber":15,"author":{"gitId":"-"},"content":"REM no error here, errorlevel \u003d\u003d 0","lastModifiedDate":"2020-05-25"},{"lineNumber":16,"author":{"gitId":"-"},"content":"","lastModifiedDate":"2020-05-25"},{"lineNumber":17,"author":{"gitId":"-"},"content":"REM run the program, feed commands from input.txt file and redirect the output to the ACTUAL.TXT","lastModifiedDate":"2020-05-25"},{"lineNumber":18,"author":{"gitId":"YFshadaow"},"content":"java -classpath ..\\bin cn.yfshadaow.cs2113.ip.Duke \u003c input.txt \u003e ACTUAL.TXT","lastModifiedDate":"2023-09-06"},{"lineNumber":19,"author":{"gitId":"-"},"content":"","lastModifiedDate":"2020-05-25"},{"lineNumber":20,"author":{"gitId":"-"},"content":"REM compare the output to the expected output","lastModifiedDate":"2020-05-25"},{"lineNumber":21,"author":{"gitId":"-"},"content":"FC ACTUAL.TXT EXPECTED.TXT","lastModifiedDate":"2020-05-25"}],"authorContributionMap":{"-":19,"YFshadaow":2}},{"path":"text-ui-test/runtest.sh","fileType":"sh","lines":[{"lineNumber":1,"author":{"gitId":"-"},"content":"#!/usr/bin/env bash","lastModifiedDate":"2020-05-25"},{"lineNumber":2,"author":{"gitId":"-"},"content":"","lastModifiedDate":"2020-05-25"},{"lineNumber":3,"author":{"gitId":"-"},"content":"# create bin directory if it doesn\u0027t exist","lastModifiedDate":"2020-05-25"},{"lineNumber":4,"author":{"gitId":"-"},"content":"if [ ! -d \"../bin\" ]","lastModifiedDate":"2020-05-25"},{"lineNumber":5,"author":{"gitId":"-"},"content":"then","lastModifiedDate":"2020-05-25"},{"lineNumber":6,"author":{"gitId":"-"},"content":"    mkdir ../bin","lastModifiedDate":"2020-05-25"},{"lineNumber":7,"author":{"gitId":"-"},"content":"fi","lastModifiedDate":"2020-05-25"},{"lineNumber":8,"author":{"gitId":"-"},"content":"","lastModifiedDate":"2020-05-25"},{"lineNumber":9,"author":{"gitId":"-"},"content":"# delete output from previous run","lastModifiedDate":"2020-05-25"},{"lineNumber":10,"author":{"gitId":"-"},"content":"if [ -e \"./ACTUAL.TXT\" ]","lastModifiedDate":"2020-05-25"},{"lineNumber":11,"author":{"gitId":"-"},"content":"then","lastModifiedDate":"2020-05-25"},{"lineNumber":12,"author":{"gitId":"-"},"content":"    rm ACTUAL.TXT","lastModifiedDate":"2020-05-25"},{"lineNumber":13,"author":{"gitId":"-"},"content":"fi","lastModifiedDate":"2020-05-25"},{"lineNumber":14,"author":{"gitId":"-"},"content":"","lastModifiedDate":"2020-05-25"},{"lineNumber":15,"author":{"gitId":"-"},"content":"# compile the code into the bin folder, terminates if error occurred","lastModifiedDate":"2020-05-25"},{"lineNumber":16,"author":{"gitId":"YFshadaow"},"content":"if ! javac -cp ../src/main/java -Xlint:none -d ../bin ../src/main/java/cn/yfshadaow/cs2113/ip/*.java","lastModifiedDate":"2023-09-06"},{"lineNumber":17,"author":{"gitId":"-"},"content":"then","lastModifiedDate":"2020-05-25"},{"lineNumber":18,"author":{"gitId":"-"},"content":"    echo \"********** BUILD FAILURE **********\"","lastModifiedDate":"2020-05-25"},{"lineNumber":19,"author":{"gitId":"-"},"content":"    exit 1","lastModifiedDate":"2020-05-25"},{"lineNumber":20,"author":{"gitId":"-"},"content":"fi","lastModifiedDate":"2020-05-25"},{"lineNumber":21,"author":{"gitId":"-"},"content":"","lastModifiedDate":"2020-05-25"},{"lineNumber":22,"author":{"gitId":"-"},"content":"# run the program, feed commands from input.txt file and redirect the output to the ACTUAL.TXT","lastModifiedDate":"2020-05-25"},{"lineNumber":23,"author":{"gitId":"YFshadaow"},"content":"java -classpath ../bin cn.yfshadaow.cs2113.ip.Duke \u003c input.txt \u003e ACTUAL.TXT","lastModifiedDate":"2023-09-06"},{"lineNumber":24,"author":{"gitId":"-"},"content":"","lastModifiedDate":"2020-05-25"},{"lineNumber":25,"author":{"gitId":"-"},"content":"# convert to UNIX format","lastModifiedDate":"2020-05-25"},{"lineNumber":26,"author":{"gitId":"-"},"content":"cp EXPECTED.TXT EXPECTED-UNIX.TXT","lastModifiedDate":"2020-05-25"},{"lineNumber":27,"author":{"gitId":"-"},"content":"dos2unix ACTUAL.TXT EXPECTED-UNIX.TXT","lastModifiedDate":"2020-05-25"},{"lineNumber":28,"author":{"gitId":"-"},"content":"","lastModifiedDate":"2020-05-25"},{"lineNumber":29,"author":{"gitId":"-"},"content":"# compare the output to the expected output","lastModifiedDate":"2020-05-25"},{"lineNumber":30,"author":{"gitId":"-"},"content":"diff ACTUAL.TXT EXPECTED-UNIX.TXT","lastModifiedDate":"2020-05-25"},{"lineNumber":31,"author":{"gitId":"-"},"content":"if [ $? -eq 0 ]","lastModifiedDate":"2020-05-25"},{"lineNumber":32,"author":{"gitId":"-"},"content":"then","lastModifiedDate":"2020-05-25"},{"lineNumber":33,"author":{"gitId":"-"},"content":"    echo \"Test result: PASSED\"","lastModifiedDate":"2020-05-25"},{"lineNumber":34,"author":{"gitId":"-"},"content":"    exit 0","lastModifiedDate":"2020-05-25"},{"lineNumber":35,"author":{"gitId":"-"},"content":"else","lastModifiedDate":"2020-05-25"},{"lineNumber":36,"author":{"gitId":"-"},"content":"    echo \"Test result: FAILED\"","lastModifiedDate":"2020-05-25"},{"lineNumber":37,"author":{"gitId":"-"},"content":"    exit 1","lastModifiedDate":"2020-05-25"},{"lineNumber":38,"author":{"gitId":"-"},"content":"fi","lastModifiedDate":"2020-05-25"}],"authorContributionMap":{"-":36,"YFshadaow":2}}]
