[{"path":"src/main/java/CommandHandler.java","fileType":"java","lines":[{"lineNumber":1,"author":{"gitId":"YFshadaow"},"content":"public class CommandHandler {","lastModifiedDate":"2023-08-30"},{"lineNumber":2,"author":{"gitId":"YFshadaow"},"content":"","lastModifiedDate":"2023-08-30"},{"lineNumber":3,"author":{"gitId":"YFshadaow"},"content":"    private final XiaoAiBot bot;","lastModifiedDate":"2023-08-30"},{"lineNumber":4,"author":{"gitId":"YFshadaow"},"content":"    public CommandHandler(XiaoAiBot bot) {","lastModifiedDate":"2023-08-30"},{"lineNumber":5,"author":{"gitId":"YFshadaow"},"content":"        this.bot \u003d bot;","lastModifiedDate":"2023-08-30"},{"lineNumber":6,"author":{"gitId":"YFshadaow"},"content":"    }","lastModifiedDate":"2023-08-30"},{"lineNumber":7,"author":{"gitId":"YFshadaow"},"content":"","lastModifiedDate":"2023-08-30"},{"lineNumber":8,"author":{"gitId":"YFshadaow"},"content":"    public void handleCommand(String command){","lastModifiedDate":"2023-08-30"},{"lineNumber":9,"author":{"gitId":"YFshadaow"},"content":"        if (command \u003d\u003d null) {","lastModifiedDate":"2023-08-30"},{"lineNumber":10,"author":{"gitId":"YFshadaow"},"content":"            bot.sendMessages(\"Command is null!\");","lastModifiedDate":"2023-08-30"},{"lineNumber":11,"author":{"gitId":"YFshadaow"},"content":"            return;","lastModifiedDate":"2023-08-30"},{"lineNumber":12,"author":{"gitId":"YFshadaow"},"content":"        }","lastModifiedDate":"2023-08-30"},{"lineNumber":13,"author":{"gitId":"YFshadaow"},"content":"        String[] splitCommand \u003d command.split(\" \");","lastModifiedDate":"2023-08-30"},{"lineNumber":14,"author":{"gitId":"YFshadaow"},"content":"        if (splitCommand.length \u003c 1) {","lastModifiedDate":"2023-08-30"},{"lineNumber":15,"author":{"gitId":"YFshadaow"},"content":"            bot.sendMessages(\"No command detected!\");","lastModifiedDate":"2023-08-30"},{"lineNumber":16,"author":{"gitId":"YFshadaow"},"content":"            return;","lastModifiedDate":"2023-08-30"},{"lineNumber":17,"author":{"gitId":"YFshadaow"},"content":"        }","lastModifiedDate":"2023-08-30"},{"lineNumber":18,"author":{"gitId":"YFshadaow"},"content":"        String[] args \u003d new String[splitCommand.length - 1];","lastModifiedDate":"2023-08-30"},{"lineNumber":19,"author":{"gitId":"YFshadaow"},"content":"        System.arraycopy(splitCommand, 1, args, 0, splitCommand.length - 1);","lastModifiedDate":"2023-08-30"},{"lineNumber":20,"author":{"gitId":"YFshadaow"},"content":"        switch (splitCommand[0]) {","lastModifiedDate":"2023-08-30"},{"lineNumber":21,"author":{"gitId":"YFshadaow"},"content":"            case \"bye\":","lastModifiedDate":"2023-08-30"},{"lineNumber":22,"author":{"gitId":"YFshadaow"},"content":"                bot.setShouldQuit(true);","lastModifiedDate":"2023-08-30"},{"lineNumber":23,"author":{"gitId":"YFshadaow"},"content":"                break;","lastModifiedDate":"2023-08-30"},{"lineNumber":24,"author":{"gitId":"YFshadaow"},"content":"            default:","lastModifiedDate":"2023-08-30"},{"lineNumber":25,"author":{"gitId":"YFshadaow"},"content":"                bot.sendMessages(command);","lastModifiedDate":"2023-08-30"},{"lineNumber":26,"author":{"gitId":"YFshadaow"},"content":"        }","lastModifiedDate":"2023-08-30"},{"lineNumber":27,"author":{"gitId":"YFshadaow"},"content":"    }","lastModifiedDate":"2023-08-30"},{"lineNumber":28,"author":{"gitId":"YFshadaow"},"content":"}","lastModifiedDate":"2023-08-30"}],"authorContributionMap":{"YFshadaow":28}},{"path":"src/main/java/Duke.java","fileType":"java","lines":[{"lineNumber":1,"author":{"gitId":"-"},"content":"public class Duke {","lastModifiedDate":"2019-07-29"},{"lineNumber":2,"author":{"gitId":"YFshadaow"},"content":"","lastModifiedDate":"2023-08-30"},{"lineNumber":3,"author":{"gitId":"-"},"content":"    public static void main(String[] args) {","lastModifiedDate":"2019-07-29"},{"lineNumber":4,"author":{"gitId":"YFshadaow"},"content":"        XiaoAiBot bot \u003d new XiaoAiBot();","lastModifiedDate":"2023-08-30"},{"lineNumber":5,"author":{"gitId":"YFshadaow"},"content":"        bot.start();","lastModifiedDate":"2023-08-30"},{"lineNumber":6,"author":{"gitId":"-"},"content":"    }","lastModifiedDate":"2019-07-29"},{"lineNumber":7,"author":{"gitId":"-"},"content":"}","lastModifiedDate":"2019-07-29"}],"authorContributionMap":{"-":4,"YFshadaow":3}},{"path":"src/main/java/XiaoAiBot.java","fileType":"java","lines":[{"lineNumber":1,"author":{"gitId":"YFshadaow"},"content":"import java.util.Scanner;","lastModifiedDate":"2023-08-30"},{"lineNumber":2,"author":{"gitId":"YFshadaow"},"content":"","lastModifiedDate":"2023-08-30"},{"lineNumber":3,"author":{"gitId":"YFshadaow"},"content":"public class XiaoAiBot {","lastModifiedDate":"2023-08-30"},{"lineNumber":4,"author":{"gitId":"YFshadaow"},"content":"    private final String BOT_NAME \u003d \"XiaoAi\";","lastModifiedDate":"2023-08-30"},{"lineNumber":5,"author":{"gitId":"YFshadaow"},"content":"    private final String SPLIT_LINE \u003d \"____________________________________________\";","lastModifiedDate":"2023-08-30"},{"lineNumber":6,"author":{"gitId":"YFshadaow"},"content":"    private final String GREET_MESSAGE \u003d \"Welcome back, master!\\n\" +","lastModifiedDate":"2023-08-30"},{"lineNumber":7,"author":{"gitId":"YFshadaow"},"content":"            BOT_NAME + \" here. What can I do for you?\";","lastModifiedDate":"2023-08-30"},{"lineNumber":8,"author":{"gitId":"YFshadaow"},"content":"","lastModifiedDate":"2023-08-30"},{"lineNumber":9,"author":{"gitId":"YFshadaow"},"content":"    private final String QUIT_MESSAGE \u003d \"See you next time, master!\";","lastModifiedDate":"2023-08-30"},{"lineNumber":10,"author":{"gitId":"YFshadaow"},"content":"","lastModifiedDate":"2023-08-30"},{"lineNumber":11,"author":{"gitId":"YFshadaow"},"content":"    public CommandHandler getCommandHandler() {","lastModifiedDate":"2023-08-30"},{"lineNumber":12,"author":{"gitId":"YFshadaow"},"content":"        return commandHandler;","lastModifiedDate":"2023-08-30"},{"lineNumber":13,"author":{"gitId":"YFshadaow"},"content":"    }","lastModifiedDate":"2023-08-30"},{"lineNumber":14,"author":{"gitId":"YFshadaow"},"content":"","lastModifiedDate":"2023-08-30"},{"lineNumber":15,"author":{"gitId":"YFshadaow"},"content":"    private CommandHandler commandHandler \u003d new CommandHandler(this);","lastModifiedDate":"2023-08-30"},{"lineNumber":16,"author":{"gitId":"YFshadaow"},"content":"    private Scanner scanner \u003d new Scanner(System.in);","lastModifiedDate":"2023-08-30"},{"lineNumber":17,"author":{"gitId":"YFshadaow"},"content":"","lastModifiedDate":"2023-08-30"},{"lineNumber":18,"author":{"gitId":"YFshadaow"},"content":"    public void setShouldQuit(boolean shouldQuit) {","lastModifiedDate":"2023-08-30"},{"lineNumber":19,"author":{"gitId":"YFshadaow"},"content":"        this.shouldQuit \u003d shouldQuit;","lastModifiedDate":"2023-08-30"},{"lineNumber":20,"author":{"gitId":"YFshadaow"},"content":"    }","lastModifiedDate":"2023-08-30"},{"lineNumber":21,"author":{"gitId":"YFshadaow"},"content":"","lastModifiedDate":"2023-08-30"},{"lineNumber":22,"author":{"gitId":"YFshadaow"},"content":"    private boolean shouldQuit \u003d false;","lastModifiedDate":"2023-08-30"},{"lineNumber":23,"author":{"gitId":"YFshadaow"},"content":"","lastModifiedDate":"2023-08-30"},{"lineNumber":24,"author":{"gitId":"YFshadaow"},"content":"    private void initialize() {","lastModifiedDate":"2023-08-30"},{"lineNumber":25,"author":{"gitId":"YFshadaow"},"content":"        // for further modification","lastModifiedDate":"2023-08-30"},{"lineNumber":26,"author":{"gitId":"YFshadaow"},"content":"    }","lastModifiedDate":"2023-08-30"},{"lineNumber":27,"author":{"gitId":"YFshadaow"},"content":"","lastModifiedDate":"2023-08-30"},{"lineNumber":28,"author":{"gitId":"YFshadaow"},"content":"    public void sendMessages(String... messages) {","lastModifiedDate":"2023-08-30"},{"lineNumber":29,"author":{"gitId":"YFshadaow"},"content":"        for (String message : messages) {","lastModifiedDate":"2023-08-30"},{"lineNumber":30,"author":{"gitId":"YFshadaow"},"content":"            System.out.println(message);","lastModifiedDate":"2023-08-30"},{"lineNumber":31,"author":{"gitId":"YFshadaow"},"content":"        }","lastModifiedDate":"2023-08-30"},{"lineNumber":32,"author":{"gitId":"YFshadaow"},"content":"        System.out.println(SPLIT_LINE);","lastModifiedDate":"2023-08-30"},{"lineNumber":33,"author":{"gitId":"YFshadaow"},"content":"    }","lastModifiedDate":"2023-08-30"},{"lineNumber":34,"author":{"gitId":"YFshadaow"},"content":"","lastModifiedDate":"2023-08-30"},{"lineNumber":35,"author":{"gitId":"YFshadaow"},"content":"    public String readLine() {","lastModifiedDate":"2023-08-30"},{"lineNumber":36,"author":{"gitId":"YFshadaow"},"content":"        try {","lastModifiedDate":"2023-08-30"},{"lineNumber":37,"author":{"gitId":"YFshadaow"},"content":"            return scanner.nextLine();","lastModifiedDate":"2023-08-30"},{"lineNumber":38,"author":{"gitId":"YFshadaow"},"content":"        } catch (Exception e) {","lastModifiedDate":"2023-08-30"},{"lineNumber":39,"author":{"gitId":"YFshadaow"},"content":"            e.printStackTrace();","lastModifiedDate":"2023-08-30"},{"lineNumber":40,"author":{"gitId":"YFshadaow"},"content":"            return null;","lastModifiedDate":"2023-08-30"},{"lineNumber":41,"author":{"gitId":"YFshadaow"},"content":"        }","lastModifiedDate":"2023-08-30"},{"lineNumber":42,"author":{"gitId":"YFshadaow"},"content":"    }","lastModifiedDate":"2023-08-30"},{"lineNumber":43,"author":{"gitId":"YFshadaow"},"content":"","lastModifiedDate":"2023-08-30"},{"lineNumber":44,"author":{"gitId":"YFshadaow"},"content":"    public void start() {","lastModifiedDate":"2023-08-30"},{"lineNumber":45,"author":{"gitId":"YFshadaow"},"content":"        initialize();","lastModifiedDate":"2023-08-30"},{"lineNumber":46,"author":{"gitId":"YFshadaow"},"content":"        sendMessages(GREET_MESSAGE);","lastModifiedDate":"2023-08-30"},{"lineNumber":47,"author":{"gitId":"YFshadaow"},"content":"","lastModifiedDate":"2023-08-30"},{"lineNumber":48,"author":{"gitId":"YFshadaow"},"content":"        while (!shouldQuit) {","lastModifiedDate":"2023-08-30"},{"lineNumber":49,"author":{"gitId":"YFshadaow"},"content":"            String command \u003d readLine();","lastModifiedDate":"2023-08-30"},{"lineNumber":50,"author":{"gitId":"YFshadaow"},"content":"            commandHandler.handleCommand(command);","lastModifiedDate":"2023-08-30"},{"lineNumber":51,"author":{"gitId":"YFshadaow"},"content":"        }","lastModifiedDate":"2023-08-30"},{"lineNumber":52,"author":{"gitId":"YFshadaow"},"content":"","lastModifiedDate":"2023-08-30"},{"lineNumber":53,"author":{"gitId":"YFshadaow"},"content":"        sendMessages(QUIT_MESSAGE);","lastModifiedDate":"2023-08-30"},{"lineNumber":54,"author":{"gitId":"YFshadaow"},"content":"    }","lastModifiedDate":"2023-08-30"},{"lineNumber":55,"author":{"gitId":"YFshadaow"},"content":"}","lastModifiedDate":"2023-08-30"}],"authorContributionMap":{"YFshadaow":55}}]
