[{"path":"src/main/java/Deadline.java","fileType":"java","lines":[{"lineNumber":1,"author":{"gitId":"AlWo223"},"content":"public class Deadline extends Task{","lastModifiedDate":"2023-09-06"},{"lineNumber":2,"author":{"gitId":"AlWo223"},"content":"","lastModifiedDate":"2023-09-06"},{"lineNumber":3,"author":{"gitId":"AlWo223"},"content":"    private String dueDate;","lastModifiedDate":"2023-09-06"},{"lineNumber":4,"author":{"gitId":"AlWo223"},"content":"","lastModifiedDate":"2023-09-06"},{"lineNumber":5,"author":{"gitId":"AlWo223"},"content":"    public Deadline(String description, String dueDate){","lastModifiedDate":"2023-09-06"},{"lineNumber":6,"author":{"gitId":"AlWo223"},"content":"        super(description);","lastModifiedDate":"2023-09-06"},{"lineNumber":7,"author":{"gitId":"AlWo223"},"content":"        this.dueDate \u003d dueDate;","lastModifiedDate":"2023-09-06"},{"lineNumber":8,"author":{"gitId":"AlWo223"},"content":"","lastModifiedDate":"2023-09-06"},{"lineNumber":9,"author":{"gitId":"AlWo223"},"content":"    }","lastModifiedDate":"2023-09-06"},{"lineNumber":10,"author":{"gitId":"AlWo223"},"content":"","lastModifiedDate":"2023-09-06"},{"lineNumber":11,"author":{"gitId":"AlWo223"},"content":"    @Override","lastModifiedDate":"2023-09-06"},{"lineNumber":12,"author":{"gitId":"AlWo223"},"content":"    public String toString(){","lastModifiedDate":"2023-09-06"},{"lineNumber":13,"author":{"gitId":"AlWo223"},"content":"        return \"[D]\" + super.toString() + \" (by: \" + dueDate + \")\";","lastModifiedDate":"2023-09-06"},{"lineNumber":14,"author":{"gitId":"AlWo223"},"content":"    }","lastModifiedDate":"2023-09-06"},{"lineNumber":15,"author":{"gitId":"AlWo223"},"content":"","lastModifiedDate":"2023-09-06"},{"lineNumber":16,"author":{"gitId":"AlWo223"},"content":"}","lastModifiedDate":"2023-09-06"}],"authorContributionMap":{"AlWo223":16}},{"path":"src/main/java/Duke.java","fileType":"java","lines":[{"lineNumber":1,"author":{"gitId":"AlWo223"},"content":"import java.util.ArrayList;","lastModifiedDate":"2023-08-29"},{"lineNumber":2,"author":{"gitId":"AlWo223"},"content":"import java.util.List;","lastModifiedDate":"2023-08-29"},{"lineNumber":3,"author":{"gitId":"AlWo223"},"content":"import java.util.Scanner;","lastModifiedDate":"2023-08-29"},{"lineNumber":4,"author":{"gitId":"AlWo223"},"content":"","lastModifiedDate":"2023-08-29"},{"lineNumber":5,"author":{"gitId":"-"},"content":"public class Duke {","lastModifiedDate":"2019-07-29"},{"lineNumber":6,"author":{"gitId":"AlWo223"},"content":"","lastModifiedDate":"2023-08-20"},{"lineNumber":7,"author":{"gitId":"AlWo223"},"content":"    private static final String HORIZONTAL_LINE \u003d \"--------------------------------------------\";","lastModifiedDate":"2023-09-06"},{"lineNumber":8,"author":{"gitId":"AlWo223"},"content":"    private static List\u003cTask\u003e tasks \u003d new ArrayList\u003c\u003e();","lastModifiedDate":"2023-09-06"},{"lineNumber":9,"author":{"gitId":"-"},"content":"    public static void main(String[] args) {","lastModifiedDate":"2023-09-06"},{"lineNumber":10,"author":{"gitId":"AlWo223"},"content":"        introduceBot();","lastModifiedDate":"2023-09-06"},{"lineNumber":11,"author":{"gitId":"AlWo223"},"content":"        handleCommands();","lastModifiedDate":"2023-09-06"},{"lineNumber":12,"author":{"gitId":"AlWo223"},"content":"        farewellBot();","lastModifiedDate":"2023-09-06"},{"lineNumber":13,"author":{"gitId":"AlWo223"},"content":"","lastModifiedDate":"2023-08-20"},{"lineNumber":14,"author":{"gitId":"AlWo223"},"content":"    }","lastModifiedDate":"2023-09-06"},{"lineNumber":15,"author":{"gitId":"AlWo223"},"content":"","lastModifiedDate":"2023-09-06"},{"lineNumber":16,"author":{"gitId":"AlWo223"},"content":"    public static void handleCommands(){","lastModifiedDate":"2023-09-06"},{"lineNumber":17,"author":{"gitId":"AlWo223"},"content":"        Scanner in \u003d new Scanner(System.in);","lastModifiedDate":"2023-08-29"},{"lineNumber":18,"author":{"gitId":"AlWo223"},"content":"        String input;","lastModifiedDate":"2023-09-06"},{"lineNumber":19,"author":{"gitId":"AlWo223"},"content":"","lastModifiedDate":"2023-09-06"},{"lineNumber":20,"author":{"gitId":"AlWo223"},"content":"        do {","lastModifiedDate":"2023-08-29"},{"lineNumber":21,"author":{"gitId":"AlWo223"},"content":"            System.out.println(HORIZONTAL_LINE);","lastModifiedDate":"2023-09-06"},{"lineNumber":22,"author":{"gitId":"AlWo223"},"content":"            input \u003d in.nextLine().trim();","lastModifiedDate":"2023-09-06"},{"lineNumber":23,"author":{"gitId":"AlWo223"},"content":"            String[] parts \u003d input.split(\" \", 2);","lastModifiedDate":"2023-09-06"},{"lineNumber":24,"author":{"gitId":"AlWo223"},"content":"            String command \u003d parts[0].toLowerCase();","lastModifiedDate":"2023-09-06"},{"lineNumber":25,"author":{"gitId":"AlWo223"},"content":"            String argument \u003d null;","lastModifiedDate":"2023-09-06"},{"lineNumber":26,"author":{"gitId":"AlWo223"},"content":"            if(parts.length\u003e1){","lastModifiedDate":"2023-09-06"},{"lineNumber":27,"author":{"gitId":"AlWo223"},"content":"                argument \u003d parts[1];","lastModifiedDate":"2023-09-06"},{"lineNumber":28,"author":{"gitId":"AlWo223"},"content":"            }","lastModifiedDate":"2023-08-29"},{"lineNumber":29,"author":{"gitId":"AlWo223"},"content":"            switch (command) {","lastModifiedDate":"2023-09-06"},{"lineNumber":30,"author":{"gitId":"AlWo223"},"content":"            case \"list\":","lastModifiedDate":"2023-09-06"},{"lineNumber":31,"author":{"gitId":"AlWo223"},"content":"                printList();","lastModifiedDate":"2023-09-06"},{"lineNumber":32,"author":{"gitId":"AlWo223"},"content":"                break;","lastModifiedDate":"2023-08-29"},{"lineNumber":33,"author":{"gitId":"AlWo223"},"content":"            case \"mark\":","lastModifiedDate":"2023-08-29"},{"lineNumber":34,"author":{"gitId":"AlWo223"},"content":"                editTask(argument, true);","lastModifiedDate":"2023-09-06"},{"lineNumber":35,"author":{"gitId":"AlWo223"},"content":"                break;","lastModifiedDate":"2023-08-29"},{"lineNumber":36,"author":{"gitId":"AlWo223"},"content":"            case \"unmark\":","lastModifiedDate":"2023-08-29"},{"lineNumber":37,"author":{"gitId":"AlWo223"},"content":"                editTask(argument, false);","lastModifiedDate":"2023-09-06"},{"lineNumber":38,"author":{"gitId":"AlWo223"},"content":"                break;","lastModifiedDate":"2023-08-29"},{"lineNumber":39,"author":{"gitId":"AlWo223"},"content":"            case \"todo\":","lastModifiedDate":"2023-09-06"},{"lineNumber":40,"author":{"gitId":"AlWo223"},"content":"                addToDo(argument);","lastModifiedDate":"2023-09-06"},{"lineNumber":41,"author":{"gitId":"AlWo223"},"content":"                break;","lastModifiedDate":"2023-09-06"},{"lineNumber":42,"author":{"gitId":"AlWo223"},"content":"            case \"deadline\":","lastModifiedDate":"2023-09-06"},{"lineNumber":43,"author":{"gitId":"AlWo223"},"content":"                addDeadline(argument);","lastModifiedDate":"2023-09-06"},{"lineNumber":44,"author":{"gitId":"AlWo223"},"content":"                break;","lastModifiedDate":"2023-09-06"},{"lineNumber":45,"author":{"gitId":"AlWo223"},"content":"            case \"event\":","lastModifiedDate":"2023-09-06"},{"lineNumber":46,"author":{"gitId":"AlWo223"},"content":"                addEvent(argument);","lastModifiedDate":"2023-09-06"},{"lineNumber":47,"author":{"gitId":"AlWo223"},"content":"                break;","lastModifiedDate":"2023-08-29"},{"lineNumber":48,"author":{"gitId":"AlWo223"},"content":"            default:","lastModifiedDate":"2023-09-06"},{"lineNumber":49,"author":{"gitId":"AlWo223"},"content":"                break;","lastModifiedDate":"2023-09-06"},{"lineNumber":50,"author":{"gitId":"AlWo223"},"content":"            }","lastModifiedDate":"2023-08-29"},{"lineNumber":51,"author":{"gitId":"AlWo223"},"content":"            System.out.println(HORIZONTAL_LINE);","lastModifiedDate":"2023-09-06"},{"lineNumber":52,"author":{"gitId":"AlWo223"},"content":"        } while (!input.equalsIgnoreCase(\"bye\"));","lastModifiedDate":"2023-09-06"},{"lineNumber":53,"author":{"gitId":"AlWo223"},"content":"    }","lastModifiedDate":"2023-09-06"},{"lineNumber":54,"author":{"gitId":"AlWo223"},"content":"","lastModifiedDate":"2023-08-20"},{"lineNumber":55,"author":{"gitId":"AlWo223"},"content":"    public static void introduceBot(){","lastModifiedDate":"2023-09-06"},{"lineNumber":56,"author":{"gitId":"-"},"content":"        String logo \u003d \" ____        _        \\n\"","lastModifiedDate":"2023-09-06"},{"lineNumber":57,"author":{"gitId":"-"},"content":"                + \"|  _ \\\\ _   _| | _____ \\n\"","lastModifiedDate":"2023-09-06"},{"lineNumber":58,"author":{"gitId":"-"},"content":"                + \"| | | | | | | |/ / _ \\\\\\n\"","lastModifiedDate":"2023-09-06"},{"lineNumber":59,"author":{"gitId":"-"},"content":"                + \"| |_| | |_| |   \u003c  __/\\n\"","lastModifiedDate":"2023-09-06"},{"lineNumber":60,"author":{"gitId":"-"},"content":"                + \"|____/ \\\\__,_|_|\\\\_\\\\___|\\n\";","lastModifiedDate":"2023-09-06"},{"lineNumber":61,"author":{"gitId":"AlWo223"},"content":"        String name \u003d \"Lexi\";","lastModifiedDate":"2023-09-06"},{"lineNumber":62,"author":{"gitId":"AlWo223"},"content":"","lastModifiedDate":"2023-09-06"},{"lineNumber":63,"author":{"gitId":"AlWo223"},"content":"        System.out.println(logo);","lastModifiedDate":"2023-09-06"},{"lineNumber":64,"author":{"gitId":"AlWo223"},"content":"        System.out.println(HORIZONTAL_LINE);","lastModifiedDate":"2023-09-06"},{"lineNumber":65,"author":{"gitId":"AlWo223"},"content":"        System.out.println(\"Hello! I\u0027m \" + name);","lastModifiedDate":"2023-09-06"},{"lineNumber":66,"author":{"gitId":"AlWo223"},"content":"        System.out.println(\"How can I help you buddy?\");","lastModifiedDate":"2023-09-06"},{"lineNumber":67,"author":{"gitId":"AlWo223"},"content":"        System.out.println(HORIZONTAL_LINE);","lastModifiedDate":"2023-09-06"},{"lineNumber":68,"author":{"gitId":"AlWo223"},"content":"    }","lastModifiedDate":"2023-09-06"},{"lineNumber":69,"author":{"gitId":"AlWo223"},"content":"","lastModifiedDate":"2023-09-06"},{"lineNumber":70,"author":{"gitId":"AlWo223"},"content":"    public static void farewellBot(){","lastModifiedDate":"2023-09-06"},{"lineNumber":71,"author":{"gitId":"AlWo223"},"content":"        System.out.println(HORIZONTAL_LINE);","lastModifiedDate":"2023-09-06"},{"lineNumber":72,"author":{"gitId":"AlWo223"},"content":"        System.out.println(\"Have a wonderful day! Hope to see you again soon!\");","lastModifiedDate":"2023-09-06"},{"lineNumber":73,"author":{"gitId":"AlWo223"},"content":"        System.out.println(HORIZONTAL_LINE);","lastModifiedDate":"2023-09-06"},{"lineNumber":74,"author":{"gitId":"AlWo223"},"content":"    }","lastModifiedDate":"2023-09-06"},{"lineNumber":75,"author":{"gitId":"AlWo223"},"content":"","lastModifiedDate":"2023-09-06"},{"lineNumber":76,"author":{"gitId":"AlWo223"},"content":"    public static void printList(){","lastModifiedDate":"2023-09-06"},{"lineNumber":77,"author":{"gitId":"AlWo223"},"content":"        System.out.println(\"Here are the tasks in your list:\");","lastModifiedDate":"2023-09-06"},{"lineNumber":78,"author":{"gitId":"AlWo223"},"content":"        for (int i \u003d 0; i \u003c tasks.size(); i++) {","lastModifiedDate":"2023-09-06"},{"lineNumber":79,"author":{"gitId":"AlWo223"},"content":"            System.out.println((i+1) + \".\" + tasks.get(i));","lastModifiedDate":"2023-09-06"},{"lineNumber":80,"author":{"gitId":"AlWo223"},"content":"        }","lastModifiedDate":"2023-09-06"},{"lineNumber":81,"author":{"gitId":"AlWo223"},"content":"    }","lastModifiedDate":"2023-09-06"},{"lineNumber":82,"author":{"gitId":"AlWo223"},"content":"","lastModifiedDate":"2023-09-06"},{"lineNumber":83,"author":{"gitId":"AlWo223"},"content":"    public static void editTask(String argument, boolean done){","lastModifiedDate":"2023-09-06"},{"lineNumber":84,"author":{"gitId":"AlWo223"},"content":"        int index \u003d Integer.parseInt(argument);","lastModifiedDate":"2023-09-06"},{"lineNumber":85,"author":{"gitId":"AlWo223"},"content":"","lastModifiedDate":"2023-09-06"},{"lineNumber":86,"author":{"gitId":"AlWo223"},"content":"        if (index \u003c 1 || index \u003e tasks.size()){","lastModifiedDate":"2023-09-06"},{"lineNumber":87,"author":{"gitId":"AlWo223"},"content":"            System.out.println(\"I am sorry, but this task does not exist\");","lastModifiedDate":"2023-09-06"},{"lineNumber":88,"author":{"gitId":"AlWo223"},"content":"            return;","lastModifiedDate":"2023-09-06"},{"lineNumber":89,"author":{"gitId":"AlWo223"},"content":"        }","lastModifiedDate":"2023-09-06"},{"lineNumber":90,"author":{"gitId":"AlWo223"},"content":"","lastModifiedDate":"2023-09-06"},{"lineNumber":91,"author":{"gitId":"AlWo223"},"content":"        if (done){","lastModifiedDate":"2023-09-06"},{"lineNumber":92,"author":{"gitId":"AlWo223"},"content":"            System.out.println(\"Great! I have marked this task as done:\");","lastModifiedDate":"2023-09-06"},{"lineNumber":93,"author":{"gitId":"AlWo223"},"content":"        } else{","lastModifiedDate":"2023-09-06"},{"lineNumber":94,"author":{"gitId":"AlWo223"},"content":"            System.out.println(\"Alright, I have marked this task as not done:\");","lastModifiedDate":"2023-09-06"},{"lineNumber":95,"author":{"gitId":"AlWo223"},"content":"        }","lastModifiedDate":"2023-09-06"},{"lineNumber":96,"author":{"gitId":"AlWo223"},"content":"        tasks.get(index-1).setDone(done);","lastModifiedDate":"2023-09-06"},{"lineNumber":97,"author":{"gitId":"AlWo223"},"content":"        System.out.println(tasks.get(index-1));","lastModifiedDate":"2023-09-06"},{"lineNumber":98,"author":{"gitId":"AlWo223"},"content":"    }","lastModifiedDate":"2023-09-06"},{"lineNumber":99,"author":{"gitId":"AlWo223"},"content":"","lastModifiedDate":"2023-09-06"},{"lineNumber":100,"author":{"gitId":"AlWo223"},"content":"    public static void printTaskAddedMessage(Task task){","lastModifiedDate":"2023-09-06"},{"lineNumber":101,"author":{"gitId":"AlWo223"},"content":"        System.out.println(\"Ok, I have added the following task:\");","lastModifiedDate":"2023-09-06"},{"lineNumber":102,"author":{"gitId":"AlWo223"},"content":"        System.out.println(\"   \" + task);","lastModifiedDate":"2023-09-06"},{"lineNumber":103,"author":{"gitId":"AlWo223"},"content":"        System.out.println(\"Now you have \" + tasks.size() + \" tasks in the list.\");","lastModifiedDate":"2023-09-06"},{"lineNumber":104,"author":{"gitId":"AlWo223"},"content":"    }","lastModifiedDate":"2023-09-06"},{"lineNumber":105,"author":{"gitId":"AlWo223"},"content":"    public static void addToDo(String argument){","lastModifiedDate":"2023-09-06"},{"lineNumber":106,"author":{"gitId":"AlWo223"},"content":"        Task todo \u003d new Todo(argument);","lastModifiedDate":"2023-09-06"},{"lineNumber":107,"author":{"gitId":"AlWo223"},"content":"        tasks.add(todo);","lastModifiedDate":"2023-09-06"},{"lineNumber":108,"author":{"gitId":"AlWo223"},"content":"        printTaskAddedMessage(todo);","lastModifiedDate":"2023-09-06"},{"lineNumber":109,"author":{"gitId":"AlWo223"},"content":"    }","lastModifiedDate":"2023-09-06"},{"lineNumber":110,"author":{"gitId":"AlWo223"},"content":"","lastModifiedDate":"2023-09-06"},{"lineNumber":111,"author":{"gitId":"AlWo223"},"content":"    public static void addDeadline(String argument){","lastModifiedDate":"2023-09-06"},{"lineNumber":112,"author":{"gitId":"AlWo223"},"content":"        String dueDate \u003d argument.split(\" /by \")[1];","lastModifiedDate":"2023-09-06"},{"lineNumber":113,"author":{"gitId":"AlWo223"},"content":"        String description \u003d argument.split(\" /by \")[0];","lastModifiedDate":"2023-09-06"},{"lineNumber":114,"author":{"gitId":"AlWo223"},"content":"        Task deadline \u003d new Deadline(description, dueDate);","lastModifiedDate":"2023-09-06"},{"lineNumber":115,"author":{"gitId":"AlWo223"},"content":"        tasks.add(deadline);","lastModifiedDate":"2023-09-06"},{"lineNumber":116,"author":{"gitId":"AlWo223"},"content":"        printTaskAddedMessage(deadline);","lastModifiedDate":"2023-09-06"},{"lineNumber":117,"author":{"gitId":"AlWo223"},"content":"    }","lastModifiedDate":"2023-09-06"},{"lineNumber":118,"author":{"gitId":"AlWo223"},"content":"","lastModifiedDate":"2023-09-06"},{"lineNumber":119,"author":{"gitId":"AlWo223"},"content":"    public static void addEvent(String argument){","lastModifiedDate":"2023-09-06"},{"lineNumber":120,"author":{"gitId":"AlWo223"},"content":"        String description \u003d argument.split(\" /from \")[0];","lastModifiedDate":"2023-09-06"},{"lineNumber":121,"author":{"gitId":"AlWo223"},"content":"        String startDate \u003d argument.split(\" /from \")[1].split(\" /to \")[0];","lastModifiedDate":"2023-09-06"},{"lineNumber":122,"author":{"gitId":"AlWo223"},"content":"        String endDate \u003d argument.split(\" /from \")[1].split(\" /to \")[1];","lastModifiedDate":"2023-09-06"},{"lineNumber":123,"author":{"gitId":"AlWo223"},"content":"        Task event \u003d new Event(description, startDate, endDate);","lastModifiedDate":"2023-09-06"},{"lineNumber":124,"author":{"gitId":"AlWo223"},"content":"        tasks.add(event);","lastModifiedDate":"2023-09-06"},{"lineNumber":125,"author":{"gitId":"AlWo223"},"content":"        printTaskAddedMessage(event);","lastModifiedDate":"2023-09-06"},{"lineNumber":126,"author":{"gitId":"-"},"content":"    }","lastModifiedDate":"2019-07-29"},{"lineNumber":127,"author":{"gitId":"-"},"content":"}","lastModifiedDate":"2019-07-29"}],"authorContributionMap":{"AlWo223":118,"-":9}},{"path":"src/main/java/Event.java","fileType":"java","lines":[{"lineNumber":1,"author":{"gitId":"AlWo223"},"content":"public class Event extends Task{","lastModifiedDate":"2023-09-06"},{"lineNumber":2,"author":{"gitId":"AlWo223"},"content":"","lastModifiedDate":"2023-09-06"},{"lineNumber":3,"author":{"gitId":"AlWo223"},"content":"    private String startDate;","lastModifiedDate":"2023-09-06"},{"lineNumber":4,"author":{"gitId":"AlWo223"},"content":"    private String endDate;","lastModifiedDate":"2023-09-06"},{"lineNumber":5,"author":{"gitId":"AlWo223"},"content":"","lastModifiedDate":"2023-09-06"},{"lineNumber":6,"author":{"gitId":"AlWo223"},"content":"    public Event(String description, String startDate, String endDate){","lastModifiedDate":"2023-09-06"},{"lineNumber":7,"author":{"gitId":"AlWo223"},"content":"        super(description);","lastModifiedDate":"2023-09-06"},{"lineNumber":8,"author":{"gitId":"AlWo223"},"content":"        this.startDate \u003d startDate;","lastModifiedDate":"2023-09-06"},{"lineNumber":9,"author":{"gitId":"AlWo223"},"content":"        this.endDate \u003d endDate;","lastModifiedDate":"2023-09-06"},{"lineNumber":10,"author":{"gitId":"AlWo223"},"content":"    }","lastModifiedDate":"2023-09-06"},{"lineNumber":11,"author":{"gitId":"AlWo223"},"content":"","lastModifiedDate":"2023-09-06"},{"lineNumber":12,"author":{"gitId":"AlWo223"},"content":"    @Override","lastModifiedDate":"2023-09-06"},{"lineNumber":13,"author":{"gitId":"AlWo223"},"content":"    public String toString(){","lastModifiedDate":"2023-09-06"},{"lineNumber":14,"author":{"gitId":"AlWo223"},"content":"        return \"[E]\" + super.toString() + \" (from: \" + startDate + \" to: \" + endDate + \")\";","lastModifiedDate":"2023-09-06"},{"lineNumber":15,"author":{"gitId":"AlWo223"},"content":"    }","lastModifiedDate":"2023-09-06"},{"lineNumber":16,"author":{"gitId":"AlWo223"},"content":"}","lastModifiedDate":"2023-09-06"}],"authorContributionMap":{"AlWo223":16}},{"path":"src/main/java/Task.java","fileType":"java","lines":[{"lineNumber":1,"author":{"gitId":"AlWo223"},"content":"public class Task {","lastModifiedDate":"2023-08-29"},{"lineNumber":2,"author":{"gitId":"AlWo223"},"content":"    private String description;","lastModifiedDate":"2023-08-29"},{"lineNumber":3,"author":{"gitId":"AlWo223"},"content":"    private boolean isDone;","lastModifiedDate":"2023-08-29"},{"lineNumber":4,"author":{"gitId":"AlWo223"},"content":"","lastModifiedDate":"2023-08-29"},{"lineNumber":5,"author":{"gitId":"AlWo223"},"content":"    public Task(String description) {","lastModifiedDate":"2023-08-29"},{"lineNumber":6,"author":{"gitId":"AlWo223"},"content":"        this.description \u003d description;","lastModifiedDate":"2023-08-29"},{"lineNumber":7,"author":{"gitId":"AlWo223"},"content":"        this.isDone \u003d false;","lastModifiedDate":"2023-08-29"},{"lineNumber":8,"author":{"gitId":"AlWo223"},"content":"    }","lastModifiedDate":"2023-08-29"},{"lineNumber":9,"author":{"gitId":"AlWo223"},"content":"","lastModifiedDate":"2023-08-29"},{"lineNumber":10,"author":{"gitId":"AlWo223"},"content":"    public String getDescription() {","lastModifiedDate":"2023-08-29"},{"lineNumber":11,"author":{"gitId":"AlWo223"},"content":"        return description;","lastModifiedDate":"2023-08-29"},{"lineNumber":12,"author":{"gitId":"AlWo223"},"content":"    }","lastModifiedDate":"2023-08-29"},{"lineNumber":13,"author":{"gitId":"AlWo223"},"content":"","lastModifiedDate":"2023-08-29"},{"lineNumber":14,"author":{"gitId":"AlWo223"},"content":"    public void setDescription(String description) {","lastModifiedDate":"2023-08-29"},{"lineNumber":15,"author":{"gitId":"AlWo223"},"content":"        this.description \u003d description;","lastModifiedDate":"2023-08-29"},{"lineNumber":16,"author":{"gitId":"AlWo223"},"content":"    }","lastModifiedDate":"2023-08-29"},{"lineNumber":17,"author":{"gitId":"AlWo223"},"content":"","lastModifiedDate":"2023-08-29"},{"lineNumber":18,"author":{"gitId":"AlWo223"},"content":"    public boolean isDone() {","lastModifiedDate":"2023-08-29"},{"lineNumber":19,"author":{"gitId":"AlWo223"},"content":"        return isDone;","lastModifiedDate":"2023-08-29"},{"lineNumber":20,"author":{"gitId":"AlWo223"},"content":"    }","lastModifiedDate":"2023-08-29"},{"lineNumber":21,"author":{"gitId":"AlWo223"},"content":"","lastModifiedDate":"2023-08-29"},{"lineNumber":22,"author":{"gitId":"AlWo223"},"content":"    public void setDone(boolean done) {","lastModifiedDate":"2023-08-29"},{"lineNumber":23,"author":{"gitId":"AlWo223"},"content":"        isDone \u003d done;","lastModifiedDate":"2023-08-29"},{"lineNumber":24,"author":{"gitId":"AlWo223"},"content":"    }","lastModifiedDate":"2023-08-29"},{"lineNumber":25,"author":{"gitId":"AlWo223"},"content":"","lastModifiedDate":"2023-08-29"},{"lineNumber":26,"author":{"gitId":"AlWo223"},"content":"    @Override","lastModifiedDate":"2023-09-06"},{"lineNumber":27,"author":{"gitId":"AlWo223"},"content":"    public String toString() {","lastModifiedDate":"2023-09-06"},{"lineNumber":28,"author":{"gitId":"AlWo223"},"content":"        String ex \u003d \" \";","lastModifiedDate":"2023-08-29"},{"lineNumber":29,"author":{"gitId":"AlWo223"},"content":"        if(isDone) {","lastModifiedDate":"2023-08-29"},{"lineNumber":30,"author":{"gitId":"AlWo223"},"content":"            ex \u003d \"x\";","lastModifiedDate":"2023-08-29"},{"lineNumber":31,"author":{"gitId":"AlWo223"},"content":"        }","lastModifiedDate":"2023-08-29"},{"lineNumber":32,"author":{"gitId":"AlWo223"},"content":"        return (\"[\"+ex+\"] \"+description);","lastModifiedDate":"2023-08-29"},{"lineNumber":33,"author":{"gitId":"AlWo223"},"content":"    }","lastModifiedDate":"2023-08-29"},{"lineNumber":34,"author":{"gitId":"AlWo223"},"content":"","lastModifiedDate":"2023-08-29"},{"lineNumber":35,"author":{"gitId":"AlWo223"},"content":"}","lastModifiedDate":"2023-08-29"}],"authorContributionMap":{"AlWo223":35}},{"path":"src/main/java/Todo.java","fileType":"java","lines":[{"lineNumber":1,"author":{"gitId":"AlWo223"},"content":"public class Todo extends Task {","lastModifiedDate":"2023-09-06"},{"lineNumber":2,"author":{"gitId":"AlWo223"},"content":"","lastModifiedDate":"2023-09-06"},{"lineNumber":3,"author":{"gitId":"AlWo223"},"content":"    // Constructor","lastModifiedDate":"2023-09-06"},{"lineNumber":4,"author":{"gitId":"AlWo223"},"content":"    public Todo(String description){","lastModifiedDate":"2023-09-06"},{"lineNumber":5,"author":{"gitId":"AlWo223"},"content":"        super(description);","lastModifiedDate":"2023-09-06"},{"lineNumber":6,"author":{"gitId":"AlWo223"},"content":"    }","lastModifiedDate":"2023-09-06"},{"lineNumber":7,"author":{"gitId":"AlWo223"},"content":"","lastModifiedDate":"2023-09-06"},{"lineNumber":8,"author":{"gitId":"AlWo223"},"content":"    @Override","lastModifiedDate":"2023-09-06"},{"lineNumber":9,"author":{"gitId":"AlWo223"},"content":"    public String toString(){","lastModifiedDate":"2023-09-06"},{"lineNumber":10,"author":{"gitId":"AlWo223"},"content":"        return \"[T]\" + super.toString();","lastModifiedDate":"2023-09-06"},{"lineNumber":11,"author":{"gitId":"AlWo223"},"content":"    }","lastModifiedDate":"2023-09-06"},{"lineNumber":12,"author":{"gitId":"AlWo223"},"content":"}","lastModifiedDate":"2023-09-06"}],"authorContributionMap":{"AlWo223":12}},{"path":"text-ui-test/input.txt","fileType":"txt","lines":[{"lineNumber":1,"author":{"gitId":"AlWo223"},"content":"todo read book","lastModifiedDate":"2023-09-06"},{"lineNumber":2,"author":{"gitId":"AlWo223"},"content":"list","lastModifiedDate":"2023-09-06"},{"lineNumber":3,"author":{"gitId":"AlWo223"},"content":"deadline return book /by June 6th","lastModifiedDate":"2023-09-06"},{"lineNumber":4,"author":{"gitId":"AlWo223"},"content":"list","lastModifiedDate":"2023-09-06"},{"lineNumber":5,"author":{"gitId":"AlWo223"},"content":"event project meeting /from Aug 6th 2pm /to 4pm","lastModifiedDate":"2023-09-06"},{"lineNumber":6,"author":{"gitId":"AlWo223"},"content":"list","lastModifiedDate":"2023-09-06"},{"lineNumber":7,"author":{"gitId":"AlWo223"},"content":"mark 1","lastModifiedDate":"2023-09-06"},{"lineNumber":8,"author":{"gitId":"AlWo223"},"content":"list","lastModifiedDate":"2023-09-06"},{"lineNumber":9,"author":{"gitId":"AlWo223"},"content":"todo join sports club","lastModifiedDate":"2023-09-06"},{"lineNumber":10,"author":{"gitId":"AlWo223"},"content":"list","lastModifiedDate":"2023-09-06"},{"lineNumber":11,"author":{"gitId":"AlWo223"},"content":"mark 4","lastModifiedDate":"2023-09-06"},{"lineNumber":12,"author":{"gitId":"AlWo223"},"content":"list","lastModifiedDate":"2023-09-06"},{"lineNumber":13,"author":{"gitId":"AlWo223"},"content":"todo borrow book","lastModifiedDate":"2023-09-06"},{"lineNumber":14,"author":{"gitId":"AlWo223"},"content":"list","lastModifiedDate":"2023-09-06"},{"lineNumber":15,"author":{"gitId":"AlWo223"},"content":"deadline return book /by Sunday","lastModifiedDate":"2023-09-06"},{"lineNumber":16,"author":{"gitId":"AlWo223"},"content":"list","lastModifiedDate":"2023-09-06"},{"lineNumber":17,"author":{"gitId":"AlWo223"},"content":"event project meeting /from Mon 2pm /to 4pm","lastModifiedDate":"2023-09-06"},{"lineNumber":18,"author":{"gitId":"AlWo223"},"content":"list","lastModifiedDate":"2023-09-06"},{"lineNumber":19,"author":{"gitId":"AlWo223"},"content":"bye","lastModifiedDate":"2023-09-06"}],"authorContributionMap":{"AlWo223":19}}]
