{"authorDailyContributionsMap":{"AlWo223":[{"date":"2023-08-20","commitResults":[{"hash":"e122d8b915fde7ae4b0f4476c6e91dc0e4a5dd68","isMergeCommit":false,"messageTitle":"Rename Bot and implement greeting and exit","messageBody":"","tags":["Level-0"],"fileTypesAndContributionMap":{"java":{"insertions":13,"deletions":1}}}]},{"date":"2023-08-29","commitResults":[{"hash":"ce59fc1789a4e090663021d78a1bac6802381f28","isMergeCommit":false,"messageTitle":"Implement echo responses","messageBody":"","tags":["Level-1"],"fileTypesAndContributionMap":{"java":{"insertions":19,"deletions":6}}},{"hash":"faf2c688cd419b28240e9c95419cec26543d8d0f","isMergeCommit":false,"messageTitle":"Add ability to store and request text input","messageBody":"","tags":["Level-2"],"fileTypesAndContributionMap":{"java":{"insertions":11,"deletions":1}}},{"hash":"91e2666da3d66b7dabf3c759a662b19ab1190f30","isMergeCommit":false,"messageTitle":"Implement marking tasks","messageBody":"","tags":["Level-3"],"fileTypesAndContributionMap":{"java":{"insertions":62,"deletions":5}}},{"hash":"9b45efc190b862634b9076a70687233ebfa8aadc","isMergeCommit":false,"messageTitle":"Adjust code to follow coding standard","messageBody":"","tags":["A-CodingStandard"],"fileTypesAndContributionMap":{"java":{"insertions":9,"deletions":9}}}]},{"date":"2023-09-06","commitResults":[{"hash":"64be4b00e990891b885ed03b514e4a7ed4a14c62","isMergeCommit":false,"messageTitle":"Add support for tracking ToDos, events and deadlines","messageBody":"","tags":["Level-4"],"fileTypesAndContributionMap":{"java":{"insertions":117,"deletions":35}}},{"hash":"e7ce36ec0aa8a21042cb2581b22c7f2f0d910df7","isMergeCommit":false,"messageTitle":"Semi-automate testing of Duke","messageBody":"","tags":["A-TextUiTesting"],"fileTypesAndContributionMap":{"txt":{"insertions":19,"deletions":0}}},{"hash":"794caaafa1211dd9eb945c39c17ab13dc5280f29","isMergeCommit":false,"messageTitle":"Refactor the code to improve code quality","messageBody":"","tags":["A-CodeQuality"],"fileTypesAndContributionMap":{"java":{"insertions":86,"deletions":64}}}]}]},"authorFileTypeContributionMap":{"AlWo223":{"java":197,"md":0,"fxml":0,"sh":0,"bat":0,"gradle":0,"txt":19}},"authorContributionVariance":{"AlWo223":5383.9272},"authorDisplayNameMap":{"AlWo223":"CS2113-T17-1 WOLT..LIUS"}}
